operation,count,pct
KEEP,23768,48.28146583245307
DELETE,13553,27.53107987324287
SUBSTITUTE,7865,15.976679938246527
MERGE,2094,4.253676769318274
COMPLEX,1217,2.472170309579914
SPLIT,731,1.4849272771593403
