side,operation,count,pct_within_side
complex,COMPLEX,1217,2.472170309579914
complex,DELETE,13553,27.53107987324287
complex,KEEP,23768,48.28146583245307
complex,MERGE,2094,4.253676769318274
complex,SPLIT,731,1.4849272771593403
complex,SUBSTITUTE,7865,15.976679938246527
simple,COMPLEX,1192,2.338722335583111
simple,INSERT,15215,29.852064040182075
simple,KEEP,23768,46.63318160414378
simple,MERGE,684,1.342018521425208
simple,SPLIT,2244,4.402762517658139
simple,SUBSTITUTE,7865,15.431250981007691
