group,n,n_nonzero_diff,median_diff,ci_low,ci_high,wilcoxon_stat,p_value,effect_size_r,p_value_holm
overall,1930,1658,0.0,0.0,0.0,683321.0,0.8239023482530672,-0.005459642089315541,0.8239023482530672
ar,399,332,-3.0,-3.0,-2.0,3721.5,1.152361098147988e-42,-0.7499812059430605,6.914166588887929e-42
ca,380,345,2.0,1.0,3.0,15397.5,6.351368832266865e-15,-0.41949520292122916,3.1756844161334325e-14
en,188,149,0.0,0.0,0.0,5331.5,0.6268938867478318,-0.039744596666673154,0.6268938867478318
es,362,325,-2.0,-2.5,-1.0,18628.0,3.490922408414731e-06,-0.25716856638234564,1.0472767225244193e-05
fr,258,186,0.0,0.0,1.0,6172.0,0.0005892392357677569,-0.25166380961015017,0.0011784784715355137
it,343,321,2.0,1.0,3.0,14088.5,1.5771202715315842e-12,-0.39416580828723097,6.308481086126337e-12
