group,variable,count,mean,std,median,q1,q3,min,max
overall,n_source_tokens,1930,25.506735751295338,17.764142394747264,22.0,12.0,34.0,1.0,230.0
overall,n_target_tokens,1930,26.408290155440415,20.770940483346763,21.0,11.0,35.0,1.0,214.0
overall,length_difference,1930,0.9015544041450777,12.99533942331672,0.0,-4.0,4.0,-67.0,96.0
overall,tokens_removed,1930,-0.9015544041450777,12.99533942331672,0.0,-4.0,4.0,-96.0,67.0
overall,length_reduction_rate,1930,-0.1656061578571258,2.3007326911937875,0.0,-0.21390577507598785,0.17857142857142858,-96.0,0.8591549295774648
