variable,H,p_value,epsilon_squared
n_source_tokens,1.7258280562980657,0.42193077100749354,-0.00014227916123608423
n_target_tokens,10.011882686062002,0.006698033232739411,0.004157697294271926
length_reduction_rate,15.677593937907243,0.0003941429217226489,0.0070978691945548745
content_edit_rate,2.9791553389439964,0.22546785739395958,0.000508124202877009
source_alignment_coverage,3.5019735590363266,0.17360255145921857,0.0007794362008491575
target_alignment_coverage,6.767079763515277,0.03392714383949399,0.002473834853925935
operation_profile (chi2),67.06945707643526,1.6260407584167258e-10,0.02610004773243145
