run_id,example_id,method,metric,value,slice_name,slice_value,metadata,model
task2_plausibility,4714cc6651769334,attnlrp,precision_at_k,0.375,target,Synonymy,"{'n_gold_tokens': 16, 'k': 16}",e5
task2_plausibility,4714cc6651769334,attnlrp,recall_at_k,0.375,target,Synonymy,"{'n_gold_tokens': 16, 'k': 16}",e5
task2_plausibility,4714cc6651769334,attnlrp,f1_at_k,0.375,target,Synonymy,"{'n_gold_tokens': 16, 'k': 16}",e5
task2_plausibility,4714cc6651769334,attnlrp,auprc,0.2595764990463243,target,Synonymy,"{'n_gold_tokens': 16, 'k': 16}",e5
task2_plausibility,4714cc6651769334,attnlrp,precision_at_k,0.3125,target,Compression,"{'n_gold_tokens': 16, 'k': 16}",e5
task2_plausibility,4714cc6651769334,attnlrp,recall_at_k,0.3125,target,Compression,"{'n_gold_tokens': 16, 'k': 16}",e5
task2_plausibility,4714cc6651769334,attnlrp,f1_at_k,0.3125,target,Compression,"{'n_gold_tokens': 16, 'k': 16}",e5
task2_plausibility,4714cc6651769334,attnlrp,auprc,0.3064689227706744,target,Compression,"{'n_gold_tokens': 16, 'k': 16}",e5
task2_plausibility,4714cc6651769334,attnlrp,precision_at_k,0.125,target,Omission,"{'n_gold_tokens': 16, 'k': 16}",e5
task2_plausibility,4714cc6651769334,attnlrp,recall_at_k,0.125,target,Omission,"{'n_gold_tokens': 16, 'k': 16}",e5
task2_plausibility,4714cc6651769334,attnlrp,f1_at_k,0.125,target,Omission,"{'n_gold_tokens': 16, 'k': 16}",e5
task2_plausibility,4714cc6651769334,attnlrp,auprc,0.17896835319864807,target,Omission,"{'n_gold_tokens': 16, 'k': 16}",e5
task2_plausibility,d3145f304c3469e2,attnlrp,precision_at_k,0.35,target,Synonymy,"{'n_gold_tokens': 40, 'k': 40}",e5
task2_plausibility,d3145f304c3469e2,attnlrp,recall_at_k,0.35,target,Synonymy,"{'n_gold_tokens': 40, 'k': 40}",e5
task2_plausibility,d3145f304c3469e2,attnlrp,f1_at_k,0.35,target,Synonymy,"{'n_gold_tokens': 40, 'k': 40}",e5
task2_plausibility,d3145f304c3469e2,attnlrp,auprc,0.32457629493087126,target,Synonymy,"{'n_gold_tokens': 40, 'k': 40}",e5
task2_plausibility,d3145f304c3469e2,attnlrp,precision_at_k,0.425,target,Modulation,"{'n_gold_tokens': 40, 'k': 40}",e5
task2_plausibility,d3145f304c3469e2,attnlrp,recall_at_k,0.425,target,Modulation,"{'n_gold_tokens': 40, 'k': 40}",e5
task2_plausibility,d3145f304c3469e2,attnlrp,f1_at_k,0.425,target,Modulation,"{'n_gold_tokens': 40, 'k': 40}",e5
task2_plausibility,d3145f304c3469e2,attnlrp,auprc,0.3606865529275848,target,Modulation,"{'n_gold_tokens': 40, 'k': 40}",e5
task2_plausibility,d3145f304c3469e2,attnlrp,precision_at_k,0.3,target,Compression,"{'n_gold_tokens': 40, 'k': 40}",e5
task2_plausibility,d3145f304c3469e2,attnlrp,recall_at_k,0.3,target,Compression,"{'n_gold_tokens': 40, 'k': 40}",e5
task2_plausibility,d3145f304c3469e2,attnlrp,f1_at_k,0.3,target,Compression,"{'n_gold_tokens': 40, 'k': 40}",e5
task2_plausibility,d3145f304c3469e2,attnlrp,auprc,0.33838370169737414,target,Compression,"{'n_gold_tokens': 40, 'k': 40}",e5
task2_plausibility,d3145f304c3469e2,attnlrp,precision_at_k,0.375,target,Omission,"{'n_gold_tokens': 40, 'k': 40}",e5
task2_plausibility,d3145f304c3469e2,attnlrp,recall_at_k,0.375,target,Omission,"{'n_gold_tokens': 40, 'k': 40}",e5
task2_plausibility,d3145f304c3469e2,attnlrp,f1_at_k,0.375,target,Omission,"{'n_gold_tokens': 40, 'k': 40}",e5
task2_plausibility,d3145f304c3469e2,attnlrp,auprc,0.31053971862161955,target,Omission,"{'n_gold_tokens': 40, 'k': 40}",e5
task2_plausibility,27232ed14f973bec,attnlrp,precision_at_k,0.25,target,Synonymy,"{'n_gold_tokens': 32, 'k': 32}",e5
task2_plausibility,27232ed14f973bec,attnlrp,recall_at_k,0.25,target,Synonymy,"{'n_gold_tokens': 32, 'k': 32}",e5
task2_plausibility,27232ed14f973bec,attnlrp,f1_at_k,0.25,target,Synonymy,"{'n_gold_tokens': 32, 'k': 32}",e5
task2_plausibility,27232ed14f973bec,attnlrp,auprc,0.18570853946574478,target,Synonymy,"{'n_gold_tokens': 32, 'k': 32}",e5
task2_plausibility,27232ed14f973bec,attnlrp,precision_at_k,0.125,target,Compression,"{'n_gold_tokens': 32, 'k': 32}",e5
task2_plausibility,27232ed14f973bec,attnlrp,recall_at_k,0.125,target,Compression,"{'n_gold_tokens': 32, 'k': 32}",e5
task2_plausibility,27232ed14f973bec,attnlrp,f1_at_k,0.125,target,Compression,"{'n_gold_tokens': 32, 'k': 32}",e5
task2_plausibility,27232ed14f973bec,attnlrp,auprc,0.1281003912519832,target,Compression,"{'n_gold_tokens': 32, 'k': 32}",e5
task2_plausibility,27232ed14f973bec,attnlrp,precision_at_k,0.25,target,Omission,"{'n_gold_tokens': 32, 'k': 32}",e5
task2_plausibility,27232ed14f973bec,attnlrp,recall_at_k,0.25,target,Omission,"{'n_gold_tokens': 32, 'k': 32}",e5
task2_plausibility,27232ed14f973bec,attnlrp,f1_at_k,0.25,target,Omission,"{'n_gold_tokens': 32, 'k': 32}",e5
task2_plausibility,27232ed14f973bec,attnlrp,auprc,0.1788754820193992,target,Omission,"{'n_gold_tokens': 32, 'k': 32}",e5
task2_plausibility,0498438bbf75499b,attnlrp,precision_at_k,0.25,target,Synonymy,"{'n_gold_tokens': 12, 'k': 12}",e5
task2_plausibility,0498438bbf75499b,attnlrp,recall_at_k,0.25,target,Synonymy,"{'n_gold_tokens': 12, 'k': 12}",e5
task2_plausibility,0498438bbf75499b,attnlrp,f1_at_k,0.25,target,Synonymy,"{'n_gold_tokens': 12, 'k': 12}",e5
task2_plausibility,0498438bbf75499b,attnlrp,auprc,0.16380491974520298,target,Synonymy,"{'n_gold_tokens': 12, 'k': 12}",e5
task2_plausibility,0498438bbf75499b,attnlrp,precision_at_k,0.08333333333333333,target,Compression,"{'n_gold_tokens': 12, 'k': 12}",e5
task2_plausibility,0498438bbf75499b,attnlrp,recall_at_k,0.08333333333333333,target,Compression,"{'n_gold_tokens': 12, 'k': 12}",e5
task2_plausibility,0498438bbf75499b,attnlrp,f1_at_k,0.08333333333333333,target,Compression,"{'n_gold_tokens': 12, 'k': 12}",e5
task2_plausibility,0498438bbf75499b,attnlrp,auprc,0.09458196216006334,target,Compression,"{'n_gold_tokens': 12, 'k': 12}",e5
task2_plausibility,0498438bbf75499b,attnlrp,precision_at_k,0.08333333333333333,target,Omission,"{'n_gold_tokens': 12, 'k': 12}",e5
task2_plausibility,0498438bbf75499b,attnlrp,recall_at_k,0.08333333333333333,target,Omission,"{'n_gold_tokens': 12, 'k': 12}",e5
task2_plausibility,0498438bbf75499b,attnlrp,f1_at_k,0.08333333333333333,target,Omission,"{'n_gold_tokens': 12, 'k': 12}",e5
task2_plausibility,0498438bbf75499b,attnlrp,auprc,0.20532636458143194,target,Omission,"{'n_gold_tokens': 12, 'k': 12}",e5
task2_plausibility,c8de7f52dd678b4d,attnlrp,precision_at_k,0.0,target,Synonymy,"{'n_gold_tokens': 3, 'k': 3}",e5
task2_plausibility,c8de7f52dd678b4d,attnlrp,recall_at_k,0.0,target,Synonymy,"{'n_gold_tokens': 3, 'k': 3}",e5
task2_plausibility,c8de7f52dd678b4d,attnlrp,f1_at_k,0.0,target,Synonymy,"{'n_gold_tokens': 3, 'k': 3}",e5
task2_plausibility,c8de7f52dd678b4d,attnlrp,auprc,0.10476190476190476,target,Synonymy,"{'n_gold_tokens': 3, 'k': 3}",e5
task2_plausibility,c8de7f52dd678b4d,attnlrp,precision_at_k,0.0,target,Compression,"{'n_gold_tokens': 3, 'k': 3}",e5
task2_plausibility,c8de7f52dd678b4d,attnlrp,recall_at_k,0.0,target,Compression,"{'n_gold_tokens': 3, 'k': 3}",e5
task2_plausibility,c8de7f52dd678b4d,attnlrp,f1_at_k,0.0,target,Compression,"{'n_gold_tokens': 3, 'k': 3}",e5
task2_plausibility,c8de7f52dd678b4d,attnlrp,auprc,0.1183794466403162,target,Compression,"{'n_gold_tokens': 3, 'k': 3}",e5
task2_plausibility,c8de7f52dd678b4d,attnlrp,precision_at_k,0.0,target,Omission,"{'n_gold_tokens': 3, 'k': 3}",e5
task2_plausibility,c8de7f52dd678b4d,attnlrp,recall_at_k,0.0,target,Omission,"{'n_gold_tokens': 3, 'k': 3}",e5
task2_plausibility,c8de7f52dd678b4d,attnlrp,f1_at_k,0.0,target,Omission,"{'n_gold_tokens': 3, 'k': 3}",e5
task2_plausibility,c8de7f52dd678b4d,attnlrp,auprc,0.10952380952380952,target,Omission,"{'n_gold_tokens': 3, 'k': 3}",e5
task2_plausibility,65c2a16c4f8b71dc,attnlrp,precision_at_k,0.0,target,Synonymy,"{'n_gold_tokens': 2, 'k': 2}",e5
task2_plausibility,65c2a16c4f8b71dc,attnlrp,recall_at_k,0.0,target,Synonymy,"{'n_gold_tokens': 2, 'k': 2}",e5
task2_plausibility,65c2a16c4f8b71dc,attnlrp,f1_at_k,0.0,target,Synonymy,"{'n_gold_tokens': 2, 'k': 2}",e5
task2_plausibility,65c2a16c4f8b71dc,attnlrp,auprc,0.1285714285714286,target,Synonymy,"{'n_gold_tokens': 2, 'k': 2}",e5
task2_plausibility,65c2a16c4f8b71dc,attnlrp,precision_at_k,0.0,target,Compression,"{'n_gold_tokens': 2, 'k': 2}",e5
task2_plausibility,65c2a16c4f8b71dc,attnlrp,recall_at_k,0.0,target,Compression,"{'n_gold_tokens': 2, 'k': 2}",e5
task2_plausibility,65c2a16c4f8b71dc,attnlrp,f1_at_k,0.0,target,Compression,"{'n_gold_tokens': 2, 'k': 2}",e5
task2_plausibility,65c2a16c4f8b71dc,attnlrp,auprc,0.19166666666666665,target,Compression,"{'n_gold_tokens': 2, 'k': 2}",e5
task2_plausibility,65c2a16c4f8b71dc,attnlrp,precision_at_k,0.0,target,Omission,"{'n_gold_tokens': 2, 'k': 2}",e5
task2_plausibility,65c2a16c4f8b71dc,attnlrp,recall_at_k,0.0,target,Omission,"{'n_gold_tokens': 2, 'k': 2}",e5
task2_plausibility,65c2a16c4f8b71dc,attnlrp,f1_at_k,0.0,target,Omission,"{'n_gold_tokens': 2, 'k': 2}",e5
task2_plausibility,65c2a16c4f8b71dc,attnlrp,auprc,0.14835164835164835,target,Omission,"{'n_gold_tokens': 2, 'k': 2}",e5
task2_plausibility,e6a78d3bf2d4e9fb,attnlrp,precision_at_k,0.43243243243243246,target,Synonymy,"{'n_gold_tokens': 37, 'k': 37}",e5
task2_plausibility,e6a78d3bf2d4e9fb,attnlrp,recall_at_k,0.43243243243243246,target,Synonymy,"{'n_gold_tokens': 37, 'k': 37}",e5
task2_plausibility,e6a78d3bf2d4e9fb,attnlrp,f1_at_k,0.43243243243243246,target,Synonymy,"{'n_gold_tokens': 37, 'k': 37}",e5
task2_plausibility,e6a78d3bf2d4e9fb,attnlrp,auprc,0.345722343343959,target,Synonymy,"{'n_gold_tokens': 37, 'k': 37}",e5
task2_plausibility,e6a78d3bf2d4e9fb,attnlrp,precision_at_k,0.3783783783783784,target,Compression,"{'n_gold_tokens': 37, 'k': 37}",e5
task2_plausibility,e6a78d3bf2d4e9fb,attnlrp,recall_at_k,0.3783783783783784,target,Compression,"{'n_gold_tokens': 37, 'k': 37}",e5
task2_plausibility,e6a78d3bf2d4e9fb,attnlrp,f1_at_k,0.37837837837837834,target,Compression,"{'n_gold_tokens': 37, 'k': 37}",e5
task2_plausibility,e6a78d3bf2d4e9fb,attnlrp,auprc,0.3660352306214623,target,Compression,"{'n_gold_tokens': 37, 'k': 37}",e5
task2_plausibility,e6a78d3bf2d4e9fb,attnlrp,precision_at_k,0.32432432432432434,target,Omission,"{'n_gold_tokens': 37, 'k': 37}",e5
task2_plausibility,e6a78d3bf2d4e9fb,attnlrp,recall_at_k,0.32432432432432434,target,Omission,"{'n_gold_tokens': 37, 'k': 37}",e5
task2_plausibility,e6a78d3bf2d4e9fb,attnlrp,f1_at_k,0.32432432432432434,target,Omission,"{'n_gold_tokens': 37, 'k': 37}",e5
task2_plausibility,e6a78d3bf2d4e9fb,attnlrp,auprc,0.33715032102264014,target,Omission,"{'n_gold_tokens': 37, 'k': 37}",e5
task2_plausibility,6a4c94232b1d7c40,attnlrp,precision_at_k,0.0,target,Synonymy,"{'n_gold_tokens': 17, 'k': 17}",e5
task2_plausibility,6a4c94232b1d7c40,attnlrp,recall_at_k,0.0,target,Synonymy,"{'n_gold_tokens': 17, 'k': 17}",e5
task2_plausibility,6a4c94232b1d7c40,attnlrp,f1_at_k,0.0,target,Synonymy,"{'n_gold_tokens': 17, 'k': 17}",e5
task2_plausibility,6a4c94232b1d7c40,attnlrp,auprc,0.14662857940739654,target,Synonymy,"{'n_gold_tokens': 17, 'k': 17}",e5
task2_plausibility,6a4c94232b1d7c40,attnlrp,precision_at_k,0.11764705882352941,target,Compression,"{'n_gold_tokens': 17, 'k': 17}",e5
task2_plausibility,6a4c94232b1d7c40,attnlrp,recall_at_k,0.11764705882352941,target,Compression,"{'n_gold_tokens': 17, 'k': 17}",e5
task2_plausibility,6a4c94232b1d7c40,attnlrp,f1_at_k,0.11764705882352941,target,Compression,"{'n_gold_tokens': 17, 'k': 17}",e5
task2_plausibility,6a4c94232b1d7c40,attnlrp,auprc,0.19180083176245918,target,Compression,"{'n_gold_tokens': 17, 'k': 17}",e5
task2_plausibility,6a4c94232b1d7c40,attnlrp,precision_at_k,0.23529411764705882,target,Omission,"{'n_gold_tokens': 17, 'k': 17}",e5
task2_plausibility,6a4c94232b1d7c40,attnlrp,recall_at_k,0.23529411764705882,target,Omission,"{'n_gold_tokens': 17, 'k': 17}",e5
task2_plausibility,6a4c94232b1d7c40,attnlrp,f1_at_k,0.23529411764705882,target,Omission,"{'n_gold_tokens': 17, 'k': 17}",e5
task2_plausibility,6a4c94232b1d7c40,attnlrp,auprc,0.2257156096941579,target,Omission,"{'n_gold_tokens': 17, 'k': 17}",e5
task2_plausibility,1353894d0a209b8a,attnlrp,precision_at_k,0.25,target,Synonymy,"{'n_gold_tokens': 48, 'k': 48}",e5
task2_plausibility,1353894d0a209b8a,attnlrp,recall_at_k,0.25,target,Synonymy,"{'n_gold_tokens': 48, 'k': 48}",e5
task2_plausibility,1353894d0a209b8a,attnlrp,f1_at_k,0.25,target,Synonymy,"{'n_gold_tokens': 48, 'k': 48}",e5
task2_plausibility,1353894d0a209b8a,attnlrp,auprc,0.25822086567514013,target,Synonymy,"{'n_gold_tokens': 48, 'k': 48}",e5
task2_plausibility,1353894d0a209b8a,attnlrp,precision_at_k,0.25,target,Compression,"{'n_gold_tokens': 48, 'k': 48}",e5
task2_plausibility,1353894d0a209b8a,attnlrp,recall_at_k,0.25,target,Compression,"{'n_gold_tokens': 48, 'k': 48}",e5
task2_plausibility,1353894d0a209b8a,attnlrp,f1_at_k,0.25,target,Compression,"{'n_gold_tokens': 48, 'k': 48}",e5
task2_plausibility,1353894d0a209b8a,attnlrp,auprc,0.2764534313615612,target,Compression,"{'n_gold_tokens': 48, 'k': 48}",e5
task2_plausibility,1353894d0a209b8a,attnlrp,precision_at_k,0.25,target,Omission,"{'n_gold_tokens': 48, 'k': 48}",e5
task2_plausibility,1353894d0a209b8a,attnlrp,recall_at_k,0.25,target,Omission,"{'n_gold_tokens': 48, 'k': 48}",e5
task2_plausibility,1353894d0a209b8a,attnlrp,f1_at_k,0.25,target,Omission,"{'n_gold_tokens': 48, 'k': 48}",e5
task2_plausibility,1353894d0a209b8a,attnlrp,auprc,0.2562600258992612,target,Omission,"{'n_gold_tokens': 48, 'k': 48}",e5
task2_plausibility,7efaf284b208daee,attnlrp,precision_at_k,0.0,target,Synonymy,"{'n_gold_tokens': 9, 'k': 9}",e5
task2_plausibility,7efaf284b208daee,attnlrp,recall_at_k,0.0,target,Synonymy,"{'n_gold_tokens': 9, 'k': 9}",e5
task2_plausibility,7efaf284b208daee,attnlrp,f1_at_k,0.0,target,Synonymy,"{'n_gold_tokens': 9, 'k': 9}",e5
task2_plausibility,7efaf284b208daee,attnlrp,auprc,0.11039060582676158,target,Synonymy,"{'n_gold_tokens': 9, 'k': 9}",e5
task2_plausibility,7efaf284b208daee,attnlrp,precision_at_k,0.0,target,Compression,"{'n_gold_tokens': 9, 'k': 9}",e5
task2_plausibility,7efaf284b208daee,attnlrp,recall_at_k,0.0,target,Compression,"{'n_gold_tokens': 9, 'k': 9}",e5
task2_plausibility,7efaf284b208daee,attnlrp,f1_at_k,0.0,target,Compression,"{'n_gold_tokens': 9, 'k': 9}",e5
task2_plausibility,7efaf284b208daee,attnlrp,auprc,0.06550244785838523,target,Compression,"{'n_gold_tokens': 9, 'k': 9}",e5
task2_plausibility,7efaf284b208daee,attnlrp,precision_at_k,0.1111111111111111,target,Omission,"{'n_gold_tokens': 9, 'k': 9}",e5
task2_plausibility,7efaf284b208daee,attnlrp,recall_at_k,0.1111111111111111,target,Omission,"{'n_gold_tokens': 9, 'k': 9}",e5
task2_plausibility,7efaf284b208daee,attnlrp,f1_at_k,0.1111111111111111,target,Omission,"{'n_gold_tokens': 9, 'k': 9}",e5
task2_plausibility,7efaf284b208daee,attnlrp,auprc,0.1486157975985486,target,Omission,"{'n_gold_tokens': 9, 'k': 9}",e5
task2_plausibility,1f48b8837bec8ab6,attnlrp,precision_at_k,0.37037037037037035,target,Synonymy,"{'n_gold_tokens': 27, 'k': 27}",e5
task2_plausibility,1f48b8837bec8ab6,attnlrp,recall_at_k,0.37037037037037035,target,Synonymy,"{'n_gold_tokens': 27, 'k': 27}",e5
task2_plausibility,1f48b8837bec8ab6,attnlrp,f1_at_k,0.37037037037037035,target,Synonymy,"{'n_gold_tokens': 27, 'k': 27}",e5
task2_plausibility,1f48b8837bec8ab6,attnlrp,auprc,0.3365530875356533,target,Synonymy,"{'n_gold_tokens': 27, 'k': 27}",e5
task2_plausibility,1f48b8837bec8ab6,attnlrp,precision_at_k,0.2222222222222222,target,Compression,"{'n_gold_tokens': 27, 'k': 27}",e5
task2_plausibility,1f48b8837bec8ab6,attnlrp,recall_at_k,0.2222222222222222,target,Compression,"{'n_gold_tokens': 27, 'k': 27}",e5
task2_plausibility,1f48b8837bec8ab6,attnlrp,f1_at_k,0.2222222222222222,target,Compression,"{'n_gold_tokens': 27, 'k': 27}",e5
task2_plausibility,1f48b8837bec8ab6,attnlrp,auprc,0.2697819169695165,target,Compression,"{'n_gold_tokens': 27, 'k': 27}",e5
task2_plausibility,1f48b8837bec8ab6,attnlrp,precision_at_k,0.3333333333333333,target,Omission,"{'n_gold_tokens': 27, 'k': 27}",e5
task2_plausibility,1f48b8837bec8ab6,attnlrp,recall_at_k,0.3333333333333333,target,Omission,"{'n_gold_tokens': 27, 'k': 27}",e5
task2_plausibility,1f48b8837bec8ab6,attnlrp,f1_at_k,0.3333333333333333,target,Omission,"{'n_gold_tokens': 27, 'k': 27}",e5
task2_plausibility,1f48b8837bec8ab6,attnlrp,auprc,0.32017150002187017,target,Omission,"{'n_gold_tokens': 27, 'k': 27}",e5
task2_plausibility,807b53a961809e7d,attnlrp,precision_at_k,0.0,target,Synonymy,"{'n_gold_tokens': 4, 'k': 4}",e5
task2_plausibility,807b53a961809e7d,attnlrp,recall_at_k,0.0,target,Synonymy,"{'n_gold_tokens': 4, 'k': 4}",e5
task2_plausibility,807b53a961809e7d,attnlrp,f1_at_k,0.0,target,Synonymy,"{'n_gold_tokens': 4, 'k': 4}",e5
task2_plausibility,807b53a961809e7d,attnlrp,auprc,0.0946969696969697,target,Synonymy,"{'n_gold_tokens': 4, 'k': 4}",e5
task2_plausibility,807b53a961809e7d,attnlrp,precision_at_k,0.0,target,Compression,"{'n_gold_tokens': 4, 'k': 4}",e5
task2_plausibility,807b53a961809e7d,attnlrp,recall_at_k,0.0,target,Compression,"{'n_gold_tokens': 4, 'k': 4}",e5
task2_plausibility,807b53a961809e7d,attnlrp,f1_at_k,0.0,target,Compression,"{'n_gold_tokens': 4, 'k': 4}",e5
task2_plausibility,807b53a961809e7d,attnlrp,auprc,0.1182412358882947,target,Compression,"{'n_gold_tokens': 4, 'k': 4}",e5
task2_plausibility,807b53a961809e7d,attnlrp,precision_at_k,0.25,target,Omission,"{'n_gold_tokens': 4, 'k': 4}",e5
task2_plausibility,807b53a961809e7d,attnlrp,recall_at_k,0.25,target,Omission,"{'n_gold_tokens': 4, 'k': 4}",e5
task2_plausibility,807b53a961809e7d,attnlrp,f1_at_k,0.25,target,Omission,"{'n_gold_tokens': 4, 'k': 4}",e5
task2_plausibility,807b53a961809e7d,attnlrp,auprc,0.24186896981014627,target,Omission,"{'n_gold_tokens': 4, 'k': 4}",e5
task2_plausibility,0392ae03f066a894,attnlrp,precision_at_k,0.2,target,Synonymy,"{'n_gold_tokens': 10, 'k': 10}",e5
task2_plausibility,0392ae03f066a894,attnlrp,recall_at_k,0.2,target,Synonymy,"{'n_gold_tokens': 10, 'k': 10}",e5
task2_plausibility,0392ae03f066a894,attnlrp,f1_at_k,0.20000000000000004,target,Synonymy,"{'n_gold_tokens': 10, 'k': 10}",e5
task2_plausibility,0392ae03f066a894,attnlrp,auprc,0.16035172342913984,target,Synonymy,"{'n_gold_tokens': 10, 'k': 10}",e5
task2_plausibility,0392ae03f066a894,attnlrp,precision_at_k,0.0,target,Compression,"{'n_gold_tokens': 10, 'k': 10}",e5
task2_plausibility,0392ae03f066a894,attnlrp,recall_at_k,0.0,target,Compression,"{'n_gold_tokens': 10, 'k': 10}",e5
task2_plausibility,0392ae03f066a894,attnlrp,f1_at_k,0.0,target,Compression,"{'n_gold_tokens': 10, 'k': 10}",e5
task2_plausibility,0392ae03f066a894,attnlrp,auprc,0.14372879540302408,target,Compression,"{'n_gold_tokens': 10, 'k': 10}",e5
task2_plausibility,0392ae03f066a894,attnlrp,precision_at_k,0.1,target,Omission,"{'n_gold_tokens': 10, 'k': 10}",e5
task2_plausibility,0392ae03f066a894,attnlrp,recall_at_k,0.1,target,Omission,"{'n_gold_tokens': 10, 'k': 10}",e5
task2_plausibility,0392ae03f066a894,attnlrp,f1_at_k,0.10000000000000002,target,Omission,"{'n_gold_tokens': 10, 'k': 10}",e5
task2_plausibility,0392ae03f066a894,attnlrp,auprc,0.20880179145377076,target,Omission,"{'n_gold_tokens': 10, 'k': 10}",e5
task2_plausibility,040f71d839ae75d8,attnlrp,precision_at_k,0.4,target,Synonymy,"{'n_gold_tokens': 15, 'k': 15}",e5
task2_plausibility,040f71d839ae75d8,attnlrp,recall_at_k,0.4,target,Synonymy,"{'n_gold_tokens': 15, 'k': 15}",e5
task2_plausibility,040f71d839ae75d8,attnlrp,f1_at_k,0.4000000000000001,target,Synonymy,"{'n_gold_tokens': 15, 'k': 15}",e5
task2_plausibility,040f71d839ae75d8,attnlrp,auprc,0.4528710061260276,target,Synonymy,"{'n_gold_tokens': 15, 'k': 15}",e5
task2_plausibility,042e16733896f3cb,attnlrp,precision_at_k,0.0,target,Synonymy,"{'n_gold_tokens': 4, 'k': 4}",e5
task2_plausibility,042e16733896f3cb,attnlrp,recall_at_k,0.0,target,Synonymy,"{'n_gold_tokens': 4, 'k': 4}",e5
task2_plausibility,042e16733896f3cb,attnlrp,f1_at_k,0.0,target,Synonymy,"{'n_gold_tokens': 4, 'k': 4}",e5
task2_plausibility,042e16733896f3cb,attnlrp,auprc,0.12174210229130136,target,Synonymy,"{'n_gold_tokens': 4, 'k': 4}",e5
task2_plausibility,0670039b4a17b8b0,attnlrp,precision_at_k,0.32,target,Synonymy,"{'n_gold_tokens': 25, 'k': 25}",e5
task2_plausibility,0670039b4a17b8b0,attnlrp,recall_at_k,0.32,target,Synonymy,"{'n_gold_tokens': 25, 'k': 25}",e5
task2_plausibility,0670039b4a17b8b0,attnlrp,f1_at_k,0.32,target,Synonymy,"{'n_gold_tokens': 25, 'k': 25}",e5
task2_plausibility,0670039b4a17b8b0,attnlrp,auprc,0.3037236761801865,target,Synonymy,"{'n_gold_tokens': 25, 'k': 25}",e5
task2_plausibility,0670039b4a17b8b0,attnlrp,precision_at_k,0.32,target,Compression,"{'n_gold_tokens': 25, 'k': 25}",e5
task2_plausibility,0670039b4a17b8b0,attnlrp,recall_at_k,0.32,target,Compression,"{'n_gold_tokens': 25, 'k': 25}",e5
task2_plausibility,0670039b4a17b8b0,attnlrp,f1_at_k,0.32,target,Compression,"{'n_gold_tokens': 25, 'k': 25}",e5
task2_plausibility,0670039b4a17b8b0,attnlrp,auprc,0.3692787511287072,target,Compression,"{'n_gold_tokens': 25, 'k': 25}",e5
task2_plausibility,0a08fcb71a7ad371,attnlrp,precision_at_k,0.0,target,Synonymy,"{'n_gold_tokens': 4, 'k': 4}",e5
task2_plausibility,0a08fcb71a7ad371,attnlrp,recall_at_k,0.0,target,Synonymy,"{'n_gold_tokens': 4, 'k': 4}",e5
task2_plausibility,0a08fcb71a7ad371,attnlrp,f1_at_k,0.0,target,Synonymy,"{'n_gold_tokens': 4, 'k': 4}",e5
task2_plausibility,0a08fcb71a7ad371,attnlrp,auprc,0.06422340708054994,target,Synonymy,"{'n_gold_tokens': 4, 'k': 4}",e5
task2_plausibility,0db925627d2320ae,attnlrp,precision_at_k,0.25,target,Synonymy,"{'n_gold_tokens': 8, 'k': 8}",e5
task2_plausibility,0db925627d2320ae,attnlrp,recall_at_k,0.25,target,Synonymy,"{'n_gold_tokens': 8, 'k': 8}",e5
task2_plausibility,0db925627d2320ae,attnlrp,f1_at_k,0.25,target,Synonymy,"{'n_gold_tokens': 8, 'k': 8}",e5
task2_plausibility,0db925627d2320ae,attnlrp,auprc,0.31825024595034235,target,Synonymy,"{'n_gold_tokens': 8, 'k': 8}",e5
task2_plausibility,0e743f80a519755a,attnlrp,precision_at_k,0.2,target,Synonymy,"{'n_gold_tokens': 5, 'k': 5}",e5
task2_plausibility,0e743f80a519755a,attnlrp,recall_at_k,0.2,target,Synonymy,"{'n_gold_tokens': 5, 'k': 5}",e5
task2_plausibility,0e743f80a519755a,attnlrp,f1_at_k,0.20000000000000004,target,Synonymy,"{'n_gold_tokens': 5, 'k': 5}",e5
task2_plausibility,0e743f80a519755a,attnlrp,auprc,0.3932126696832579,target,Synonymy,"{'n_gold_tokens': 5, 'k': 5}",e5
task2_plausibility,11046fa5908d72af,attnlrp,precision_at_k,0.5416666666666666,target,Synonymy,"{'n_gold_tokens': 24, 'k': 24}",e5
task2_plausibility,11046fa5908d72af,attnlrp,recall_at_k,0.5416666666666666,target,Synonymy,"{'n_gold_tokens': 24, 'k': 24}",e5
task2_plausibility,11046fa5908d72af,attnlrp,f1_at_k,0.5416666666666666,target,Synonymy,"{'n_gold_tokens': 24, 'k': 24}",e5
task2_plausibility,11046fa5908d72af,attnlrp,auprc,0.4860878110528066,target,Synonymy,"{'n_gold_tokens': 24, 'k': 24}",e5
task2_plausibility,11046fa5908d72af,attnlrp,precision_at_k,0.4583333333333333,target,Syntactic Change,"{'n_gold_tokens': 24, 'k': 24}",e5
task2_plausibility,11046fa5908d72af,attnlrp,recall_at_k,0.4583333333333333,target,Syntactic Change,"{'n_gold_tokens': 24, 'k': 24}",e5
task2_plausibility,11046fa5908d72af,attnlrp,f1_at_k,0.4583333333333333,target,Syntactic Change,"{'n_gold_tokens': 24, 'k': 24}",e5
task2_plausibility,11046fa5908d72af,attnlrp,auprc,0.4476153843161959,target,Syntactic Change,"{'n_gold_tokens': 24, 'k': 24}",e5
task2_plausibility,118c25b0b4ea006a,attnlrp,precision_at_k,0.15789473684210525,target,Synonymy,"{'n_gold_tokens': 19, 'k': 19}",e5
task2_plausibility,118c25b0b4ea006a,attnlrp,recall_at_k,0.15789473684210525,target,Synonymy,"{'n_gold_tokens': 19, 'k': 19}",e5
task2_plausibility,118c25b0b4ea006a,attnlrp,f1_at_k,0.15789473684210525,target,Synonymy,"{'n_gold_tokens': 19, 'k': 19}",e5
task2_plausibility,118c25b0b4ea006a,attnlrp,auprc,0.18525298276269608,target,Synonymy,"{'n_gold_tokens': 19, 'k': 19}",e5
task2_plausibility,118c25b0b4ea006a,attnlrp,precision_at_k,0.10526315789473684,target,Compression,"{'n_gold_tokens': 19, 'k': 19}",e5
task2_plausibility,118c25b0b4ea006a,attnlrp,recall_at_k,0.10526315789473684,target,Compression,"{'n_gold_tokens': 19, 'k': 19}",e5
task2_plausibility,118c25b0b4ea006a,attnlrp,f1_at_k,0.10526315789473684,target,Compression,"{'n_gold_tokens': 19, 'k': 19}",e5
task2_plausibility,118c25b0b4ea006a,attnlrp,auprc,0.15176211026623232,target,Compression,"{'n_gold_tokens': 19, 'k': 19}",e5
task2_plausibility,118c25b0b4ea006a,attnlrp,precision_at_k,0.2631578947368421,target,Syntactic Change,"{'n_gold_tokens': 19, 'k': 19}",e5
task2_plausibility,118c25b0b4ea006a,attnlrp,recall_at_k,0.2631578947368421,target,Syntactic Change,"{'n_gold_tokens': 19, 'k': 19}",e5
task2_plausibility,118c25b0b4ea006a,attnlrp,f1_at_k,0.2631578947368421,target,Syntactic Change,"{'n_gold_tokens': 19, 'k': 19}",e5
task2_plausibility,118c25b0b4ea006a,attnlrp,auprc,0.2199848854510102,target,Syntactic Change,"{'n_gold_tokens': 19, 'k': 19}",e5
task2_plausibility,12e23bd223f1277d,attnlrp,precision_at_k,0.2,target,Synonymy,"{'n_gold_tokens': 5, 'k': 5}",e5
task2_plausibility,12e23bd223f1277d,attnlrp,recall_at_k,0.2,target,Synonymy,"{'n_gold_tokens': 5, 'k': 5}",e5
task2_plausibility,12e23bd223f1277d,attnlrp,f1_at_k,0.20000000000000004,target,Synonymy,"{'n_gold_tokens': 5, 'k': 5}",e5
task2_plausibility,12e23bd223f1277d,attnlrp,auprc,0.214380395433027,target,Synonymy,"{'n_gold_tokens': 5, 'k': 5}",e5
task2_plausibility,140753ca0917b049,attnlrp,precision_at_k,0.13636363636363635,target,Synonymy,"{'n_gold_tokens': 22, 'k': 22}",e5
task2_plausibility,140753ca0917b049,attnlrp,recall_at_k,0.13636363636363635,target,Synonymy,"{'n_gold_tokens': 22, 'k': 22}",e5
task2_plausibility,140753ca0917b049,attnlrp,f1_at_k,0.13636363636363635,target,Synonymy,"{'n_gold_tokens': 22, 'k': 22}",e5
task2_plausibility,140753ca0917b049,attnlrp,auprc,0.18178595684652007,target,Synonymy,"{'n_gold_tokens': 22, 'k': 22}",e5
task2_plausibility,17caea7d97169b0d,attnlrp,precision_at_k,0.0,target,Synonymy,"{'n_gold_tokens': 3, 'k': 3}",e5
task2_plausibility,17caea7d97169b0d,attnlrp,recall_at_k,0.0,target,Synonymy,"{'n_gold_tokens': 3, 'k': 3}",e5
task2_plausibility,17caea7d97169b0d,attnlrp,f1_at_k,0.0,target,Synonymy,"{'n_gold_tokens': 3, 'k': 3}",e5
task2_plausibility,17caea7d97169b0d,attnlrp,auprc,0.20276292335115864,target,Synonymy,"{'n_gold_tokens': 3, 'k': 3}",e5
task2_plausibility,1d85322e9ec39f32,attnlrp,precision_at_k,0.23529411764705882,target,Synonymy,"{'n_gold_tokens': 34, 'k': 34}",e5
task2_plausibility,1d85322e9ec39f32,attnlrp,recall_at_k,0.23529411764705882,target,Synonymy,"{'n_gold_tokens': 34, 'k': 34}",e5
task2_plausibility,1d85322e9ec39f32,attnlrp,f1_at_k,0.23529411764705882,target,Synonymy,"{'n_gold_tokens': 34, 'k': 34}",e5
task2_plausibility,1d85322e9ec39f32,attnlrp,auprc,0.34758523676354286,target,Synonymy,"{'n_gold_tokens': 34, 'k': 34}",e5
task2_plausibility,1ea1c8704bdcebbd,attnlrp,precision_at_k,0.26666666666666666,target,Synonymy,"{'n_gold_tokens': 30, 'k': 30}",e5
task2_plausibility,1ea1c8704bdcebbd,attnlrp,recall_at_k,0.26666666666666666,target,Synonymy,"{'n_gold_tokens': 30, 'k': 30}",e5
task2_plausibility,1ea1c8704bdcebbd,attnlrp,f1_at_k,0.26666666666666666,target,Synonymy,"{'n_gold_tokens': 30, 'k': 30}",e5
task2_plausibility,1ea1c8704bdcebbd,attnlrp,auprc,0.340722975786637,target,Synonymy,"{'n_gold_tokens': 30, 'k': 30}",e5
task2_plausibility,1fdcd74abc84d91d,attnlrp,precision_at_k,0.2222222222222222,target,Synonymy,"{'n_gold_tokens': 27, 'k': 27}",e5
task2_plausibility,1fdcd74abc84d91d,attnlrp,recall_at_k,0.2222222222222222,target,Synonymy,"{'n_gold_tokens': 27, 'k': 27}",e5
task2_plausibility,1fdcd74abc84d91d,attnlrp,f1_at_k,0.2222222222222222,target,Synonymy,"{'n_gold_tokens': 27, 'k': 27}",e5
task2_plausibility,1fdcd74abc84d91d,attnlrp,auprc,0.2527215849907481,target,Synonymy,"{'n_gold_tokens': 27, 'k': 27}",e5
task2_plausibility,208df68e509030be,attnlrp,precision_at_k,0.0,target,Synonymy,"{'n_gold_tokens': 1, 'k': 1}",e5
task2_plausibility,208df68e509030be,attnlrp,recall_at_k,0.0,target,Synonymy,"{'n_gold_tokens': 1, 'k': 1}",e5
task2_plausibility,208df68e509030be,attnlrp,f1_at_k,0.0,target,Synonymy,"{'n_gold_tokens': 1, 'k': 1}",e5
task2_plausibility,208df68e509030be,attnlrp,auprc,0.3333333333333333,target,Synonymy,"{'n_gold_tokens': 1, 'k': 1}",e5
task2_plausibility,212e7b1edbd0cb52,attnlrp,precision_at_k,0.13333333333333333,target,Synonymy,"{'n_gold_tokens': 45, 'k': 45}",e5
task2_plausibility,212e7b1edbd0cb52,attnlrp,recall_at_k,0.13333333333333333,target,Synonymy,"{'n_gold_tokens': 45, 'k': 45}",e5
task2_plausibility,212e7b1edbd0cb52,attnlrp,f1_at_k,0.13333333333333333,target,Synonymy,"{'n_gold_tokens': 45, 'k': 45}",e5
task2_plausibility,212e7b1edbd0cb52,attnlrp,auprc,0.2310281052910473,target,Synonymy,"{'n_gold_tokens': 45, 'k': 45}",e5
task2_plausibility,212e7b1edbd0cb52,attnlrp,precision_at_k,0.15555555555555556,target,Modulation,"{'n_gold_tokens': 45, 'k': 45}",e5
task2_plausibility,212e7b1edbd0cb52,attnlrp,recall_at_k,0.15555555555555556,target,Modulation,"{'n_gold_tokens': 45, 'k': 45}",e5
task2_plausibility,212e7b1edbd0cb52,attnlrp,f1_at_k,0.15555555555555556,target,Modulation,"{'n_gold_tokens': 45, 'k': 45}",e5
task2_plausibility,212e7b1edbd0cb52,attnlrp,auprc,0.22369417810918515,target,Modulation,"{'n_gold_tokens': 45, 'k': 45}",e5
task2_plausibility,212e7b1edbd0cb52,attnlrp,precision_at_k,0.2,target,Explanation,"{'n_gold_tokens': 45, 'k': 45}",e5
task2_plausibility,212e7b1edbd0cb52,attnlrp,recall_at_k,0.2,target,Explanation,"{'n_gold_tokens': 45, 'k': 45}",e5
task2_plausibility,212e7b1edbd0cb52,attnlrp,f1_at_k,0.20000000000000004,target,Explanation,"{'n_gold_tokens': 45, 'k': 45}",e5
task2_plausibility,212e7b1edbd0cb52,attnlrp,auprc,0.25082253941871135,target,Explanation,"{'n_gold_tokens': 45, 'k': 45}",e5
task2_plausibility,254503ad7601524f,attnlrp,precision_at_k,0.0,target,Synonymy,"{'n_gold_tokens': 8, 'k': 8}",e5
task2_plausibility,254503ad7601524f,attnlrp,recall_at_k,0.0,target,Synonymy,"{'n_gold_tokens': 8, 'k': 8}",e5
task2_plausibility,254503ad7601524f,attnlrp,f1_at_k,0.0,target,Synonymy,"{'n_gold_tokens': 8, 'k': 8}",e5
task2_plausibility,254503ad7601524f,attnlrp,auprc,0.15689366518034892,target,Synonymy,"{'n_gold_tokens': 8, 'k': 8}",e5
task2_plausibility,2806eb7d2005035a,attnlrp,precision_at_k,0.2222222222222222,target,Synonymy,"{'n_gold_tokens': 9, 'k': 9}",e5
task2_plausibility,2806eb7d2005035a,attnlrp,recall_at_k,0.2222222222222222,target,Synonymy,"{'n_gold_tokens': 9, 'k': 9}",e5
task2_plausibility,2806eb7d2005035a,attnlrp,f1_at_k,0.2222222222222222,target,Synonymy,"{'n_gold_tokens': 9, 'k': 9}",e5
task2_plausibility,2806eb7d2005035a,attnlrp,auprc,0.3273237165339501,target,Synonymy,"{'n_gold_tokens': 9, 'k': 9}",e5
task2_plausibility,2989ab852a911f73,attnlrp,precision_at_k,0.13636363636363635,target,Synonymy,"{'n_gold_tokens': 22, 'k': 22}",e5
task2_plausibility,2989ab852a911f73,attnlrp,recall_at_k,0.13636363636363635,target,Synonymy,"{'n_gold_tokens': 22, 'k': 22}",e5
task2_plausibility,2989ab852a911f73,attnlrp,f1_at_k,0.13636363636363635,target,Synonymy,"{'n_gold_tokens': 22, 'k': 22}",e5
task2_plausibility,2989ab852a911f73,attnlrp,auprc,0.17146344443703754,target,Synonymy,"{'n_gold_tokens': 22, 'k': 22}",e5
task2_plausibility,2989ab852a911f73,attnlrp,precision_at_k,0.13636363636363635,target,Modulation,"{'n_gold_tokens': 22, 'k': 22}",e5
task2_plausibility,2989ab852a911f73,attnlrp,recall_at_k,0.13636363636363635,target,Modulation,"{'n_gold_tokens': 22, 'k': 22}",e5
task2_plausibility,2989ab852a911f73,attnlrp,f1_at_k,0.13636363636363635,target,Modulation,"{'n_gold_tokens': 22, 'k': 22}",e5
task2_plausibility,2989ab852a911f73,attnlrp,auprc,0.21999784381204693,target,Modulation,"{'n_gold_tokens': 22, 'k': 22}",e5
task2_plausibility,2989ab852a911f73,attnlrp,precision_at_k,0.18181818181818182,target,Compression,"{'n_gold_tokens': 22, 'k': 22}",e5
task2_plausibility,2989ab852a911f73,attnlrp,recall_at_k,0.18181818181818182,target,Compression,"{'n_gold_tokens': 22, 'k': 22}",e5
task2_plausibility,2989ab852a911f73,attnlrp,f1_at_k,0.18181818181818182,target,Compression,"{'n_gold_tokens': 22, 'k': 22}",e5
task2_plausibility,2989ab852a911f73,attnlrp,auprc,0.17443756672707617,target,Compression,"{'n_gold_tokens': 22, 'k': 22}",e5
task2_plausibility,2989ab852a911f73,attnlrp,precision_at_k,0.045454545454545456,target,Explanation,"{'n_gold_tokens': 22, 'k': 22}",e5
task2_plausibility,2989ab852a911f73,attnlrp,recall_at_k,0.045454545454545456,target,Explanation,"{'n_gold_tokens': 22, 'k': 22}",e5
task2_plausibility,2989ab852a911f73,attnlrp,f1_at_k,0.045454545454545456,target,Explanation,"{'n_gold_tokens': 22, 'k': 22}",e5
task2_plausibility,2989ab852a911f73,attnlrp,auprc,0.1271725378163469,target,Explanation,"{'n_gold_tokens': 22, 'k': 22}",e5
task2_plausibility,2dfa2e5e55c6346c,attnlrp,precision_at_k,0.47619047619047616,target,Synonymy,"{'n_gold_tokens': 21, 'k': 21}",e5
task2_plausibility,2dfa2e5e55c6346c,attnlrp,recall_at_k,0.47619047619047616,target,Synonymy,"{'n_gold_tokens': 21, 'k': 21}",e5
task2_plausibility,2dfa2e5e55c6346c,attnlrp,f1_at_k,0.47619047619047616,target,Synonymy,"{'n_gold_tokens': 21, 'k': 21}",e5
task2_plausibility,2dfa2e5e55c6346c,attnlrp,auprc,0.5144691803139926,target,Synonymy,"{'n_gold_tokens': 21, 'k': 21}",e5
task2_plausibility,2dfa2e5e55c6346c,attnlrp,precision_at_k,0.2857142857142857,target,Syntactic Change,"{'n_gold_tokens': 21, 'k': 21}",e5
task2_plausibility,2dfa2e5e55c6346c,attnlrp,recall_at_k,0.2857142857142857,target,Syntactic Change,"{'n_gold_tokens': 21, 'k': 21}",e5
task2_plausibility,2dfa2e5e55c6346c,attnlrp,f1_at_k,0.2857142857142857,target,Syntactic Change,"{'n_gold_tokens': 21, 'k': 21}",e5
task2_plausibility,2dfa2e5e55c6346c,attnlrp,auprc,0.37721506009206707,target,Syntactic Change,"{'n_gold_tokens': 21, 'k': 21}",e5
task2_plausibility,315255427018ec9e,attnlrp,precision_at_k,0.2777777777777778,target,Synonymy,"{'n_gold_tokens': 18, 'k': 18}",e5
task2_plausibility,315255427018ec9e,attnlrp,recall_at_k,0.2777777777777778,target,Synonymy,"{'n_gold_tokens': 18, 'k': 18}",e5
task2_plausibility,315255427018ec9e,attnlrp,f1_at_k,0.2777777777777778,target,Synonymy,"{'n_gold_tokens': 18, 'k': 18}",e5
task2_plausibility,315255427018ec9e,attnlrp,auprc,0.32369687445682416,target,Synonymy,"{'n_gold_tokens': 18, 'k': 18}",e5
task2_plausibility,315255427018ec9e,attnlrp,precision_at_k,0.2222222222222222,target,Compression,"{'n_gold_tokens': 18, 'k': 18}",e5
task2_plausibility,315255427018ec9e,attnlrp,recall_at_k,0.2222222222222222,target,Compression,"{'n_gold_tokens': 18, 'k': 18}",e5
task2_plausibility,315255427018ec9e,attnlrp,f1_at_k,0.2222222222222222,target,Compression,"{'n_gold_tokens': 18, 'k': 18}",e5
task2_plausibility,315255427018ec9e,attnlrp,auprc,0.2384387392448435,target,Compression,"{'n_gold_tokens': 18, 'k': 18}",e5
task2_plausibility,3611b5b04d66cee9,attnlrp,precision_at_k,0.2,target,Synonymy,"{'n_gold_tokens': 15, 'k': 15}",e5
task2_plausibility,3611b5b04d66cee9,attnlrp,recall_at_k,0.2,target,Synonymy,"{'n_gold_tokens': 15, 'k': 15}",e5
task2_plausibility,3611b5b04d66cee9,attnlrp,f1_at_k,0.20000000000000004,target,Synonymy,"{'n_gold_tokens': 15, 'k': 15}",e5
task2_plausibility,3611b5b04d66cee9,attnlrp,auprc,0.17644488921892698,target,Synonymy,"{'n_gold_tokens': 15, 'k': 15}",e5
task2_plausibility,36ef1145ad74da15,attnlrp,precision_at_k,0.08333333333333333,target,Synonymy,"{'n_gold_tokens': 12, 'k': 12}",e5
task2_plausibility,36ef1145ad74da15,attnlrp,recall_at_k,0.08333333333333333,target,Synonymy,"{'n_gold_tokens': 12, 'k': 12}",e5
task2_plausibility,36ef1145ad74da15,attnlrp,f1_at_k,0.08333333333333333,target,Synonymy,"{'n_gold_tokens': 12, 'k': 12}",e5
task2_plausibility,36ef1145ad74da15,attnlrp,auprc,0.24699250332502784,target,Synonymy,"{'n_gold_tokens': 12, 'k': 12}",e5
task2_plausibility,38b551f5e2f6271d,attnlrp,precision_at_k,0.20930232558139536,target,Synonymy,"{'n_gold_tokens': 43, 'k': 43}",e5
task2_plausibility,38b551f5e2f6271d,attnlrp,recall_at_k,0.20930232558139536,target,Synonymy,"{'n_gold_tokens': 43, 'k': 43}",e5
task2_plausibility,38b551f5e2f6271d,attnlrp,f1_at_k,0.20930232558139536,target,Synonymy,"{'n_gold_tokens': 43, 'k': 43}",e5
task2_plausibility,38b551f5e2f6271d,attnlrp,auprc,0.19996048665576885,target,Synonymy,"{'n_gold_tokens': 43, 'k': 43}",e5
task2_plausibility,38b551f5e2f6271d,attnlrp,precision_at_k,0.11627906976744186,target,Modulation,"{'n_gold_tokens': 43, 'k': 43}",e5
task2_plausibility,38b551f5e2f6271d,attnlrp,recall_at_k,0.11627906976744186,target,Modulation,"{'n_gold_tokens': 43, 'k': 43}",e5
task2_plausibility,38b551f5e2f6271d,attnlrp,f1_at_k,0.11627906976744186,target,Modulation,"{'n_gold_tokens': 43, 'k': 43}",e5
task2_plausibility,38b551f5e2f6271d,attnlrp,auprc,0.165048017233835,target,Modulation,"{'n_gold_tokens': 43, 'k': 43}",e5
task2_plausibility,38b551f5e2f6271d,attnlrp,precision_at_k,0.11627906976744186,target,Compression,"{'n_gold_tokens': 43, 'k': 43}",e5
task2_plausibility,38b551f5e2f6271d,attnlrp,recall_at_k,0.11627906976744186,target,Compression,"{'n_gold_tokens': 43, 'k': 43}",e5
task2_plausibility,38b551f5e2f6271d,attnlrp,f1_at_k,0.11627906976744186,target,Compression,"{'n_gold_tokens': 43, 'k': 43}",e5
task2_plausibility,38b551f5e2f6271d,attnlrp,auprc,0.17050025770463617,target,Compression,"{'n_gold_tokens': 43, 'k': 43}",e5
task2_plausibility,38b551f5e2f6271d,attnlrp,precision_at_k,0.13953488372093023,target,Explanation,"{'n_gold_tokens': 43, 'k': 43}",e5
task2_plausibility,38b551f5e2f6271d,attnlrp,recall_at_k,0.13953488372093023,target,Explanation,"{'n_gold_tokens': 43, 'k': 43}",e5
task2_plausibility,38b551f5e2f6271d,attnlrp,f1_at_k,0.13953488372093023,target,Explanation,"{'n_gold_tokens': 43, 'k': 43}",e5
task2_plausibility,38b551f5e2f6271d,attnlrp,auprc,0.17497543270379456,target,Explanation,"{'n_gold_tokens': 43, 'k': 43}",e5
task2_plausibility,39477c12edeed287,attnlrp,precision_at_k,0.41935483870967744,target,Synonymy,"{'n_gold_tokens': 31, 'k': 31}",e5
task2_plausibility,39477c12edeed287,attnlrp,recall_at_k,0.41935483870967744,target,Synonymy,"{'n_gold_tokens': 31, 'k': 31}",e5
task2_plausibility,39477c12edeed287,attnlrp,f1_at_k,0.41935483870967744,target,Synonymy,"{'n_gold_tokens': 31, 'k': 31}",e5
task2_plausibility,39477c12edeed287,attnlrp,auprc,0.37794275527957766,target,Synonymy,"{'n_gold_tokens': 31, 'k': 31}",e5
task2_plausibility,39477c12edeed287,attnlrp,precision_at_k,0.3870967741935484,target,Modulation,"{'n_gold_tokens': 31, 'k': 31}",e5
task2_plausibility,39477c12edeed287,attnlrp,recall_at_k,0.3870967741935484,target,Modulation,"{'n_gold_tokens': 31, 'k': 31}",e5
task2_plausibility,39477c12edeed287,attnlrp,f1_at_k,0.3870967741935484,target,Modulation,"{'n_gold_tokens': 31, 'k': 31}",e5
task2_plausibility,39477c12edeed287,attnlrp,auprc,0.35358065062572747,target,Modulation,"{'n_gold_tokens': 31, 'k': 31}",e5
task2_plausibility,39477c12edeed287,attnlrp,precision_at_k,0.3870967741935484,target,Compression,"{'n_gold_tokens': 31, 'k': 31}",e5
task2_plausibility,39477c12edeed287,attnlrp,recall_at_k,0.3870967741935484,target,Compression,"{'n_gold_tokens': 31, 'k': 31}",e5
task2_plausibility,39477c12edeed287,attnlrp,f1_at_k,0.3870967741935484,target,Compression,"{'n_gold_tokens': 31, 'k': 31}",e5
task2_plausibility,39477c12edeed287,attnlrp,auprc,0.38529394281053153,target,Compression,"{'n_gold_tokens': 31, 'k': 31}",e5
task2_plausibility,39477c12edeed287,attnlrp,precision_at_k,0.3870967741935484,target,Syntactic Change,"{'n_gold_tokens': 31, 'k': 31}",e5
task2_plausibility,39477c12edeed287,attnlrp,recall_at_k,0.3870967741935484,target,Syntactic Change,"{'n_gold_tokens': 31, 'k': 31}",e5
task2_plausibility,39477c12edeed287,attnlrp,f1_at_k,0.3870967741935484,target,Syntactic Change,"{'n_gold_tokens': 31, 'k': 31}",e5
task2_plausibility,39477c12edeed287,attnlrp,auprc,0.40418922474729624,target,Syntactic Change,"{'n_gold_tokens': 31, 'k': 31}",e5
task2_plausibility,39fbf9d08186572f,attnlrp,precision_at_k,0.45454545454545453,target,Synonymy,"{'n_gold_tokens': 22, 'k': 22}",e5
task2_plausibility,39fbf9d08186572f,attnlrp,recall_at_k,0.45454545454545453,target,Synonymy,"{'n_gold_tokens': 22, 'k': 22}",e5
task2_plausibility,39fbf9d08186572f,attnlrp,f1_at_k,0.45454545454545453,target,Synonymy,"{'n_gold_tokens': 22, 'k': 22}",e5
task2_plausibility,39fbf9d08186572f,attnlrp,auprc,0.4648657616924983,target,Synonymy,"{'n_gold_tokens': 22, 'k': 22}",e5
task2_plausibility,3d68a12ece27c156,attnlrp,precision_at_k,0.07692307692307693,target,Synonymy,"{'n_gold_tokens': 13, 'k': 13}",e5
task2_plausibility,3d68a12ece27c156,attnlrp,recall_at_k,0.07692307692307693,target,Synonymy,"{'n_gold_tokens': 13, 'k': 13}",e5
task2_plausibility,3d68a12ece27c156,attnlrp,f1_at_k,0.07692307692307693,target,Synonymy,"{'n_gold_tokens': 13, 'k': 13}",e5
task2_plausibility,3d68a12ece27c156,attnlrp,auprc,0.22247519567818397,target,Synonymy,"{'n_gold_tokens': 13, 'k': 13}",e5
task2_plausibility,3e6f5b9d43db7d3d,attnlrp,precision_at_k,0.16666666666666666,target,Synonymy,"{'n_gold_tokens': 6, 'k': 6}",e5
task2_plausibility,3e6f5b9d43db7d3d,attnlrp,recall_at_k,0.16666666666666666,target,Synonymy,"{'n_gold_tokens': 6, 'k': 6}",e5
task2_plausibility,3e6f5b9d43db7d3d,attnlrp,f1_at_k,0.16666666666666666,target,Synonymy,"{'n_gold_tokens': 6, 'k': 6}",e5
task2_plausibility,3e6f5b9d43db7d3d,attnlrp,auprc,0.201996501996502,target,Synonymy,"{'n_gold_tokens': 6, 'k': 6}",e5
task2_plausibility,41532fd1a3ddab5f,attnlrp,precision_at_k,0.3,target,Synonymy,"{'n_gold_tokens': 30, 'k': 30}",e5
task2_plausibility,41532fd1a3ddab5f,attnlrp,recall_at_k,0.3,target,Synonymy,"{'n_gold_tokens': 30, 'k': 30}",e5
task2_plausibility,41532fd1a3ddab5f,attnlrp,f1_at_k,0.3,target,Synonymy,"{'n_gold_tokens': 30, 'k': 30}",e5
task2_plausibility,41532fd1a3ddab5f,attnlrp,auprc,0.3303148074740558,target,Synonymy,"{'n_gold_tokens': 30, 'k': 30}",e5
task2_plausibility,44d6d4b0c62950fb,attnlrp,precision_at_k,0.3333333333333333,target,Synonymy,"{'n_gold_tokens': 33, 'k': 33}",e5
task2_plausibility,44d6d4b0c62950fb,attnlrp,recall_at_k,0.3333333333333333,target,Synonymy,"{'n_gold_tokens': 33, 'k': 33}",e5
task2_plausibility,44d6d4b0c62950fb,attnlrp,f1_at_k,0.3333333333333333,target,Synonymy,"{'n_gold_tokens': 33, 'k': 33}",e5
task2_plausibility,44d6d4b0c62950fb,attnlrp,auprc,0.3390396197388179,target,Synonymy,"{'n_gold_tokens': 33, 'k': 33}",e5
task2_plausibility,44d6d4b0c62950fb,attnlrp,precision_at_k,0.24242424242424243,target,Modulation,"{'n_gold_tokens': 33, 'k': 33}",e5
task2_plausibility,44d6d4b0c62950fb,attnlrp,recall_at_k,0.24242424242424243,target,Modulation,"{'n_gold_tokens': 33, 'k': 33}",e5
task2_plausibility,44d6d4b0c62950fb,attnlrp,f1_at_k,0.24242424242424243,target,Modulation,"{'n_gold_tokens': 33, 'k': 33}",e5
task2_plausibility,44d6d4b0c62950fb,attnlrp,auprc,0.23126271002010074,target,Modulation,"{'n_gold_tokens': 33, 'k': 33}",e5
task2_plausibility,44d6d4b0c62950fb,attnlrp,precision_at_k,0.18181818181818182,target,Compression,"{'n_gold_tokens': 33, 'k': 33}",e5
task2_plausibility,44d6d4b0c62950fb,attnlrp,recall_at_k,0.18181818181818182,target,Compression,"{'n_gold_tokens': 33, 'k': 33}",e5
task2_plausibility,44d6d4b0c62950fb,attnlrp,f1_at_k,0.18181818181818182,target,Compression,"{'n_gold_tokens': 33, 'k': 33}",e5
task2_plausibility,44d6d4b0c62950fb,attnlrp,auprc,0.20561200822051523,target,Compression,"{'n_gold_tokens': 33, 'k': 33}",e5
task2_plausibility,44d6d4b0c62950fb,attnlrp,precision_at_k,0.30303030303030304,target,Explanation,"{'n_gold_tokens': 33, 'k': 33}",e5
task2_plausibility,44d6d4b0c62950fb,attnlrp,recall_at_k,0.30303030303030304,target,Explanation,"{'n_gold_tokens': 33, 'k': 33}",e5
task2_plausibility,44d6d4b0c62950fb,attnlrp,f1_at_k,0.30303030303030304,target,Explanation,"{'n_gold_tokens': 33, 'k': 33}",e5
task2_plausibility,44d6d4b0c62950fb,attnlrp,auprc,0.33161557698149496,target,Explanation,"{'n_gold_tokens': 33, 'k': 33}",e5
task2_plausibility,4c197bd2925c7997,attnlrp,precision_at_k,0.2857142857142857,target,Synonymy,"{'n_gold_tokens': 7, 'k': 7}",e5
task2_plausibility,4c197bd2925c7997,attnlrp,recall_at_k,0.2857142857142857,target,Synonymy,"{'n_gold_tokens': 7, 'k': 7}",e5
task2_plausibility,4c197bd2925c7997,attnlrp,f1_at_k,0.2857142857142857,target,Synonymy,"{'n_gold_tokens': 7, 'k': 7}",e5
task2_plausibility,4c197bd2925c7997,attnlrp,auprc,0.2721776991286973,target,Synonymy,"{'n_gold_tokens': 7, 'k': 7}",e5
task2_plausibility,4cf8b7752075f565,attnlrp,precision_at_k,0.09523809523809523,target,Synonymy,"{'n_gold_tokens': 21, 'k': 21}",e5
task2_plausibility,4cf8b7752075f565,attnlrp,recall_at_k,0.09523809523809523,target,Synonymy,"{'n_gold_tokens': 21, 'k': 21}",e5
task2_plausibility,4cf8b7752075f565,attnlrp,f1_at_k,0.09523809523809523,target,Synonymy,"{'n_gold_tokens': 21, 'k': 21}",e5
task2_plausibility,4cf8b7752075f565,attnlrp,auprc,0.14808911039989303,target,Synonymy,"{'n_gold_tokens': 21, 'k': 21}",e5
task2_plausibility,4cf8b7752075f565,attnlrp,precision_at_k,0.047619047619047616,target,Modulation,"{'n_gold_tokens': 21, 'k': 21}",e5
task2_plausibility,4cf8b7752075f565,attnlrp,recall_at_k,0.047619047619047616,target,Modulation,"{'n_gold_tokens': 21, 'k': 21}",e5
task2_plausibility,4cf8b7752075f565,attnlrp,f1_at_k,0.047619047619047616,target,Modulation,"{'n_gold_tokens': 21, 'k': 21}",e5
task2_plausibility,4cf8b7752075f565,attnlrp,auprc,0.11584872276676511,target,Modulation,"{'n_gold_tokens': 21, 'k': 21}",e5
task2_plausibility,4d38fc17b0fcc85d,attnlrp,precision_at_k,0.3333333333333333,target,Synonymy,"{'n_gold_tokens': 12, 'k': 12}",e5
task2_plausibility,4d38fc17b0fcc85d,attnlrp,recall_at_k,0.3333333333333333,target,Synonymy,"{'n_gold_tokens': 12, 'k': 12}",e5
task2_plausibility,4d38fc17b0fcc85d,attnlrp,f1_at_k,0.3333333333333333,target,Synonymy,"{'n_gold_tokens': 12, 'k': 12}",e5
task2_plausibility,4d38fc17b0fcc85d,attnlrp,auprc,0.2819100485767152,target,Synonymy,"{'n_gold_tokens': 12, 'k': 12}",e5
task2_plausibility,4e3bc49ee8eab116,attnlrp,precision_at_k,0.13636363636363635,target,Synonymy,"{'n_gold_tokens': 22, 'k': 22}",e5
task2_plausibility,4e3bc49ee8eab116,attnlrp,recall_at_k,0.13636363636363635,target,Synonymy,"{'n_gold_tokens': 22, 'k': 22}",e5
task2_plausibility,4e3bc49ee8eab116,attnlrp,f1_at_k,0.13636363636363635,target,Synonymy,"{'n_gold_tokens': 22, 'k': 22}",e5
task2_plausibility,4e3bc49ee8eab116,attnlrp,auprc,0.2053588243601252,target,Synonymy,"{'n_gold_tokens': 22, 'k': 22}",e5
task2_plausibility,4e3bc49ee8eab116,attnlrp,precision_at_k,0.18181818181818182,target,Modulation,"{'n_gold_tokens': 22, 'k': 22}",e5
task2_plausibility,4e3bc49ee8eab116,attnlrp,recall_at_k,0.18181818181818182,target,Modulation,"{'n_gold_tokens': 22, 'k': 22}",e5
task2_plausibility,4e3bc49ee8eab116,attnlrp,f1_at_k,0.18181818181818182,target,Modulation,"{'n_gold_tokens': 22, 'k': 22}",e5
task2_plausibility,4e3bc49ee8eab116,attnlrp,auprc,0.2404908567596838,target,Modulation,"{'n_gold_tokens': 22, 'k': 22}",e5
task2_plausibility,4e3bc49ee8eab116,attnlrp,precision_at_k,0.045454545454545456,target,Explanation,"{'n_gold_tokens': 22, 'k': 22}",e5
task2_plausibility,4e3bc49ee8eab116,attnlrp,recall_at_k,0.045454545454545456,target,Explanation,"{'n_gold_tokens': 22, 'k': 22}",e5
task2_plausibility,4e3bc49ee8eab116,attnlrp,f1_at_k,0.045454545454545456,target,Explanation,"{'n_gold_tokens': 22, 'k': 22}",e5
task2_plausibility,4e3bc49ee8eab116,attnlrp,auprc,0.13462089167045843,target,Explanation,"{'n_gold_tokens': 22, 'k': 22}",e5
task2_plausibility,52d37c2bf5220aae,attnlrp,precision_at_k,0.5,target,Synonymy,"{'n_gold_tokens': 2, 'k': 2}",e5
task2_plausibility,52d37c2bf5220aae,attnlrp,recall_at_k,0.5,target,Synonymy,"{'n_gold_tokens': 2, 'k': 2}",e5
task2_plausibility,52d37c2bf5220aae,attnlrp,f1_at_k,0.5,target,Synonymy,"{'n_gold_tokens': 2, 'k': 2}",e5
task2_plausibility,52d37c2bf5220aae,attnlrp,auprc,0.5344827586206896,target,Synonymy,"{'n_gold_tokens': 2, 'k': 2}",e5
task2_plausibility,52d37c2bf5220aae,attnlrp,precision_at_k,0.0,target,Modulation,"{'n_gold_tokens': 2, 'k': 2}",e5
task2_plausibility,52d37c2bf5220aae,attnlrp,recall_at_k,0.0,target,Modulation,"{'n_gold_tokens': 2, 'k': 2}",e5
task2_plausibility,52d37c2bf5220aae,attnlrp,f1_at_k,0.0,target,Modulation,"{'n_gold_tokens': 2, 'k': 2}",e5
task2_plausibility,52d37c2bf5220aae,attnlrp,auprc,0.13392857142857142,target,Modulation,"{'n_gold_tokens': 2, 'k': 2}",e5
task2_plausibility,5e7ace852210ceac,attnlrp,precision_at_k,0.41818181818181815,target,Synonymy,"{'n_gold_tokens': 55, 'k': 55}",e5
task2_plausibility,5e7ace852210ceac,attnlrp,recall_at_k,0.41818181818181815,target,Synonymy,"{'n_gold_tokens': 55, 'k': 55}",e5
task2_plausibility,5e7ace852210ceac,attnlrp,f1_at_k,0.41818181818181815,target,Synonymy,"{'n_gold_tokens': 55, 'k': 55}",e5
task2_plausibility,5e7ace852210ceac,attnlrp,auprc,0.46661269724116494,target,Synonymy,"{'n_gold_tokens': 55, 'k': 55}",e5
task2_plausibility,5e7ace852210ceac,attnlrp,precision_at_k,0.4,target,Modulation,"{'n_gold_tokens': 55, 'k': 55}",e5
task2_plausibility,5e7ace852210ceac,attnlrp,recall_at_k,0.4,target,Modulation,"{'n_gold_tokens': 55, 'k': 55}",e5
task2_plausibility,5e7ace852210ceac,attnlrp,f1_at_k,0.4000000000000001,target,Modulation,"{'n_gold_tokens': 55, 'k': 55}",e5
task2_plausibility,5e7ace852210ceac,attnlrp,auprc,0.4035368902094634,target,Modulation,"{'n_gold_tokens': 55, 'k': 55}",e5
task2_plausibility,5e7ace852210ceac,attnlrp,precision_at_k,0.45454545454545453,target,Compression,"{'n_gold_tokens': 55, 'k': 55}",e5
task2_plausibility,5e7ace852210ceac,attnlrp,recall_at_k,0.45454545454545453,target,Compression,"{'n_gold_tokens': 55, 'k': 55}",e5
task2_plausibility,5e7ace852210ceac,attnlrp,f1_at_k,0.45454545454545453,target,Compression,"{'n_gold_tokens': 55, 'k': 55}",e5
task2_plausibility,5e7ace852210ceac,attnlrp,auprc,0.5204107989830316,target,Compression,"{'n_gold_tokens': 55, 'k': 55}",e5
task2_plausibility,5fd4fb3bc83d2996,attnlrp,precision_at_k,0.25925925925925924,target,Synonymy,"{'n_gold_tokens': 27, 'k': 27}",e5
task2_plausibility,5fd4fb3bc83d2996,attnlrp,recall_at_k,0.25925925925925924,target,Synonymy,"{'n_gold_tokens': 27, 'k': 27}",e5
task2_plausibility,5fd4fb3bc83d2996,attnlrp,f1_at_k,0.25925925925925924,target,Synonymy,"{'n_gold_tokens': 27, 'k': 27}",e5
task2_plausibility,5fd4fb3bc83d2996,attnlrp,auprc,0.3282134632598792,target,Synonymy,"{'n_gold_tokens': 27, 'k': 27}",e5
task2_plausibility,5fd4fb3bc83d2996,attnlrp,precision_at_k,0.25925925925925924,target,Modulation,"{'n_gold_tokens': 27, 'k': 27}",e5
task2_plausibility,5fd4fb3bc83d2996,attnlrp,recall_at_k,0.25925925925925924,target,Modulation,"{'n_gold_tokens': 27, 'k': 27}",e5
task2_plausibility,5fd4fb3bc83d2996,attnlrp,f1_at_k,0.25925925925925924,target,Modulation,"{'n_gold_tokens': 27, 'k': 27}",e5
task2_plausibility,5fd4fb3bc83d2996,attnlrp,auprc,0.272877348231881,target,Modulation,"{'n_gold_tokens': 27, 'k': 27}",e5
task2_plausibility,5fd4fb3bc83d2996,attnlrp,precision_at_k,0.2962962962962963,target,Compression,"{'n_gold_tokens': 27, 'k': 27}",e5
task2_plausibility,5fd4fb3bc83d2996,attnlrp,recall_at_k,0.2962962962962963,target,Compression,"{'n_gold_tokens': 27, 'k': 27}",e5
task2_plausibility,5fd4fb3bc83d2996,attnlrp,f1_at_k,0.2962962962962963,target,Compression,"{'n_gold_tokens': 27, 'k': 27}",e5
task2_plausibility,5fd4fb3bc83d2996,attnlrp,auprc,0.2872894937626209,target,Compression,"{'n_gold_tokens': 27, 'k': 27}",e5
task2_plausibility,605cbfc6a05af2f2,attnlrp,precision_at_k,0.08333333333333333,target,Synonymy,"{'n_gold_tokens': 12, 'k': 12}",e5
task2_plausibility,605cbfc6a05af2f2,attnlrp,recall_at_k,0.08333333333333333,target,Synonymy,"{'n_gold_tokens': 12, 'k': 12}",e5
task2_plausibility,605cbfc6a05af2f2,attnlrp,f1_at_k,0.08333333333333333,target,Synonymy,"{'n_gold_tokens': 12, 'k': 12}",e5
task2_plausibility,605cbfc6a05af2f2,attnlrp,auprc,0.18203692026619223,target,Synonymy,"{'n_gold_tokens': 12, 'k': 12}",e5
task2_plausibility,605cbfc6a05af2f2,attnlrp,precision_at_k,0.16666666666666666,target,Modulation,"{'n_gold_tokens': 12, 'k': 12}",e5
task2_plausibility,605cbfc6a05af2f2,attnlrp,recall_at_k,0.16666666666666666,target,Modulation,"{'n_gold_tokens': 12, 'k': 12}",e5
task2_plausibility,605cbfc6a05af2f2,attnlrp,f1_at_k,0.16666666666666666,target,Modulation,"{'n_gold_tokens': 12, 'k': 12}",e5
task2_plausibility,605cbfc6a05af2f2,attnlrp,auprc,0.1403791141371566,target,Modulation,"{'n_gold_tokens': 12, 'k': 12}",e5
task2_plausibility,63a89b8e81b9823f,attnlrp,precision_at_k,0.625,target,Synonymy,"{'n_gold_tokens': 16, 'k': 16}",e5
task2_plausibility,63a89b8e81b9823f,attnlrp,recall_at_k,0.625,target,Synonymy,"{'n_gold_tokens': 16, 'k': 16}",e5
task2_plausibility,63a89b8e81b9823f,attnlrp,f1_at_k,0.625,target,Synonymy,"{'n_gold_tokens': 16, 'k': 16}",e5
task2_plausibility,63a89b8e81b9823f,attnlrp,auprc,0.4921694054858715,target,Synonymy,"{'n_gold_tokens': 16, 'k': 16}",e5
task2_plausibility,689137b87b7468e6,attnlrp,precision_at_k,0.2727272727272727,target,Synonymy,"{'n_gold_tokens': 22, 'k': 22}",e5
task2_plausibility,689137b87b7468e6,attnlrp,recall_at_k,0.2727272727272727,target,Synonymy,"{'n_gold_tokens': 22, 'k': 22}",e5
task2_plausibility,689137b87b7468e6,attnlrp,f1_at_k,0.2727272727272727,target,Synonymy,"{'n_gold_tokens': 22, 'k': 22}",e5
task2_plausibility,689137b87b7468e6,attnlrp,auprc,0.24279812370298093,target,Synonymy,"{'n_gold_tokens': 22, 'k': 22}",e5
task2_plausibility,6976df2b4da189ed,attnlrp,precision_at_k,0.3333333333333333,target,Synonymy,"{'n_gold_tokens': 3, 'k': 3}",e5
task2_plausibility,6976df2b4da189ed,attnlrp,recall_at_k,0.3333333333333333,target,Synonymy,"{'n_gold_tokens': 3, 'k': 3}",e5
task2_plausibility,6976df2b4da189ed,attnlrp,f1_at_k,0.3333333333333333,target,Synonymy,"{'n_gold_tokens': 3, 'k': 3}",e5
task2_plausibility,6976df2b4da189ed,attnlrp,auprc,0.2517543859649123,target,Synonymy,"{'n_gold_tokens': 3, 'k': 3}",e5
task2_plausibility,6b2fbda34a617d93,attnlrp,precision_at_k,0.18181818181818182,target,Synonymy,"{'n_gold_tokens': 11, 'k': 11}",e5
task2_plausibility,6b2fbda34a617d93,attnlrp,recall_at_k,0.18181818181818182,target,Synonymy,"{'n_gold_tokens': 11, 'k': 11}",e5
task2_plausibility,6b2fbda34a617d93,attnlrp,f1_at_k,0.18181818181818182,target,Synonymy,"{'n_gold_tokens': 11, 'k': 11}",e5
task2_plausibility,6b2fbda34a617d93,attnlrp,auprc,0.14109087781336585,target,Synonymy,"{'n_gold_tokens': 11, 'k': 11}",e5
task2_plausibility,6b2fbda34a617d93,attnlrp,precision_at_k,0.09090909090909091,target,Syntactic Change,"{'n_gold_tokens': 11, 'k': 11}",e5
task2_plausibility,6b2fbda34a617d93,attnlrp,recall_at_k,0.09090909090909091,target,Syntactic Change,"{'n_gold_tokens': 11, 'k': 11}",e5
task2_plausibility,6b2fbda34a617d93,attnlrp,f1_at_k,0.09090909090909091,target,Syntactic Change,"{'n_gold_tokens': 11, 'k': 11}",e5
task2_plausibility,6b2fbda34a617d93,attnlrp,auprc,0.12520246416503333,target,Syntactic Change,"{'n_gold_tokens': 11, 'k': 11}",e5
task2_plausibility,6f26a2efe22881da,attnlrp,precision_at_k,0.35294117647058826,target,Synonymy,"{'n_gold_tokens': 34, 'k': 34}",e5
task2_plausibility,6f26a2efe22881da,attnlrp,recall_at_k,0.35294117647058826,target,Synonymy,"{'n_gold_tokens': 34, 'k': 34}",e5
task2_plausibility,6f26a2efe22881da,attnlrp,f1_at_k,0.35294117647058826,target,Synonymy,"{'n_gold_tokens': 34, 'k': 34}",e5
task2_plausibility,6f26a2efe22881da,attnlrp,auprc,0.36800866935770454,target,Synonymy,"{'n_gold_tokens': 34, 'k': 34}",e5
task2_plausibility,6f50f4ce49ee5cd8,attnlrp,precision_at_k,0.30434782608695654,target,Synonymy,"{'n_gold_tokens': 23, 'k': 23}",e5
task2_plausibility,6f50f4ce49ee5cd8,attnlrp,recall_at_k,0.30434782608695654,target,Synonymy,"{'n_gold_tokens': 23, 'k': 23}",e5
task2_plausibility,6f50f4ce49ee5cd8,attnlrp,f1_at_k,0.30434782608695654,target,Synonymy,"{'n_gold_tokens': 23, 'k': 23}",e5
task2_plausibility,6f50f4ce49ee5cd8,attnlrp,auprc,0.30967884330050155,target,Synonymy,"{'n_gold_tokens': 23, 'k': 23}",e5
task2_plausibility,6f50f4ce49ee5cd8,attnlrp,precision_at_k,0.391304347826087,target,Modulation,"{'n_gold_tokens': 23, 'k': 23}",e5
task2_plausibility,6f50f4ce49ee5cd8,attnlrp,recall_at_k,0.391304347826087,target,Modulation,"{'n_gold_tokens': 23, 'k': 23}",e5
task2_plausibility,6f50f4ce49ee5cd8,attnlrp,f1_at_k,0.391304347826087,target,Modulation,"{'n_gold_tokens': 23, 'k': 23}",e5
task2_plausibility,6f50f4ce49ee5cd8,attnlrp,auprc,0.4022232554553093,target,Modulation,"{'n_gold_tokens': 23, 'k': 23}",e5
task2_plausibility,6f50f4ce49ee5cd8,attnlrp,precision_at_k,0.30434782608695654,target,Compression,"{'n_gold_tokens': 23, 'k': 23}",e5
task2_plausibility,6f50f4ce49ee5cd8,attnlrp,recall_at_k,0.30434782608695654,target,Compression,"{'n_gold_tokens': 23, 'k': 23}",e5
task2_plausibility,6f50f4ce49ee5cd8,attnlrp,f1_at_k,0.30434782608695654,target,Compression,"{'n_gold_tokens': 23, 'k': 23}",e5
task2_plausibility,6f50f4ce49ee5cd8,attnlrp,auprc,0.32316280691012184,target,Compression,"{'n_gold_tokens': 23, 'k': 23}",e5
task2_plausibility,770e9df185c636f9,attnlrp,precision_at_k,0.46875,target,Synonymy,"{'n_gold_tokens': 32, 'k': 32}",e5
task2_plausibility,770e9df185c636f9,attnlrp,recall_at_k,0.46875,target,Synonymy,"{'n_gold_tokens': 32, 'k': 32}",e5
task2_plausibility,770e9df185c636f9,attnlrp,f1_at_k,0.46875,target,Synonymy,"{'n_gold_tokens': 32, 'k': 32}",e5
task2_plausibility,770e9df185c636f9,attnlrp,auprc,0.5211527380580728,target,Synonymy,"{'n_gold_tokens': 32, 'k': 32}",e5
task2_plausibility,79845f9d594f4e7e,attnlrp,precision_at_k,0.35714285714285715,target,Synonymy,"{'n_gold_tokens': 14, 'k': 14}",e5
task2_plausibility,79845f9d594f4e7e,attnlrp,recall_at_k,0.35714285714285715,target,Synonymy,"{'n_gold_tokens': 14, 'k': 14}",e5
task2_plausibility,79845f9d594f4e7e,attnlrp,f1_at_k,0.35714285714285715,target,Synonymy,"{'n_gold_tokens': 14, 'k': 14}",e5
task2_plausibility,79845f9d594f4e7e,attnlrp,auprc,0.26176060033550486,target,Synonymy,"{'n_gold_tokens': 14, 'k': 14}",e5
task2_plausibility,7d9f42136cee261f,attnlrp,precision_at_k,0.1111111111111111,target,Synonymy,"{'n_gold_tokens': 9, 'k': 9}",e5
task2_plausibility,7d9f42136cee261f,attnlrp,recall_at_k,0.1111111111111111,target,Synonymy,"{'n_gold_tokens': 9, 'k': 9}",e5
task2_plausibility,7d9f42136cee261f,attnlrp,f1_at_k,0.1111111111111111,target,Synonymy,"{'n_gold_tokens': 9, 'k': 9}",e5
task2_plausibility,7d9f42136cee261f,attnlrp,auprc,0.3259177391361299,target,Synonymy,"{'n_gold_tokens': 9, 'k': 9}",e5
task2_plausibility,7e3bbc0dd75d1cd2,attnlrp,precision_at_k,0.4,target,Synonymy,"{'n_gold_tokens': 20, 'k': 20}",e5
task2_plausibility,7e3bbc0dd75d1cd2,attnlrp,recall_at_k,0.4,target,Synonymy,"{'n_gold_tokens': 20, 'k': 20}",e5
task2_plausibility,7e3bbc0dd75d1cd2,attnlrp,f1_at_k,0.4000000000000001,target,Synonymy,"{'n_gold_tokens': 20, 'k': 20}",e5
task2_plausibility,7e3bbc0dd75d1cd2,attnlrp,auprc,0.4410279931233299,target,Synonymy,"{'n_gold_tokens': 20, 'k': 20}",e5
task2_plausibility,7ef6bd199098f408,attnlrp,precision_at_k,0.14285714285714285,target,Synonymy,"{'n_gold_tokens': 14, 'k': 14}",e5
task2_plausibility,7ef6bd199098f408,attnlrp,recall_at_k,0.14285714285714285,target,Synonymy,"{'n_gold_tokens': 14, 'k': 14}",e5
task2_plausibility,7ef6bd199098f408,attnlrp,f1_at_k,0.14285714285714285,target,Synonymy,"{'n_gold_tokens': 14, 'k': 14}",e5
task2_plausibility,7ef6bd199098f408,attnlrp,auprc,0.17969425980477965,target,Synonymy,"{'n_gold_tokens': 14, 'k': 14}",e5
task2_plausibility,80a3f9978b10e58c,attnlrp,precision_at_k,0.3902439024390244,target,Synonymy,"{'n_gold_tokens': 41, 'k': 41}",e5
task2_plausibility,80a3f9978b10e58c,attnlrp,recall_at_k,0.3902439024390244,target,Synonymy,"{'n_gold_tokens': 41, 'k': 41}",e5
task2_plausibility,80a3f9978b10e58c,attnlrp,f1_at_k,0.3902439024390244,target,Synonymy,"{'n_gold_tokens': 41, 'k': 41}",e5
task2_plausibility,80a3f9978b10e58c,attnlrp,auprc,0.42745357594152766,target,Synonymy,"{'n_gold_tokens': 41, 'k': 41}",e5
task2_plausibility,80a3f9978b10e58c,attnlrp,precision_at_k,0.34146341463414637,target,Modulation,"{'n_gold_tokens': 41, 'k': 41}",e5
task2_plausibility,80a3f9978b10e58c,attnlrp,recall_at_k,0.34146341463414637,target,Modulation,"{'n_gold_tokens': 41, 'k': 41}",e5
task2_plausibility,80a3f9978b10e58c,attnlrp,f1_at_k,0.34146341463414637,target,Modulation,"{'n_gold_tokens': 41, 'k': 41}",e5
task2_plausibility,80a3f9978b10e58c,attnlrp,auprc,0.33621668713687786,target,Modulation,"{'n_gold_tokens': 41, 'k': 41}",e5
task2_plausibility,80a3f9978b10e58c,attnlrp,precision_at_k,0.4146341463414634,target,Syntactic Change,"{'n_gold_tokens': 41, 'k': 41}",e5
task2_plausibility,80a3f9978b10e58c,attnlrp,recall_at_k,0.4146341463414634,target,Syntactic Change,"{'n_gold_tokens': 41, 'k': 41}",e5
task2_plausibility,80a3f9978b10e58c,attnlrp,f1_at_k,0.4146341463414634,target,Syntactic Change,"{'n_gold_tokens': 41, 'k': 41}",e5
task2_plausibility,80a3f9978b10e58c,attnlrp,auprc,0.3904984114098723,target,Syntactic Change,"{'n_gold_tokens': 41, 'k': 41}",e5
task2_plausibility,847d2022b382a39e,attnlrp,precision_at_k,0.0,target,Synonymy,"{'n_gold_tokens': 12, 'k': 12}",e5
task2_plausibility,847d2022b382a39e,attnlrp,recall_at_k,0.0,target,Synonymy,"{'n_gold_tokens': 12, 'k': 12}",e5
task2_plausibility,847d2022b382a39e,attnlrp,f1_at_k,0.0,target,Synonymy,"{'n_gold_tokens': 12, 'k': 12}",e5
task2_plausibility,847d2022b382a39e,attnlrp,auprc,0.14082606424747068,target,Synonymy,"{'n_gold_tokens': 12, 'k': 12}",e5
task2_plausibility,8732c2dd45377ec9,attnlrp,precision_at_k,0.20754716981132076,target,Synonymy,"{'n_gold_tokens': 53, 'k': 53}",e5
task2_plausibility,8732c2dd45377ec9,attnlrp,recall_at_k,0.20754716981132076,target,Synonymy,"{'n_gold_tokens': 53, 'k': 53}",e5
task2_plausibility,8732c2dd45377ec9,attnlrp,f1_at_k,0.20754716981132076,target,Synonymy,"{'n_gold_tokens': 53, 'k': 53}",e5
task2_plausibility,8732c2dd45377ec9,attnlrp,auprc,0.3170120936843933,target,Synonymy,"{'n_gold_tokens': 53, 'k': 53}",e5
task2_plausibility,8732c2dd45377ec9,attnlrp,precision_at_k,0.3018867924528302,target,Modulation,"{'n_gold_tokens': 53, 'k': 53}",e5
task2_plausibility,8732c2dd45377ec9,attnlrp,recall_at_k,0.3018867924528302,target,Modulation,"{'n_gold_tokens': 53, 'k': 53}",e5
task2_plausibility,8732c2dd45377ec9,attnlrp,f1_at_k,0.3018867924528302,target,Modulation,"{'n_gold_tokens': 53, 'k': 53}",e5
task2_plausibility,8732c2dd45377ec9,attnlrp,auprc,0.35095298300065586,target,Modulation,"{'n_gold_tokens': 53, 'k': 53}",e5
task2_plausibility,8732c2dd45377ec9,attnlrp,precision_at_k,0.3018867924528302,target,Compression,"{'n_gold_tokens': 53, 'k': 53}",e5
task2_plausibility,8732c2dd45377ec9,attnlrp,recall_at_k,0.3018867924528302,target,Compression,"{'n_gold_tokens': 53, 'k': 53}",e5
task2_plausibility,8732c2dd45377ec9,attnlrp,f1_at_k,0.3018867924528302,target,Compression,"{'n_gold_tokens': 53, 'k': 53}",e5
task2_plausibility,8732c2dd45377ec9,attnlrp,auprc,0.3168096319608015,target,Compression,"{'n_gold_tokens': 53, 'k': 53}",e5
task2_plausibility,912f69180c3fd7a0,attnlrp,precision_at_k,0.23076923076923078,target,Synonymy,"{'n_gold_tokens': 13, 'k': 13}",e5
task2_plausibility,912f69180c3fd7a0,attnlrp,recall_at_k,0.23076923076923078,target,Synonymy,"{'n_gold_tokens': 13, 'k': 13}",e5
task2_plausibility,912f69180c3fd7a0,attnlrp,f1_at_k,0.23076923076923078,target,Synonymy,"{'n_gold_tokens': 13, 'k': 13}",e5
task2_plausibility,912f69180c3fd7a0,attnlrp,auprc,0.16038498981665755,target,Synonymy,"{'n_gold_tokens': 13, 'k': 13}",e5
task2_plausibility,912f69180c3fd7a0,attnlrp,precision_at_k,0.0,target,Modulation,"{'n_gold_tokens': 13, 'k': 13}",e5
task2_plausibility,912f69180c3fd7a0,attnlrp,recall_at_k,0.0,target,Modulation,"{'n_gold_tokens': 13, 'k': 13}",e5
task2_plausibility,912f69180c3fd7a0,attnlrp,f1_at_k,0.0,target,Modulation,"{'n_gold_tokens': 13, 'k': 13}",e5
task2_plausibility,912f69180c3fd7a0,attnlrp,auprc,0.10972811554754437,target,Modulation,"{'n_gold_tokens': 13, 'k': 13}",e5
task2_plausibility,9796ad923067ac5c,attnlrp,precision_at_k,0.2,target,Synonymy,"{'n_gold_tokens': 10, 'k': 10}",e5
task2_plausibility,9796ad923067ac5c,attnlrp,recall_at_k,0.2,target,Synonymy,"{'n_gold_tokens': 10, 'k': 10}",e5
task2_plausibility,9796ad923067ac5c,attnlrp,f1_at_k,0.20000000000000004,target,Synonymy,"{'n_gold_tokens': 10, 'k': 10}",e5
task2_plausibility,9796ad923067ac5c,attnlrp,auprc,0.20940317760999802,target,Synonymy,"{'n_gold_tokens': 10, 'k': 10}",e5
task2_plausibility,9796ad923067ac5c,attnlrp,precision_at_k,0.0,target,Modulation,"{'n_gold_tokens': 10, 'k': 10}",e5
task2_plausibility,9796ad923067ac5c,attnlrp,recall_at_k,0.0,target,Modulation,"{'n_gold_tokens': 10, 'k': 10}",e5
task2_plausibility,9796ad923067ac5c,attnlrp,f1_at_k,0.0,target,Modulation,"{'n_gold_tokens': 10, 'k': 10}",e5
task2_plausibility,9796ad923067ac5c,attnlrp,auprc,0.09993696157056224,target,Modulation,"{'n_gold_tokens': 10, 'k': 10}",e5
task2_plausibility,99548819543904d6,attnlrp,precision_at_k,0.20689655172413793,target,Synonymy,"{'n_gold_tokens': 29, 'k': 29}",e5
task2_plausibility,99548819543904d6,attnlrp,recall_at_k,0.20689655172413793,target,Synonymy,"{'n_gold_tokens': 29, 'k': 29}",e5
task2_plausibility,99548819543904d6,attnlrp,f1_at_k,0.20689655172413793,target,Synonymy,"{'n_gold_tokens': 29, 'k': 29}",e5
task2_plausibility,99548819543904d6,attnlrp,auprc,0.2135931236784129,target,Synonymy,"{'n_gold_tokens': 29, 'k': 29}",e5
task2_plausibility,99548819543904d6,attnlrp,precision_at_k,0.2413793103448276,target,Modulation,"{'n_gold_tokens': 29, 'k': 29}",e5
task2_plausibility,99548819543904d6,attnlrp,recall_at_k,0.2413793103448276,target,Modulation,"{'n_gold_tokens': 29, 'k': 29}",e5
task2_plausibility,99548819543904d6,attnlrp,f1_at_k,0.2413793103448276,target,Modulation,"{'n_gold_tokens': 29, 'k': 29}",e5
task2_plausibility,99548819543904d6,attnlrp,auprc,0.25200220083951896,target,Modulation,"{'n_gold_tokens': 29, 'k': 29}",e5
task2_plausibility,99548819543904d6,attnlrp,precision_at_k,0.2413793103448276,target,Compression,"{'n_gold_tokens': 29, 'k': 29}",e5
task2_plausibility,99548819543904d6,attnlrp,recall_at_k,0.2413793103448276,target,Compression,"{'n_gold_tokens': 29, 'k': 29}",e5
task2_plausibility,99548819543904d6,attnlrp,f1_at_k,0.2413793103448276,target,Compression,"{'n_gold_tokens': 29, 'k': 29}",e5
task2_plausibility,99548819543904d6,attnlrp,auprc,0.2118741953513489,target,Compression,"{'n_gold_tokens': 29, 'k': 29}",e5
task2_plausibility,9a1b295b8d6f5476,attnlrp,precision_at_k,0.2,target,Synonymy,"{'n_gold_tokens': 15, 'k': 15}",e5
task2_plausibility,9a1b295b8d6f5476,attnlrp,recall_at_k,0.2,target,Synonymy,"{'n_gold_tokens': 15, 'k': 15}",e5
task2_plausibility,9a1b295b8d6f5476,attnlrp,f1_at_k,0.20000000000000004,target,Synonymy,"{'n_gold_tokens': 15, 'k': 15}",e5
task2_plausibility,9a1b295b8d6f5476,attnlrp,auprc,0.3453862875781034,target,Synonymy,"{'n_gold_tokens': 15, 'k': 15}",e5
task2_plausibility,9a7141763dd6a5b2,attnlrp,precision_at_k,0.25,target,Synonymy,"{'n_gold_tokens': 20, 'k': 20}",e5
task2_plausibility,9a7141763dd6a5b2,attnlrp,recall_at_k,0.25,target,Synonymy,"{'n_gold_tokens': 20, 'k': 20}",e5
task2_plausibility,9a7141763dd6a5b2,attnlrp,f1_at_k,0.25,target,Synonymy,"{'n_gold_tokens': 20, 'k': 20}",e5
task2_plausibility,9a7141763dd6a5b2,attnlrp,auprc,0.2982315829613649,target,Synonymy,"{'n_gold_tokens': 20, 'k': 20}",e5
task2_plausibility,9a7141763dd6a5b2,attnlrp,precision_at_k,0.2,target,Modulation,"{'n_gold_tokens': 20, 'k': 20}",e5
task2_plausibility,9a7141763dd6a5b2,attnlrp,recall_at_k,0.2,target,Modulation,"{'n_gold_tokens': 20, 'k': 20}",e5
task2_plausibility,9a7141763dd6a5b2,attnlrp,f1_at_k,0.20000000000000004,target,Modulation,"{'n_gold_tokens': 20, 'k': 20}",e5
task2_plausibility,9a7141763dd6a5b2,attnlrp,auprc,0.20129580929069402,target,Modulation,"{'n_gold_tokens': 20, 'k': 20}",e5
task2_plausibility,9d3c49bbb2e29ede,attnlrp,precision_at_k,0.0,target,Synonymy,"{'n_gold_tokens': 9, 'k': 9}",e5
task2_plausibility,9d3c49bbb2e29ede,attnlrp,recall_at_k,0.0,target,Synonymy,"{'n_gold_tokens': 9, 'k': 9}",e5
task2_plausibility,9d3c49bbb2e29ede,attnlrp,f1_at_k,0.0,target,Synonymy,"{'n_gold_tokens': 9, 'k': 9}",e5
task2_plausibility,9d3c49bbb2e29ede,attnlrp,auprc,0.13199169461241456,target,Synonymy,"{'n_gold_tokens': 9, 'k': 9}",e5
task2_plausibility,9d3c49bbb2e29ede,attnlrp,precision_at_k,0.3333333333333333,target,Explanation,"{'n_gold_tokens': 9, 'k': 9}",e5
task2_plausibility,9d3c49bbb2e29ede,attnlrp,recall_at_k,0.3333333333333333,target,Explanation,"{'n_gold_tokens': 9, 'k': 9}",e5
task2_plausibility,9d3c49bbb2e29ede,attnlrp,f1_at_k,0.3333333333333333,target,Explanation,"{'n_gold_tokens': 9, 'k': 9}",e5
task2_plausibility,9d3c49bbb2e29ede,attnlrp,auprc,0.3466804049412745,target,Explanation,"{'n_gold_tokens': 9, 'k': 9}",e5
task2_plausibility,9df68823f08232f2,attnlrp,precision_at_k,0.15,target,Synonymy,"{'n_gold_tokens': 20, 'k': 20}",e5
task2_plausibility,9df68823f08232f2,attnlrp,recall_at_k,0.15,target,Synonymy,"{'n_gold_tokens': 20, 'k': 20}",e5
task2_plausibility,9df68823f08232f2,attnlrp,f1_at_k,0.15,target,Synonymy,"{'n_gold_tokens': 20, 'k': 20}",e5
task2_plausibility,9df68823f08232f2,attnlrp,auprc,0.32763855636636513,target,Synonymy,"{'n_gold_tokens': 20, 'k': 20}",e5
task2_plausibility,a7b2c1533ccde303,attnlrp,precision_at_k,0.2,target,Synonymy,"{'n_gold_tokens': 5, 'k': 5}",e5
task2_plausibility,a7b2c1533ccde303,attnlrp,recall_at_k,0.2,target,Synonymy,"{'n_gold_tokens': 5, 'k': 5}",e5
task2_plausibility,a7b2c1533ccde303,attnlrp,f1_at_k,0.20000000000000004,target,Synonymy,"{'n_gold_tokens': 5, 'k': 5}",e5
task2_plausibility,a7b2c1533ccde303,attnlrp,auprc,0.25876433508012453,target,Synonymy,"{'n_gold_tokens': 5, 'k': 5}",e5
task2_plausibility,a80b19648fa6b232,attnlrp,precision_at_k,0.2222222222222222,target,Synonymy,"{'n_gold_tokens': 18, 'k': 18}",e5
task2_plausibility,a80b19648fa6b232,attnlrp,recall_at_k,0.2222222222222222,target,Synonymy,"{'n_gold_tokens': 18, 'k': 18}",e5
task2_plausibility,a80b19648fa6b232,attnlrp,f1_at_k,0.2222222222222222,target,Synonymy,"{'n_gold_tokens': 18, 'k': 18}",e5
task2_plausibility,a80b19648fa6b232,attnlrp,auprc,0.17579923624961863,target,Synonymy,"{'n_gold_tokens': 18, 'k': 18}",e5
task2_plausibility,a80b19648fa6b232,attnlrp,precision_at_k,0.16666666666666666,target,Modulation,"{'n_gold_tokens': 18, 'k': 18}",e5
task2_plausibility,a80b19648fa6b232,attnlrp,recall_at_k,0.16666666666666666,target,Modulation,"{'n_gold_tokens': 18, 'k': 18}",e5
task2_plausibility,a80b19648fa6b232,attnlrp,f1_at_k,0.16666666666666666,target,Modulation,"{'n_gold_tokens': 18, 'k': 18}",e5
task2_plausibility,a80b19648fa6b232,attnlrp,auprc,0.17480911940371457,target,Modulation,"{'n_gold_tokens': 18, 'k': 18}",e5
task2_plausibility,b4236a414f314c1b,attnlrp,precision_at_k,0.0,target,Synonymy,"{'n_gold_tokens': 3, 'k': 3}",e5
task2_plausibility,b4236a414f314c1b,attnlrp,recall_at_k,0.0,target,Synonymy,"{'n_gold_tokens': 3, 'k': 3}",e5
task2_plausibility,b4236a414f314c1b,attnlrp,f1_at_k,0.0,target,Synonymy,"{'n_gold_tokens': 3, 'k': 3}",e5
task2_plausibility,b4236a414f314c1b,attnlrp,auprc,0.10690758516845472,target,Synonymy,"{'n_gold_tokens': 3, 'k': 3}",e5
task2_plausibility,b503ba1a697c47f3,attnlrp,precision_at_k,0.4,target,Synonymy,"{'n_gold_tokens': 5, 'k': 5}",e5
task2_plausibility,b503ba1a697c47f3,attnlrp,recall_at_k,0.4,target,Synonymy,"{'n_gold_tokens': 5, 'k': 5}",e5
task2_plausibility,b503ba1a697c47f3,attnlrp,f1_at_k,0.4000000000000001,target,Synonymy,"{'n_gold_tokens': 5, 'k': 5}",e5
task2_plausibility,b503ba1a697c47f3,attnlrp,auprc,0.22273504273504274,target,Synonymy,"{'n_gold_tokens': 5, 'k': 5}",e5
task2_plausibility,b622444b6f79d82e,attnlrp,precision_at_k,0.2222222222222222,target,Synonymy,"{'n_gold_tokens': 9, 'k': 9}",e5
task2_plausibility,b622444b6f79d82e,attnlrp,recall_at_k,0.2222222222222222,target,Synonymy,"{'n_gold_tokens': 9, 'k': 9}",e5
task2_plausibility,b622444b6f79d82e,attnlrp,f1_at_k,0.2222222222222222,target,Synonymy,"{'n_gold_tokens': 9, 'k': 9}",e5
task2_plausibility,b622444b6f79d82e,attnlrp,auprc,0.3013840148851272,target,Synonymy,"{'n_gold_tokens': 9, 'k': 9}",e5
task2_plausibility,b622444b6f79d82e,attnlrp,precision_at_k,0.1111111111111111,target,Modulation,"{'n_gold_tokens': 9, 'k': 9}",e5
task2_plausibility,b622444b6f79d82e,attnlrp,recall_at_k,0.1111111111111111,target,Modulation,"{'n_gold_tokens': 9, 'k': 9}",e5
task2_plausibility,b622444b6f79d82e,attnlrp,f1_at_k,0.1111111111111111,target,Modulation,"{'n_gold_tokens': 9, 'k': 9}",e5
task2_plausibility,b622444b6f79d82e,attnlrp,auprc,0.1990156730242937,target,Modulation,"{'n_gold_tokens': 9, 'k': 9}",e5
task2_plausibility,b7cbb8a5076db458,attnlrp,precision_at_k,0.4666666666666667,target,Synonymy,"{'n_gold_tokens': 15, 'k': 15}",e5
task2_plausibility,b7cbb8a5076db458,attnlrp,recall_at_k,0.4666666666666667,target,Synonymy,"{'n_gold_tokens': 15, 'k': 15}",e5
task2_plausibility,b7cbb8a5076db458,attnlrp,f1_at_k,0.4666666666666667,target,Synonymy,"{'n_gold_tokens': 15, 'k': 15}",e5
task2_plausibility,b7cbb8a5076db458,attnlrp,auprc,0.5572899048697011,target,Synonymy,"{'n_gold_tokens': 15, 'k': 15}",e5
task2_plausibility,bba056a52dda625b,attnlrp,precision_at_k,0.4,target,Synonymy,"{'n_gold_tokens': 35, 'k': 35}",e5
task2_plausibility,bba056a52dda625b,attnlrp,recall_at_k,0.4,target,Synonymy,"{'n_gold_tokens': 35, 'k': 35}",e5
task2_plausibility,bba056a52dda625b,attnlrp,f1_at_k,0.4000000000000001,target,Synonymy,"{'n_gold_tokens': 35, 'k': 35}",e5
task2_plausibility,bba056a52dda625b,attnlrp,auprc,0.49358258403985256,target,Synonymy,"{'n_gold_tokens': 35, 'k': 35}",e5
task2_plausibility,bf92f3bdab1b8f54,attnlrp,precision_at_k,0.3333333333333333,target,Synonymy,"{'n_gold_tokens': 3, 'k': 3}",e5
task2_plausibility,bf92f3bdab1b8f54,attnlrp,recall_at_k,0.3333333333333333,target,Synonymy,"{'n_gold_tokens': 3, 'k': 3}",e5
task2_plausibility,bf92f3bdab1b8f54,attnlrp,f1_at_k,0.3333333333333333,target,Synonymy,"{'n_gold_tokens': 3, 'k': 3}",e5
task2_plausibility,bf92f3bdab1b8f54,attnlrp,auprc,0.22777777777777777,target,Synonymy,"{'n_gold_tokens': 3, 'k': 3}",e5
task2_plausibility,c0309c04a6343fc0,attnlrp,precision_at_k,0.2857142857142857,target,Synonymy,"{'n_gold_tokens': 28, 'k': 28}",e5
task2_plausibility,c0309c04a6343fc0,attnlrp,recall_at_k,0.2857142857142857,target,Synonymy,"{'n_gold_tokens': 28, 'k': 28}",e5
task2_plausibility,c0309c04a6343fc0,attnlrp,f1_at_k,0.2857142857142857,target,Synonymy,"{'n_gold_tokens': 28, 'k': 28}",e5
task2_plausibility,c0309c04a6343fc0,attnlrp,auprc,0.2292287926037681,target,Synonymy,"{'n_gold_tokens': 28, 'k': 28}",e5
task2_plausibility,c0309c04a6343fc0,attnlrp,precision_at_k,0.21428571428571427,target,Modulation,"{'n_gold_tokens': 28, 'k': 28}",e5
task2_plausibility,c0309c04a6343fc0,attnlrp,recall_at_k,0.21428571428571427,target,Modulation,"{'n_gold_tokens': 28, 'k': 28}",e5
task2_plausibility,c0309c04a6343fc0,attnlrp,f1_at_k,0.21428571428571427,target,Modulation,"{'n_gold_tokens': 28, 'k': 28}",e5
task2_plausibility,c0309c04a6343fc0,attnlrp,auprc,0.19169461613425043,target,Modulation,"{'n_gold_tokens': 28, 'k': 28}",e5
task2_plausibility,c1556b5c141a8c40,attnlrp,precision_at_k,0.23809523809523808,target,Synonymy,"{'n_gold_tokens': 21, 'k': 21}",e5
task2_plausibility,c1556b5c141a8c40,attnlrp,recall_at_k,0.23809523809523808,target,Synonymy,"{'n_gold_tokens': 21, 'k': 21}",e5
task2_plausibility,c1556b5c141a8c40,attnlrp,f1_at_k,0.23809523809523808,target,Synonymy,"{'n_gold_tokens': 21, 'k': 21}",e5
task2_plausibility,c1556b5c141a8c40,attnlrp,auprc,0.20223930928762454,target,Synonymy,"{'n_gold_tokens': 21, 'k': 21}",e5
task2_plausibility,c53b2ff9c6388d00,attnlrp,precision_at_k,0.25,target,Synonymy,"{'n_gold_tokens': 20, 'k': 20}",e5
task2_plausibility,c53b2ff9c6388d00,attnlrp,recall_at_k,0.25,target,Synonymy,"{'n_gold_tokens': 20, 'k': 20}",e5
task2_plausibility,c53b2ff9c6388d00,attnlrp,f1_at_k,0.25,target,Synonymy,"{'n_gold_tokens': 20, 'k': 20}",e5
task2_plausibility,c53b2ff9c6388d00,attnlrp,auprc,0.31305903657002554,target,Synonymy,"{'n_gold_tokens': 20, 'k': 20}",e5
task2_plausibility,c58680d79c5aa483,attnlrp,precision_at_k,0.4864864864864865,target,Synonymy,"{'n_gold_tokens': 37, 'k': 37}",e5
task2_plausibility,c58680d79c5aa483,attnlrp,recall_at_k,0.4864864864864865,target,Synonymy,"{'n_gold_tokens': 37, 'k': 37}",e5
task2_plausibility,c58680d79c5aa483,attnlrp,f1_at_k,0.4864864864864865,target,Synonymy,"{'n_gold_tokens': 37, 'k': 37}",e5
task2_plausibility,c58680d79c5aa483,attnlrp,auprc,0.4789216069103845,target,Synonymy,"{'n_gold_tokens': 37, 'k': 37}",e5
task2_plausibility,c6c10c5f6795c740,attnlrp,precision_at_k,0.0,target,Synonymy,"{'n_gold_tokens': 1, 'k': 1}",e5
task2_plausibility,c6c10c5f6795c740,attnlrp,recall_at_k,0.0,target,Synonymy,"{'n_gold_tokens': 1, 'k': 1}",e5
task2_plausibility,c6c10c5f6795c740,attnlrp,f1_at_k,0.0,target,Synonymy,"{'n_gold_tokens': 1, 'k': 1}",e5
task2_plausibility,c6c10c5f6795c740,attnlrp,auprc,0.09090909090909091,target,Synonymy,"{'n_gold_tokens': 1, 'k': 1}",e5
task2_plausibility,c7158b84f92491aa,attnlrp,precision_at_k,0.3793103448275862,target,Synonymy,"{'n_gold_tokens': 29, 'k': 29}",e5
task2_plausibility,c7158b84f92491aa,attnlrp,recall_at_k,0.3793103448275862,target,Synonymy,"{'n_gold_tokens': 29, 'k': 29}",e5
task2_plausibility,c7158b84f92491aa,attnlrp,f1_at_k,0.3793103448275862,target,Synonymy,"{'n_gold_tokens': 29, 'k': 29}",e5
task2_plausibility,c7158b84f92491aa,attnlrp,auprc,0.32257575441113234,target,Synonymy,"{'n_gold_tokens': 29, 'k': 29}",e5
task2_plausibility,c7158b84f92491aa,attnlrp,precision_at_k,0.13793103448275862,target,Modulation,"{'n_gold_tokens': 29, 'k': 29}",e5
task2_plausibility,c7158b84f92491aa,attnlrp,recall_at_k,0.13793103448275862,target,Modulation,"{'n_gold_tokens': 29, 'k': 29}",e5
task2_plausibility,c7158b84f92491aa,attnlrp,f1_at_k,0.13793103448275862,target,Modulation,"{'n_gold_tokens': 29, 'k': 29}",e5
task2_plausibility,c7158b84f92491aa,attnlrp,auprc,0.2542632968222454,target,Modulation,"{'n_gold_tokens': 29, 'k': 29}",e5
task2_plausibility,c9fdb155bb221e62,attnlrp,precision_at_k,0.08333333333333333,target,Synonymy,"{'n_gold_tokens': 12, 'k': 12}",e5
task2_plausibility,c9fdb155bb221e62,attnlrp,recall_at_k,0.08333333333333333,target,Synonymy,"{'n_gold_tokens': 12, 'k': 12}",e5
task2_plausibility,c9fdb155bb221e62,attnlrp,f1_at_k,0.08333333333333333,target,Synonymy,"{'n_gold_tokens': 12, 'k': 12}",e5
task2_plausibility,c9fdb155bb221e62,attnlrp,auprc,0.21451947920659759,target,Synonymy,"{'n_gold_tokens': 12, 'k': 12}",e5
task2_plausibility,cbd7be6dbd4e67bc,attnlrp,precision_at_k,0.29411764705882354,target,Synonymy,"{'n_gold_tokens': 17, 'k': 17}",e5
task2_plausibility,cbd7be6dbd4e67bc,attnlrp,recall_at_k,0.29411764705882354,target,Synonymy,"{'n_gold_tokens': 17, 'k': 17}",e5
task2_plausibility,cbd7be6dbd4e67bc,attnlrp,f1_at_k,0.29411764705882354,target,Synonymy,"{'n_gold_tokens': 17, 'k': 17}",e5
task2_plausibility,cbd7be6dbd4e67bc,attnlrp,auprc,0.3616621430247964,target,Synonymy,"{'n_gold_tokens': 17, 'k': 17}",e5
task2_plausibility,d67f9b45f3806dc8,attnlrp,precision_at_k,0.4117647058823529,target,Synonymy,"{'n_gold_tokens': 34, 'k': 34}",e5
task2_plausibility,d67f9b45f3806dc8,attnlrp,recall_at_k,0.4117647058823529,target,Synonymy,"{'n_gold_tokens': 34, 'k': 34}",e5
task2_plausibility,d67f9b45f3806dc8,attnlrp,f1_at_k,0.4117647058823529,target,Synonymy,"{'n_gold_tokens': 34, 'k': 34}",e5
task2_plausibility,d67f9b45f3806dc8,attnlrp,auprc,0.4048533549618375,target,Synonymy,"{'n_gold_tokens': 34, 'k': 34}",e5
task2_plausibility,d67f9b45f3806dc8,attnlrp,precision_at_k,0.47058823529411764,target,Modulation,"{'n_gold_tokens': 34, 'k': 34}",e5
task2_plausibility,d67f9b45f3806dc8,attnlrp,recall_at_k,0.47058823529411764,target,Modulation,"{'n_gold_tokens': 34, 'k': 34}",e5
task2_plausibility,d67f9b45f3806dc8,attnlrp,f1_at_k,0.47058823529411764,target,Modulation,"{'n_gold_tokens': 34, 'k': 34}",e5
task2_plausibility,d67f9b45f3806dc8,attnlrp,auprc,0.3874454508561764,target,Modulation,"{'n_gold_tokens': 34, 'k': 34}",e5
task2_plausibility,d8e7271475e17f54,attnlrp,precision_at_k,0.359375,target,Synonymy,"{'n_gold_tokens': 64, 'k': 64}",e5
task2_plausibility,d8e7271475e17f54,attnlrp,recall_at_k,0.359375,target,Synonymy,"{'n_gold_tokens': 64, 'k': 64}",e5
task2_plausibility,d8e7271475e17f54,attnlrp,f1_at_k,0.359375,target,Synonymy,"{'n_gold_tokens': 64, 'k': 64}",e5
task2_plausibility,d8e7271475e17f54,attnlrp,auprc,0.3744398132389881,target,Synonymy,"{'n_gold_tokens': 64, 'k': 64}",e5
task2_plausibility,d8e7271475e17f54,attnlrp,precision_at_k,0.390625,target,Modulation,"{'n_gold_tokens': 64, 'k': 64}",e5
task2_plausibility,d8e7271475e17f54,attnlrp,recall_at_k,0.390625,target,Modulation,"{'n_gold_tokens': 64, 'k': 64}",e5
task2_plausibility,d8e7271475e17f54,attnlrp,f1_at_k,0.390625,target,Modulation,"{'n_gold_tokens': 64, 'k': 64}",e5
task2_plausibility,d8e7271475e17f54,attnlrp,auprc,0.39034092729940123,target,Modulation,"{'n_gold_tokens': 64, 'k': 64}",e5
task2_plausibility,da7beadf3e42cef3,attnlrp,precision_at_k,0.2,target,Synonymy,"{'n_gold_tokens': 15, 'k': 15}",e5
task2_plausibility,da7beadf3e42cef3,attnlrp,recall_at_k,0.2,target,Synonymy,"{'n_gold_tokens': 15, 'k': 15}",e5
task2_plausibility,da7beadf3e42cef3,attnlrp,f1_at_k,0.20000000000000004,target,Synonymy,"{'n_gold_tokens': 15, 'k': 15}",e5
task2_plausibility,da7beadf3e42cef3,attnlrp,auprc,0.22621899276407803,target,Synonymy,"{'n_gold_tokens': 15, 'k': 15}",e5
task2_plausibility,dd463120bf4874eb,attnlrp,precision_at_k,0.3,target,Synonymy,"{'n_gold_tokens': 10, 'k': 10}",e5
task2_plausibility,dd463120bf4874eb,attnlrp,recall_at_k,0.3,target,Synonymy,"{'n_gold_tokens': 10, 'k': 10}",e5
task2_plausibility,dd463120bf4874eb,attnlrp,f1_at_k,0.3,target,Synonymy,"{'n_gold_tokens': 10, 'k': 10}",e5
task2_plausibility,dd463120bf4874eb,attnlrp,auprc,0.2586268143621085,target,Synonymy,"{'n_gold_tokens': 10, 'k': 10}",e5
task2_plausibility,dedb5b63412b6f2e,attnlrp,precision_at_k,0.0,target,Synonymy,"{'n_gold_tokens': 8, 'k': 8}",e5
task2_plausibility,dedb5b63412b6f2e,attnlrp,recall_at_k,0.0,target,Synonymy,"{'n_gold_tokens': 8, 'k': 8}",e5
task2_plausibility,dedb5b63412b6f2e,attnlrp,f1_at_k,0.0,target,Synonymy,"{'n_gold_tokens': 8, 'k': 8}",e5
task2_plausibility,dedb5b63412b6f2e,attnlrp,auprc,0.1567400573282926,target,Synonymy,"{'n_gold_tokens': 8, 'k': 8}",e5
task2_plausibility,dfa7cda1ec850ec0,attnlrp,precision_at_k,0.0,target,Synonymy,"{'n_gold_tokens': 8, 'k': 8}",e5
task2_plausibility,dfa7cda1ec850ec0,attnlrp,recall_at_k,0.0,target,Synonymy,"{'n_gold_tokens': 8, 'k': 8}",e5
task2_plausibility,dfa7cda1ec850ec0,attnlrp,f1_at_k,0.0,target,Synonymy,"{'n_gold_tokens': 8, 'k': 8}",e5
task2_plausibility,dfa7cda1ec850ec0,attnlrp,auprc,0.1360486590364388,target,Synonymy,"{'n_gold_tokens': 8, 'k': 8}",e5
task2_plausibility,dfc219fff157e309,attnlrp,precision_at_k,0.0,target,Synonymy,"{'n_gold_tokens': 10, 'k': 10}",e5
task2_plausibility,dfc219fff157e309,attnlrp,recall_at_k,0.0,target,Synonymy,"{'n_gold_tokens': 10, 'k': 10}",e5
task2_plausibility,dfc219fff157e309,attnlrp,f1_at_k,0.0,target,Synonymy,"{'n_gold_tokens': 10, 'k': 10}",e5
task2_plausibility,dfc219fff157e309,attnlrp,auprc,0.08251317873269318,target,Synonymy,"{'n_gold_tokens': 10, 'k': 10}",e5
task2_plausibility,dfc219fff157e309,attnlrp,precision_at_k,0.0,target,Modulation,"{'n_gold_tokens': 10, 'k': 10}",e5
task2_plausibility,dfc219fff157e309,attnlrp,recall_at_k,0.0,target,Modulation,"{'n_gold_tokens': 10, 'k': 10}",e5
task2_plausibility,dfc219fff157e309,attnlrp,f1_at_k,0.0,target,Modulation,"{'n_gold_tokens': 10, 'k': 10}",e5
task2_plausibility,dfc219fff157e309,attnlrp,auprc,0.09379091908299866,target,Modulation,"{'n_gold_tokens': 10, 'k': 10}",e5
task2_plausibility,e24448fc633d99f2,attnlrp,precision_at_k,0.3829787234042553,target,Synonymy,"{'n_gold_tokens': 47, 'k': 47}",e5
task2_plausibility,e24448fc633d99f2,attnlrp,recall_at_k,0.3829787234042553,target,Synonymy,"{'n_gold_tokens': 47, 'k': 47}",e5
task2_plausibility,e24448fc633d99f2,attnlrp,f1_at_k,0.38297872340425526,target,Synonymy,"{'n_gold_tokens': 47, 'k': 47}",e5
task2_plausibility,e24448fc633d99f2,attnlrp,auprc,0.417731448219534,target,Synonymy,"{'n_gold_tokens': 47, 'k': 47}",e5
task2_plausibility,e24448fc633d99f2,attnlrp,precision_at_k,0.3404255319148936,target,Explanation,"{'n_gold_tokens': 47, 'k': 47}",e5
task2_plausibility,e24448fc633d99f2,attnlrp,recall_at_k,0.3404255319148936,target,Explanation,"{'n_gold_tokens': 47, 'k': 47}",e5
task2_plausibility,e24448fc633d99f2,attnlrp,f1_at_k,0.3404255319148936,target,Explanation,"{'n_gold_tokens': 47, 'k': 47}",e5
task2_plausibility,e24448fc633d99f2,attnlrp,auprc,0.3584950941836209,target,Explanation,"{'n_gold_tokens': 47, 'k': 47}",e5
task2_plausibility,e55251ffe0c7e65f,attnlrp,precision_at_k,0.3157894736842105,target,Synonymy,"{'n_gold_tokens': 19, 'k': 19}",e5
task2_plausibility,e55251ffe0c7e65f,attnlrp,recall_at_k,0.3157894736842105,target,Synonymy,"{'n_gold_tokens': 19, 'k': 19}",e5
task2_plausibility,e55251ffe0c7e65f,attnlrp,f1_at_k,0.3157894736842105,target,Synonymy,"{'n_gold_tokens': 19, 'k': 19}",e5
task2_plausibility,e55251ffe0c7e65f,attnlrp,auprc,0.3259147056964714,target,Synonymy,"{'n_gold_tokens': 19, 'k': 19}",e5
task2_plausibility,ea9717c2058bf632,attnlrp,precision_at_k,0.1111111111111111,target,Synonymy,"{'n_gold_tokens': 9, 'k': 9}",e5
task2_plausibility,ea9717c2058bf632,attnlrp,recall_at_k,0.1111111111111111,target,Synonymy,"{'n_gold_tokens': 9, 'k': 9}",e5
task2_plausibility,ea9717c2058bf632,attnlrp,f1_at_k,0.1111111111111111,target,Synonymy,"{'n_gold_tokens': 9, 'k': 9}",e5
task2_plausibility,ea9717c2058bf632,attnlrp,auprc,0.1623523645987825,target,Synonymy,"{'n_gold_tokens': 9, 'k': 9}",e5
task2_plausibility,ea9717c2058bf632,attnlrp,precision_at_k,0.2222222222222222,target,Syntactic Change,"{'n_gold_tokens': 9, 'k': 9}",e5
task2_plausibility,ea9717c2058bf632,attnlrp,recall_at_k,0.2222222222222222,target,Syntactic Change,"{'n_gold_tokens': 9, 'k': 9}",e5
task2_plausibility,ea9717c2058bf632,attnlrp,f1_at_k,0.2222222222222222,target,Syntactic Change,"{'n_gold_tokens': 9, 'k': 9}",e5
task2_plausibility,ea9717c2058bf632,attnlrp,auprc,0.22419530865401524,target,Syntactic Change,"{'n_gold_tokens': 9, 'k': 9}",e5
task2_plausibility,ecc16088d9c74ebe,attnlrp,precision_at_k,0.25,target,Synonymy,"{'n_gold_tokens': 20, 'k': 20}",e5
task2_plausibility,ecc16088d9c74ebe,attnlrp,recall_at_k,0.25,target,Synonymy,"{'n_gold_tokens': 20, 'k': 20}",e5
task2_plausibility,ecc16088d9c74ebe,attnlrp,f1_at_k,0.25,target,Synonymy,"{'n_gold_tokens': 20, 'k': 20}",e5
task2_plausibility,ecc16088d9c74ebe,attnlrp,auprc,0.17719657027604108,target,Synonymy,"{'n_gold_tokens': 20, 'k': 20}",e5
task2_plausibility,ecc16088d9c74ebe,attnlrp,precision_at_k,0.15,target,Modulation,"{'n_gold_tokens': 20, 'k': 20}",e5
task2_plausibility,ecc16088d9c74ebe,attnlrp,recall_at_k,0.15,target,Modulation,"{'n_gold_tokens': 20, 'k': 20}",e5
task2_plausibility,ecc16088d9c74ebe,attnlrp,f1_at_k,0.15,target,Modulation,"{'n_gold_tokens': 20, 'k': 20}",e5
task2_plausibility,ecc16088d9c74ebe,attnlrp,auprc,0.16859683116693056,target,Modulation,"{'n_gold_tokens': 20, 'k': 20}",e5
task2_plausibility,edab78670491da4c,attnlrp,precision_at_k,0.3333333333333333,target,Synonymy,"{'n_gold_tokens': 15, 'k': 15}",e5
task2_plausibility,edab78670491da4c,attnlrp,recall_at_k,0.3333333333333333,target,Synonymy,"{'n_gold_tokens': 15, 'k': 15}",e5
task2_plausibility,edab78670491da4c,attnlrp,f1_at_k,0.3333333333333333,target,Synonymy,"{'n_gold_tokens': 15, 'k': 15}",e5
task2_plausibility,edab78670491da4c,attnlrp,auprc,0.2506234584303638,target,Synonymy,"{'n_gold_tokens': 15, 'k': 15}",e5
task2_plausibility,f530783c707037ed,attnlrp,precision_at_k,0.3142857142857143,target,Synonymy,"{'n_gold_tokens': 35, 'k': 35}",e5
task2_plausibility,f530783c707037ed,attnlrp,recall_at_k,0.3142857142857143,target,Synonymy,"{'n_gold_tokens': 35, 'k': 35}",e5
task2_plausibility,f530783c707037ed,attnlrp,f1_at_k,0.3142857142857143,target,Synonymy,"{'n_gold_tokens': 35, 'k': 35}",e5
task2_plausibility,f530783c707037ed,attnlrp,auprc,0.3537555560363329,target,Synonymy,"{'n_gold_tokens': 35, 'k': 35}",e5
task2_plausibility,f8290277f12f9fad,attnlrp,precision_at_k,0.2857142857142857,target,Synonymy,"{'n_gold_tokens': 28, 'k': 28}",e5
task2_plausibility,f8290277f12f9fad,attnlrp,recall_at_k,0.2857142857142857,target,Synonymy,"{'n_gold_tokens': 28, 'k': 28}",e5
task2_plausibility,f8290277f12f9fad,attnlrp,f1_at_k,0.2857142857142857,target,Synonymy,"{'n_gold_tokens': 28, 'k': 28}",e5
task2_plausibility,f8290277f12f9fad,attnlrp,auprc,0.3942800757122935,target,Synonymy,"{'n_gold_tokens': 28, 'k': 28}",e5
task2_plausibility,f9081372398879bc,attnlrp,precision_at_k,0.0,target,Synonymy,"{'n_gold_tokens': 3, 'k': 3}",e5
task2_plausibility,f9081372398879bc,attnlrp,recall_at_k,0.0,target,Synonymy,"{'n_gold_tokens': 3, 'k': 3}",e5
task2_plausibility,f9081372398879bc,attnlrp,f1_at_k,0.0,target,Synonymy,"{'n_gold_tokens': 3, 'k': 3}",e5
task2_plausibility,f9081372398879bc,attnlrp,auprc,0.14291938997821352,target,Synonymy,"{'n_gold_tokens': 3, 'k': 3}",e5
task2_plausibility,fa4105426b3b8ef7,attnlrp,precision_at_k,0.23076923076923078,target,Synonymy,"{'n_gold_tokens': 26, 'k': 26}",e5
task2_plausibility,fa4105426b3b8ef7,attnlrp,recall_at_k,0.23076923076923078,target,Synonymy,"{'n_gold_tokens': 26, 'k': 26}",e5
task2_plausibility,fa4105426b3b8ef7,attnlrp,f1_at_k,0.23076923076923078,target,Synonymy,"{'n_gold_tokens': 26, 'k': 26}",e5
task2_plausibility,fa4105426b3b8ef7,attnlrp,auprc,0.2103611998910278,target,Synonymy,"{'n_gold_tokens': 26, 'k': 26}",e5
task2_plausibility,fa4105426b3b8ef7,attnlrp,precision_at_k,0.15384615384615385,target,Modulation,"{'n_gold_tokens': 26, 'k': 26}",e5
task2_plausibility,fa4105426b3b8ef7,attnlrp,recall_at_k,0.15384615384615385,target,Modulation,"{'n_gold_tokens': 26, 'k': 26}",e5
task2_plausibility,fa4105426b3b8ef7,attnlrp,f1_at_k,0.15384615384615385,target,Modulation,"{'n_gold_tokens': 26, 'k': 26}",e5
task2_plausibility,fa4105426b3b8ef7,attnlrp,auprc,0.1874683508100153,target,Modulation,"{'n_gold_tokens': 26, 'k': 26}",e5
task2_plausibility,187732a6dead28fb,attnlrp,precision_at_k,0.1111111111111111,target,Modulation,"{'n_gold_tokens': 9, 'k': 9}",e5
task2_plausibility,187732a6dead28fb,attnlrp,recall_at_k,0.1111111111111111,target,Modulation,"{'n_gold_tokens': 9, 'k': 9}",e5
task2_plausibility,187732a6dead28fb,attnlrp,f1_at_k,0.1111111111111111,target,Modulation,"{'n_gold_tokens': 9, 'k': 9}",e5
task2_plausibility,187732a6dead28fb,attnlrp,auprc,0.2139215360267992,target,Modulation,"{'n_gold_tokens': 9, 'k': 9}",e5
task2_plausibility,187732a6dead28fb,attnlrp,precision_at_k,0.2222222222222222,target,Syntactic Change,"{'n_gold_tokens': 9, 'k': 9}",e5
task2_plausibility,187732a6dead28fb,attnlrp,recall_at_k,0.2222222222222222,target,Syntactic Change,"{'n_gold_tokens': 9, 'k': 9}",e5
task2_plausibility,187732a6dead28fb,attnlrp,f1_at_k,0.2222222222222222,target,Syntactic Change,"{'n_gold_tokens': 9, 'k': 9}",e5
task2_plausibility,187732a6dead28fb,attnlrp,auprc,0.3819395875847489,target,Syntactic Change,"{'n_gold_tokens': 9, 'k': 9}",e5
task2_plausibility,1193f9cb35c45cdd,attnlrp,precision_at_k,0.4,target,Modulation,"{'n_gold_tokens': 10, 'k': 10}",e5
task2_plausibility,1193f9cb35c45cdd,attnlrp,recall_at_k,0.4,target,Modulation,"{'n_gold_tokens': 10, 'k': 10}",e5
task2_plausibility,1193f9cb35c45cdd,attnlrp,f1_at_k,0.4000000000000001,target,Modulation,"{'n_gold_tokens': 10, 'k': 10}",e5
task2_plausibility,1193f9cb35c45cdd,attnlrp,auprc,0.3970725108225108,target,Modulation,"{'n_gold_tokens': 10, 'k': 10}",e5
task2_plausibility,1193f9cb35c45cdd,attnlrp,precision_at_k,0.4,target,Syntactic Change,"{'n_gold_tokens': 10, 'k': 10}",e5
task2_plausibility,1193f9cb35c45cdd,attnlrp,recall_at_k,0.4,target,Syntactic Change,"{'n_gold_tokens': 10, 'k': 10}",e5
task2_plausibility,1193f9cb35c45cdd,attnlrp,f1_at_k,0.4000000000000001,target,Syntactic Change,"{'n_gold_tokens': 10, 'k': 10}",e5
task2_plausibility,1193f9cb35c45cdd,attnlrp,auprc,0.40627061545539805,target,Syntactic Change,"{'n_gold_tokens': 10, 'k': 10}",e5
task2_plausibility,9578c6cc75e52be2,attnlrp,precision_at_k,0.375,target,Synonymy,"{'n_gold_tokens': 8, 'k': 8}",e5
task2_plausibility,9578c6cc75e52be2,attnlrp,recall_at_k,0.375,target,Synonymy,"{'n_gold_tokens': 8, 'k': 8}",e5
task2_plausibility,9578c6cc75e52be2,attnlrp,f1_at_k,0.375,target,Synonymy,"{'n_gold_tokens': 8, 'k': 8}",e5
task2_plausibility,9578c6cc75e52be2,attnlrp,auprc,0.35366477272727276,target,Synonymy,"{'n_gold_tokens': 8, 'k': 8}",e5
task2_plausibility,9578c6cc75e52be2,attnlrp,precision_at_k,0.375,target,Explanation,"{'n_gold_tokens': 8, 'k': 8}",e5
task2_plausibility,9578c6cc75e52be2,attnlrp,recall_at_k,0.375,target,Explanation,"{'n_gold_tokens': 8, 'k': 8}",e5
task2_plausibility,9578c6cc75e52be2,attnlrp,f1_at_k,0.375,target,Explanation,"{'n_gold_tokens': 8, 'k': 8}",e5
task2_plausibility,9578c6cc75e52be2,attnlrp,auprc,0.32718876518218626,target,Explanation,"{'n_gold_tokens': 8, 'k': 8}",e5
task2_plausibility,e0636d666325d6ce,attnlrp,precision_at_k,0.4,target,Modulation,"{'n_gold_tokens': 10, 'k': 10}",e5
task2_plausibility,e0636d666325d6ce,attnlrp,recall_at_k,0.4,target,Modulation,"{'n_gold_tokens': 10, 'k': 10}",e5
task2_plausibility,e0636d666325d6ce,attnlrp,f1_at_k,0.4000000000000001,target,Modulation,"{'n_gold_tokens': 10, 'k': 10}",e5
task2_plausibility,e0636d666325d6ce,attnlrp,auprc,0.4145128941671169,target,Modulation,"{'n_gold_tokens': 10, 'k': 10}",e5
task2_plausibility,e0636d666325d6ce,attnlrp,precision_at_k,0.3,target,Explanation,"{'n_gold_tokens': 10, 'k': 10}",e5
task2_plausibility,e0636d666325d6ce,attnlrp,recall_at_k,0.3,target,Explanation,"{'n_gold_tokens': 10, 'k': 10}",e5
task2_plausibility,e0636d666325d6ce,attnlrp,f1_at_k,0.3,target,Explanation,"{'n_gold_tokens': 10, 'k': 10}",e5
task2_plausibility,e0636d666325d6ce,attnlrp,auprc,0.38029769747161046,target,Explanation,"{'n_gold_tokens': 10, 'k': 10}",e5
task2_plausibility,b8deb73c341bd4bd,attnlrp,precision_at_k,0.4444444444444444,target,Synonymy,"{'n_gold_tokens': 9, 'k': 9}",e5
task2_plausibility,b8deb73c341bd4bd,attnlrp,recall_at_k,0.4444444444444444,target,Synonymy,"{'n_gold_tokens': 9, 'k': 9}",e5
task2_plausibility,b8deb73c341bd4bd,attnlrp,f1_at_k,0.4444444444444444,target,Synonymy,"{'n_gold_tokens': 9, 'k': 9}",e5
task2_plausibility,b8deb73c341bd4bd,attnlrp,auprc,0.512961234671761,target,Synonymy,"{'n_gold_tokens': 9, 'k': 9}",e5
task2_plausibility,b8deb73c341bd4bd,attnlrp,precision_at_k,0.1111111111111111,target,Explanation,"{'n_gold_tokens': 9, 'k': 9}",e5
task2_plausibility,b8deb73c341bd4bd,attnlrp,recall_at_k,0.1111111111111111,target,Explanation,"{'n_gold_tokens': 9, 'k': 9}",e5
task2_plausibility,b8deb73c341bd4bd,attnlrp,f1_at_k,0.1111111111111111,target,Explanation,"{'n_gold_tokens': 9, 'k': 9}",e5
task2_plausibility,b8deb73c341bd4bd,attnlrp,auprc,0.3041213215126259,target,Explanation,"{'n_gold_tokens': 9, 'k': 9}",e5
task2_plausibility,e1a95c4a13d4a59a,attnlrp,precision_at_k,0.5,target,Synonymy,"{'n_gold_tokens': 8, 'k': 8}",e5
task2_plausibility,e1a95c4a13d4a59a,attnlrp,recall_at_k,0.5,target,Synonymy,"{'n_gold_tokens': 8, 'k': 8}",e5
task2_plausibility,e1a95c4a13d4a59a,attnlrp,f1_at_k,0.5,target,Synonymy,"{'n_gold_tokens': 8, 'k': 8}",e5
task2_plausibility,e1a95c4a13d4a59a,attnlrp,auprc,0.5395650183150184,target,Synonymy,"{'n_gold_tokens': 8, 'k': 8}",e5
task2_plausibility,e1a95c4a13d4a59a,attnlrp,precision_at_k,0.25,target,Explanation,"{'n_gold_tokens': 8, 'k': 8}",e5
task2_plausibility,e1a95c4a13d4a59a,attnlrp,recall_at_k,0.25,target,Explanation,"{'n_gold_tokens': 8, 'k': 8}",e5
task2_plausibility,e1a95c4a13d4a59a,attnlrp,f1_at_k,0.25,target,Explanation,"{'n_gold_tokens': 8, 'k': 8}",e5
task2_plausibility,e1a95c4a13d4a59a,attnlrp,auprc,0.28725872940269226,target,Explanation,"{'n_gold_tokens': 8, 'k': 8}",e5
task2_plausibility,fcceaf92df53c774,attnlrp,precision_at_k,0.4444444444444444,target,Synonymy,"{'n_gold_tokens': 9, 'k': 9}",e5
task2_plausibility,fcceaf92df53c774,attnlrp,recall_at_k,0.4444444444444444,target,Synonymy,"{'n_gold_tokens': 9, 'k': 9}",e5
task2_plausibility,fcceaf92df53c774,attnlrp,f1_at_k,0.4444444444444444,target,Synonymy,"{'n_gold_tokens': 9, 'k': 9}",e5
task2_plausibility,fcceaf92df53c774,attnlrp,auprc,0.5135139843911773,target,Synonymy,"{'n_gold_tokens': 9, 'k': 9}",e5
task2_plausibility,fcceaf92df53c774,attnlrp,precision_at_k,0.3333333333333333,target,Explanation,"{'n_gold_tokens': 9, 'k': 9}",e5
task2_plausibility,fcceaf92df53c774,attnlrp,recall_at_k,0.3333333333333333,target,Explanation,"{'n_gold_tokens': 9, 'k': 9}",e5
task2_plausibility,fcceaf92df53c774,attnlrp,f1_at_k,0.3333333333333333,target,Explanation,"{'n_gold_tokens': 9, 'k': 9}",e5
task2_plausibility,fcceaf92df53c774,attnlrp,auprc,0.34967785625680364,target,Explanation,"{'n_gold_tokens': 9, 'k': 9}",e5
task2_plausibility,79d044757e2a0289,attnlrp,precision_at_k,0.36363636363636365,target,Synonymy,"{'n_gold_tokens': 11, 'k': 11}",e5
task2_plausibility,79d044757e2a0289,attnlrp,recall_at_k,0.36363636363636365,target,Synonymy,"{'n_gold_tokens': 11, 'k': 11}",e5
task2_plausibility,79d044757e2a0289,attnlrp,f1_at_k,0.36363636363636365,target,Synonymy,"{'n_gold_tokens': 11, 'k': 11}",e5
task2_plausibility,79d044757e2a0289,attnlrp,auprc,0.3475412895435779,target,Synonymy,"{'n_gold_tokens': 11, 'k': 11}",e5
task2_plausibility,79d044757e2a0289,attnlrp,precision_at_k,0.18181818181818182,target,Explanation,"{'n_gold_tokens': 11, 'k': 11}",e5
task2_plausibility,79d044757e2a0289,attnlrp,recall_at_k,0.18181818181818182,target,Explanation,"{'n_gold_tokens': 11, 'k': 11}",e5
task2_plausibility,79d044757e2a0289,attnlrp,f1_at_k,0.18181818181818182,target,Explanation,"{'n_gold_tokens': 11, 'k': 11}",e5
task2_plausibility,79d044757e2a0289,attnlrp,auprc,0.3087769861726219,target,Explanation,"{'n_gold_tokens': 11, 'k': 11}",e5
task2_plausibility,41711f05e2154f19,attnlrp,precision_at_k,0.6153846153846154,target,Synonymy,"{'n_gold_tokens': 13, 'k': 13}",e5
task2_plausibility,41711f05e2154f19,attnlrp,recall_at_k,0.6153846153846154,target,Synonymy,"{'n_gold_tokens': 13, 'k': 13}",e5
task2_plausibility,41711f05e2154f19,attnlrp,f1_at_k,0.6153846153846154,target,Synonymy,"{'n_gold_tokens': 13, 'k': 13}",e5
task2_plausibility,41711f05e2154f19,attnlrp,auprc,0.560380983750549,target,Synonymy,"{'n_gold_tokens': 13, 'k': 13}",e5
task2_plausibility,41711f05e2154f19,attnlrp,precision_at_k,0.46153846153846156,target,Explanation,"{'n_gold_tokens': 13, 'k': 13}",e5
task2_plausibility,41711f05e2154f19,attnlrp,recall_at_k,0.46153846153846156,target,Explanation,"{'n_gold_tokens': 13, 'k': 13}",e5
task2_plausibility,41711f05e2154f19,attnlrp,f1_at_k,0.46153846153846156,target,Explanation,"{'n_gold_tokens': 13, 'k': 13}",e5
task2_plausibility,41711f05e2154f19,attnlrp,auprc,0.4379471484517199,target,Explanation,"{'n_gold_tokens': 13, 'k': 13}",e5
task2_plausibility,d5f96b4d8357cc30,attnlrp,precision_at_k,0.14285714285714285,target,Synonymy,"{'n_gold_tokens': 7, 'k': 7}",e5
task2_plausibility,d5f96b4d8357cc30,attnlrp,recall_at_k,0.14285714285714285,target,Synonymy,"{'n_gold_tokens': 7, 'k': 7}",e5
task2_plausibility,d5f96b4d8357cc30,attnlrp,f1_at_k,0.14285714285714285,target,Synonymy,"{'n_gold_tokens': 7, 'k': 7}",e5
task2_plausibility,d5f96b4d8357cc30,attnlrp,auprc,0.31785714285714284,target,Synonymy,"{'n_gold_tokens': 7, 'k': 7}",e5
task2_plausibility,d5f96b4d8357cc30,attnlrp,precision_at_k,0.2857142857142857,target,Explanation,"{'n_gold_tokens': 7, 'k': 7}",e5
task2_plausibility,d5f96b4d8357cc30,attnlrp,recall_at_k,0.2857142857142857,target,Explanation,"{'n_gold_tokens': 7, 'k': 7}",e5
task2_plausibility,d5f96b4d8357cc30,attnlrp,f1_at_k,0.2857142857142857,target,Explanation,"{'n_gold_tokens': 7, 'k': 7}",e5
task2_plausibility,d5f96b4d8357cc30,attnlrp,auprc,0.3515037593984962,target,Explanation,"{'n_gold_tokens': 7, 'k': 7}",e5
task2_plausibility,50536e22a817d894,attnlrp,precision_at_k,0.65625,target,Synonymy,"{'n_gold_tokens': 32, 'k': 32}",e5
task2_plausibility,50536e22a817d894,attnlrp,recall_at_k,0.65625,target,Synonymy,"{'n_gold_tokens': 32, 'k': 32}",e5
task2_plausibility,50536e22a817d894,attnlrp,f1_at_k,0.65625,target,Synonymy,"{'n_gold_tokens': 32, 'k': 32}",e5
task2_plausibility,50536e22a817d894,attnlrp,auprc,0.6393233938504622,target,Synonymy,"{'n_gold_tokens': 32, 'k': 32}",e5
task2_plausibility,50536e22a817d894,attnlrp,precision_at_k,0.625,target,Explanation,"{'n_gold_tokens': 32, 'k': 32}",e5
task2_plausibility,50536e22a817d894,attnlrp,recall_at_k,0.625,target,Explanation,"{'n_gold_tokens': 32, 'k': 32}",e5
task2_plausibility,50536e22a817d894,attnlrp,f1_at_k,0.625,target,Explanation,"{'n_gold_tokens': 32, 'k': 32}",e5
task2_plausibility,50536e22a817d894,attnlrp,auprc,0.5882480290801331,target,Explanation,"{'n_gold_tokens': 32, 'k': 32}",e5
task2_plausibility,cf15b919f0330f54,attnlrp,precision_at_k,0.47368421052631576,target,Synonymy,"{'n_gold_tokens': 38, 'k': 38}",e5
task2_plausibility,cf15b919f0330f54,attnlrp,recall_at_k,0.47368421052631576,target,Synonymy,"{'n_gold_tokens': 38, 'k': 38}",e5
task2_plausibility,cf15b919f0330f54,attnlrp,f1_at_k,0.47368421052631576,target,Synonymy,"{'n_gold_tokens': 38, 'k': 38}",e5
task2_plausibility,cf15b919f0330f54,attnlrp,auprc,0.5620805870278681,target,Synonymy,"{'n_gold_tokens': 38, 'k': 38}",e5
task2_plausibility,143449b49944481c,attnlrp,precision_at_k,0.3,target,Synonymy,"{'n_gold_tokens': 10, 'k': 10}",e5
task2_plausibility,143449b49944481c,attnlrp,recall_at_k,0.3,target,Synonymy,"{'n_gold_tokens': 10, 'k': 10}",e5
task2_plausibility,143449b49944481c,attnlrp,f1_at_k,0.3,target,Synonymy,"{'n_gold_tokens': 10, 'k': 10}",e5
task2_plausibility,143449b49944481c,attnlrp,auprc,0.2801020831946861,target,Synonymy,"{'n_gold_tokens': 10, 'k': 10}",e5
task2_plausibility,143449b49944481c,attnlrp,precision_at_k,0.0,target,Explanation,"{'n_gold_tokens': 10, 'k': 10}",e5
task2_plausibility,143449b49944481c,attnlrp,recall_at_k,0.0,target,Explanation,"{'n_gold_tokens': 10, 'k': 10}",e5
task2_plausibility,143449b49944481c,attnlrp,f1_at_k,0.0,target,Explanation,"{'n_gold_tokens': 10, 'k': 10}",e5
task2_plausibility,143449b49944481c,attnlrp,auprc,0.2100798761983959,target,Explanation,"{'n_gold_tokens': 10, 'k': 10}",e5
task2_plausibility,6410da5aa153e7d3,attnlrp,precision_at_k,0.3333333333333333,target,Omission,"{'n_gold_tokens': 6, 'k': 6}",e5
task2_plausibility,6410da5aa153e7d3,attnlrp,recall_at_k,0.3333333333333333,target,Omission,"{'n_gold_tokens': 6, 'k': 6}",e5
task2_plausibility,6410da5aa153e7d3,attnlrp,f1_at_k,0.3333333333333333,target,Omission,"{'n_gold_tokens': 6, 'k': 6}",e5
task2_plausibility,6410da5aa153e7d3,attnlrp,auprc,0.44723389355742293,target,Omission,"{'n_gold_tokens': 6, 'k': 6}",e5
task2_plausibility,041eab3dbfd09cbb,attnlrp,precision_at_k,0.3333333333333333,target,Synonymy,"{'n_gold_tokens': 12, 'k': 12}",e5
task2_plausibility,041eab3dbfd09cbb,attnlrp,recall_at_k,0.3333333333333333,target,Synonymy,"{'n_gold_tokens': 12, 'k': 12}",e5
task2_plausibility,041eab3dbfd09cbb,attnlrp,f1_at_k,0.3333333333333333,target,Synonymy,"{'n_gold_tokens': 12, 'k': 12}",e5
task2_plausibility,041eab3dbfd09cbb,attnlrp,auprc,0.34104998304941103,target,Synonymy,"{'n_gold_tokens': 12, 'k': 12}",e5
task2_plausibility,041eab3dbfd09cbb,attnlrp,precision_at_k,0.16666666666666666,target,Modulation,"{'n_gold_tokens': 12, 'k': 12}",e5
task2_plausibility,041eab3dbfd09cbb,attnlrp,recall_at_k,0.16666666666666666,target,Modulation,"{'n_gold_tokens': 12, 'k': 12}",e5
task2_plausibility,041eab3dbfd09cbb,attnlrp,f1_at_k,0.16666666666666666,target,Modulation,"{'n_gold_tokens': 12, 'k': 12}",e5
task2_plausibility,041eab3dbfd09cbb,attnlrp,auprc,0.32498447862393215,target,Modulation,"{'n_gold_tokens': 12, 'k': 12}",e5
task2_plausibility,069832004c766da3,attnlrp,precision_at_k,0.4444444444444444,target,Synonymy,"{'n_gold_tokens': 9, 'k': 9}",e5
task2_plausibility,069832004c766da3,attnlrp,recall_at_k,0.4444444444444444,target,Synonymy,"{'n_gold_tokens': 9, 'k': 9}",e5
task2_plausibility,069832004c766da3,attnlrp,f1_at_k,0.4444444444444444,target,Synonymy,"{'n_gold_tokens': 9, 'k': 9}",e5
task2_plausibility,069832004c766da3,attnlrp,auprc,0.44547304898348544,target,Synonymy,"{'n_gold_tokens': 9, 'k': 9}",e5
task2_plausibility,069832004c766da3,attnlrp,precision_at_k,0.2222222222222222,target,Modulation,"{'n_gold_tokens': 9, 'k': 9}",e5
task2_plausibility,069832004c766da3,attnlrp,recall_at_k,0.2222222222222222,target,Modulation,"{'n_gold_tokens': 9, 'k': 9}",e5
task2_plausibility,069832004c766da3,attnlrp,f1_at_k,0.2222222222222222,target,Modulation,"{'n_gold_tokens': 9, 'k': 9}",e5
task2_plausibility,069832004c766da3,attnlrp,auprc,0.16853199607729374,target,Modulation,"{'n_gold_tokens': 9, 'k': 9}",e5
task2_plausibility,069832004c766da3,attnlrp,precision_at_k,0.4444444444444444,target,Compression,"{'n_gold_tokens': 9, 'k': 9}",e5
task2_plausibility,069832004c766da3,attnlrp,recall_at_k,0.4444444444444444,target,Compression,"{'n_gold_tokens': 9, 'k': 9}",e5
task2_plausibility,069832004c766da3,attnlrp,f1_at_k,0.4444444444444444,target,Compression,"{'n_gold_tokens': 9, 'k': 9}",e5
task2_plausibility,069832004c766da3,attnlrp,auprc,0.33519779936604727,target,Compression,"{'n_gold_tokens': 9, 'k': 9}",e5
task2_plausibility,06c2b1a7c821347c,attnlrp,precision_at_k,0.24,target,Synonymy,"{'n_gold_tokens': 25, 'k': 25}",e5
task2_plausibility,06c2b1a7c821347c,attnlrp,recall_at_k,0.24,target,Synonymy,"{'n_gold_tokens': 25, 'k': 25}",e5
task2_plausibility,06c2b1a7c821347c,attnlrp,f1_at_k,0.24,target,Synonymy,"{'n_gold_tokens': 25, 'k': 25}",e5
task2_plausibility,06c2b1a7c821347c,attnlrp,auprc,0.3007926836347559,target,Synonymy,"{'n_gold_tokens': 25, 'k': 25}",e5
task2_plausibility,06c2b1a7c821347c,attnlrp,precision_at_k,0.2,target,Modulation,"{'n_gold_tokens': 25, 'k': 25}",e5
task2_plausibility,06c2b1a7c821347c,attnlrp,recall_at_k,0.2,target,Modulation,"{'n_gold_tokens': 25, 'k': 25}",e5
task2_plausibility,06c2b1a7c821347c,attnlrp,f1_at_k,0.20000000000000004,target,Modulation,"{'n_gold_tokens': 25, 'k': 25}",e5
task2_plausibility,06c2b1a7c821347c,attnlrp,auprc,0.2191860216650317,target,Modulation,"{'n_gold_tokens': 25, 'k': 25}",e5
task2_plausibility,06c2b1a7c821347c,attnlrp,precision_at_k,0.36,target,Compression,"{'n_gold_tokens': 25, 'k': 25}",e5
task2_plausibility,06c2b1a7c821347c,attnlrp,recall_at_k,0.36,target,Compression,"{'n_gold_tokens': 25, 'k': 25}",e5
task2_plausibility,06c2b1a7c821347c,attnlrp,f1_at_k,0.36,target,Compression,"{'n_gold_tokens': 25, 'k': 25}",e5
task2_plausibility,06c2b1a7c821347c,attnlrp,auprc,0.3125427292731422,target,Compression,"{'n_gold_tokens': 25, 'k': 25}",e5
task2_plausibility,06c2b1a7c821347c,attnlrp,precision_at_k,0.28,target,Syntactic Change,"{'n_gold_tokens': 25, 'k': 25}",e5
task2_plausibility,06c2b1a7c821347c,attnlrp,recall_at_k,0.28,target,Syntactic Change,"{'n_gold_tokens': 25, 'k': 25}",e5
task2_plausibility,06c2b1a7c821347c,attnlrp,f1_at_k,0.28,target,Syntactic Change,"{'n_gold_tokens': 25, 'k': 25}",e5
task2_plausibility,06c2b1a7c821347c,attnlrp,auprc,0.3030275313691962,target,Syntactic Change,"{'n_gold_tokens': 25, 'k': 25}",e5
task2_plausibility,071d5037c44a2142,attnlrp,precision_at_k,0.68,target,Synonymy,"{'n_gold_tokens': 25, 'k': 25}",e5
task2_plausibility,071d5037c44a2142,attnlrp,recall_at_k,0.68,target,Synonymy,"{'n_gold_tokens': 25, 'k': 25}",e5
task2_plausibility,071d5037c44a2142,attnlrp,f1_at_k,0.68,target,Synonymy,"{'n_gold_tokens': 25, 'k': 25}",e5
task2_plausibility,071d5037c44a2142,attnlrp,auprc,0.7124606364533643,target,Synonymy,"{'n_gold_tokens': 25, 'k': 25}",e5
task2_plausibility,071d5037c44a2142,attnlrp,precision_at_k,0.48,target,Modulation,"{'n_gold_tokens': 25, 'k': 25}",e5
task2_plausibility,071d5037c44a2142,attnlrp,recall_at_k,0.48,target,Modulation,"{'n_gold_tokens': 25, 'k': 25}",e5
task2_plausibility,071d5037c44a2142,attnlrp,f1_at_k,0.48,target,Modulation,"{'n_gold_tokens': 25, 'k': 25}",e5
task2_plausibility,071d5037c44a2142,attnlrp,auprc,0.5520910523534299,target,Modulation,"{'n_gold_tokens': 25, 'k': 25}",e5
task2_plausibility,071d5037c44a2142,attnlrp,precision_at_k,0.64,target,Compression,"{'n_gold_tokens': 25, 'k': 25}",e5
task2_plausibility,071d5037c44a2142,attnlrp,recall_at_k,0.64,target,Compression,"{'n_gold_tokens': 25, 'k': 25}",e5
task2_plausibility,071d5037c44a2142,attnlrp,f1_at_k,0.64,target,Compression,"{'n_gold_tokens': 25, 'k': 25}",e5
task2_plausibility,071d5037c44a2142,attnlrp,auprc,0.6282660831540581,target,Compression,"{'n_gold_tokens': 25, 'k': 25}",e5
task2_plausibility,082abb8cd02a86d9,attnlrp,precision_at_k,0.22727272727272727,target,Synonymy,"{'n_gold_tokens': 22, 'k': 22}",e5
task2_plausibility,082abb8cd02a86d9,attnlrp,recall_at_k,0.22727272727272727,target,Synonymy,"{'n_gold_tokens': 22, 'k': 22}",e5
task2_plausibility,082abb8cd02a86d9,attnlrp,f1_at_k,0.22727272727272727,target,Synonymy,"{'n_gold_tokens': 22, 'k': 22}",e5
task2_plausibility,082abb8cd02a86d9,attnlrp,auprc,0.2129924328575164,target,Synonymy,"{'n_gold_tokens': 22, 'k': 22}",e5
task2_plausibility,082abb8cd02a86d9,attnlrp,precision_at_k,0.3181818181818182,target,Modulation,"{'n_gold_tokens': 22, 'k': 22}",e5
task2_plausibility,082abb8cd02a86d9,attnlrp,recall_at_k,0.3181818181818182,target,Modulation,"{'n_gold_tokens': 22, 'k': 22}",e5
task2_plausibility,082abb8cd02a86d9,attnlrp,f1_at_k,0.3181818181818182,target,Modulation,"{'n_gold_tokens': 22, 'k': 22}",e5
task2_plausibility,082abb8cd02a86d9,attnlrp,auprc,0.25947316986784513,target,Modulation,"{'n_gold_tokens': 22, 'k': 22}",e5
task2_plausibility,082abb8cd02a86d9,attnlrp,precision_at_k,0.09090909090909091,target,Compression,"{'n_gold_tokens': 22, 'k': 22}",e5
task2_plausibility,082abb8cd02a86d9,attnlrp,recall_at_k,0.09090909090909091,target,Compression,"{'n_gold_tokens': 22, 'k': 22}",e5
task2_plausibility,082abb8cd02a86d9,attnlrp,f1_at_k,0.09090909090909091,target,Compression,"{'n_gold_tokens': 22, 'k': 22}",e5
task2_plausibility,082abb8cd02a86d9,attnlrp,auprc,0.24506446218537925,target,Compression,"{'n_gold_tokens': 22, 'k': 22}",e5
task2_plausibility,082abb8cd02a86d9,attnlrp,precision_at_k,0.22727272727272727,target,Explanation,"{'n_gold_tokens': 22, 'k': 22}",e5
task2_plausibility,082abb8cd02a86d9,attnlrp,recall_at_k,0.22727272727272727,target,Explanation,"{'n_gold_tokens': 22, 'k': 22}",e5
task2_plausibility,082abb8cd02a86d9,attnlrp,f1_at_k,0.22727272727272727,target,Explanation,"{'n_gold_tokens': 22, 'k': 22}",e5
task2_plausibility,082abb8cd02a86d9,attnlrp,auprc,0.309543919604222,target,Explanation,"{'n_gold_tokens': 22, 'k': 22}",e5
task2_plausibility,082abb8cd02a86d9,attnlrp,precision_at_k,0.2727272727272727,target,Syntactic Change,"{'n_gold_tokens': 22, 'k': 22}",e5
task2_plausibility,082abb8cd02a86d9,attnlrp,recall_at_k,0.2727272727272727,target,Syntactic Change,"{'n_gold_tokens': 22, 'k': 22}",e5
task2_plausibility,082abb8cd02a86d9,attnlrp,f1_at_k,0.2727272727272727,target,Syntactic Change,"{'n_gold_tokens': 22, 'k': 22}",e5
task2_plausibility,082abb8cd02a86d9,attnlrp,auprc,0.3303067552403572,target,Syntactic Change,"{'n_gold_tokens': 22, 'k': 22}",e5
task2_plausibility,0c15ce3db61a3809,attnlrp,precision_at_k,0.0,target,Synonymy,"{'n_gold_tokens': 2, 'k': 2}",e5
task2_plausibility,0c15ce3db61a3809,attnlrp,recall_at_k,0.0,target,Synonymy,"{'n_gold_tokens': 2, 'k': 2}",e5
task2_plausibility,0c15ce3db61a3809,attnlrp,f1_at_k,0.0,target,Synonymy,"{'n_gold_tokens': 2, 'k': 2}",e5
task2_plausibility,0c15ce3db61a3809,attnlrp,auprc,0.19444444444444442,target,Synonymy,"{'n_gold_tokens': 2, 'k': 2}",e5
task2_plausibility,0c15ce3db61a3809,attnlrp,precision_at_k,0.0,target,Modulation,"{'n_gold_tokens': 2, 'k': 2}",e5
task2_plausibility,0c15ce3db61a3809,attnlrp,recall_at_k,0.0,target,Modulation,"{'n_gold_tokens': 2, 'k': 2}",e5
task2_plausibility,0c15ce3db61a3809,attnlrp,f1_at_k,0.0,target,Modulation,"{'n_gold_tokens': 2, 'k': 2}",e5
task2_plausibility,0c15ce3db61a3809,attnlrp,auprc,0.12681159420289856,target,Modulation,"{'n_gold_tokens': 2, 'k': 2}",e5
task2_plausibility,0c4914f09c292c23,attnlrp,precision_at_k,0.2,target,Synonymy,"{'n_gold_tokens': 20, 'k': 20}",e5
task2_plausibility,0c4914f09c292c23,attnlrp,recall_at_k,0.2,target,Synonymy,"{'n_gold_tokens': 20, 'k': 20}",e5
task2_plausibility,0c4914f09c292c23,attnlrp,f1_at_k,0.20000000000000004,target,Synonymy,"{'n_gold_tokens': 20, 'k': 20}",e5
task2_plausibility,0c4914f09c292c23,attnlrp,auprc,0.2477655486181005,target,Synonymy,"{'n_gold_tokens': 20, 'k': 20}",e5
task2_plausibility,0c4914f09c292c23,attnlrp,precision_at_k,0.4,target,Modulation,"{'n_gold_tokens': 20, 'k': 20}",e5
task2_plausibility,0c4914f09c292c23,attnlrp,recall_at_k,0.4,target,Modulation,"{'n_gold_tokens': 20, 'k': 20}",e5
task2_plausibility,0c4914f09c292c23,attnlrp,f1_at_k,0.4000000000000001,target,Modulation,"{'n_gold_tokens': 20, 'k': 20}",e5
task2_plausibility,0c4914f09c292c23,attnlrp,auprc,0.40749014327749644,target,Modulation,"{'n_gold_tokens': 20, 'k': 20}",e5
task2_plausibility,0c4914f09c292c23,attnlrp,precision_at_k,0.15,target,Compression,"{'n_gold_tokens': 20, 'k': 20}",e5
task2_plausibility,0c4914f09c292c23,attnlrp,recall_at_k,0.15,target,Compression,"{'n_gold_tokens': 20, 'k': 20}",e5
task2_plausibility,0c4914f09c292c23,attnlrp,f1_at_k,0.15,target,Compression,"{'n_gold_tokens': 20, 'k': 20}",e5
task2_plausibility,0c4914f09c292c23,attnlrp,auprc,0.20712577204533592,target,Compression,"{'n_gold_tokens': 20, 'k': 20}",e5
task2_plausibility,0d4e89d50990bccf,attnlrp,precision_at_k,0.125,target,Synonymy,"{'n_gold_tokens': 8, 'k': 8}",e5
task2_plausibility,0d4e89d50990bccf,attnlrp,recall_at_k,0.125,target,Synonymy,"{'n_gold_tokens': 8, 'k': 8}",e5
task2_plausibility,0d4e89d50990bccf,attnlrp,f1_at_k,0.125,target,Synonymy,"{'n_gold_tokens': 8, 'k': 8}",e5
task2_plausibility,0d4e89d50990bccf,attnlrp,auprc,0.23462632671392264,target,Synonymy,"{'n_gold_tokens': 8, 'k': 8}",e5
task2_plausibility,0d4e89d50990bccf,attnlrp,precision_at_k,0.125,target,Modulation,"{'n_gold_tokens': 8, 'k': 8}",e5
task2_plausibility,0d4e89d50990bccf,attnlrp,recall_at_k,0.125,target,Modulation,"{'n_gold_tokens': 8, 'k': 8}",e5
task2_plausibility,0d4e89d50990bccf,attnlrp,f1_at_k,0.125,target,Modulation,"{'n_gold_tokens': 8, 'k': 8}",e5
task2_plausibility,0d4e89d50990bccf,attnlrp,auprc,0.20134623614326863,target,Modulation,"{'n_gold_tokens': 8, 'k': 8}",e5
task2_plausibility,0fb32132e6a618e4,attnlrp,precision_at_k,0.5,target,Synonymy,"{'n_gold_tokens': 8, 'k': 8}",e5
task2_plausibility,0fb32132e6a618e4,attnlrp,recall_at_k,0.5,target,Synonymy,"{'n_gold_tokens': 8, 'k': 8}",e5
task2_plausibility,0fb32132e6a618e4,attnlrp,f1_at_k,0.5,target,Synonymy,"{'n_gold_tokens': 8, 'k': 8}",e5
task2_plausibility,0fb32132e6a618e4,attnlrp,auprc,0.6252777777777778,target,Synonymy,"{'n_gold_tokens': 8, 'k': 8}",e5
task2_plausibility,0fb32132e6a618e4,attnlrp,precision_at_k,0.375,target,Modulation,"{'n_gold_tokens': 8, 'k': 8}",e5
task2_plausibility,0fb32132e6a618e4,attnlrp,recall_at_k,0.375,target,Modulation,"{'n_gold_tokens': 8, 'k': 8}",e5
task2_plausibility,0fb32132e6a618e4,attnlrp,f1_at_k,0.375,target,Modulation,"{'n_gold_tokens': 8, 'k': 8}",e5
task2_plausibility,0fb32132e6a618e4,attnlrp,auprc,0.47696105794790006,target,Modulation,"{'n_gold_tokens': 8, 'k': 8}",e5
task2_plausibility,13934b46dc51117d,attnlrp,precision_at_k,0.24242424242424243,target,Synonymy,"{'n_gold_tokens': 33, 'k': 33}",e5
task2_plausibility,13934b46dc51117d,attnlrp,recall_at_k,0.24242424242424243,target,Synonymy,"{'n_gold_tokens': 33, 'k': 33}",e5
task2_plausibility,13934b46dc51117d,attnlrp,f1_at_k,0.24242424242424243,target,Synonymy,"{'n_gold_tokens': 33, 'k': 33}",e5
task2_plausibility,13934b46dc51117d,attnlrp,auprc,0.3270960412598643,target,Synonymy,"{'n_gold_tokens': 33, 'k': 33}",e5
task2_plausibility,13934b46dc51117d,attnlrp,precision_at_k,0.24242424242424243,target,Modulation,"{'n_gold_tokens': 33, 'k': 33}",e5
task2_plausibility,13934b46dc51117d,attnlrp,recall_at_k,0.24242424242424243,target,Modulation,"{'n_gold_tokens': 33, 'k': 33}",e5
task2_plausibility,13934b46dc51117d,attnlrp,f1_at_k,0.24242424242424243,target,Modulation,"{'n_gold_tokens': 33, 'k': 33}",e5
task2_plausibility,13934b46dc51117d,attnlrp,auprc,0.34750048774864295,target,Modulation,"{'n_gold_tokens': 33, 'k': 33}",e5
task2_plausibility,15617fbe9b414a10,attnlrp,precision_at_k,0.3695652173913043,target,Synonymy,"{'n_gold_tokens': 46, 'k': 46}",e5
task2_plausibility,15617fbe9b414a10,attnlrp,recall_at_k,0.3695652173913043,target,Synonymy,"{'n_gold_tokens': 46, 'k': 46}",e5
task2_plausibility,15617fbe9b414a10,attnlrp,f1_at_k,0.36956521739130427,target,Synonymy,"{'n_gold_tokens': 46, 'k': 46}",e5
task2_plausibility,15617fbe9b414a10,attnlrp,auprc,0.38948063996324434,target,Synonymy,"{'n_gold_tokens': 46, 'k': 46}",e5
task2_plausibility,15617fbe9b414a10,attnlrp,precision_at_k,0.30434782608695654,target,Modulation,"{'n_gold_tokens': 46, 'k': 46}",e5
task2_plausibility,15617fbe9b414a10,attnlrp,recall_at_k,0.30434782608695654,target,Modulation,"{'n_gold_tokens': 46, 'k': 46}",e5
task2_plausibility,15617fbe9b414a10,attnlrp,f1_at_k,0.30434782608695654,target,Modulation,"{'n_gold_tokens': 46, 'k': 46}",e5
task2_plausibility,15617fbe9b414a10,attnlrp,auprc,0.3674468652805281,target,Modulation,"{'n_gold_tokens': 46, 'k': 46}",e5
task2_plausibility,15617fbe9b414a10,attnlrp,precision_at_k,0.391304347826087,target,Compression,"{'n_gold_tokens': 46, 'k': 46}",e5
task2_plausibility,15617fbe9b414a10,attnlrp,recall_at_k,0.391304347826087,target,Compression,"{'n_gold_tokens': 46, 'k': 46}",e5
task2_plausibility,15617fbe9b414a10,attnlrp,f1_at_k,0.391304347826087,target,Compression,"{'n_gold_tokens': 46, 'k': 46}",e5
task2_plausibility,15617fbe9b414a10,attnlrp,auprc,0.4320654893650703,target,Compression,"{'n_gold_tokens': 46, 'k': 46}",e5
task2_plausibility,15617fbe9b414a10,attnlrp,precision_at_k,0.391304347826087,target,Explanation,"{'n_gold_tokens': 46, 'k': 46}",e5
task2_plausibility,15617fbe9b414a10,attnlrp,recall_at_k,0.391304347826087,target,Explanation,"{'n_gold_tokens': 46, 'k': 46}",e5
task2_plausibility,15617fbe9b414a10,attnlrp,f1_at_k,0.391304347826087,target,Explanation,"{'n_gold_tokens': 46, 'k': 46}",e5
task2_plausibility,15617fbe9b414a10,attnlrp,auprc,0.37207784182825254,target,Explanation,"{'n_gold_tokens': 46, 'k': 46}",e5
task2_plausibility,15617fbe9b414a10,attnlrp,precision_at_k,0.4782608695652174,target,Syntactic Change,"{'n_gold_tokens': 46, 'k': 46}",e5
task2_plausibility,15617fbe9b414a10,attnlrp,recall_at_k,0.4782608695652174,target,Syntactic Change,"{'n_gold_tokens': 46, 'k': 46}",e5
task2_plausibility,15617fbe9b414a10,attnlrp,f1_at_k,0.4782608695652174,target,Syntactic Change,"{'n_gold_tokens': 46, 'k': 46}",e5
task2_plausibility,15617fbe9b414a10,attnlrp,auprc,0.4129077517118363,target,Syntactic Change,"{'n_gold_tokens': 46, 'k': 46}",e5
task2_plausibility,15f60dfdd12c9dd7,attnlrp,precision_at_k,0.2857142857142857,target,Synonymy,"{'n_gold_tokens': 21, 'k': 21}",e5
task2_plausibility,15f60dfdd12c9dd7,attnlrp,recall_at_k,0.2857142857142857,target,Synonymy,"{'n_gold_tokens': 21, 'k': 21}",e5
task2_plausibility,15f60dfdd12c9dd7,attnlrp,f1_at_k,0.2857142857142857,target,Synonymy,"{'n_gold_tokens': 21, 'k': 21}",e5
task2_plausibility,15f60dfdd12c9dd7,attnlrp,auprc,0.24442613083882264,target,Synonymy,"{'n_gold_tokens': 21, 'k': 21}",e5
task2_plausibility,15f60dfdd12c9dd7,attnlrp,precision_at_k,0.19047619047619047,target,Modulation,"{'n_gold_tokens': 21, 'k': 21}",e5
task2_plausibility,15f60dfdd12c9dd7,attnlrp,recall_at_k,0.19047619047619047,target,Modulation,"{'n_gold_tokens': 21, 'k': 21}",e5
task2_plausibility,15f60dfdd12c9dd7,attnlrp,f1_at_k,0.19047619047619047,target,Modulation,"{'n_gold_tokens': 21, 'k': 21}",e5
task2_plausibility,15f60dfdd12c9dd7,attnlrp,auprc,0.21415129039836195,target,Modulation,"{'n_gold_tokens': 21, 'k': 21}",e5
task2_plausibility,15f60dfdd12c9dd7,attnlrp,precision_at_k,0.14285714285714285,target,Compression,"{'n_gold_tokens': 21, 'k': 21}",e5
task2_plausibility,15f60dfdd12c9dd7,attnlrp,recall_at_k,0.14285714285714285,target,Compression,"{'n_gold_tokens': 21, 'k': 21}",e5
task2_plausibility,15f60dfdd12c9dd7,attnlrp,f1_at_k,0.14285714285714285,target,Compression,"{'n_gold_tokens': 21, 'k': 21}",e5
task2_plausibility,15f60dfdd12c9dd7,attnlrp,auprc,0.17481382168377552,target,Compression,"{'n_gold_tokens': 21, 'k': 21}",e5
task2_plausibility,15f60dfdd12c9dd7,attnlrp,precision_at_k,0.19047619047619047,target,Explanation,"{'n_gold_tokens': 21, 'k': 21}",e5
task2_plausibility,15f60dfdd12c9dd7,attnlrp,recall_at_k,0.19047619047619047,target,Explanation,"{'n_gold_tokens': 21, 'k': 21}",e5
task2_plausibility,15f60dfdd12c9dd7,attnlrp,f1_at_k,0.19047619047619047,target,Explanation,"{'n_gold_tokens': 21, 'k': 21}",e5
task2_plausibility,15f60dfdd12c9dd7,attnlrp,auprc,0.21715963474961497,target,Explanation,"{'n_gold_tokens': 21, 'k': 21}",e5
task2_plausibility,1cdac17cdc95657a,attnlrp,precision_at_k,0.08333333333333333,target,Synonymy,"{'n_gold_tokens': 12, 'k': 12}",e5
task2_plausibility,1cdac17cdc95657a,attnlrp,recall_at_k,0.08333333333333333,target,Synonymy,"{'n_gold_tokens': 12, 'k': 12}",e5
task2_plausibility,1cdac17cdc95657a,attnlrp,f1_at_k,0.08333333333333333,target,Synonymy,"{'n_gold_tokens': 12, 'k': 12}",e5
task2_plausibility,1cdac17cdc95657a,attnlrp,auprc,0.1953745001098245,target,Synonymy,"{'n_gold_tokens': 12, 'k': 12}",e5
task2_plausibility,1cdac17cdc95657a,attnlrp,precision_at_k,0.0,target,Modulation,"{'n_gold_tokens': 12, 'k': 12}",e5
task2_plausibility,1cdac17cdc95657a,attnlrp,recall_at_k,0.0,target,Modulation,"{'n_gold_tokens': 12, 'k': 12}",e5
task2_plausibility,1cdac17cdc95657a,attnlrp,f1_at_k,0.0,target,Modulation,"{'n_gold_tokens': 12, 'k': 12}",e5
task2_plausibility,1cdac17cdc95657a,attnlrp,auprc,0.18336496154858684,target,Modulation,"{'n_gold_tokens': 12, 'k': 12}",e5
task2_plausibility,1cdac17cdc95657a,attnlrp,precision_at_k,0.08333333333333333,target,Compression,"{'n_gold_tokens': 12, 'k': 12}",e5
task2_plausibility,1cdac17cdc95657a,attnlrp,recall_at_k,0.08333333333333333,target,Compression,"{'n_gold_tokens': 12, 'k': 12}",e5
task2_plausibility,1cdac17cdc95657a,attnlrp,f1_at_k,0.08333333333333333,target,Compression,"{'n_gold_tokens': 12, 'k': 12}",e5
task2_plausibility,1cdac17cdc95657a,attnlrp,auprc,0.18016447313468237,target,Compression,"{'n_gold_tokens': 12, 'k': 12}",e5
task2_plausibility,1d1b04eb3e7ce11a,attnlrp,precision_at_k,0.45714285714285713,target,Synonymy,"{'n_gold_tokens': 35, 'k': 35}",e5
task2_plausibility,1d1b04eb3e7ce11a,attnlrp,recall_at_k,0.45714285714285713,target,Synonymy,"{'n_gold_tokens': 35, 'k': 35}",e5
task2_plausibility,1d1b04eb3e7ce11a,attnlrp,f1_at_k,0.45714285714285713,target,Synonymy,"{'n_gold_tokens': 35, 'k': 35}",e5
task2_plausibility,1d1b04eb3e7ce11a,attnlrp,auprc,0.48981896833691946,target,Synonymy,"{'n_gold_tokens': 35, 'k': 35}",e5
task2_plausibility,1d1b04eb3e7ce11a,attnlrp,precision_at_k,0.37142857142857144,target,Modulation,"{'n_gold_tokens': 35, 'k': 35}",e5
task2_plausibility,1d1b04eb3e7ce11a,attnlrp,recall_at_k,0.37142857142857144,target,Modulation,"{'n_gold_tokens': 35, 'k': 35}",e5
task2_plausibility,1d1b04eb3e7ce11a,attnlrp,f1_at_k,0.37142857142857144,target,Modulation,"{'n_gold_tokens': 35, 'k': 35}",e5
task2_plausibility,1d1b04eb3e7ce11a,attnlrp,auprc,0.3874626324997223,target,Modulation,"{'n_gold_tokens': 35, 'k': 35}",e5
task2_plausibility,1d1b04eb3e7ce11a,attnlrp,precision_at_k,0.5142857142857142,target,Compression,"{'n_gold_tokens': 35, 'k': 35}",e5
task2_plausibility,1d1b04eb3e7ce11a,attnlrp,recall_at_k,0.5142857142857142,target,Compression,"{'n_gold_tokens': 35, 'k': 35}",e5
task2_plausibility,1d1b04eb3e7ce11a,attnlrp,f1_at_k,0.5142857142857142,target,Compression,"{'n_gold_tokens': 35, 'k': 35}",e5
task2_plausibility,1d1b04eb3e7ce11a,attnlrp,auprc,0.47635049023985354,target,Compression,"{'n_gold_tokens': 35, 'k': 35}",e5
task2_plausibility,1d1b04eb3e7ce11a,attnlrp,precision_at_k,0.37142857142857144,target,Explanation,"{'n_gold_tokens': 35, 'k': 35}",e5
task2_plausibility,1d1b04eb3e7ce11a,attnlrp,recall_at_k,0.37142857142857144,target,Explanation,"{'n_gold_tokens': 35, 'k': 35}",e5
task2_plausibility,1d1b04eb3e7ce11a,attnlrp,f1_at_k,0.37142857142857144,target,Explanation,"{'n_gold_tokens': 35, 'k': 35}",e5
task2_plausibility,1d1b04eb3e7ce11a,attnlrp,auprc,0.4125303578315514,target,Explanation,"{'n_gold_tokens': 35, 'k': 35}",e5
task2_plausibility,1d1b04eb3e7ce11a,attnlrp,precision_at_k,0.4,target,Syntactic Change,"{'n_gold_tokens': 35, 'k': 35}",e5
task2_plausibility,1d1b04eb3e7ce11a,attnlrp,recall_at_k,0.4,target,Syntactic Change,"{'n_gold_tokens': 35, 'k': 35}",e5
task2_plausibility,1d1b04eb3e7ce11a,attnlrp,f1_at_k,0.4000000000000001,target,Syntactic Change,"{'n_gold_tokens': 35, 'k': 35}",e5
task2_plausibility,1d1b04eb3e7ce11a,attnlrp,auprc,0.43235005126249354,target,Syntactic Change,"{'n_gold_tokens': 35, 'k': 35}",e5
task2_plausibility,1d47540a9967f1fc,attnlrp,precision_at_k,0.3076923076923077,target,Synonymy,"{'n_gold_tokens': 13, 'k': 13}",e5
task2_plausibility,1d47540a9967f1fc,attnlrp,recall_at_k,0.3076923076923077,target,Synonymy,"{'n_gold_tokens': 13, 'k': 13}",e5
task2_plausibility,1d47540a9967f1fc,attnlrp,f1_at_k,0.3076923076923077,target,Synonymy,"{'n_gold_tokens': 13, 'k': 13}",e5
task2_plausibility,1d47540a9967f1fc,attnlrp,auprc,0.3781209382015834,target,Synonymy,"{'n_gold_tokens': 13, 'k': 13}",e5
task2_plausibility,1d47540a9967f1fc,attnlrp,precision_at_k,0.38461538461538464,target,Modulation,"{'n_gold_tokens': 13, 'k': 13}",e5
task2_plausibility,1d47540a9967f1fc,attnlrp,recall_at_k,0.38461538461538464,target,Modulation,"{'n_gold_tokens': 13, 'k': 13}",e5
task2_plausibility,1d47540a9967f1fc,attnlrp,f1_at_k,0.38461538461538464,target,Modulation,"{'n_gold_tokens': 13, 'k': 13}",e5
task2_plausibility,1d47540a9967f1fc,attnlrp,auprc,0.361016679975198,target,Modulation,"{'n_gold_tokens': 13, 'k': 13}",e5
task2_plausibility,1d47540a9967f1fc,attnlrp,precision_at_k,0.23076923076923078,target,Compression,"{'n_gold_tokens': 13, 'k': 13}",e5
task2_plausibility,1d47540a9967f1fc,attnlrp,recall_at_k,0.23076923076923078,target,Compression,"{'n_gold_tokens': 13, 'k': 13}",e5
task2_plausibility,1d47540a9967f1fc,attnlrp,f1_at_k,0.23076923076923078,target,Compression,"{'n_gold_tokens': 13, 'k': 13}",e5
task2_plausibility,1d47540a9967f1fc,attnlrp,auprc,0.22792543092887868,target,Compression,"{'n_gold_tokens': 13, 'k': 13}",e5
task2_plausibility,1d47540a9967f1fc,attnlrp,precision_at_k,0.3076923076923077,target,Explanation,"{'n_gold_tokens': 13, 'k': 13}",e5
task2_plausibility,1d47540a9967f1fc,attnlrp,recall_at_k,0.3076923076923077,target,Explanation,"{'n_gold_tokens': 13, 'k': 13}",e5
task2_plausibility,1d47540a9967f1fc,attnlrp,f1_at_k,0.3076923076923077,target,Explanation,"{'n_gold_tokens': 13, 'k': 13}",e5
task2_plausibility,1d47540a9967f1fc,attnlrp,auprc,0.24551887000457973,target,Explanation,"{'n_gold_tokens': 13, 'k': 13}",e5
task2_plausibility,1f56c7f2a72ee164,attnlrp,precision_at_k,0.32653061224489793,target,Synonymy,"{'n_gold_tokens': 49, 'k': 49}",e5
task2_plausibility,1f56c7f2a72ee164,attnlrp,recall_at_k,0.32653061224489793,target,Synonymy,"{'n_gold_tokens': 49, 'k': 49}",e5
task2_plausibility,1f56c7f2a72ee164,attnlrp,f1_at_k,0.32653061224489793,target,Synonymy,"{'n_gold_tokens': 49, 'k': 49}",e5
task2_plausibility,1f56c7f2a72ee164,attnlrp,auprc,0.3048990396492918,target,Synonymy,"{'n_gold_tokens': 49, 'k': 49}",e5
task2_plausibility,1f56c7f2a72ee164,attnlrp,precision_at_k,0.30612244897959184,target,Modulation,"{'n_gold_tokens': 49, 'k': 49}",e5
task2_plausibility,1f56c7f2a72ee164,attnlrp,recall_at_k,0.30612244897959184,target,Modulation,"{'n_gold_tokens': 49, 'k': 49}",e5
task2_plausibility,1f56c7f2a72ee164,attnlrp,f1_at_k,0.30612244897959184,target,Modulation,"{'n_gold_tokens': 49, 'k': 49}",e5
task2_plausibility,1f56c7f2a72ee164,attnlrp,auprc,0.3131625304218334,target,Modulation,"{'n_gold_tokens': 49, 'k': 49}",e5
task2_plausibility,1f56c7f2a72ee164,attnlrp,precision_at_k,0.32653061224489793,target,Compression,"{'n_gold_tokens': 49, 'k': 49}",e5
task2_plausibility,1f56c7f2a72ee164,attnlrp,recall_at_k,0.32653061224489793,target,Compression,"{'n_gold_tokens': 49, 'k': 49}",e5
task2_plausibility,1f56c7f2a72ee164,attnlrp,f1_at_k,0.32653061224489793,target,Compression,"{'n_gold_tokens': 49, 'k': 49}",e5
task2_plausibility,1f56c7f2a72ee164,attnlrp,auprc,0.2830163144545418,target,Compression,"{'n_gold_tokens': 49, 'k': 49}",e5
task2_plausibility,1f56c7f2a72ee164,attnlrp,precision_at_k,0.22448979591836735,target,Explanation,"{'n_gold_tokens': 49, 'k': 49}",e5
task2_plausibility,1f56c7f2a72ee164,attnlrp,recall_at_k,0.22448979591836735,target,Explanation,"{'n_gold_tokens': 49, 'k': 49}",e5
task2_plausibility,1f56c7f2a72ee164,attnlrp,f1_at_k,0.22448979591836735,target,Explanation,"{'n_gold_tokens': 49, 'k': 49}",e5
task2_plausibility,1f56c7f2a72ee164,attnlrp,auprc,0.2385799154451872,target,Explanation,"{'n_gold_tokens': 49, 'k': 49}",e5
task2_plausibility,1f56c7f2a72ee164,attnlrp,precision_at_k,0.2653061224489796,target,Syntactic Change,"{'n_gold_tokens': 49, 'k': 49}",e5
task2_plausibility,1f56c7f2a72ee164,attnlrp,recall_at_k,0.2653061224489796,target,Syntactic Change,"{'n_gold_tokens': 49, 'k': 49}",e5
task2_plausibility,1f56c7f2a72ee164,attnlrp,f1_at_k,0.2653061224489796,target,Syntactic Change,"{'n_gold_tokens': 49, 'k': 49}",e5
task2_plausibility,1f56c7f2a72ee164,attnlrp,auprc,0.2626582266848276,target,Syntactic Change,"{'n_gold_tokens': 49, 'k': 49}",e5
task2_plausibility,2122f6c9ab4b63f3,attnlrp,precision_at_k,0.07142857142857142,target,Synonymy,"{'n_gold_tokens': 28, 'k': 28}",e5
task2_plausibility,2122f6c9ab4b63f3,attnlrp,recall_at_k,0.07142857142857142,target,Synonymy,"{'n_gold_tokens': 28, 'k': 28}",e5
task2_plausibility,2122f6c9ab4b63f3,attnlrp,f1_at_k,0.07142857142857142,target,Synonymy,"{'n_gold_tokens': 28, 'k': 28}",e5
task2_plausibility,2122f6c9ab4b63f3,attnlrp,auprc,0.19686652819175526,target,Synonymy,"{'n_gold_tokens': 28, 'k': 28}",e5
task2_plausibility,2122f6c9ab4b63f3,attnlrp,precision_at_k,0.25,target,Modulation,"{'n_gold_tokens': 28, 'k': 28}",e5
task2_plausibility,2122f6c9ab4b63f3,attnlrp,recall_at_k,0.25,target,Modulation,"{'n_gold_tokens': 28, 'k': 28}",e5
task2_plausibility,2122f6c9ab4b63f3,attnlrp,f1_at_k,0.25,target,Modulation,"{'n_gold_tokens': 28, 'k': 28}",e5
task2_plausibility,2122f6c9ab4b63f3,attnlrp,auprc,0.28010001824711245,target,Modulation,"{'n_gold_tokens': 28, 'k': 28}",e5
task2_plausibility,2122f6c9ab4b63f3,attnlrp,precision_at_k,0.14285714285714285,target,Compression,"{'n_gold_tokens': 28, 'k': 28}",e5
task2_plausibility,2122f6c9ab4b63f3,attnlrp,recall_at_k,0.14285714285714285,target,Compression,"{'n_gold_tokens': 28, 'k': 28}",e5
task2_plausibility,2122f6c9ab4b63f3,attnlrp,f1_at_k,0.14285714285714285,target,Compression,"{'n_gold_tokens': 28, 'k': 28}",e5
task2_plausibility,2122f6c9ab4b63f3,attnlrp,auprc,0.19553457028651355,target,Compression,"{'n_gold_tokens': 28, 'k': 28}",e5
task2_plausibility,22c20b08963054b2,attnlrp,precision_at_k,0.1111111111111111,target,Synonymy,"{'n_gold_tokens': 9, 'k': 9}",e5
task2_plausibility,22c20b08963054b2,attnlrp,recall_at_k,0.1111111111111111,target,Synonymy,"{'n_gold_tokens': 9, 'k': 9}",e5
task2_plausibility,22c20b08963054b2,attnlrp,f1_at_k,0.1111111111111111,target,Synonymy,"{'n_gold_tokens': 9, 'k': 9}",e5
task2_plausibility,22c20b08963054b2,attnlrp,auprc,0.10882890784088976,target,Synonymy,"{'n_gold_tokens': 9, 'k': 9}",e5
task2_plausibility,22c20b08963054b2,attnlrp,precision_at_k,0.1111111111111111,target,Modulation,"{'n_gold_tokens': 9, 'k': 9}",e5
task2_plausibility,22c20b08963054b2,attnlrp,recall_at_k,0.1111111111111111,target,Modulation,"{'n_gold_tokens': 9, 'k': 9}",e5
task2_plausibility,22c20b08963054b2,attnlrp,f1_at_k,0.1111111111111111,target,Modulation,"{'n_gold_tokens': 9, 'k': 9}",e5
task2_plausibility,22c20b08963054b2,attnlrp,auprc,0.08905085276238903,target,Modulation,"{'n_gold_tokens': 9, 'k': 9}",e5
task2_plausibility,2c8e30c6dff0f72c,attnlrp,precision_at_k,0.3,target,Synonymy,"{'n_gold_tokens': 20, 'k': 20}",e5
task2_plausibility,2c8e30c6dff0f72c,attnlrp,recall_at_k,0.3,target,Synonymy,"{'n_gold_tokens': 20, 'k': 20}",e5
task2_plausibility,2c8e30c6dff0f72c,attnlrp,f1_at_k,0.3,target,Synonymy,"{'n_gold_tokens': 20, 'k': 20}",e5
task2_plausibility,2c8e30c6dff0f72c,attnlrp,auprc,0.30081190019990406,target,Synonymy,"{'n_gold_tokens': 20, 'k': 20}",e5
task2_plausibility,2c8e30c6dff0f72c,attnlrp,precision_at_k,0.4,target,Modulation,"{'n_gold_tokens': 20, 'k': 20}",e5
task2_plausibility,2c8e30c6dff0f72c,attnlrp,recall_at_k,0.4,target,Modulation,"{'n_gold_tokens': 20, 'k': 20}",e5
task2_plausibility,2c8e30c6dff0f72c,attnlrp,f1_at_k,0.4000000000000001,target,Modulation,"{'n_gold_tokens': 20, 'k': 20}",e5
task2_plausibility,2c8e30c6dff0f72c,attnlrp,auprc,0.5199194185028024,target,Modulation,"{'n_gold_tokens': 20, 'k': 20}",e5
task2_plausibility,2df005283aa2bf6b,attnlrp,precision_at_k,0.4473684210526316,target,Synonymy,"{'n_gold_tokens': 38, 'k': 38}",e5
task2_plausibility,2df005283aa2bf6b,attnlrp,recall_at_k,0.4473684210526316,target,Synonymy,"{'n_gold_tokens': 38, 'k': 38}",e5
task2_plausibility,2df005283aa2bf6b,attnlrp,f1_at_k,0.4473684210526316,target,Synonymy,"{'n_gold_tokens': 38, 'k': 38}",e5
task2_plausibility,2df005283aa2bf6b,attnlrp,auprc,0.38785323010148537,target,Synonymy,"{'n_gold_tokens': 38, 'k': 38}",e5
task2_plausibility,2df005283aa2bf6b,attnlrp,precision_at_k,0.3157894736842105,target,Modulation,"{'n_gold_tokens': 38, 'k': 38}",e5
task2_plausibility,2df005283aa2bf6b,attnlrp,recall_at_k,0.3157894736842105,target,Modulation,"{'n_gold_tokens': 38, 'k': 38}",e5
task2_plausibility,2df005283aa2bf6b,attnlrp,f1_at_k,0.3157894736842105,target,Modulation,"{'n_gold_tokens': 38, 'k': 38}",e5
task2_plausibility,2df005283aa2bf6b,attnlrp,auprc,0.3043703883218395,target,Modulation,"{'n_gold_tokens': 38, 'k': 38}",e5
task2_plausibility,2df005283aa2bf6b,attnlrp,precision_at_k,0.34210526315789475,target,Compression,"{'n_gold_tokens': 38, 'k': 38}",e5
task2_plausibility,2df005283aa2bf6b,attnlrp,recall_at_k,0.34210526315789475,target,Compression,"{'n_gold_tokens': 38, 'k': 38}",e5
task2_plausibility,2df005283aa2bf6b,attnlrp,f1_at_k,0.34210526315789475,target,Compression,"{'n_gold_tokens': 38, 'k': 38}",e5
task2_plausibility,2df005283aa2bf6b,attnlrp,auprc,0.3619865151816156,target,Compression,"{'n_gold_tokens': 38, 'k': 38}",e5
task2_plausibility,317034664215c9dc,attnlrp,precision_at_k,0.1,target,Synonymy,"{'n_gold_tokens': 10, 'k': 10}",e5
task2_plausibility,317034664215c9dc,attnlrp,recall_at_k,0.1,target,Synonymy,"{'n_gold_tokens': 10, 'k': 10}",e5
task2_plausibility,317034664215c9dc,attnlrp,f1_at_k,0.10000000000000002,target,Synonymy,"{'n_gold_tokens': 10, 'k': 10}",e5
task2_plausibility,317034664215c9dc,attnlrp,auprc,0.12077557775041185,target,Synonymy,"{'n_gold_tokens': 10, 'k': 10}",e5
task2_plausibility,317034664215c9dc,attnlrp,precision_at_k,0.1,target,Modulation,"{'n_gold_tokens': 10, 'k': 10}",e5
task2_plausibility,317034664215c9dc,attnlrp,recall_at_k,0.1,target,Modulation,"{'n_gold_tokens': 10, 'k': 10}",e5
task2_plausibility,317034664215c9dc,attnlrp,f1_at_k,0.10000000000000002,target,Modulation,"{'n_gold_tokens': 10, 'k': 10}",e5
task2_plausibility,317034664215c9dc,attnlrp,auprc,0.1297999605453074,target,Modulation,"{'n_gold_tokens': 10, 'k': 10}",e5
task2_plausibility,317034664215c9dc,attnlrp,precision_at_k,0.2,target,Compression,"{'n_gold_tokens': 10, 'k': 10}",e5
task2_plausibility,317034664215c9dc,attnlrp,recall_at_k,0.2,target,Compression,"{'n_gold_tokens': 10, 'k': 10}",e5
task2_plausibility,317034664215c9dc,attnlrp,f1_at_k,0.20000000000000004,target,Compression,"{'n_gold_tokens': 10, 'k': 10}",e5
task2_plausibility,317034664215c9dc,attnlrp,auprc,0.15109071737986268,target,Compression,"{'n_gold_tokens': 10, 'k': 10}",e5
task2_plausibility,31fccd5f26935407,attnlrp,precision_at_k,0.125,target,Synonymy,"{'n_gold_tokens': 8, 'k': 8}",e5
task2_plausibility,31fccd5f26935407,attnlrp,recall_at_k,0.125,target,Synonymy,"{'n_gold_tokens': 8, 'k': 8}",e5
task2_plausibility,31fccd5f26935407,attnlrp,f1_at_k,0.125,target,Synonymy,"{'n_gold_tokens': 8, 'k': 8}",e5
task2_plausibility,31fccd5f26935407,attnlrp,auprc,0.21628473569263043,target,Synonymy,"{'n_gold_tokens': 8, 'k': 8}",e5
task2_plausibility,31fccd5f26935407,attnlrp,precision_at_k,0.5,target,Modulation,"{'n_gold_tokens': 8, 'k': 8}",e5
task2_plausibility,31fccd5f26935407,attnlrp,recall_at_k,0.5,target,Modulation,"{'n_gold_tokens': 8, 'k': 8}",e5
task2_plausibility,31fccd5f26935407,attnlrp,f1_at_k,0.5,target,Modulation,"{'n_gold_tokens': 8, 'k': 8}",e5
task2_plausibility,31fccd5f26935407,attnlrp,auprc,0.4804553998632946,target,Modulation,"{'n_gold_tokens': 8, 'k': 8}",e5
task2_plausibility,32e4e0a44d2567a0,attnlrp,precision_at_k,0.10526315789473684,target,Synonymy,"{'n_gold_tokens': 19, 'k': 19}",e5
task2_plausibility,32e4e0a44d2567a0,attnlrp,recall_at_k,0.10526315789473684,target,Synonymy,"{'n_gold_tokens': 19, 'k': 19}",e5
task2_plausibility,32e4e0a44d2567a0,attnlrp,f1_at_k,0.10526315789473684,target,Synonymy,"{'n_gold_tokens': 19, 'k': 19}",e5
task2_plausibility,32e4e0a44d2567a0,attnlrp,auprc,0.20223441424930433,target,Synonymy,"{'n_gold_tokens': 19, 'k': 19}",e5
task2_plausibility,32e4e0a44d2567a0,attnlrp,precision_at_k,0.15789473684210525,target,Modulation,"{'n_gold_tokens': 19, 'k': 19}",e5
task2_plausibility,32e4e0a44d2567a0,attnlrp,recall_at_k,0.15789473684210525,target,Modulation,"{'n_gold_tokens': 19, 'k': 19}",e5
task2_plausibility,32e4e0a44d2567a0,attnlrp,f1_at_k,0.15789473684210525,target,Modulation,"{'n_gold_tokens': 19, 'k': 19}",e5
task2_plausibility,32e4e0a44d2567a0,attnlrp,auprc,0.19979933952678985,target,Modulation,"{'n_gold_tokens': 19, 'k': 19}",e5
task2_plausibility,32e4e0a44d2567a0,attnlrp,precision_at_k,0.21052631578947367,target,Compression,"{'n_gold_tokens': 19, 'k': 19}",e5
task2_plausibility,32e4e0a44d2567a0,attnlrp,recall_at_k,0.21052631578947367,target,Compression,"{'n_gold_tokens': 19, 'k': 19}",e5
task2_plausibility,32e4e0a44d2567a0,attnlrp,f1_at_k,0.21052631578947367,target,Compression,"{'n_gold_tokens': 19, 'k': 19}",e5
task2_plausibility,32e4e0a44d2567a0,attnlrp,auprc,0.21568450607069292,target,Compression,"{'n_gold_tokens': 19, 'k': 19}",e5
task2_plausibility,378e7f4f603abab7,attnlrp,precision_at_k,0.24390243902439024,target,Synonymy,"{'n_gold_tokens': 41, 'k': 41}",e5
task2_plausibility,378e7f4f603abab7,attnlrp,recall_at_k,0.24390243902439024,target,Synonymy,"{'n_gold_tokens': 41, 'k': 41}",e5
task2_plausibility,378e7f4f603abab7,attnlrp,f1_at_k,0.24390243902439024,target,Synonymy,"{'n_gold_tokens': 41, 'k': 41}",e5
task2_plausibility,378e7f4f603abab7,attnlrp,auprc,0.26268568445231355,target,Synonymy,"{'n_gold_tokens': 41, 'k': 41}",e5
task2_plausibility,378e7f4f603abab7,attnlrp,precision_at_k,0.2926829268292683,target,Modulation,"{'n_gold_tokens': 41, 'k': 41}",e5
task2_plausibility,378e7f4f603abab7,attnlrp,recall_at_k,0.2926829268292683,target,Modulation,"{'n_gold_tokens': 41, 'k': 41}",e5
task2_plausibility,378e7f4f603abab7,attnlrp,f1_at_k,0.2926829268292683,target,Modulation,"{'n_gold_tokens': 41, 'k': 41}",e5
task2_plausibility,378e7f4f603abab7,attnlrp,auprc,0.32651702244468594,target,Modulation,"{'n_gold_tokens': 41, 'k': 41}",e5
task2_plausibility,378e7f4f603abab7,attnlrp,precision_at_k,0.3170731707317073,target,Compression,"{'n_gold_tokens': 41, 'k': 41}",e5
task2_plausibility,378e7f4f603abab7,attnlrp,recall_at_k,0.3170731707317073,target,Compression,"{'n_gold_tokens': 41, 'k': 41}",e5
task2_plausibility,378e7f4f603abab7,attnlrp,f1_at_k,0.3170731707317073,target,Compression,"{'n_gold_tokens': 41, 'k': 41}",e5
task2_plausibility,378e7f4f603abab7,attnlrp,auprc,0.35572011847304696,target,Compression,"{'n_gold_tokens': 41, 'k': 41}",e5
task2_plausibility,378e7f4f603abab7,attnlrp,precision_at_k,0.3902439024390244,target,Explanation,"{'n_gold_tokens': 41, 'k': 41}",e5
task2_plausibility,378e7f4f603abab7,attnlrp,recall_at_k,0.3902439024390244,target,Explanation,"{'n_gold_tokens': 41, 'k': 41}",e5
task2_plausibility,378e7f4f603abab7,attnlrp,f1_at_k,0.3902439024390244,target,Explanation,"{'n_gold_tokens': 41, 'k': 41}",e5
task2_plausibility,378e7f4f603abab7,attnlrp,auprc,0.3178055446545831,target,Explanation,"{'n_gold_tokens': 41, 'k': 41}",e5
task2_plausibility,378e7f4f603abab7,attnlrp,precision_at_k,0.34146341463414637,target,Syntactic Change,"{'n_gold_tokens': 41, 'k': 41}",e5
task2_plausibility,378e7f4f603abab7,attnlrp,recall_at_k,0.34146341463414637,target,Syntactic Change,"{'n_gold_tokens': 41, 'k': 41}",e5
task2_plausibility,378e7f4f603abab7,attnlrp,f1_at_k,0.34146341463414637,target,Syntactic Change,"{'n_gold_tokens': 41, 'k': 41}",e5
task2_plausibility,378e7f4f603abab7,attnlrp,auprc,0.31536409313885627,target,Syntactic Change,"{'n_gold_tokens': 41, 'k': 41}",e5
task2_plausibility,3dc4665f2055c981,attnlrp,precision_at_k,0.25,target,Synonymy,"{'n_gold_tokens': 4, 'k': 4}",e5
task2_plausibility,3dc4665f2055c981,attnlrp,recall_at_k,0.25,target,Synonymy,"{'n_gold_tokens': 4, 'k': 4}",e5
task2_plausibility,3dc4665f2055c981,attnlrp,f1_at_k,0.25,target,Synonymy,"{'n_gold_tokens': 4, 'k': 4}",e5
task2_plausibility,3dc4665f2055c981,attnlrp,auprc,0.25749341238471674,target,Synonymy,"{'n_gold_tokens': 4, 'k': 4}",e5
task2_plausibility,3dc4665f2055c981,attnlrp,precision_at_k,0.5,target,Modulation,"{'n_gold_tokens': 4, 'k': 4}",e5
task2_plausibility,3dc4665f2055c981,attnlrp,recall_at_k,0.5,target,Modulation,"{'n_gold_tokens': 4, 'k': 4}",e5
task2_plausibility,3dc4665f2055c981,attnlrp,f1_at_k,0.5,target,Modulation,"{'n_gold_tokens': 4, 'k': 4}",e5
task2_plausibility,3dc4665f2055c981,attnlrp,auprc,0.4875,target,Modulation,"{'n_gold_tokens': 4, 'k': 4}",e5
task2_plausibility,3dc4665f2055c981,attnlrp,precision_at_k,0.25,target,Compression,"{'n_gold_tokens': 4, 'k': 4}",e5
task2_plausibility,3dc4665f2055c981,attnlrp,recall_at_k,0.25,target,Compression,"{'n_gold_tokens': 4, 'k': 4}",e5
task2_plausibility,3dc4665f2055c981,attnlrp,f1_at_k,0.25,target,Compression,"{'n_gold_tokens': 4, 'k': 4}",e5
task2_plausibility,3dc4665f2055c981,attnlrp,auprc,0.30238095238095236,target,Compression,"{'n_gold_tokens': 4, 'k': 4}",e5
task2_plausibility,3f83553be8513d61,attnlrp,precision_at_k,0.3684210526315789,target,Synonymy,"{'n_gold_tokens': 19, 'k': 19}",e5
task2_plausibility,3f83553be8513d61,attnlrp,recall_at_k,0.3684210526315789,target,Synonymy,"{'n_gold_tokens': 19, 'k': 19}",e5
task2_plausibility,3f83553be8513d61,attnlrp,f1_at_k,0.3684210526315789,target,Synonymy,"{'n_gold_tokens': 19, 'k': 19}",e5
task2_plausibility,3f83553be8513d61,attnlrp,auprc,0.31096962775607884,target,Synonymy,"{'n_gold_tokens': 19, 'k': 19}",e5
task2_plausibility,3f83553be8513d61,attnlrp,precision_at_k,0.3684210526315789,target,Modulation,"{'n_gold_tokens': 19, 'k': 19}",e5
task2_plausibility,3f83553be8513d61,attnlrp,recall_at_k,0.3684210526315789,target,Modulation,"{'n_gold_tokens': 19, 'k': 19}",e5
task2_plausibility,3f83553be8513d61,attnlrp,f1_at_k,0.3684210526315789,target,Modulation,"{'n_gold_tokens': 19, 'k': 19}",e5
task2_plausibility,3f83553be8513d61,attnlrp,auprc,0.3363138179800731,target,Modulation,"{'n_gold_tokens': 19, 'k': 19}",e5
task2_plausibility,3f83553be8513d61,attnlrp,precision_at_k,0.2631578947368421,target,Explanation,"{'n_gold_tokens': 19, 'k': 19}",e5
task2_plausibility,3f83553be8513d61,attnlrp,recall_at_k,0.2631578947368421,target,Explanation,"{'n_gold_tokens': 19, 'k': 19}",e5
task2_plausibility,3f83553be8513d61,attnlrp,f1_at_k,0.2631578947368421,target,Explanation,"{'n_gold_tokens': 19, 'k': 19}",e5
task2_plausibility,3f83553be8513d61,attnlrp,auprc,0.30325586189291653,target,Explanation,"{'n_gold_tokens': 19, 'k': 19}",e5
task2_plausibility,41cea45706409c38,attnlrp,precision_at_k,0.18181818181818182,target,Synonymy,"{'n_gold_tokens': 11, 'k': 11}",e5
task2_plausibility,41cea45706409c38,attnlrp,recall_at_k,0.18181818181818182,target,Synonymy,"{'n_gold_tokens': 11, 'k': 11}",e5
task2_plausibility,41cea45706409c38,attnlrp,f1_at_k,0.18181818181818182,target,Synonymy,"{'n_gold_tokens': 11, 'k': 11}",e5
task2_plausibility,41cea45706409c38,attnlrp,auprc,0.22525026053339264,target,Synonymy,"{'n_gold_tokens': 11, 'k': 11}",e5
task2_plausibility,41cea45706409c38,attnlrp,precision_at_k,0.2727272727272727,target,Modulation,"{'n_gold_tokens': 11, 'k': 11}",e5
task2_plausibility,41cea45706409c38,attnlrp,recall_at_k,0.2727272727272727,target,Modulation,"{'n_gold_tokens': 11, 'k': 11}",e5
task2_plausibility,41cea45706409c38,attnlrp,f1_at_k,0.2727272727272727,target,Modulation,"{'n_gold_tokens': 11, 'k': 11}",e5
task2_plausibility,41cea45706409c38,attnlrp,auprc,0.3196423600166916,target,Modulation,"{'n_gold_tokens': 11, 'k': 11}",e5
task2_plausibility,41cea45706409c38,attnlrp,precision_at_k,0.18181818181818182,target,Compression,"{'n_gold_tokens': 11, 'k': 11}",e5
task2_plausibility,41cea45706409c38,attnlrp,recall_at_k,0.18181818181818182,target,Compression,"{'n_gold_tokens': 11, 'k': 11}",e5
task2_plausibility,41cea45706409c38,attnlrp,f1_at_k,0.18181818181818182,target,Compression,"{'n_gold_tokens': 11, 'k': 11}",e5
task2_plausibility,41cea45706409c38,attnlrp,auprc,0.23240153918079157,target,Compression,"{'n_gold_tokens': 11, 'k': 11}",e5
task2_plausibility,41cea45706409c38,attnlrp,precision_at_k,0.2727272727272727,target,Explanation,"{'n_gold_tokens': 11, 'k': 11}",e5
task2_plausibility,41cea45706409c38,attnlrp,recall_at_k,0.2727272727272727,target,Explanation,"{'n_gold_tokens': 11, 'k': 11}",e5
task2_plausibility,41cea45706409c38,attnlrp,f1_at_k,0.2727272727272727,target,Explanation,"{'n_gold_tokens': 11, 'k': 11}",e5
task2_plausibility,41cea45706409c38,attnlrp,auprc,0.2283064309689015,target,Explanation,"{'n_gold_tokens': 11, 'k': 11}",e5
task2_plausibility,42e8aa037421d076,attnlrp,precision_at_k,0.4166666666666667,target,Synonymy,"{'n_gold_tokens': 36, 'k': 36}",e5
task2_plausibility,42e8aa037421d076,attnlrp,recall_at_k,0.4166666666666667,target,Synonymy,"{'n_gold_tokens': 36, 'k': 36}",e5
task2_plausibility,42e8aa037421d076,attnlrp,f1_at_k,0.4166666666666667,target,Synonymy,"{'n_gold_tokens': 36, 'k': 36}",e5
task2_plausibility,42e8aa037421d076,attnlrp,auprc,0.41061342686257984,target,Synonymy,"{'n_gold_tokens': 36, 'k': 36}",e5
task2_plausibility,42e8aa037421d076,attnlrp,precision_at_k,0.4444444444444444,target,Modulation,"{'n_gold_tokens': 36, 'k': 36}",e5
task2_plausibility,42e8aa037421d076,attnlrp,recall_at_k,0.4444444444444444,target,Modulation,"{'n_gold_tokens': 36, 'k': 36}",e5
task2_plausibility,42e8aa037421d076,attnlrp,f1_at_k,0.4444444444444444,target,Modulation,"{'n_gold_tokens': 36, 'k': 36}",e5
task2_plausibility,42e8aa037421d076,attnlrp,auprc,0.42852430193547836,target,Modulation,"{'n_gold_tokens': 36, 'k': 36}",e5
task2_plausibility,42e8aa037421d076,attnlrp,precision_at_k,0.4444444444444444,target,Compression,"{'n_gold_tokens': 36, 'k': 36}",e5
task2_plausibility,42e8aa037421d076,attnlrp,recall_at_k,0.4444444444444444,target,Compression,"{'n_gold_tokens': 36, 'k': 36}",e5
task2_plausibility,42e8aa037421d076,attnlrp,f1_at_k,0.4444444444444444,target,Compression,"{'n_gold_tokens': 36, 'k': 36}",e5
task2_plausibility,42e8aa037421d076,attnlrp,auprc,0.45937747088400593,target,Compression,"{'n_gold_tokens': 36, 'k': 36}",e5
task2_plausibility,462fac739a2900aa,attnlrp,precision_at_k,0.3448275862068966,target,Synonymy,"{'n_gold_tokens': 29, 'k': 29}",e5
task2_plausibility,462fac739a2900aa,attnlrp,recall_at_k,0.3448275862068966,target,Synonymy,"{'n_gold_tokens': 29, 'k': 29}",e5
task2_plausibility,462fac739a2900aa,attnlrp,f1_at_k,0.3448275862068966,target,Synonymy,"{'n_gold_tokens': 29, 'k': 29}",e5
task2_plausibility,462fac739a2900aa,attnlrp,auprc,0.44494204537044274,target,Synonymy,"{'n_gold_tokens': 29, 'k': 29}",e5
task2_plausibility,462fac739a2900aa,attnlrp,precision_at_k,0.4482758620689655,target,Modulation,"{'n_gold_tokens': 29, 'k': 29}",e5
task2_plausibility,462fac739a2900aa,attnlrp,recall_at_k,0.4482758620689655,target,Modulation,"{'n_gold_tokens': 29, 'k': 29}",e5
task2_plausibility,462fac739a2900aa,attnlrp,f1_at_k,0.4482758620689655,target,Modulation,"{'n_gold_tokens': 29, 'k': 29}",e5
task2_plausibility,462fac739a2900aa,attnlrp,auprc,0.5595905329410934,target,Modulation,"{'n_gold_tokens': 29, 'k': 29}",e5
task2_plausibility,462fac739a2900aa,attnlrp,precision_at_k,0.41379310344827586,target,Explanation,"{'n_gold_tokens': 29, 'k': 29}",e5
task2_plausibility,462fac739a2900aa,attnlrp,recall_at_k,0.41379310344827586,target,Explanation,"{'n_gold_tokens': 29, 'k': 29}",e5
task2_plausibility,462fac739a2900aa,attnlrp,f1_at_k,0.41379310344827586,target,Explanation,"{'n_gold_tokens': 29, 'k': 29}",e5
task2_plausibility,462fac739a2900aa,attnlrp,auprc,0.46829964584723655,target,Explanation,"{'n_gold_tokens': 29, 'k': 29}",e5
task2_plausibility,47364b7a5a5b5cbd,attnlrp,precision_at_k,0.0,target,Synonymy,"{'n_gold_tokens': 2, 'k': 2}",e5
task2_plausibility,47364b7a5a5b5cbd,attnlrp,recall_at_k,0.0,target,Synonymy,"{'n_gold_tokens': 2, 'k': 2}",e5
task2_plausibility,47364b7a5a5b5cbd,attnlrp,f1_at_k,0.0,target,Synonymy,"{'n_gold_tokens': 2, 'k': 2}",e5
task2_plausibility,47364b7a5a5b5cbd,attnlrp,auprc,0.16666666666666666,target,Synonymy,"{'n_gold_tokens': 2, 'k': 2}",e5
task2_plausibility,47364b7a5a5b5cbd,attnlrp,precision_at_k,0.0,target,Modulation,"{'n_gold_tokens': 2, 'k': 2}",e5
task2_plausibility,47364b7a5a5b5cbd,attnlrp,recall_at_k,0.0,target,Modulation,"{'n_gold_tokens': 2, 'k': 2}",e5
task2_plausibility,47364b7a5a5b5cbd,attnlrp,f1_at_k,0.0,target,Modulation,"{'n_gold_tokens': 2, 'k': 2}",e5
task2_plausibility,47364b7a5a5b5cbd,attnlrp,auprc,0.05844155844155844,target,Modulation,"{'n_gold_tokens': 2, 'k': 2}",e5
task2_plausibility,47cb636fc48fc4bd,attnlrp,precision_at_k,0.43243243243243246,target,Synonymy,"{'n_gold_tokens': 37, 'k': 37}",e5
task2_plausibility,47cb636fc48fc4bd,attnlrp,recall_at_k,0.43243243243243246,target,Synonymy,"{'n_gold_tokens': 37, 'k': 37}",e5
task2_plausibility,47cb636fc48fc4bd,attnlrp,f1_at_k,0.43243243243243246,target,Synonymy,"{'n_gold_tokens': 37, 'k': 37}",e5
task2_plausibility,47cb636fc48fc4bd,attnlrp,auprc,0.5006998684054633,target,Synonymy,"{'n_gold_tokens': 37, 'k': 37}",e5
task2_plausibility,47cb636fc48fc4bd,attnlrp,precision_at_k,0.2972972972972973,target,Modulation,"{'n_gold_tokens': 37, 'k': 37}",e5
task2_plausibility,47cb636fc48fc4bd,attnlrp,recall_at_k,0.2972972972972973,target,Modulation,"{'n_gold_tokens': 37, 'k': 37}",e5
task2_plausibility,47cb636fc48fc4bd,attnlrp,f1_at_k,0.2972972972972973,target,Modulation,"{'n_gold_tokens': 37, 'k': 37}",e5
task2_plausibility,47cb636fc48fc4bd,attnlrp,auprc,0.36734820498398557,target,Modulation,"{'n_gold_tokens': 37, 'k': 37}",e5
task2_plausibility,4c738baf46f3aea2,attnlrp,precision_at_k,0.75,target,Synonymy,"{'n_gold_tokens': 20, 'k': 20}",e5
task2_plausibility,4c738baf46f3aea2,attnlrp,recall_at_k,0.75,target,Synonymy,"{'n_gold_tokens': 20, 'k': 20}",e5
task2_plausibility,4c738baf46f3aea2,attnlrp,f1_at_k,0.75,target,Synonymy,"{'n_gold_tokens': 20, 'k': 20}",e5
task2_plausibility,4c738baf46f3aea2,attnlrp,auprc,0.8332617598020629,target,Synonymy,"{'n_gold_tokens': 20, 'k': 20}",e5
task2_plausibility,4c738baf46f3aea2,attnlrp,precision_at_k,0.6,target,Modulation,"{'n_gold_tokens': 20, 'k': 20}",e5
task2_plausibility,4c738baf46f3aea2,attnlrp,recall_at_k,0.6,target,Modulation,"{'n_gold_tokens': 20, 'k': 20}",e5
task2_plausibility,4c738baf46f3aea2,attnlrp,f1_at_k,0.6,target,Modulation,"{'n_gold_tokens': 20, 'k': 20}",e5
task2_plausibility,4c738baf46f3aea2,attnlrp,auprc,0.6559774955059541,target,Modulation,"{'n_gold_tokens': 20, 'k': 20}",e5
task2_plausibility,4d1749d72069551f,attnlrp,precision_at_k,0.46153846153846156,target,Synonymy,"{'n_gold_tokens': 26, 'k': 26}",e5
task2_plausibility,4d1749d72069551f,attnlrp,recall_at_k,0.46153846153846156,target,Synonymy,"{'n_gold_tokens': 26, 'k': 26}",e5
task2_plausibility,4d1749d72069551f,attnlrp,f1_at_k,0.46153846153846156,target,Synonymy,"{'n_gold_tokens': 26, 'k': 26}",e5
task2_plausibility,4d1749d72069551f,attnlrp,auprc,0.5478833686805474,target,Synonymy,"{'n_gold_tokens': 26, 'k': 26}",e5
task2_plausibility,4d1749d72069551f,attnlrp,precision_at_k,0.3076923076923077,target,Modulation,"{'n_gold_tokens': 26, 'k': 26}",e5
task2_plausibility,4d1749d72069551f,attnlrp,recall_at_k,0.3076923076923077,target,Modulation,"{'n_gold_tokens': 26, 'k': 26}",e5
task2_plausibility,4d1749d72069551f,attnlrp,f1_at_k,0.3076923076923077,target,Modulation,"{'n_gold_tokens': 26, 'k': 26}",e5
task2_plausibility,4d1749d72069551f,attnlrp,auprc,0.3244193957207545,target,Modulation,"{'n_gold_tokens': 26, 'k': 26}",e5
task2_plausibility,5033d490c3a4828f,attnlrp,precision_at_k,0.5,target,Synonymy,"{'n_gold_tokens': 36, 'k': 36}",e5
task2_plausibility,5033d490c3a4828f,attnlrp,recall_at_k,0.5,target,Synonymy,"{'n_gold_tokens': 36, 'k': 36}",e5
task2_plausibility,5033d490c3a4828f,attnlrp,f1_at_k,0.5,target,Synonymy,"{'n_gold_tokens': 36, 'k': 36}",e5
task2_plausibility,5033d490c3a4828f,attnlrp,auprc,0.43060977116926175,target,Synonymy,"{'n_gold_tokens': 36, 'k': 36}",e5
task2_plausibility,5033d490c3a4828f,attnlrp,precision_at_k,0.3333333333333333,target,Modulation,"{'n_gold_tokens': 36, 'k': 36}",e5
task2_plausibility,5033d490c3a4828f,attnlrp,recall_at_k,0.3333333333333333,target,Modulation,"{'n_gold_tokens': 36, 'k': 36}",e5
task2_plausibility,5033d490c3a4828f,attnlrp,f1_at_k,0.3333333333333333,target,Modulation,"{'n_gold_tokens': 36, 'k': 36}",e5
task2_plausibility,5033d490c3a4828f,attnlrp,auprc,0.35514466501352504,target,Modulation,"{'n_gold_tokens': 36, 'k': 36}",e5
task2_plausibility,5033d490c3a4828f,attnlrp,precision_at_k,0.3333333333333333,target,Compression,"{'n_gold_tokens': 36, 'k': 36}",e5
task2_plausibility,5033d490c3a4828f,attnlrp,recall_at_k,0.3333333333333333,target,Compression,"{'n_gold_tokens': 36, 'k': 36}",e5
task2_plausibility,5033d490c3a4828f,attnlrp,f1_at_k,0.3333333333333333,target,Compression,"{'n_gold_tokens': 36, 'k': 36}",e5
task2_plausibility,5033d490c3a4828f,attnlrp,auprc,0.3691548626246699,target,Compression,"{'n_gold_tokens': 36, 'k': 36}",e5
task2_plausibility,5033d490c3a4828f,attnlrp,precision_at_k,0.5555555555555556,target,Explanation,"{'n_gold_tokens': 36, 'k': 36}",e5
task2_plausibility,5033d490c3a4828f,attnlrp,recall_at_k,0.5555555555555556,target,Explanation,"{'n_gold_tokens': 36, 'k': 36}",e5
task2_plausibility,5033d490c3a4828f,attnlrp,f1_at_k,0.5555555555555556,target,Explanation,"{'n_gold_tokens': 36, 'k': 36}",e5
task2_plausibility,5033d490c3a4828f,attnlrp,auprc,0.48229975509340894,target,Explanation,"{'n_gold_tokens': 36, 'k': 36}",e5
task2_plausibility,53c4d30896e1b63d,attnlrp,precision_at_k,0.2727272727272727,target,Synonymy,"{'n_gold_tokens': 22, 'k': 22}",e5
task2_plausibility,53c4d30896e1b63d,attnlrp,recall_at_k,0.2727272727272727,target,Synonymy,"{'n_gold_tokens': 22, 'k': 22}",e5
task2_plausibility,53c4d30896e1b63d,attnlrp,f1_at_k,0.2727272727272727,target,Synonymy,"{'n_gold_tokens': 22, 'k': 22}",e5
task2_plausibility,53c4d30896e1b63d,attnlrp,auprc,0.34430205111085044,target,Synonymy,"{'n_gold_tokens': 22, 'k': 22}",e5
task2_plausibility,53c4d30896e1b63d,attnlrp,precision_at_k,0.2727272727272727,target,Modulation,"{'n_gold_tokens': 22, 'k': 22}",e5
task2_plausibility,53c4d30896e1b63d,attnlrp,recall_at_k,0.2727272727272727,target,Modulation,"{'n_gold_tokens': 22, 'k': 22}",e5
task2_plausibility,53c4d30896e1b63d,attnlrp,f1_at_k,0.2727272727272727,target,Modulation,"{'n_gold_tokens': 22, 'k': 22}",e5
task2_plausibility,53c4d30896e1b63d,attnlrp,auprc,0.44755121848621016,target,Modulation,"{'n_gold_tokens': 22, 'k': 22}",e5
task2_plausibility,5586a72dadfe318f,attnlrp,precision_at_k,0.45454545454545453,target,Synonymy,"{'n_gold_tokens': 11, 'k': 11}",e5
task2_plausibility,5586a72dadfe318f,attnlrp,recall_at_k,0.45454545454545453,target,Synonymy,"{'n_gold_tokens': 11, 'k': 11}",e5
task2_plausibility,5586a72dadfe318f,attnlrp,f1_at_k,0.45454545454545453,target,Synonymy,"{'n_gold_tokens': 11, 'k': 11}",e5
task2_plausibility,5586a72dadfe318f,attnlrp,auprc,0.34783827500723397,target,Synonymy,"{'n_gold_tokens': 11, 'k': 11}",e5
task2_plausibility,5586a72dadfe318f,attnlrp,precision_at_k,0.36363636363636365,target,Modulation,"{'n_gold_tokens': 11, 'k': 11}",e5
task2_plausibility,5586a72dadfe318f,attnlrp,recall_at_k,0.36363636363636365,target,Modulation,"{'n_gold_tokens': 11, 'k': 11}",e5
task2_plausibility,5586a72dadfe318f,attnlrp,f1_at_k,0.36363636363636365,target,Modulation,"{'n_gold_tokens': 11, 'k': 11}",e5
task2_plausibility,5586a72dadfe318f,attnlrp,auprc,0.4118714170598142,target,Modulation,"{'n_gold_tokens': 11, 'k': 11}",e5
task2_plausibility,58d57524e3f5c2f2,attnlrp,precision_at_k,0.48148148148148145,target,Synonymy,"{'n_gold_tokens': 27, 'k': 27}",e5
task2_plausibility,58d57524e3f5c2f2,attnlrp,recall_at_k,0.48148148148148145,target,Synonymy,"{'n_gold_tokens': 27, 'k': 27}",e5
task2_plausibility,58d57524e3f5c2f2,attnlrp,f1_at_k,0.48148148148148145,target,Synonymy,"{'n_gold_tokens': 27, 'k': 27}",e5
task2_plausibility,58d57524e3f5c2f2,attnlrp,auprc,0.49154118144569847,target,Synonymy,"{'n_gold_tokens': 27, 'k': 27}",e5
task2_plausibility,58d57524e3f5c2f2,attnlrp,precision_at_k,0.4444444444444444,target,Modulation,"{'n_gold_tokens': 27, 'k': 27}",e5
task2_plausibility,58d57524e3f5c2f2,attnlrp,recall_at_k,0.4444444444444444,target,Modulation,"{'n_gold_tokens': 27, 'k': 27}",e5
task2_plausibility,58d57524e3f5c2f2,attnlrp,f1_at_k,0.4444444444444444,target,Modulation,"{'n_gold_tokens': 27, 'k': 27}",e5
task2_plausibility,58d57524e3f5c2f2,attnlrp,auprc,0.448973787328207,target,Modulation,"{'n_gold_tokens': 27, 'k': 27}",e5
task2_plausibility,58d57524e3f5c2f2,attnlrp,precision_at_k,0.4444444444444444,target,Compression,"{'n_gold_tokens': 27, 'k': 27}",e5
task2_plausibility,58d57524e3f5c2f2,attnlrp,recall_at_k,0.4444444444444444,target,Compression,"{'n_gold_tokens': 27, 'k': 27}",e5
task2_plausibility,58d57524e3f5c2f2,attnlrp,f1_at_k,0.4444444444444444,target,Compression,"{'n_gold_tokens': 27, 'k': 27}",e5
task2_plausibility,58d57524e3f5c2f2,attnlrp,auprc,0.39029563392263644,target,Compression,"{'n_gold_tokens': 27, 'k': 27}",e5
task2_plausibility,58d57524e3f5c2f2,attnlrp,precision_at_k,0.4444444444444444,target,Explanation,"{'n_gold_tokens': 27, 'k': 27}",e5
task2_plausibility,58d57524e3f5c2f2,attnlrp,recall_at_k,0.4444444444444444,target,Explanation,"{'n_gold_tokens': 27, 'k': 27}",e5
task2_plausibility,58d57524e3f5c2f2,attnlrp,f1_at_k,0.4444444444444444,target,Explanation,"{'n_gold_tokens': 27, 'k': 27}",e5
task2_plausibility,58d57524e3f5c2f2,attnlrp,auprc,0.38019714923651204,target,Explanation,"{'n_gold_tokens': 27, 'k': 27}",e5
task2_plausibility,61830656b06634f1,attnlrp,precision_at_k,0.25,target,Synonymy,"{'n_gold_tokens': 4, 'k': 4}",e5
task2_plausibility,61830656b06634f1,attnlrp,recall_at_k,0.25,target,Synonymy,"{'n_gold_tokens': 4, 'k': 4}",e5
task2_plausibility,61830656b06634f1,attnlrp,f1_at_k,0.25,target,Synonymy,"{'n_gold_tokens': 4, 'k': 4}",e5
task2_plausibility,61830656b06634f1,attnlrp,auprc,0.37462121212121213,target,Synonymy,"{'n_gold_tokens': 4, 'k': 4}",e5
task2_plausibility,61830656b06634f1,attnlrp,precision_at_k,0.0,target,Modulation,"{'n_gold_tokens': 4, 'k': 4}",e5
task2_plausibility,61830656b06634f1,attnlrp,recall_at_k,0.0,target,Modulation,"{'n_gold_tokens': 4, 'k': 4}",e5
task2_plausibility,61830656b06634f1,attnlrp,f1_at_k,0.0,target,Modulation,"{'n_gold_tokens': 4, 'k': 4}",e5
task2_plausibility,61830656b06634f1,attnlrp,auprc,0.10734690427895296,target,Modulation,"{'n_gold_tokens': 4, 'k': 4}",e5
task2_plausibility,61830656b06634f1,attnlrp,precision_at_k,0.25,target,Explanation,"{'n_gold_tokens': 4, 'k': 4}",e5
task2_plausibility,61830656b06634f1,attnlrp,recall_at_k,0.25,target,Explanation,"{'n_gold_tokens': 4, 'k': 4}",e5
task2_plausibility,61830656b06634f1,attnlrp,f1_at_k,0.25,target,Explanation,"{'n_gold_tokens': 4, 'k': 4}",e5
task2_plausibility,61830656b06634f1,attnlrp,auprc,0.41569264069264067,target,Explanation,"{'n_gold_tokens': 4, 'k': 4}",e5
task2_plausibility,6a381fb5925d00cc,attnlrp,precision_at_k,0.2631578947368421,target,Synonymy,"{'n_gold_tokens': 19, 'k': 19}",e5
task2_plausibility,6a381fb5925d00cc,attnlrp,recall_at_k,0.2631578947368421,target,Synonymy,"{'n_gold_tokens': 19, 'k': 19}",e5
task2_plausibility,6a381fb5925d00cc,attnlrp,f1_at_k,0.2631578947368421,target,Synonymy,"{'n_gold_tokens': 19, 'k': 19}",e5
task2_plausibility,6a381fb5925d00cc,attnlrp,auprc,0.43327314764341923,target,Synonymy,"{'n_gold_tokens': 19, 'k': 19}",e5
task2_plausibility,6a381fb5925d00cc,attnlrp,precision_at_k,0.3157894736842105,target,Modulation,"{'n_gold_tokens': 19, 'k': 19}",e5
task2_plausibility,6a381fb5925d00cc,attnlrp,recall_at_k,0.3157894736842105,target,Modulation,"{'n_gold_tokens': 19, 'k': 19}",e5
task2_plausibility,6a381fb5925d00cc,attnlrp,f1_at_k,0.3157894736842105,target,Modulation,"{'n_gold_tokens': 19, 'k': 19}",e5
task2_plausibility,6a381fb5925d00cc,attnlrp,auprc,0.44390976597519605,target,Modulation,"{'n_gold_tokens': 19, 'k': 19}",e5
task2_plausibility,6a381fb5925d00cc,attnlrp,precision_at_k,0.47368421052631576,target,Compression,"{'n_gold_tokens': 19, 'k': 19}",e5
task2_plausibility,6a381fb5925d00cc,attnlrp,recall_at_k,0.47368421052631576,target,Compression,"{'n_gold_tokens': 19, 'k': 19}",e5
task2_plausibility,6a381fb5925d00cc,attnlrp,f1_at_k,0.47368421052631576,target,Compression,"{'n_gold_tokens': 19, 'k': 19}",e5
task2_plausibility,6a381fb5925d00cc,attnlrp,auprc,0.573433937740697,target,Compression,"{'n_gold_tokens': 19, 'k': 19}",e5
task2_plausibility,6fe673fecc6e400c,attnlrp,precision_at_k,0.3,target,Synonymy,"{'n_gold_tokens': 10, 'k': 10}",e5
task2_plausibility,6fe673fecc6e400c,attnlrp,recall_at_k,0.3,target,Synonymy,"{'n_gold_tokens': 10, 'k': 10}",e5
task2_plausibility,6fe673fecc6e400c,attnlrp,f1_at_k,0.3,target,Synonymy,"{'n_gold_tokens': 10, 'k': 10}",e5
task2_plausibility,6fe673fecc6e400c,attnlrp,auprc,0.4088102164140962,target,Synonymy,"{'n_gold_tokens': 10, 'k': 10}",e5
task2_plausibility,6fe673fecc6e400c,attnlrp,precision_at_k,0.2,target,Modulation,"{'n_gold_tokens': 10, 'k': 10}",e5
task2_plausibility,6fe673fecc6e400c,attnlrp,recall_at_k,0.2,target,Modulation,"{'n_gold_tokens': 10, 'k': 10}",e5
task2_plausibility,6fe673fecc6e400c,attnlrp,f1_at_k,0.20000000000000004,target,Modulation,"{'n_gold_tokens': 10, 'k': 10}",e5
task2_plausibility,6fe673fecc6e400c,attnlrp,auprc,0.3426017819917392,target,Modulation,"{'n_gold_tokens': 10, 'k': 10}",e5
task2_plausibility,769048676f87662d,attnlrp,precision_at_k,0.35,target,Synonymy,"{'n_gold_tokens': 40, 'k': 40}",e5
task2_plausibility,769048676f87662d,attnlrp,recall_at_k,0.35,target,Synonymy,"{'n_gold_tokens': 40, 'k': 40}",e5
task2_plausibility,769048676f87662d,attnlrp,f1_at_k,0.35,target,Synonymy,"{'n_gold_tokens': 40, 'k': 40}",e5
task2_plausibility,769048676f87662d,attnlrp,auprc,0.40492464789071225,target,Synonymy,"{'n_gold_tokens': 40, 'k': 40}",e5
task2_plausibility,769048676f87662d,attnlrp,precision_at_k,0.45,target,Modulation,"{'n_gold_tokens': 40, 'k': 40}",e5
task2_plausibility,769048676f87662d,attnlrp,recall_at_k,0.45,target,Modulation,"{'n_gold_tokens': 40, 'k': 40}",e5
task2_plausibility,769048676f87662d,attnlrp,f1_at_k,0.45,target,Modulation,"{'n_gold_tokens': 40, 'k': 40}",e5
task2_plausibility,769048676f87662d,attnlrp,auprc,0.4046072639369682,target,Modulation,"{'n_gold_tokens': 40, 'k': 40}",e5
task2_plausibility,769048676f87662d,attnlrp,precision_at_k,0.45,target,Compression,"{'n_gold_tokens': 40, 'k': 40}",e5
task2_plausibility,769048676f87662d,attnlrp,recall_at_k,0.45,target,Compression,"{'n_gold_tokens': 40, 'k': 40}",e5
task2_plausibility,769048676f87662d,attnlrp,f1_at_k,0.45,target,Compression,"{'n_gold_tokens': 40, 'k': 40}",e5
task2_plausibility,769048676f87662d,attnlrp,auprc,0.5302595098365712,target,Compression,"{'n_gold_tokens': 40, 'k': 40}",e5
task2_plausibility,769048676f87662d,attnlrp,precision_at_k,0.525,target,Explanation,"{'n_gold_tokens': 40, 'k': 40}",e5
task2_plausibility,769048676f87662d,attnlrp,recall_at_k,0.525,target,Explanation,"{'n_gold_tokens': 40, 'k': 40}",e5
task2_plausibility,769048676f87662d,attnlrp,f1_at_k,0.525,target,Explanation,"{'n_gold_tokens': 40, 'k': 40}",e5
task2_plausibility,769048676f87662d,attnlrp,auprc,0.5217308325617911,target,Explanation,"{'n_gold_tokens': 40, 'k': 40}",e5
task2_plausibility,7be295f14f785425,attnlrp,precision_at_k,0.6,target,Synonymy,"{'n_gold_tokens': 10, 'k': 10}",e5
task2_plausibility,7be295f14f785425,attnlrp,recall_at_k,0.6,target,Synonymy,"{'n_gold_tokens': 10, 'k': 10}",e5
task2_plausibility,7be295f14f785425,attnlrp,f1_at_k,0.6,target,Synonymy,"{'n_gold_tokens': 10, 'k': 10}",e5
task2_plausibility,7be295f14f785425,attnlrp,auprc,0.5917738187738188,target,Synonymy,"{'n_gold_tokens': 10, 'k': 10}",e5
task2_plausibility,7be295f14f785425,attnlrp,precision_at_k,0.4,target,Modulation,"{'n_gold_tokens': 10, 'k': 10}",e5
task2_plausibility,7be295f14f785425,attnlrp,recall_at_k,0.4,target,Modulation,"{'n_gold_tokens': 10, 'k': 10}",e5
task2_plausibility,7be295f14f785425,attnlrp,f1_at_k,0.4000000000000001,target,Modulation,"{'n_gold_tokens': 10, 'k': 10}",e5
task2_plausibility,7be295f14f785425,attnlrp,auprc,0.2786647304484258,target,Modulation,"{'n_gold_tokens': 10, 'k': 10}",e5
task2_plausibility,7e42bb3d0d6c233d,attnlrp,precision_at_k,0.1,target,Synonymy,"{'n_gold_tokens': 20, 'k': 20}",e5
task2_plausibility,7e42bb3d0d6c233d,attnlrp,recall_at_k,0.1,target,Synonymy,"{'n_gold_tokens': 20, 'k': 20}",e5
task2_plausibility,7e42bb3d0d6c233d,attnlrp,f1_at_k,0.10000000000000002,target,Synonymy,"{'n_gold_tokens': 20, 'k': 20}",e5
task2_plausibility,7e42bb3d0d6c233d,attnlrp,auprc,0.17258263352551434,target,Synonymy,"{'n_gold_tokens': 20, 'k': 20}",e5
task2_plausibility,7e42bb3d0d6c233d,attnlrp,precision_at_k,0.35,target,Modulation,"{'n_gold_tokens': 20, 'k': 20}",e5
task2_plausibility,7e42bb3d0d6c233d,attnlrp,recall_at_k,0.35,target,Modulation,"{'n_gold_tokens': 20, 'k': 20}",e5
task2_plausibility,7e42bb3d0d6c233d,attnlrp,f1_at_k,0.35,target,Modulation,"{'n_gold_tokens': 20, 'k': 20}",e5
task2_plausibility,7e42bb3d0d6c233d,attnlrp,auprc,0.2646754133304416,target,Modulation,"{'n_gold_tokens': 20, 'k': 20}",e5
task2_plausibility,7e42bb3d0d6c233d,attnlrp,precision_at_k,0.25,target,Explanation,"{'n_gold_tokens': 20, 'k': 20}",e5
task2_plausibility,7e42bb3d0d6c233d,attnlrp,recall_at_k,0.25,target,Explanation,"{'n_gold_tokens': 20, 'k': 20}",e5
task2_plausibility,7e42bb3d0d6c233d,attnlrp,f1_at_k,0.25,target,Explanation,"{'n_gold_tokens': 20, 'k': 20}",e5
task2_plausibility,7e42bb3d0d6c233d,attnlrp,auprc,0.2124363298097086,target,Explanation,"{'n_gold_tokens': 20, 'k': 20}",e5
task2_plausibility,7e42bb3d0d6c233d,attnlrp,precision_at_k,0.05,target,Syntactic Change,"{'n_gold_tokens': 20, 'k': 20}",e5
task2_plausibility,7e42bb3d0d6c233d,attnlrp,recall_at_k,0.05,target,Syntactic Change,"{'n_gold_tokens': 20, 'k': 20}",e5
task2_plausibility,7e42bb3d0d6c233d,attnlrp,f1_at_k,0.05000000000000001,target,Syntactic Change,"{'n_gold_tokens': 20, 'k': 20}",e5
task2_plausibility,7e42bb3d0d6c233d,attnlrp,auprc,0.16570251855577803,target,Syntactic Change,"{'n_gold_tokens': 20, 'k': 20}",e5
task2_plausibility,7fab8bd42f1452d7,attnlrp,precision_at_k,0.48148148148148145,target,Synonymy,"{'n_gold_tokens': 27, 'k': 27}",e5
task2_plausibility,7fab8bd42f1452d7,attnlrp,recall_at_k,0.48148148148148145,target,Synonymy,"{'n_gold_tokens': 27, 'k': 27}",e5
task2_plausibility,7fab8bd42f1452d7,attnlrp,f1_at_k,0.48148148148148145,target,Synonymy,"{'n_gold_tokens': 27, 'k': 27}",e5
task2_plausibility,7fab8bd42f1452d7,attnlrp,auprc,0.39742470821125536,target,Synonymy,"{'n_gold_tokens': 27, 'k': 27}",e5
task2_plausibility,7fab8bd42f1452d7,attnlrp,precision_at_k,0.4444444444444444,target,Modulation,"{'n_gold_tokens': 27, 'k': 27}",e5
task2_plausibility,7fab8bd42f1452d7,attnlrp,recall_at_k,0.4444444444444444,target,Modulation,"{'n_gold_tokens': 27, 'k': 27}",e5
task2_plausibility,7fab8bd42f1452d7,attnlrp,f1_at_k,0.4444444444444444,target,Modulation,"{'n_gold_tokens': 27, 'k': 27}",e5
task2_plausibility,7fab8bd42f1452d7,attnlrp,auprc,0.35621327759554583,target,Modulation,"{'n_gold_tokens': 27, 'k': 27}",e5
task2_plausibility,7fab8bd42f1452d7,attnlrp,precision_at_k,0.25925925925925924,target,Compression,"{'n_gold_tokens': 27, 'k': 27}",e5
task2_plausibility,7fab8bd42f1452d7,attnlrp,recall_at_k,0.25925925925925924,target,Compression,"{'n_gold_tokens': 27, 'k': 27}",e5
task2_plausibility,7fab8bd42f1452d7,attnlrp,f1_at_k,0.25925925925925924,target,Compression,"{'n_gold_tokens': 27, 'k': 27}",e5
task2_plausibility,7fab8bd42f1452d7,attnlrp,auprc,0.3210024772921308,target,Compression,"{'n_gold_tokens': 27, 'k': 27}",e5
task2_plausibility,7fab8bd42f1452d7,attnlrp,precision_at_k,0.4444444444444444,target,Explanation,"{'n_gold_tokens': 27, 'k': 27}",e5
task2_plausibility,7fab8bd42f1452d7,attnlrp,recall_at_k,0.4444444444444444,target,Explanation,"{'n_gold_tokens': 27, 'k': 27}",e5
task2_plausibility,7fab8bd42f1452d7,attnlrp,f1_at_k,0.4444444444444444,target,Explanation,"{'n_gold_tokens': 27, 'k': 27}",e5
task2_plausibility,7fab8bd42f1452d7,attnlrp,auprc,0.3558813471651126,target,Explanation,"{'n_gold_tokens': 27, 'k': 27}",e5
task2_plausibility,7fab8bd42f1452d7,attnlrp,precision_at_k,0.3333333333333333,target,Syntactic Change,"{'n_gold_tokens': 27, 'k': 27}",e5
task2_plausibility,7fab8bd42f1452d7,attnlrp,recall_at_k,0.3333333333333333,target,Syntactic Change,"{'n_gold_tokens': 27, 'k': 27}",e5
task2_plausibility,7fab8bd42f1452d7,attnlrp,f1_at_k,0.3333333333333333,target,Syntactic Change,"{'n_gold_tokens': 27, 'k': 27}",e5
task2_plausibility,7fab8bd42f1452d7,attnlrp,auprc,0.398857221191434,target,Syntactic Change,"{'n_gold_tokens': 27, 'k': 27}",e5
task2_plausibility,887f05e8b71dd3ab,attnlrp,precision_at_k,0.21739130434782608,target,Synonymy,"{'n_gold_tokens': 23, 'k': 23}",e5
task2_plausibility,887f05e8b71dd3ab,attnlrp,recall_at_k,0.21739130434782608,target,Synonymy,"{'n_gold_tokens': 23, 'k': 23}",e5
task2_plausibility,887f05e8b71dd3ab,attnlrp,f1_at_k,0.21739130434782608,target,Synonymy,"{'n_gold_tokens': 23, 'k': 23}",e5
task2_plausibility,887f05e8b71dd3ab,attnlrp,auprc,0.21095618791322507,target,Synonymy,"{'n_gold_tokens': 23, 'k': 23}",e5
task2_plausibility,887f05e8b71dd3ab,attnlrp,precision_at_k,0.34782608695652173,target,Modulation,"{'n_gold_tokens': 23, 'k': 23}",e5
task2_plausibility,887f05e8b71dd3ab,attnlrp,recall_at_k,0.34782608695652173,target,Modulation,"{'n_gold_tokens': 23, 'k': 23}",e5
task2_plausibility,887f05e8b71dd3ab,attnlrp,f1_at_k,0.34782608695652173,target,Modulation,"{'n_gold_tokens': 23, 'k': 23}",e5
task2_plausibility,887f05e8b71dd3ab,attnlrp,auprc,0.3477155607404407,target,Modulation,"{'n_gold_tokens': 23, 'k': 23}",e5
task2_plausibility,887f05e8b71dd3ab,attnlrp,precision_at_k,0.2608695652173913,target,Compression,"{'n_gold_tokens': 23, 'k': 23}",e5
task2_plausibility,887f05e8b71dd3ab,attnlrp,recall_at_k,0.2608695652173913,target,Compression,"{'n_gold_tokens': 23, 'k': 23}",e5
task2_plausibility,887f05e8b71dd3ab,attnlrp,f1_at_k,0.2608695652173913,target,Compression,"{'n_gold_tokens': 23, 'k': 23}",e5
task2_plausibility,887f05e8b71dd3ab,attnlrp,auprc,0.2758832350866125,target,Compression,"{'n_gold_tokens': 23, 'k': 23}",e5
task2_plausibility,89d8d14da319ced8,attnlrp,precision_at_k,0.4117647058823529,target,Synonymy,"{'n_gold_tokens': 17, 'k': 17}",e5
task2_plausibility,89d8d14da319ced8,attnlrp,recall_at_k,0.4117647058823529,target,Synonymy,"{'n_gold_tokens': 17, 'k': 17}",e5
task2_plausibility,89d8d14da319ced8,attnlrp,f1_at_k,0.4117647058823529,target,Synonymy,"{'n_gold_tokens': 17, 'k': 17}",e5
task2_plausibility,89d8d14da319ced8,attnlrp,auprc,0.4169820094692122,target,Synonymy,"{'n_gold_tokens': 17, 'k': 17}",e5
task2_plausibility,89d8d14da319ced8,attnlrp,precision_at_k,0.6470588235294118,target,Modulation,"{'n_gold_tokens': 17, 'k': 17}",e5
task2_plausibility,89d8d14da319ced8,attnlrp,recall_at_k,0.6470588235294118,target,Modulation,"{'n_gold_tokens': 17, 'k': 17}",e5
task2_plausibility,89d8d14da319ced8,attnlrp,f1_at_k,0.6470588235294118,target,Modulation,"{'n_gold_tokens': 17, 'k': 17}",e5
task2_plausibility,89d8d14da319ced8,attnlrp,auprc,0.6300377279104586,target,Modulation,"{'n_gold_tokens': 17, 'k': 17}",e5
task2_plausibility,8a650a68aa08d2cc,attnlrp,precision_at_k,0.3333333333333333,target,Synonymy,"{'n_gold_tokens': 24, 'k': 24}",e5
task2_plausibility,8a650a68aa08d2cc,attnlrp,recall_at_k,0.3333333333333333,target,Synonymy,"{'n_gold_tokens': 24, 'k': 24}",e5
task2_plausibility,8a650a68aa08d2cc,attnlrp,f1_at_k,0.3333333333333333,target,Synonymy,"{'n_gold_tokens': 24, 'k': 24}",e5
task2_plausibility,8a650a68aa08d2cc,attnlrp,auprc,0.38524215094107006,target,Synonymy,"{'n_gold_tokens': 24, 'k': 24}",e5
task2_plausibility,8a650a68aa08d2cc,attnlrp,precision_at_k,0.3333333333333333,target,Modulation,"{'n_gold_tokens': 24, 'k': 24}",e5
task2_plausibility,8a650a68aa08d2cc,attnlrp,recall_at_k,0.3333333333333333,target,Modulation,"{'n_gold_tokens': 24, 'k': 24}",e5
task2_plausibility,8a650a68aa08d2cc,attnlrp,f1_at_k,0.3333333333333333,target,Modulation,"{'n_gold_tokens': 24, 'k': 24}",e5
task2_plausibility,8a650a68aa08d2cc,attnlrp,auprc,0.32591214997259205,target,Modulation,"{'n_gold_tokens': 24, 'k': 24}",e5
task2_plausibility,8cba73e50098825a,attnlrp,precision_at_k,0.34146341463414637,target,Synonymy,"{'n_gold_tokens': 41, 'k': 41}",e5
task2_plausibility,8cba73e50098825a,attnlrp,recall_at_k,0.34146341463414637,target,Synonymy,"{'n_gold_tokens': 41, 'k': 41}",e5
task2_plausibility,8cba73e50098825a,attnlrp,f1_at_k,0.34146341463414637,target,Synonymy,"{'n_gold_tokens': 41, 'k': 41}",e5
task2_plausibility,8cba73e50098825a,attnlrp,auprc,0.40590914025528546,target,Synonymy,"{'n_gold_tokens': 41, 'k': 41}",e5
task2_plausibility,8cba73e50098825a,attnlrp,precision_at_k,0.4146341463414634,target,Modulation,"{'n_gold_tokens': 41, 'k': 41}",e5
task2_plausibility,8cba73e50098825a,attnlrp,recall_at_k,0.4146341463414634,target,Modulation,"{'n_gold_tokens': 41, 'k': 41}",e5
task2_plausibility,8cba73e50098825a,attnlrp,f1_at_k,0.4146341463414634,target,Modulation,"{'n_gold_tokens': 41, 'k': 41}",e5
task2_plausibility,8cba73e50098825a,attnlrp,auprc,0.42378830831848857,target,Modulation,"{'n_gold_tokens': 41, 'k': 41}",e5
task2_plausibility,8cba73e50098825a,attnlrp,precision_at_k,0.36585365853658536,target,Compression,"{'n_gold_tokens': 41, 'k': 41}",e5
task2_plausibility,8cba73e50098825a,attnlrp,recall_at_k,0.36585365853658536,target,Compression,"{'n_gold_tokens': 41, 'k': 41}",e5
task2_plausibility,8cba73e50098825a,attnlrp,f1_at_k,0.36585365853658536,target,Compression,"{'n_gold_tokens': 41, 'k': 41}",e5
task2_plausibility,8cba73e50098825a,attnlrp,auprc,0.3913908826762029,target,Compression,"{'n_gold_tokens': 41, 'k': 41}",e5
task2_plausibility,8cba73e50098825a,attnlrp,precision_at_k,0.4146341463414634,target,Explanation,"{'n_gold_tokens': 41, 'k': 41}",e5
task2_plausibility,8cba73e50098825a,attnlrp,recall_at_k,0.4146341463414634,target,Explanation,"{'n_gold_tokens': 41, 'k': 41}",e5
task2_plausibility,8cba73e50098825a,attnlrp,f1_at_k,0.4146341463414634,target,Explanation,"{'n_gold_tokens': 41, 'k': 41}",e5
task2_plausibility,8cba73e50098825a,attnlrp,auprc,0.4184510813539012,target,Explanation,"{'n_gold_tokens': 41, 'k': 41}",e5
task2_plausibility,8cba73e50098825a,attnlrp,precision_at_k,0.36585365853658536,target,Syntactic Change,"{'n_gold_tokens': 41, 'k': 41}",e5
task2_plausibility,8cba73e50098825a,attnlrp,recall_at_k,0.36585365853658536,target,Syntactic Change,"{'n_gold_tokens': 41, 'k': 41}",e5
task2_plausibility,8cba73e50098825a,attnlrp,f1_at_k,0.36585365853658536,target,Syntactic Change,"{'n_gold_tokens': 41, 'k': 41}",e5
task2_plausibility,8cba73e50098825a,attnlrp,auprc,0.3904972105633419,target,Syntactic Change,"{'n_gold_tokens': 41, 'k': 41}",e5
task2_plausibility,919751b148c54518,attnlrp,precision_at_k,0.09090909090909091,target,Synonymy,"{'n_gold_tokens': 11, 'k': 11}",e5
task2_plausibility,919751b148c54518,attnlrp,recall_at_k,0.09090909090909091,target,Synonymy,"{'n_gold_tokens': 11, 'k': 11}",e5
task2_plausibility,919751b148c54518,attnlrp,f1_at_k,0.09090909090909091,target,Synonymy,"{'n_gold_tokens': 11, 'k': 11}",e5
task2_plausibility,919751b148c54518,attnlrp,auprc,0.2942035093389583,target,Synonymy,"{'n_gold_tokens': 11, 'k': 11}",e5
task2_plausibility,919751b148c54518,attnlrp,precision_at_k,0.2727272727272727,target,Modulation,"{'n_gold_tokens': 11, 'k': 11}",e5
task2_plausibility,919751b148c54518,attnlrp,recall_at_k,0.2727272727272727,target,Modulation,"{'n_gold_tokens': 11, 'k': 11}",e5
task2_plausibility,919751b148c54518,attnlrp,f1_at_k,0.2727272727272727,target,Modulation,"{'n_gold_tokens': 11, 'k': 11}",e5
task2_plausibility,919751b148c54518,attnlrp,auprc,0.29307422997909455,target,Modulation,"{'n_gold_tokens': 11, 'k': 11}",e5
task2_plausibility,9343b98a90c34a2b,attnlrp,precision_at_k,0.3870967741935484,target,Synonymy,"{'n_gold_tokens': 31, 'k': 31}",e5
task2_plausibility,9343b98a90c34a2b,attnlrp,recall_at_k,0.3870967741935484,target,Synonymy,"{'n_gold_tokens': 31, 'k': 31}",e5
task2_plausibility,9343b98a90c34a2b,attnlrp,f1_at_k,0.3870967741935484,target,Synonymy,"{'n_gold_tokens': 31, 'k': 31}",e5
task2_plausibility,9343b98a90c34a2b,attnlrp,auprc,0.39599181055270427,target,Synonymy,"{'n_gold_tokens': 31, 'k': 31}",e5
task2_plausibility,9343b98a90c34a2b,attnlrp,precision_at_k,0.3870967741935484,target,Modulation,"{'n_gold_tokens': 31, 'k': 31}",e5
task2_plausibility,9343b98a90c34a2b,attnlrp,recall_at_k,0.3870967741935484,target,Modulation,"{'n_gold_tokens': 31, 'k': 31}",e5
task2_plausibility,9343b98a90c34a2b,attnlrp,f1_at_k,0.3870967741935484,target,Modulation,"{'n_gold_tokens': 31, 'k': 31}",e5
task2_plausibility,9343b98a90c34a2b,attnlrp,auprc,0.45749585155172967,target,Modulation,"{'n_gold_tokens': 31, 'k': 31}",e5
task2_plausibility,9343b98a90c34a2b,attnlrp,precision_at_k,0.41935483870967744,target,Compression,"{'n_gold_tokens': 31, 'k': 31}",e5
task2_plausibility,9343b98a90c34a2b,attnlrp,recall_at_k,0.41935483870967744,target,Compression,"{'n_gold_tokens': 31, 'k': 31}",e5
task2_plausibility,9343b98a90c34a2b,attnlrp,f1_at_k,0.41935483870967744,target,Compression,"{'n_gold_tokens': 31, 'k': 31}",e5
task2_plausibility,9343b98a90c34a2b,attnlrp,auprc,0.4814284880620743,target,Compression,"{'n_gold_tokens': 31, 'k': 31}",e5
task2_plausibility,9f0cc06bb06a20ad,attnlrp,precision_at_k,0.16129032258064516,target,Synonymy,"{'n_gold_tokens': 31, 'k': 31}",e5
task2_plausibility,9f0cc06bb06a20ad,attnlrp,recall_at_k,0.16129032258064516,target,Synonymy,"{'n_gold_tokens': 31, 'k': 31}",e5
task2_plausibility,9f0cc06bb06a20ad,attnlrp,f1_at_k,0.16129032258064516,target,Synonymy,"{'n_gold_tokens': 31, 'k': 31}",e5
task2_plausibility,9f0cc06bb06a20ad,attnlrp,auprc,0.2307210301288846,target,Synonymy,"{'n_gold_tokens': 31, 'k': 31}",e5
task2_plausibility,9f0cc06bb06a20ad,attnlrp,precision_at_k,0.2903225806451613,target,Modulation,"{'n_gold_tokens': 31, 'k': 31}",e5
task2_plausibility,9f0cc06bb06a20ad,attnlrp,recall_at_k,0.2903225806451613,target,Modulation,"{'n_gold_tokens': 31, 'k': 31}",e5
task2_plausibility,9f0cc06bb06a20ad,attnlrp,f1_at_k,0.2903225806451613,target,Modulation,"{'n_gold_tokens': 31, 'k': 31}",e5
task2_plausibility,9f0cc06bb06a20ad,attnlrp,auprc,0.30922870670512503,target,Modulation,"{'n_gold_tokens': 31, 'k': 31}",e5
task2_plausibility,9f0cc06bb06a20ad,attnlrp,precision_at_k,0.3548387096774194,target,Compression,"{'n_gold_tokens': 31, 'k': 31}",e5
task2_plausibility,9f0cc06bb06a20ad,attnlrp,recall_at_k,0.3548387096774194,target,Compression,"{'n_gold_tokens': 31, 'k': 31}",e5
task2_plausibility,9f0cc06bb06a20ad,attnlrp,f1_at_k,0.35483870967741943,target,Compression,"{'n_gold_tokens': 31, 'k': 31}",e5
task2_plausibility,9f0cc06bb06a20ad,attnlrp,auprc,0.3636132751255082,target,Compression,"{'n_gold_tokens': 31, 'k': 31}",e5
task2_plausibility,9f13c94af8c8dcb9,attnlrp,precision_at_k,0.3333333333333333,target,Synonymy,"{'n_gold_tokens': 30, 'k': 30}",e5
task2_plausibility,9f13c94af8c8dcb9,attnlrp,recall_at_k,0.3333333333333333,target,Synonymy,"{'n_gold_tokens': 30, 'k': 30}",e5
task2_plausibility,9f13c94af8c8dcb9,attnlrp,f1_at_k,0.3333333333333333,target,Synonymy,"{'n_gold_tokens': 30, 'k': 30}",e5
task2_plausibility,9f13c94af8c8dcb9,attnlrp,auprc,0.37390388223783366,target,Synonymy,"{'n_gold_tokens': 30, 'k': 30}",e5
task2_plausibility,9f13c94af8c8dcb9,attnlrp,precision_at_k,0.3,target,Modulation,"{'n_gold_tokens': 30, 'k': 30}",e5
task2_plausibility,9f13c94af8c8dcb9,attnlrp,recall_at_k,0.3,target,Modulation,"{'n_gold_tokens': 30, 'k': 30}",e5
task2_plausibility,9f13c94af8c8dcb9,attnlrp,f1_at_k,0.3,target,Modulation,"{'n_gold_tokens': 30, 'k': 30}",e5
task2_plausibility,9f13c94af8c8dcb9,attnlrp,auprc,0.27415857470970695,target,Modulation,"{'n_gold_tokens': 30, 'k': 30}",e5
task2_plausibility,9f13c94af8c8dcb9,attnlrp,precision_at_k,0.36666666666666664,target,Compression,"{'n_gold_tokens': 30, 'k': 30}",e5
task2_plausibility,9f13c94af8c8dcb9,attnlrp,recall_at_k,0.36666666666666664,target,Compression,"{'n_gold_tokens': 30, 'k': 30}",e5
task2_plausibility,9f13c94af8c8dcb9,attnlrp,f1_at_k,0.36666666666666664,target,Compression,"{'n_gold_tokens': 30, 'k': 30}",e5
task2_plausibility,9f13c94af8c8dcb9,attnlrp,auprc,0.3125681349997345,target,Compression,"{'n_gold_tokens': 30, 'k': 30}",e5
task2_plausibility,9f13c94af8c8dcb9,attnlrp,precision_at_k,0.26666666666666666,target,Explanation,"{'n_gold_tokens': 30, 'k': 30}",e5
task2_plausibility,9f13c94af8c8dcb9,attnlrp,recall_at_k,0.26666666666666666,target,Explanation,"{'n_gold_tokens': 30, 'k': 30}",e5
task2_plausibility,9f13c94af8c8dcb9,attnlrp,f1_at_k,0.26666666666666666,target,Explanation,"{'n_gold_tokens': 30, 'k': 30}",e5
task2_plausibility,9f13c94af8c8dcb9,attnlrp,auprc,0.2757968036349874,target,Explanation,"{'n_gold_tokens': 30, 'k': 30}",e5
task2_plausibility,a31adca83e5d0797,attnlrp,precision_at_k,0.21875,target,Synonymy,"{'n_gold_tokens': 32, 'k': 32}",e5
task2_plausibility,a31adca83e5d0797,attnlrp,recall_at_k,0.21875,target,Synonymy,"{'n_gold_tokens': 32, 'k': 32}",e5
task2_plausibility,a31adca83e5d0797,attnlrp,f1_at_k,0.21875,target,Synonymy,"{'n_gold_tokens': 32, 'k': 32}",e5
task2_plausibility,a31adca83e5d0797,attnlrp,auprc,0.23715546280963845,target,Synonymy,"{'n_gold_tokens': 32, 'k': 32}",e5
task2_plausibility,a31adca83e5d0797,attnlrp,precision_at_k,0.3125,target,Modulation,"{'n_gold_tokens': 32, 'k': 32}",e5
task2_plausibility,a31adca83e5d0797,attnlrp,recall_at_k,0.3125,target,Modulation,"{'n_gold_tokens': 32, 'k': 32}",e5
task2_plausibility,a31adca83e5d0797,attnlrp,f1_at_k,0.3125,target,Modulation,"{'n_gold_tokens': 32, 'k': 32}",e5
task2_plausibility,a31adca83e5d0797,attnlrp,auprc,0.2774460597404016,target,Modulation,"{'n_gold_tokens': 32, 'k': 32}",e5
task2_plausibility,a31adca83e5d0797,attnlrp,precision_at_k,0.28125,target,Compression,"{'n_gold_tokens': 32, 'k': 32}",e5
task2_plausibility,a31adca83e5d0797,attnlrp,recall_at_k,0.28125,target,Compression,"{'n_gold_tokens': 32, 'k': 32}",e5
task2_plausibility,a31adca83e5d0797,attnlrp,f1_at_k,0.28125,target,Compression,"{'n_gold_tokens': 32, 'k': 32}",e5
task2_plausibility,a31adca83e5d0797,attnlrp,auprc,0.3009075441066978,target,Compression,"{'n_gold_tokens': 32, 'k': 32}",e5
task2_plausibility,a31adca83e5d0797,attnlrp,precision_at_k,0.3125,target,Explanation,"{'n_gold_tokens': 32, 'k': 32}",e5
task2_plausibility,a31adca83e5d0797,attnlrp,recall_at_k,0.3125,target,Explanation,"{'n_gold_tokens': 32, 'k': 32}",e5
task2_plausibility,a31adca83e5d0797,attnlrp,f1_at_k,0.3125,target,Explanation,"{'n_gold_tokens': 32, 'k': 32}",e5
task2_plausibility,a31adca83e5d0797,attnlrp,auprc,0.2859256766716251,target,Explanation,"{'n_gold_tokens': 32, 'k': 32}",e5
task2_plausibility,a31adca83e5d0797,attnlrp,precision_at_k,0.125,target,Syntactic Change,"{'n_gold_tokens': 32, 'k': 32}",e5
task2_plausibility,a31adca83e5d0797,attnlrp,recall_at_k,0.125,target,Syntactic Change,"{'n_gold_tokens': 32, 'k': 32}",e5
task2_plausibility,a31adca83e5d0797,attnlrp,f1_at_k,0.125,target,Syntactic Change,"{'n_gold_tokens': 32, 'k': 32}",e5
task2_plausibility,a31adca83e5d0797,attnlrp,auprc,0.1996379143605897,target,Syntactic Change,"{'n_gold_tokens': 32, 'k': 32}",e5
task2_plausibility,a440ffc1899ac246,attnlrp,precision_at_k,0.0,target,Synonymy,"{'n_gold_tokens': 2, 'k': 2}",e5
task2_plausibility,a440ffc1899ac246,attnlrp,recall_at_k,0.0,target,Synonymy,"{'n_gold_tokens': 2, 'k': 2}",e5
task2_plausibility,a440ffc1899ac246,attnlrp,f1_at_k,0.0,target,Synonymy,"{'n_gold_tokens': 2, 'k': 2}",e5
task2_plausibility,a440ffc1899ac246,attnlrp,auprc,0.058333333333333334,target,Synonymy,"{'n_gold_tokens': 2, 'k': 2}",e5
task2_plausibility,a440ffc1899ac246,attnlrp,precision_at_k,0.0,target,Modulation,"{'n_gold_tokens': 2, 'k': 2}",e5
task2_plausibility,a440ffc1899ac246,attnlrp,recall_at_k,0.0,target,Modulation,"{'n_gold_tokens': 2, 'k': 2}",e5
task2_plausibility,a440ffc1899ac246,attnlrp,f1_at_k,0.0,target,Modulation,"{'n_gold_tokens': 2, 'k': 2}",e5
task2_plausibility,a440ffc1899ac246,attnlrp,auprc,0.05721003134796238,target,Modulation,"{'n_gold_tokens': 2, 'k': 2}",e5
task2_plausibility,a4b4c81ab3ff1c8a,attnlrp,precision_at_k,0.34177215189873417,target,Synonymy,"{'n_gold_tokens': 79, 'k': 79}",e5
task2_plausibility,a4b4c81ab3ff1c8a,attnlrp,recall_at_k,0.34177215189873417,target,Synonymy,"{'n_gold_tokens': 79, 'k': 79}",e5
task2_plausibility,a4b4c81ab3ff1c8a,attnlrp,f1_at_k,0.34177215189873417,target,Synonymy,"{'n_gold_tokens': 79, 'k': 79}",e5
task2_plausibility,a4b4c81ab3ff1c8a,attnlrp,auprc,0.3686468036807188,target,Synonymy,"{'n_gold_tokens': 79, 'k': 79}",e5
task2_plausibility,a4b4c81ab3ff1c8a,attnlrp,precision_at_k,0.3291139240506329,target,Modulation,"{'n_gold_tokens': 79, 'k': 79}",e5
task2_plausibility,a4b4c81ab3ff1c8a,attnlrp,recall_at_k,0.3291139240506329,target,Modulation,"{'n_gold_tokens': 79, 'k': 79}",e5
task2_plausibility,a4b4c81ab3ff1c8a,attnlrp,f1_at_k,0.3291139240506329,target,Modulation,"{'n_gold_tokens': 79, 'k': 79}",e5
task2_plausibility,a4b4c81ab3ff1c8a,attnlrp,auprc,0.3862273422305602,target,Modulation,"{'n_gold_tokens': 79, 'k': 79}",e5
task2_plausibility,a4b4c81ab3ff1c8a,attnlrp,precision_at_k,0.31645569620253167,target,Compression,"{'n_gold_tokens': 79, 'k': 79}",e5
task2_plausibility,a4b4c81ab3ff1c8a,attnlrp,recall_at_k,0.31645569620253167,target,Compression,"{'n_gold_tokens': 79, 'k': 79}",e5
task2_plausibility,a4b4c81ab3ff1c8a,attnlrp,f1_at_k,0.31645569620253167,target,Compression,"{'n_gold_tokens': 79, 'k': 79}",e5
task2_plausibility,a4b4c81ab3ff1c8a,attnlrp,auprc,0.32811719829296193,target,Compression,"{'n_gold_tokens': 79, 'k': 79}",e5
task2_plausibility,a4b4c81ab3ff1c8a,attnlrp,precision_at_k,0.2911392405063291,target,Explanation,"{'n_gold_tokens': 79, 'k': 79}",e5
task2_plausibility,a4b4c81ab3ff1c8a,attnlrp,recall_at_k,0.2911392405063291,target,Explanation,"{'n_gold_tokens': 79, 'k': 79}",e5
task2_plausibility,a4b4c81ab3ff1c8a,attnlrp,f1_at_k,0.2911392405063291,target,Explanation,"{'n_gold_tokens': 79, 'k': 79}",e5
task2_plausibility,a4b4c81ab3ff1c8a,attnlrp,auprc,0.3538488627910431,target,Explanation,"{'n_gold_tokens': 79, 'k': 79}",e5
task2_plausibility,a4b4c81ab3ff1c8a,attnlrp,precision_at_k,0.3291139240506329,target,Syntactic Change,"{'n_gold_tokens': 79, 'k': 79}",e5
task2_plausibility,a4b4c81ab3ff1c8a,attnlrp,recall_at_k,0.3291139240506329,target,Syntactic Change,"{'n_gold_tokens': 79, 'k': 79}",e5
task2_plausibility,a4b4c81ab3ff1c8a,attnlrp,f1_at_k,0.3291139240506329,target,Syntactic Change,"{'n_gold_tokens': 79, 'k': 79}",e5
task2_plausibility,a4b4c81ab3ff1c8a,attnlrp,auprc,0.29942009754469145,target,Syntactic Change,"{'n_gold_tokens': 79, 'k': 79}",e5
task2_plausibility,acf669227b6d0c5e,attnlrp,precision_at_k,0.37037037037037035,target,Synonymy,"{'n_gold_tokens': 27, 'k': 27}",e5
task2_plausibility,acf669227b6d0c5e,attnlrp,recall_at_k,0.37037037037037035,target,Synonymy,"{'n_gold_tokens': 27, 'k': 27}",e5
task2_plausibility,acf669227b6d0c5e,attnlrp,f1_at_k,0.37037037037037035,target,Synonymy,"{'n_gold_tokens': 27, 'k': 27}",e5
task2_plausibility,acf669227b6d0c5e,attnlrp,auprc,0.3080804255213288,target,Synonymy,"{'n_gold_tokens': 27, 'k': 27}",e5
task2_plausibility,acf669227b6d0c5e,attnlrp,precision_at_k,0.2222222222222222,target,Modulation,"{'n_gold_tokens': 27, 'k': 27}",e5
task2_plausibility,acf669227b6d0c5e,attnlrp,recall_at_k,0.2222222222222222,target,Modulation,"{'n_gold_tokens': 27, 'k': 27}",e5
task2_plausibility,acf669227b6d0c5e,attnlrp,f1_at_k,0.2222222222222222,target,Modulation,"{'n_gold_tokens': 27, 'k': 27}",e5
task2_plausibility,acf669227b6d0c5e,attnlrp,auprc,0.24887492180933074,target,Modulation,"{'n_gold_tokens': 27, 'k': 27}",e5
task2_plausibility,ad30039ef6623faf,attnlrp,precision_at_k,0.25,target,Synonymy,"{'n_gold_tokens': 12, 'k': 12}",e5
task2_plausibility,ad30039ef6623faf,attnlrp,recall_at_k,0.25,target,Synonymy,"{'n_gold_tokens': 12, 'k': 12}",e5
task2_plausibility,ad30039ef6623faf,attnlrp,f1_at_k,0.25,target,Synonymy,"{'n_gold_tokens': 12, 'k': 12}",e5
task2_plausibility,ad30039ef6623faf,attnlrp,auprc,0.2685589559114696,target,Synonymy,"{'n_gold_tokens': 12, 'k': 12}",e5
task2_plausibility,ad30039ef6623faf,attnlrp,precision_at_k,0.4166666666666667,target,Modulation,"{'n_gold_tokens': 12, 'k': 12}",e5
task2_plausibility,ad30039ef6623faf,attnlrp,recall_at_k,0.4166666666666667,target,Modulation,"{'n_gold_tokens': 12, 'k': 12}",e5
task2_plausibility,ad30039ef6623faf,attnlrp,f1_at_k,0.4166666666666667,target,Modulation,"{'n_gold_tokens': 12, 'k': 12}",e5
task2_plausibility,ad30039ef6623faf,attnlrp,auprc,0.41484434352234206,target,Modulation,"{'n_gold_tokens': 12, 'k': 12}",e5
task2_plausibility,ad30039ef6623faf,attnlrp,precision_at_k,0.25,target,Compression,"{'n_gold_tokens': 12, 'k': 12}",e5
task2_plausibility,ad30039ef6623faf,attnlrp,recall_at_k,0.25,target,Compression,"{'n_gold_tokens': 12, 'k': 12}",e5
task2_plausibility,ad30039ef6623faf,attnlrp,f1_at_k,0.25,target,Compression,"{'n_gold_tokens': 12, 'k': 12}",e5
task2_plausibility,ad30039ef6623faf,attnlrp,auprc,0.22833674389583386,target,Compression,"{'n_gold_tokens': 12, 'k': 12}",e5
task2_plausibility,ad30039ef6623faf,attnlrp,precision_at_k,0.3333333333333333,target,Explanation,"{'n_gold_tokens': 12, 'k': 12}",e5
task2_plausibility,ad30039ef6623faf,attnlrp,recall_at_k,0.3333333333333333,target,Explanation,"{'n_gold_tokens': 12, 'k': 12}",e5
task2_plausibility,ad30039ef6623faf,attnlrp,f1_at_k,0.3333333333333333,target,Explanation,"{'n_gold_tokens': 12, 'k': 12}",e5
task2_plausibility,ad30039ef6623faf,attnlrp,auprc,0.26117626926450455,target,Explanation,"{'n_gold_tokens': 12, 'k': 12}",e5
task2_plausibility,b1ca764381c907f0,attnlrp,precision_at_k,0.0,target,Synonymy,"{'n_gold_tokens': 6, 'k': 6}",e5
task2_plausibility,b1ca764381c907f0,attnlrp,recall_at_k,0.0,target,Synonymy,"{'n_gold_tokens': 6, 'k': 6}",e5
task2_plausibility,b1ca764381c907f0,attnlrp,f1_at_k,0.0,target,Synonymy,"{'n_gold_tokens': 6, 'k': 6}",e5
task2_plausibility,b1ca764381c907f0,attnlrp,auprc,0.1596493783993784,target,Synonymy,"{'n_gold_tokens': 6, 'k': 6}",e5
task2_plausibility,b1ca764381c907f0,attnlrp,precision_at_k,0.3333333333333333,target,Modulation,"{'n_gold_tokens': 6, 'k': 6}",e5
task2_plausibility,b1ca764381c907f0,attnlrp,recall_at_k,0.3333333333333333,target,Modulation,"{'n_gold_tokens': 6, 'k': 6}",e5
task2_plausibility,b1ca764381c907f0,attnlrp,f1_at_k,0.3333333333333333,target,Modulation,"{'n_gold_tokens': 6, 'k': 6}",e5
task2_plausibility,b1ca764381c907f0,attnlrp,auprc,0.3463423050379572,target,Modulation,"{'n_gold_tokens': 6, 'k': 6}",e5
task2_plausibility,b455168ec6a07fe5,attnlrp,precision_at_k,0.09090909090909091,target,Synonymy,"{'n_gold_tokens': 11, 'k': 11}",e5
task2_plausibility,b455168ec6a07fe5,attnlrp,recall_at_k,0.09090909090909091,target,Synonymy,"{'n_gold_tokens': 11, 'k': 11}",e5
task2_plausibility,b455168ec6a07fe5,attnlrp,f1_at_k,0.09090909090909091,target,Synonymy,"{'n_gold_tokens': 11, 'k': 11}",e5
task2_plausibility,b455168ec6a07fe5,attnlrp,auprc,0.2024999200215385,target,Synonymy,"{'n_gold_tokens': 11, 'k': 11}",e5
task2_plausibility,b455168ec6a07fe5,attnlrp,precision_at_k,0.09090909090909091,target,Modulation,"{'n_gold_tokens': 11, 'k': 11}",e5
task2_plausibility,b455168ec6a07fe5,attnlrp,recall_at_k,0.09090909090909091,target,Modulation,"{'n_gold_tokens': 11, 'k': 11}",e5
task2_plausibility,b455168ec6a07fe5,attnlrp,f1_at_k,0.09090909090909091,target,Modulation,"{'n_gold_tokens': 11, 'k': 11}",e5
task2_plausibility,b455168ec6a07fe5,attnlrp,auprc,0.18794612725641724,target,Modulation,"{'n_gold_tokens': 11, 'k': 11}",e5
task2_plausibility,b455168ec6a07fe5,attnlrp,precision_at_k,0.18181818181818182,target,Compression,"{'n_gold_tokens': 11, 'k': 11}",e5
task2_plausibility,b455168ec6a07fe5,attnlrp,recall_at_k,0.18181818181818182,target,Compression,"{'n_gold_tokens': 11, 'k': 11}",e5
task2_plausibility,b455168ec6a07fe5,attnlrp,f1_at_k,0.18181818181818182,target,Compression,"{'n_gold_tokens': 11, 'k': 11}",e5
task2_plausibility,b455168ec6a07fe5,attnlrp,auprc,0.17810661366191838,target,Compression,"{'n_gold_tokens': 11, 'k': 11}",e5
task2_plausibility,b455168ec6a07fe5,attnlrp,precision_at_k,0.09090909090909091,target,Explanation,"{'n_gold_tokens': 11, 'k': 11}",e5
task2_plausibility,b455168ec6a07fe5,attnlrp,recall_at_k,0.09090909090909091,target,Explanation,"{'n_gold_tokens': 11, 'k': 11}",e5
task2_plausibility,b455168ec6a07fe5,attnlrp,f1_at_k,0.09090909090909091,target,Explanation,"{'n_gold_tokens': 11, 'k': 11}",e5
task2_plausibility,b455168ec6a07fe5,attnlrp,auprc,0.22925387728858407,target,Explanation,"{'n_gold_tokens': 11, 'k': 11}",e5
task2_plausibility,b49711b7a2a493e7,attnlrp,precision_at_k,0.5294117647058824,target,Synonymy,"{'n_gold_tokens': 17, 'k': 17}",e5
task2_plausibility,b49711b7a2a493e7,attnlrp,recall_at_k,0.5294117647058824,target,Synonymy,"{'n_gold_tokens': 17, 'k': 17}",e5
task2_plausibility,b49711b7a2a493e7,attnlrp,f1_at_k,0.5294117647058824,target,Synonymy,"{'n_gold_tokens': 17, 'k': 17}",e5
task2_plausibility,b49711b7a2a493e7,attnlrp,auprc,0.5292557296504665,target,Synonymy,"{'n_gold_tokens': 17, 'k': 17}",e5
task2_plausibility,b49711b7a2a493e7,attnlrp,precision_at_k,0.47058823529411764,target,Modulation,"{'n_gold_tokens': 17, 'k': 17}",e5
task2_plausibility,b49711b7a2a493e7,attnlrp,recall_at_k,0.47058823529411764,target,Modulation,"{'n_gold_tokens': 17, 'k': 17}",e5
task2_plausibility,b49711b7a2a493e7,attnlrp,f1_at_k,0.47058823529411764,target,Modulation,"{'n_gold_tokens': 17, 'k': 17}",e5
task2_plausibility,b49711b7a2a493e7,attnlrp,auprc,0.5683101406241465,target,Modulation,"{'n_gold_tokens': 17, 'k': 17}",e5
task2_plausibility,b49711b7a2a493e7,attnlrp,precision_at_k,0.4117647058823529,target,Explanation,"{'n_gold_tokens': 17, 'k': 17}",e5
task2_plausibility,b49711b7a2a493e7,attnlrp,recall_at_k,0.4117647058823529,target,Explanation,"{'n_gold_tokens': 17, 'k': 17}",e5
task2_plausibility,b49711b7a2a493e7,attnlrp,f1_at_k,0.4117647058823529,target,Explanation,"{'n_gold_tokens': 17, 'k': 17}",e5
task2_plausibility,b49711b7a2a493e7,attnlrp,auprc,0.5287346646494042,target,Explanation,"{'n_gold_tokens': 17, 'k': 17}",e5
task2_plausibility,bb51e95a2fc7a8d3,attnlrp,precision_at_k,0.23529411764705882,target,Synonymy,"{'n_gold_tokens': 17, 'k': 17}",e5
task2_plausibility,bb51e95a2fc7a8d3,attnlrp,recall_at_k,0.23529411764705882,target,Synonymy,"{'n_gold_tokens': 17, 'k': 17}",e5
task2_plausibility,bb51e95a2fc7a8d3,attnlrp,f1_at_k,0.23529411764705882,target,Synonymy,"{'n_gold_tokens': 17, 'k': 17}",e5
task2_plausibility,bb51e95a2fc7a8d3,attnlrp,auprc,0.30595281408406155,target,Synonymy,"{'n_gold_tokens': 17, 'k': 17}",e5
task2_plausibility,bb51e95a2fc7a8d3,attnlrp,precision_at_k,0.29411764705882354,target,Modulation,"{'n_gold_tokens': 17, 'k': 17}",e5
task2_plausibility,bb51e95a2fc7a8d3,attnlrp,recall_at_k,0.29411764705882354,target,Modulation,"{'n_gold_tokens': 17, 'k': 17}",e5
task2_plausibility,bb51e95a2fc7a8d3,attnlrp,f1_at_k,0.29411764705882354,target,Modulation,"{'n_gold_tokens': 17, 'k': 17}",e5
task2_plausibility,bb51e95a2fc7a8d3,attnlrp,auprc,0.4350450639546881,target,Modulation,"{'n_gold_tokens': 17, 'k': 17}",e5
task2_plausibility,bc56b8afcd518452,attnlrp,precision_at_k,0.19230769230769232,target,Synonymy,"{'n_gold_tokens': 26, 'k': 26}",e5
task2_plausibility,bc56b8afcd518452,attnlrp,recall_at_k,0.19230769230769232,target,Synonymy,"{'n_gold_tokens': 26, 'k': 26}",e5
task2_plausibility,bc56b8afcd518452,attnlrp,f1_at_k,0.19230769230769232,target,Synonymy,"{'n_gold_tokens': 26, 'k': 26}",e5
task2_plausibility,bc56b8afcd518452,attnlrp,auprc,0.21503291113677858,target,Synonymy,"{'n_gold_tokens': 26, 'k': 26}",e5
task2_plausibility,bc56b8afcd518452,attnlrp,precision_at_k,0.3076923076923077,target,Modulation,"{'n_gold_tokens': 26, 'k': 26}",e5
task2_plausibility,bc56b8afcd518452,attnlrp,recall_at_k,0.3076923076923077,target,Modulation,"{'n_gold_tokens': 26, 'k': 26}",e5
task2_plausibility,bc56b8afcd518452,attnlrp,f1_at_k,0.3076923076923077,target,Modulation,"{'n_gold_tokens': 26, 'k': 26}",e5
task2_plausibility,bc56b8afcd518452,attnlrp,auprc,0.32599616821871036,target,Modulation,"{'n_gold_tokens': 26, 'k': 26}",e5
task2_plausibility,bc56b8afcd518452,attnlrp,precision_at_k,0.23076923076923078,target,Compression,"{'n_gold_tokens': 26, 'k': 26}",e5
task2_plausibility,bc56b8afcd518452,attnlrp,recall_at_k,0.23076923076923078,target,Compression,"{'n_gold_tokens': 26, 'k': 26}",e5
task2_plausibility,bc56b8afcd518452,attnlrp,f1_at_k,0.23076923076923078,target,Compression,"{'n_gold_tokens': 26, 'k': 26}",e5
task2_plausibility,bc56b8afcd518452,attnlrp,auprc,0.2359802828757458,target,Compression,"{'n_gold_tokens': 26, 'k': 26}",e5
task2_plausibility,bc56b8afcd518452,attnlrp,precision_at_k,0.07692307692307693,target,Explanation,"{'n_gold_tokens': 26, 'k': 26}",e5
task2_plausibility,bc56b8afcd518452,attnlrp,recall_at_k,0.07692307692307693,target,Explanation,"{'n_gold_tokens': 26, 'k': 26}",e5
task2_plausibility,bc56b8afcd518452,attnlrp,f1_at_k,0.07692307692307693,target,Explanation,"{'n_gold_tokens': 26, 'k': 26}",e5
task2_plausibility,bc56b8afcd518452,attnlrp,auprc,0.23051363399563862,target,Explanation,"{'n_gold_tokens': 26, 'k': 26}",e5
task2_plausibility,bc56b8afcd518452,attnlrp,precision_at_k,0.15384615384615385,target,Syntactic Change,"{'n_gold_tokens': 26, 'k': 26}",e5
task2_plausibility,bc56b8afcd518452,attnlrp,recall_at_k,0.15384615384615385,target,Syntactic Change,"{'n_gold_tokens': 26, 'k': 26}",e5
task2_plausibility,bc56b8afcd518452,attnlrp,f1_at_k,0.15384615384615385,target,Syntactic Change,"{'n_gold_tokens': 26, 'k': 26}",e5
task2_plausibility,bc56b8afcd518452,attnlrp,auprc,0.23353625152800428,target,Syntactic Change,"{'n_gold_tokens': 26, 'k': 26}",e5
task2_plausibility,bcdbd65d3bb0c6f7,attnlrp,precision_at_k,0.1724137931034483,target,Synonymy,"{'n_gold_tokens': 29, 'k': 29}",e5
task2_plausibility,bcdbd65d3bb0c6f7,attnlrp,recall_at_k,0.1724137931034483,target,Synonymy,"{'n_gold_tokens': 29, 'k': 29}",e5
task2_plausibility,bcdbd65d3bb0c6f7,attnlrp,f1_at_k,0.1724137931034483,target,Synonymy,"{'n_gold_tokens': 29, 'k': 29}",e5
task2_plausibility,bcdbd65d3bb0c6f7,attnlrp,auprc,0.28009179895406133,target,Synonymy,"{'n_gold_tokens': 29, 'k': 29}",e5
task2_plausibility,bcdbd65d3bb0c6f7,attnlrp,precision_at_k,0.3448275862068966,target,Modulation,"{'n_gold_tokens': 29, 'k': 29}",e5
task2_plausibility,bcdbd65d3bb0c6f7,attnlrp,recall_at_k,0.3448275862068966,target,Modulation,"{'n_gold_tokens': 29, 'k': 29}",e5
task2_plausibility,bcdbd65d3bb0c6f7,attnlrp,f1_at_k,0.3448275862068966,target,Modulation,"{'n_gold_tokens': 29, 'k': 29}",e5
task2_plausibility,bcdbd65d3bb0c6f7,attnlrp,auprc,0.36119958139949954,target,Modulation,"{'n_gold_tokens': 29, 'k': 29}",e5
task2_plausibility,bcdbd65d3bb0c6f7,attnlrp,precision_at_k,0.2413793103448276,target,Compression,"{'n_gold_tokens': 29, 'k': 29}",e5
task2_plausibility,bcdbd65d3bb0c6f7,attnlrp,recall_at_k,0.2413793103448276,target,Compression,"{'n_gold_tokens': 29, 'k': 29}",e5
task2_plausibility,bcdbd65d3bb0c6f7,attnlrp,f1_at_k,0.2413793103448276,target,Compression,"{'n_gold_tokens': 29, 'k': 29}",e5
task2_plausibility,bcdbd65d3bb0c6f7,attnlrp,auprc,0.2900453220536746,target,Compression,"{'n_gold_tokens': 29, 'k': 29}",e5
task2_plausibility,bcdbd65d3bb0c6f7,attnlrp,precision_at_k,0.3103448275862069,target,Explanation,"{'n_gold_tokens': 29, 'k': 29}",e5
task2_plausibility,bcdbd65d3bb0c6f7,attnlrp,recall_at_k,0.3103448275862069,target,Explanation,"{'n_gold_tokens': 29, 'k': 29}",e5
task2_plausibility,bcdbd65d3bb0c6f7,attnlrp,f1_at_k,0.3103448275862069,target,Explanation,"{'n_gold_tokens': 29, 'k': 29}",e5
task2_plausibility,bcdbd65d3bb0c6f7,attnlrp,auprc,0.3101417869633397,target,Explanation,"{'n_gold_tokens': 29, 'k': 29}",e5
task2_plausibility,bd984f00893bbceb,attnlrp,precision_at_k,0.375,target,Synonymy,"{'n_gold_tokens': 16, 'k': 16}",e5
task2_plausibility,bd984f00893bbceb,attnlrp,recall_at_k,0.375,target,Synonymy,"{'n_gold_tokens': 16, 'k': 16}",e5
task2_plausibility,bd984f00893bbceb,attnlrp,f1_at_k,0.375,target,Synonymy,"{'n_gold_tokens': 16, 'k': 16}",e5
task2_plausibility,bd984f00893bbceb,attnlrp,auprc,0.3609686546694706,target,Synonymy,"{'n_gold_tokens': 16, 'k': 16}",e5
task2_plausibility,bd984f00893bbceb,attnlrp,precision_at_k,0.3125,target,Modulation,"{'n_gold_tokens': 16, 'k': 16}",e5
task2_plausibility,bd984f00893bbceb,attnlrp,recall_at_k,0.3125,target,Modulation,"{'n_gold_tokens': 16, 'k': 16}",e5
task2_plausibility,bd984f00893bbceb,attnlrp,f1_at_k,0.3125,target,Modulation,"{'n_gold_tokens': 16, 'k': 16}",e5
task2_plausibility,bd984f00893bbceb,attnlrp,auprc,0.3689263028839893,target,Modulation,"{'n_gold_tokens': 16, 'k': 16}",e5
task2_plausibility,bd984f00893bbceb,attnlrp,precision_at_k,0.25,target,Explanation,"{'n_gold_tokens': 16, 'k': 16}",e5
task2_plausibility,bd984f00893bbceb,attnlrp,recall_at_k,0.25,target,Explanation,"{'n_gold_tokens': 16, 'k': 16}",e5
task2_plausibility,bd984f00893bbceb,attnlrp,f1_at_k,0.25,target,Explanation,"{'n_gold_tokens': 16, 'k': 16}",e5
task2_plausibility,bd984f00893bbceb,attnlrp,auprc,0.3873573331739517,target,Explanation,"{'n_gold_tokens': 16, 'k': 16}",e5
task2_plausibility,bd984f00893bbceb,attnlrp,precision_at_k,0.375,target,Syntactic Change,"{'n_gold_tokens': 16, 'k': 16}",e5
task2_plausibility,bd984f00893bbceb,attnlrp,recall_at_k,0.375,target,Syntactic Change,"{'n_gold_tokens': 16, 'k': 16}",e5
task2_plausibility,bd984f00893bbceb,attnlrp,f1_at_k,0.375,target,Syntactic Change,"{'n_gold_tokens': 16, 'k': 16}",e5
task2_plausibility,bd984f00893bbceb,attnlrp,auprc,0.3678374315373638,target,Syntactic Change,"{'n_gold_tokens': 16, 'k': 16}",e5
task2_plausibility,c2f95f39014f4f3b,attnlrp,precision_at_k,0.25,target,Synonymy,"{'n_gold_tokens': 16, 'k': 16}",e5
task2_plausibility,c2f95f39014f4f3b,attnlrp,recall_at_k,0.25,target,Synonymy,"{'n_gold_tokens': 16, 'k': 16}",e5
task2_plausibility,c2f95f39014f4f3b,attnlrp,f1_at_k,0.25,target,Synonymy,"{'n_gold_tokens': 16, 'k': 16}",e5
task2_plausibility,c2f95f39014f4f3b,attnlrp,auprc,0.24238014646593353,target,Synonymy,"{'n_gold_tokens': 16, 'k': 16}",e5
task2_plausibility,c2f95f39014f4f3b,attnlrp,precision_at_k,0.125,target,Modulation,"{'n_gold_tokens': 16, 'k': 16}",e5
task2_plausibility,c2f95f39014f4f3b,attnlrp,recall_at_k,0.125,target,Modulation,"{'n_gold_tokens': 16, 'k': 16}",e5
task2_plausibility,c2f95f39014f4f3b,attnlrp,f1_at_k,0.125,target,Modulation,"{'n_gold_tokens': 16, 'k': 16}",e5
task2_plausibility,c2f95f39014f4f3b,attnlrp,auprc,0.2122739248063784,target,Modulation,"{'n_gold_tokens': 16, 'k': 16}",e5
task2_plausibility,c2f95f39014f4f3b,attnlrp,precision_at_k,0.25,target,Compression,"{'n_gold_tokens': 16, 'k': 16}",e5
task2_plausibility,c2f95f39014f4f3b,attnlrp,recall_at_k,0.25,target,Compression,"{'n_gold_tokens': 16, 'k': 16}",e5
task2_plausibility,c2f95f39014f4f3b,attnlrp,f1_at_k,0.25,target,Compression,"{'n_gold_tokens': 16, 'k': 16}",e5
task2_plausibility,c2f95f39014f4f3b,attnlrp,auprc,0.2852828567055741,target,Compression,"{'n_gold_tokens': 16, 'k': 16}",e5
task2_plausibility,c58ed41c5b381a18,attnlrp,precision_at_k,0.42857142857142855,target,Synonymy,"{'n_gold_tokens': 35, 'k': 35}",e5
task2_plausibility,c58ed41c5b381a18,attnlrp,recall_at_k,0.42857142857142855,target,Synonymy,"{'n_gold_tokens': 35, 'k': 35}",e5
task2_plausibility,c58ed41c5b381a18,attnlrp,f1_at_k,0.42857142857142855,target,Synonymy,"{'n_gold_tokens': 35, 'k': 35}",e5
task2_plausibility,c58ed41c5b381a18,attnlrp,auprc,0.3967343024251212,target,Synonymy,"{'n_gold_tokens': 35, 'k': 35}",e5
task2_plausibility,c58ed41c5b381a18,attnlrp,precision_at_k,0.34285714285714286,target,Modulation,"{'n_gold_tokens': 35, 'k': 35}",e5
task2_plausibility,c58ed41c5b381a18,attnlrp,recall_at_k,0.34285714285714286,target,Modulation,"{'n_gold_tokens': 35, 'k': 35}",e5
task2_plausibility,c58ed41c5b381a18,attnlrp,f1_at_k,0.34285714285714286,target,Modulation,"{'n_gold_tokens': 35, 'k': 35}",e5
task2_plausibility,c58ed41c5b381a18,attnlrp,auprc,0.36096925486734477,target,Modulation,"{'n_gold_tokens': 35, 'k': 35}",e5
task2_plausibility,c58ed41c5b381a18,attnlrp,precision_at_k,0.37142857142857144,target,Compression,"{'n_gold_tokens': 35, 'k': 35}",e5
task2_plausibility,c58ed41c5b381a18,attnlrp,recall_at_k,0.37142857142857144,target,Compression,"{'n_gold_tokens': 35, 'k': 35}",e5
task2_plausibility,c58ed41c5b381a18,attnlrp,f1_at_k,0.37142857142857144,target,Compression,"{'n_gold_tokens': 35, 'k': 35}",e5
task2_plausibility,c58ed41c5b381a18,attnlrp,auprc,0.33978419098487056,target,Compression,"{'n_gold_tokens': 35, 'k': 35}",e5
task2_plausibility,c58ed41c5b381a18,attnlrp,precision_at_k,0.4,target,Explanation,"{'n_gold_tokens': 35, 'k': 35}",e5
task2_plausibility,c58ed41c5b381a18,attnlrp,recall_at_k,0.4,target,Explanation,"{'n_gold_tokens': 35, 'k': 35}",e5
task2_plausibility,c58ed41c5b381a18,attnlrp,f1_at_k,0.4000000000000001,target,Explanation,"{'n_gold_tokens': 35, 'k': 35}",e5
task2_plausibility,c58ed41c5b381a18,attnlrp,auprc,0.3707899498843941,target,Explanation,"{'n_gold_tokens': 35, 'k': 35}",e5
task2_plausibility,c7f805091a063b0f,attnlrp,precision_at_k,0.3142857142857143,target,Synonymy,"{'n_gold_tokens': 35, 'k': 35}",e5
task2_plausibility,c7f805091a063b0f,attnlrp,recall_at_k,0.3142857142857143,target,Synonymy,"{'n_gold_tokens': 35, 'k': 35}",e5
task2_plausibility,c7f805091a063b0f,attnlrp,f1_at_k,0.3142857142857143,target,Synonymy,"{'n_gold_tokens': 35, 'k': 35}",e5
task2_plausibility,c7f805091a063b0f,attnlrp,auprc,0.3514561130924407,target,Synonymy,"{'n_gold_tokens': 35, 'k': 35}",e5
task2_plausibility,c7f805091a063b0f,attnlrp,precision_at_k,0.37142857142857144,target,Modulation,"{'n_gold_tokens': 35, 'k': 35}",e5
task2_plausibility,c7f805091a063b0f,attnlrp,recall_at_k,0.37142857142857144,target,Modulation,"{'n_gold_tokens': 35, 'k': 35}",e5
task2_plausibility,c7f805091a063b0f,attnlrp,f1_at_k,0.37142857142857144,target,Modulation,"{'n_gold_tokens': 35, 'k': 35}",e5
task2_plausibility,c7f805091a063b0f,attnlrp,auprc,0.3896447471215662,target,Modulation,"{'n_gold_tokens': 35, 'k': 35}",e5
task2_plausibility,c7f805091a063b0f,attnlrp,precision_at_k,0.2857142857142857,target,Compression,"{'n_gold_tokens': 35, 'k': 35}",e5
task2_plausibility,c7f805091a063b0f,attnlrp,recall_at_k,0.2857142857142857,target,Compression,"{'n_gold_tokens': 35, 'k': 35}",e5
task2_plausibility,c7f805091a063b0f,attnlrp,f1_at_k,0.2857142857142857,target,Compression,"{'n_gold_tokens': 35, 'k': 35}",e5
task2_plausibility,c7f805091a063b0f,attnlrp,auprc,0.32041710042331795,target,Compression,"{'n_gold_tokens': 35, 'k': 35}",e5
task2_plausibility,c7f805091a063b0f,attnlrp,precision_at_k,0.2571428571428571,target,Syntactic Change,"{'n_gold_tokens': 35, 'k': 35}",e5
task2_plausibility,c7f805091a063b0f,attnlrp,recall_at_k,0.2571428571428571,target,Syntactic Change,"{'n_gold_tokens': 35, 'k': 35}",e5
task2_plausibility,c7f805091a063b0f,attnlrp,f1_at_k,0.2571428571428571,target,Syntactic Change,"{'n_gold_tokens': 35, 'k': 35}",e5
task2_plausibility,c7f805091a063b0f,attnlrp,auprc,0.2735295325446217,target,Syntactic Change,"{'n_gold_tokens': 35, 'k': 35}",e5
task2_plausibility,ca574cd1c9e26b4e,attnlrp,precision_at_k,0.375,target,Synonymy,"{'n_gold_tokens': 64, 'k': 64}",e5
task2_plausibility,ca574cd1c9e26b4e,attnlrp,recall_at_k,0.375,target,Synonymy,"{'n_gold_tokens': 64, 'k': 64}",e5
task2_plausibility,ca574cd1c9e26b4e,attnlrp,f1_at_k,0.375,target,Synonymy,"{'n_gold_tokens': 64, 'k': 64}",e5
task2_plausibility,ca574cd1c9e26b4e,attnlrp,auprc,0.4199705241103446,target,Synonymy,"{'n_gold_tokens': 64, 'k': 64}",e5
task2_plausibility,ca574cd1c9e26b4e,attnlrp,precision_at_k,0.4375,target,Modulation,"{'n_gold_tokens': 64, 'k': 64}",e5
task2_plausibility,ca574cd1c9e26b4e,attnlrp,recall_at_k,0.4375,target,Modulation,"{'n_gold_tokens': 64, 'k': 64}",e5
task2_plausibility,ca574cd1c9e26b4e,attnlrp,f1_at_k,0.4375,target,Modulation,"{'n_gold_tokens': 64, 'k': 64}",e5
task2_plausibility,ca574cd1c9e26b4e,attnlrp,auprc,0.48151864694642454,target,Modulation,"{'n_gold_tokens': 64, 'k': 64}",e5
task2_plausibility,ca574cd1c9e26b4e,attnlrp,precision_at_k,0.328125,target,Compression,"{'n_gold_tokens': 64, 'k': 64}",e5
task2_plausibility,ca574cd1c9e26b4e,attnlrp,recall_at_k,0.328125,target,Compression,"{'n_gold_tokens': 64, 'k': 64}",e5
task2_plausibility,ca574cd1c9e26b4e,attnlrp,f1_at_k,0.328125,target,Compression,"{'n_gold_tokens': 64, 'k': 64}",e5
task2_plausibility,ca574cd1c9e26b4e,attnlrp,auprc,0.3815100186701366,target,Compression,"{'n_gold_tokens': 64, 'k': 64}",e5
task2_plausibility,ca574cd1c9e26b4e,attnlrp,precision_at_k,0.34375,target,Explanation,"{'n_gold_tokens': 64, 'k': 64}",e5
task2_plausibility,ca574cd1c9e26b4e,attnlrp,recall_at_k,0.34375,target,Explanation,"{'n_gold_tokens': 64, 'k': 64}",e5
task2_plausibility,ca574cd1c9e26b4e,attnlrp,f1_at_k,0.34375,target,Explanation,"{'n_gold_tokens': 64, 'k': 64}",e5
task2_plausibility,ca574cd1c9e26b4e,attnlrp,auprc,0.38282509140158144,target,Explanation,"{'n_gold_tokens': 64, 'k': 64}",e5
task2_plausibility,ca574cd1c9e26b4e,attnlrp,precision_at_k,0.375,target,Syntactic Change,"{'n_gold_tokens': 64, 'k': 64}",e5
task2_plausibility,ca574cd1c9e26b4e,attnlrp,recall_at_k,0.375,target,Syntactic Change,"{'n_gold_tokens': 64, 'k': 64}",e5
task2_plausibility,ca574cd1c9e26b4e,attnlrp,f1_at_k,0.375,target,Syntactic Change,"{'n_gold_tokens': 64, 'k': 64}",e5
task2_plausibility,ca574cd1c9e26b4e,attnlrp,auprc,0.41076800546134895,target,Syntactic Change,"{'n_gold_tokens': 64, 'k': 64}",e5
task2_plausibility,d3818ad9e283c6fe,attnlrp,precision_at_k,0.0,target,Synonymy,"{'n_gold_tokens': 4, 'k': 4}",e5
task2_plausibility,d3818ad9e283c6fe,attnlrp,recall_at_k,0.0,target,Synonymy,"{'n_gold_tokens': 4, 'k': 4}",e5
task2_plausibility,d3818ad9e283c6fe,attnlrp,f1_at_k,0.0,target,Synonymy,"{'n_gold_tokens': 4, 'k': 4}",e5
task2_plausibility,d3818ad9e283c6fe,attnlrp,auprc,0.2631313131313131,target,Synonymy,"{'n_gold_tokens': 4, 'k': 4}",e5
task2_plausibility,d3818ad9e283c6fe,attnlrp,precision_at_k,0.5,target,Modulation,"{'n_gold_tokens': 4, 'k': 4}",e5
task2_plausibility,d3818ad9e283c6fe,attnlrp,recall_at_k,0.5,target,Modulation,"{'n_gold_tokens': 4, 'k': 4}",e5
task2_plausibility,d3818ad9e283c6fe,attnlrp,f1_at_k,0.5,target,Modulation,"{'n_gold_tokens': 4, 'k': 4}",e5
task2_plausibility,d3818ad9e283c6fe,attnlrp,auprc,0.371031746031746,target,Modulation,"{'n_gold_tokens': 4, 'k': 4}",e5
task2_plausibility,d5f9facec09c0e1b,attnlrp,precision_at_k,0.1111111111111111,target,Synonymy,"{'n_gold_tokens': 9, 'k': 9}",e5
task2_plausibility,d5f9facec09c0e1b,attnlrp,recall_at_k,0.1111111111111111,target,Synonymy,"{'n_gold_tokens': 9, 'k': 9}",e5
task2_plausibility,d5f9facec09c0e1b,attnlrp,f1_at_k,0.1111111111111111,target,Synonymy,"{'n_gold_tokens': 9, 'k': 9}",e5
task2_plausibility,d5f9facec09c0e1b,attnlrp,auprc,0.21322289009915785,target,Synonymy,"{'n_gold_tokens': 9, 'k': 9}",e5
task2_plausibility,d5f9facec09c0e1b,attnlrp,precision_at_k,0.2222222222222222,target,Modulation,"{'n_gold_tokens': 9, 'k': 9}",e5
task2_plausibility,d5f9facec09c0e1b,attnlrp,recall_at_k,0.2222222222222222,target,Modulation,"{'n_gold_tokens': 9, 'k': 9}",e5
task2_plausibility,d5f9facec09c0e1b,attnlrp,f1_at_k,0.2222222222222222,target,Modulation,"{'n_gold_tokens': 9, 'k': 9}",e5
task2_plausibility,d5f9facec09c0e1b,attnlrp,auprc,0.3552090522199218,target,Modulation,"{'n_gold_tokens': 9, 'k': 9}",e5
task2_plausibility,d5f9facec09c0e1b,attnlrp,precision_at_k,0.2222222222222222,target,Compression,"{'n_gold_tokens': 9, 'k': 9}",e5
task2_plausibility,d5f9facec09c0e1b,attnlrp,recall_at_k,0.2222222222222222,target,Compression,"{'n_gold_tokens': 9, 'k': 9}",e5
task2_plausibility,d5f9facec09c0e1b,attnlrp,f1_at_k,0.2222222222222222,target,Compression,"{'n_gold_tokens': 9, 'k': 9}",e5
task2_plausibility,d5f9facec09c0e1b,attnlrp,auprc,0.23766038766038766,target,Compression,"{'n_gold_tokens': 9, 'k': 9}",e5
task2_plausibility,e02841689d8dbd93,attnlrp,precision_at_k,0.14285714285714285,target,Synonymy,"{'n_gold_tokens': 21, 'k': 21}",e5
task2_plausibility,e02841689d8dbd93,attnlrp,recall_at_k,0.14285714285714285,target,Synonymy,"{'n_gold_tokens': 21, 'k': 21}",e5
task2_plausibility,e02841689d8dbd93,attnlrp,f1_at_k,0.14285714285714285,target,Synonymy,"{'n_gold_tokens': 21, 'k': 21}",e5
task2_plausibility,e02841689d8dbd93,attnlrp,auprc,0.18298655198592867,target,Synonymy,"{'n_gold_tokens': 21, 'k': 21}",e5
task2_plausibility,e02841689d8dbd93,attnlrp,precision_at_k,0.19047619047619047,target,Modulation,"{'n_gold_tokens': 21, 'k': 21}",e5
task2_plausibility,e02841689d8dbd93,attnlrp,recall_at_k,0.19047619047619047,target,Modulation,"{'n_gold_tokens': 21, 'k': 21}",e5
task2_plausibility,e02841689d8dbd93,attnlrp,f1_at_k,0.19047619047619047,target,Modulation,"{'n_gold_tokens': 21, 'k': 21}",e5
task2_plausibility,e02841689d8dbd93,attnlrp,auprc,0.18901470132289513,target,Modulation,"{'n_gold_tokens': 21, 'k': 21}",e5
task2_plausibility,e02841689d8dbd93,attnlrp,precision_at_k,0.23809523809523808,target,Compression,"{'n_gold_tokens': 21, 'k': 21}",e5
task2_plausibility,e02841689d8dbd93,attnlrp,recall_at_k,0.23809523809523808,target,Compression,"{'n_gold_tokens': 21, 'k': 21}",e5
task2_plausibility,e02841689d8dbd93,attnlrp,f1_at_k,0.23809523809523808,target,Compression,"{'n_gold_tokens': 21, 'k': 21}",e5
task2_plausibility,e02841689d8dbd93,attnlrp,auprc,0.24826702829609265,target,Compression,"{'n_gold_tokens': 21, 'k': 21}",e5
task2_plausibility,e02841689d8dbd93,attnlrp,precision_at_k,0.19047619047619047,target,Explanation,"{'n_gold_tokens': 21, 'k': 21}",e5
task2_plausibility,e02841689d8dbd93,attnlrp,recall_at_k,0.19047619047619047,target,Explanation,"{'n_gold_tokens': 21, 'k': 21}",e5
task2_plausibility,e02841689d8dbd93,attnlrp,f1_at_k,0.19047619047619047,target,Explanation,"{'n_gold_tokens': 21, 'k': 21}",e5
task2_plausibility,e02841689d8dbd93,attnlrp,auprc,0.19777697243747677,target,Explanation,"{'n_gold_tokens': 21, 'k': 21}",e5
task2_plausibility,ebc38fd5196585a4,attnlrp,precision_at_k,0.2608695652173913,target,Synonymy,"{'n_gold_tokens': 46, 'k': 46}",e5
task2_plausibility,ebc38fd5196585a4,attnlrp,recall_at_k,0.2608695652173913,target,Synonymy,"{'n_gold_tokens': 46, 'k': 46}",e5
task2_plausibility,ebc38fd5196585a4,attnlrp,f1_at_k,0.2608695652173913,target,Synonymy,"{'n_gold_tokens': 46, 'k': 46}",e5
task2_plausibility,ebc38fd5196585a4,attnlrp,auprc,0.27619069998793977,target,Synonymy,"{'n_gold_tokens': 46, 'k': 46}",e5
task2_plausibility,ebc38fd5196585a4,attnlrp,precision_at_k,0.2826086956521739,target,Modulation,"{'n_gold_tokens': 46, 'k': 46}",e5
task2_plausibility,ebc38fd5196585a4,attnlrp,recall_at_k,0.2826086956521739,target,Modulation,"{'n_gold_tokens': 46, 'k': 46}",e5
task2_plausibility,ebc38fd5196585a4,attnlrp,f1_at_k,0.2826086956521739,target,Modulation,"{'n_gold_tokens': 46, 'k': 46}",e5
task2_plausibility,ebc38fd5196585a4,attnlrp,auprc,0.26833078606111616,target,Modulation,"{'n_gold_tokens': 46, 'k': 46}",e5
task2_plausibility,ebc38fd5196585a4,attnlrp,precision_at_k,0.34782608695652173,target,Compression,"{'n_gold_tokens': 46, 'k': 46}",e5
task2_plausibility,ebc38fd5196585a4,attnlrp,recall_at_k,0.34782608695652173,target,Compression,"{'n_gold_tokens': 46, 'k': 46}",e5
task2_plausibility,ebc38fd5196585a4,attnlrp,f1_at_k,0.34782608695652173,target,Compression,"{'n_gold_tokens': 46, 'k': 46}",e5
task2_plausibility,ebc38fd5196585a4,attnlrp,auprc,0.3270153986162958,target,Compression,"{'n_gold_tokens': 46, 'k': 46}",e5
task2_plausibility,ebc38fd5196585a4,attnlrp,precision_at_k,0.32608695652173914,target,Explanation,"{'n_gold_tokens': 46, 'k': 46}",e5
task2_plausibility,ebc38fd5196585a4,attnlrp,recall_at_k,0.32608695652173914,target,Explanation,"{'n_gold_tokens': 46, 'k': 46}",e5
task2_plausibility,ebc38fd5196585a4,attnlrp,f1_at_k,0.32608695652173914,target,Explanation,"{'n_gold_tokens': 46, 'k': 46}",e5
task2_plausibility,ebc38fd5196585a4,attnlrp,auprc,0.32139769242201277,target,Explanation,"{'n_gold_tokens': 46, 'k': 46}",e5
task2_plausibility,ed97b738e6b56de0,attnlrp,precision_at_k,0.48,target,Synonymy,"{'n_gold_tokens': 25, 'k': 25}",e5
task2_plausibility,ed97b738e6b56de0,attnlrp,recall_at_k,0.48,target,Synonymy,"{'n_gold_tokens': 25, 'k': 25}",e5
task2_plausibility,ed97b738e6b56de0,attnlrp,f1_at_k,0.48,target,Synonymy,"{'n_gold_tokens': 25, 'k': 25}",e5
task2_plausibility,ed97b738e6b56de0,attnlrp,auprc,0.6198058043181173,target,Synonymy,"{'n_gold_tokens': 25, 'k': 25}",e5
task2_plausibility,ed97b738e6b56de0,attnlrp,precision_at_k,0.44,target,Modulation,"{'n_gold_tokens': 25, 'k': 25}",e5
task2_plausibility,ed97b738e6b56de0,attnlrp,recall_at_k,0.44,target,Modulation,"{'n_gold_tokens': 25, 'k': 25}",e5
task2_plausibility,ed97b738e6b56de0,attnlrp,f1_at_k,0.44,target,Modulation,"{'n_gold_tokens': 25, 'k': 25}",e5
task2_plausibility,ed97b738e6b56de0,attnlrp,auprc,0.5166197932176171,target,Modulation,"{'n_gold_tokens': 25, 'k': 25}",e5
task2_plausibility,f09dc1c9066ef363,attnlrp,precision_at_k,0.0,target,Synonymy,"{'n_gold_tokens': 16, 'k': 16}",e5
task2_plausibility,f09dc1c9066ef363,attnlrp,recall_at_k,0.0,target,Synonymy,"{'n_gold_tokens': 16, 'k': 16}",e5
task2_plausibility,f09dc1c9066ef363,attnlrp,f1_at_k,0.0,target,Synonymy,"{'n_gold_tokens': 16, 'k': 16}",e5
task2_plausibility,f09dc1c9066ef363,attnlrp,auprc,0.16737335651772745,target,Synonymy,"{'n_gold_tokens': 16, 'k': 16}",e5
task2_plausibility,f09dc1c9066ef363,attnlrp,precision_at_k,0.0,target,Modulation,"{'n_gold_tokens': 16, 'k': 16}",e5
task2_plausibility,f09dc1c9066ef363,attnlrp,recall_at_k,0.0,target,Modulation,"{'n_gold_tokens': 16, 'k': 16}",e5
task2_plausibility,f09dc1c9066ef363,attnlrp,f1_at_k,0.0,target,Modulation,"{'n_gold_tokens': 16, 'k': 16}",e5
task2_plausibility,f09dc1c9066ef363,attnlrp,auprc,0.17187823238716965,target,Modulation,"{'n_gold_tokens': 16, 'k': 16}",e5
task2_plausibility,f595dbe873610977,attnlrp,precision_at_k,0.125,target,Synonymy,"{'n_gold_tokens': 16, 'k': 16}",e5
task2_plausibility,f595dbe873610977,attnlrp,recall_at_k,0.125,target,Synonymy,"{'n_gold_tokens': 16, 'k': 16}",e5
task2_plausibility,f595dbe873610977,attnlrp,f1_at_k,0.125,target,Synonymy,"{'n_gold_tokens': 16, 'k': 16}",e5
task2_plausibility,f595dbe873610977,attnlrp,auprc,0.18951265170349868,target,Synonymy,"{'n_gold_tokens': 16, 'k': 16}",e5
task2_plausibility,f595dbe873610977,attnlrp,precision_at_k,0.1875,target,Modulation,"{'n_gold_tokens': 16, 'k': 16}",e5
task2_plausibility,f595dbe873610977,attnlrp,recall_at_k,0.1875,target,Modulation,"{'n_gold_tokens': 16, 'k': 16}",e5
task2_plausibility,f595dbe873610977,attnlrp,f1_at_k,0.1875,target,Modulation,"{'n_gold_tokens': 16, 'k': 16}",e5
task2_plausibility,f595dbe873610977,attnlrp,auprc,0.26588768330492657,target,Modulation,"{'n_gold_tokens': 16, 'k': 16}",e5
task2_plausibility,f595dbe873610977,attnlrp,precision_at_k,0.375,target,Compression,"{'n_gold_tokens': 16, 'k': 16}",e5
task2_plausibility,f595dbe873610977,attnlrp,recall_at_k,0.375,target,Compression,"{'n_gold_tokens': 16, 'k': 16}",e5
task2_plausibility,f595dbe873610977,attnlrp,f1_at_k,0.375,target,Compression,"{'n_gold_tokens': 16, 'k': 16}",e5
task2_plausibility,f595dbe873610977,attnlrp,auprc,0.3002351989579611,target,Compression,"{'n_gold_tokens': 16, 'k': 16}",e5
task2_plausibility,f595dbe873610977,attnlrp,precision_at_k,0.125,target,Explanation,"{'n_gold_tokens': 16, 'k': 16}",e5
task2_plausibility,f595dbe873610977,attnlrp,recall_at_k,0.125,target,Explanation,"{'n_gold_tokens': 16, 'k': 16}",e5
task2_plausibility,f595dbe873610977,attnlrp,f1_at_k,0.125,target,Explanation,"{'n_gold_tokens': 16, 'k': 16}",e5
task2_plausibility,f595dbe873610977,attnlrp,auprc,0.18874422846886635,target,Explanation,"{'n_gold_tokens': 16, 'k': 16}",e5
task2_plausibility,f5fae2abe84040c6,attnlrp,precision_at_k,0.25,target,Synonymy,"{'n_gold_tokens': 12, 'k': 12}",e5
task2_plausibility,f5fae2abe84040c6,attnlrp,recall_at_k,0.25,target,Synonymy,"{'n_gold_tokens': 12, 'k': 12}",e5
task2_plausibility,f5fae2abe84040c6,attnlrp,f1_at_k,0.25,target,Synonymy,"{'n_gold_tokens': 12, 'k': 12}",e5
task2_plausibility,f5fae2abe84040c6,attnlrp,auprc,0.22596888993078448,target,Synonymy,"{'n_gold_tokens': 12, 'k': 12}",e5
task2_plausibility,f5fae2abe84040c6,attnlrp,precision_at_k,0.16666666666666666,target,Modulation,"{'n_gold_tokens': 12, 'k': 12}",e5
task2_plausibility,f5fae2abe84040c6,attnlrp,recall_at_k,0.16666666666666666,target,Modulation,"{'n_gold_tokens': 12, 'k': 12}",e5
task2_plausibility,f5fae2abe84040c6,attnlrp,f1_at_k,0.16666666666666666,target,Modulation,"{'n_gold_tokens': 12, 'k': 12}",e5
task2_plausibility,f5fae2abe84040c6,attnlrp,auprc,0.2428915190360043,target,Modulation,"{'n_gold_tokens': 12, 'k': 12}",e5
task2_plausibility,f5fae2abe84040c6,attnlrp,precision_at_k,0.25,target,Compression,"{'n_gold_tokens': 12, 'k': 12}",e5
task2_plausibility,f5fae2abe84040c6,attnlrp,recall_at_k,0.25,target,Compression,"{'n_gold_tokens': 12, 'k': 12}",e5
task2_plausibility,f5fae2abe84040c6,attnlrp,f1_at_k,0.25,target,Compression,"{'n_gold_tokens': 12, 'k': 12}",e5
task2_plausibility,f5fae2abe84040c6,attnlrp,auprc,0.3712808632829819,target,Compression,"{'n_gold_tokens': 12, 'k': 12}",e5
task2_plausibility,f5fae2abe84040c6,attnlrp,precision_at_k,0.4166666666666667,target,Omission,"{'n_gold_tokens': 12, 'k': 12}",e5
task2_plausibility,f5fae2abe84040c6,attnlrp,recall_at_k,0.4166666666666667,target,Omission,"{'n_gold_tokens': 12, 'k': 12}",e5
task2_plausibility,f5fae2abe84040c6,attnlrp,f1_at_k,0.4166666666666667,target,Omission,"{'n_gold_tokens': 12, 'k': 12}",e5
task2_plausibility,f5fae2abe84040c6,attnlrp,auprc,0.38413104807004905,target,Omission,"{'n_gold_tokens': 12, 'k': 12}",e5
task2_plausibility,fb0854572fb09c00,attnlrp,precision_at_k,0.36363636363636365,target,Synonymy,"{'n_gold_tokens': 33, 'k': 33}",e5
task2_plausibility,fb0854572fb09c00,attnlrp,recall_at_k,0.36363636363636365,target,Synonymy,"{'n_gold_tokens': 33, 'k': 33}",e5
task2_plausibility,fb0854572fb09c00,attnlrp,f1_at_k,0.36363636363636365,target,Synonymy,"{'n_gold_tokens': 33, 'k': 33}",e5
task2_plausibility,fb0854572fb09c00,attnlrp,auprc,0.34981039816436393,target,Synonymy,"{'n_gold_tokens': 33, 'k': 33}",e5
task2_plausibility,fb0854572fb09c00,attnlrp,precision_at_k,0.30303030303030304,target,Modulation,"{'n_gold_tokens': 33, 'k': 33}",e5
task2_plausibility,fb0854572fb09c00,attnlrp,recall_at_k,0.30303030303030304,target,Modulation,"{'n_gold_tokens': 33, 'k': 33}",e5
task2_plausibility,fb0854572fb09c00,attnlrp,f1_at_k,0.30303030303030304,target,Modulation,"{'n_gold_tokens': 33, 'k': 33}",e5
task2_plausibility,fb0854572fb09c00,attnlrp,auprc,0.2648836635312633,target,Modulation,"{'n_gold_tokens': 33, 'k': 33}",e5
task2_plausibility,fb0854572fb09c00,attnlrp,precision_at_k,0.42424242424242425,target,Compression,"{'n_gold_tokens': 33, 'k': 33}",e5
task2_plausibility,fb0854572fb09c00,attnlrp,recall_at_k,0.42424242424242425,target,Compression,"{'n_gold_tokens': 33, 'k': 33}",e5
task2_plausibility,fb0854572fb09c00,attnlrp,f1_at_k,0.4242424242424243,target,Compression,"{'n_gold_tokens': 33, 'k': 33}",e5
task2_plausibility,fb0854572fb09c00,attnlrp,auprc,0.37726140993725665,target,Compression,"{'n_gold_tokens': 33, 'k': 33}",e5
task2_plausibility,fb0854572fb09c00,attnlrp,precision_at_k,0.2727272727272727,target,Explanation,"{'n_gold_tokens': 33, 'k': 33}",e5
task2_plausibility,fb0854572fb09c00,attnlrp,recall_at_k,0.2727272727272727,target,Explanation,"{'n_gold_tokens': 33, 'k': 33}",e5
task2_plausibility,fb0854572fb09c00,attnlrp,f1_at_k,0.2727272727272727,target,Explanation,"{'n_gold_tokens': 33, 'k': 33}",e5
task2_plausibility,fb0854572fb09c00,attnlrp,auprc,0.32336593866727736,target,Explanation,"{'n_gold_tokens': 33, 'k': 33}",e5
task2_plausibility,fcdca612e90d0d5a,attnlrp,precision_at_k,0.4375,target,Synonymy,"{'n_gold_tokens': 16, 'k': 16}",e5
task2_plausibility,fcdca612e90d0d5a,attnlrp,recall_at_k,0.4375,target,Synonymy,"{'n_gold_tokens': 16, 'k': 16}",e5
task2_plausibility,fcdca612e90d0d5a,attnlrp,f1_at_k,0.4375,target,Synonymy,"{'n_gold_tokens': 16, 'k': 16}",e5
task2_plausibility,fcdca612e90d0d5a,attnlrp,auprc,0.4384578731686817,target,Synonymy,"{'n_gold_tokens': 16, 'k': 16}",e5
task2_plausibility,fcdca612e90d0d5a,attnlrp,precision_at_k,0.4375,target,Modulation,"{'n_gold_tokens': 16, 'k': 16}",e5
task2_plausibility,fcdca612e90d0d5a,attnlrp,recall_at_k,0.4375,target,Modulation,"{'n_gold_tokens': 16, 'k': 16}",e5
task2_plausibility,fcdca612e90d0d5a,attnlrp,f1_at_k,0.4375,target,Modulation,"{'n_gold_tokens': 16, 'k': 16}",e5
task2_plausibility,fcdca612e90d0d5a,attnlrp,auprc,0.4748530740415389,target,Modulation,"{'n_gold_tokens': 16, 'k': 16}",e5
task2_plausibility,852e307c048eb4ff,attnlrp,precision_at_k,0.18181818181818182,target,Synonymy,"{'n_gold_tokens': 11, 'k': 11}",e5
task2_plausibility,852e307c048eb4ff,attnlrp,recall_at_k,0.18181818181818182,target,Synonymy,"{'n_gold_tokens': 11, 'k': 11}",e5
task2_plausibility,852e307c048eb4ff,attnlrp,f1_at_k,0.18181818181818182,target,Synonymy,"{'n_gold_tokens': 11, 'k': 11}",e5
task2_plausibility,852e307c048eb4ff,attnlrp,auprc,0.2386333290011391,target,Synonymy,"{'n_gold_tokens': 11, 'k': 11}",e5
task2_plausibility,852e307c048eb4ff,attnlrp,precision_at_k,0.18181818181818182,target,Explanation,"{'n_gold_tokens': 11, 'k': 11}",e5
task2_plausibility,852e307c048eb4ff,attnlrp,recall_at_k,0.18181818181818182,target,Explanation,"{'n_gold_tokens': 11, 'k': 11}",e5
task2_plausibility,852e307c048eb4ff,attnlrp,f1_at_k,0.18181818181818182,target,Explanation,"{'n_gold_tokens': 11, 'k': 11}",e5
task2_plausibility,852e307c048eb4ff,attnlrp,auprc,0.31699812572945524,target,Explanation,"{'n_gold_tokens': 11, 'k': 11}",e5
task2_plausibility,35654cc5a0362f73,attnlrp,precision_at_k,0.2608695652173913,target,Synonymy,"{'n_gold_tokens': 23, 'k': 23}",e5
task2_plausibility,35654cc5a0362f73,attnlrp,recall_at_k,0.2608695652173913,target,Synonymy,"{'n_gold_tokens': 23, 'k': 23}",e5
task2_plausibility,35654cc5a0362f73,attnlrp,f1_at_k,0.2608695652173913,target,Synonymy,"{'n_gold_tokens': 23, 'k': 23}",e5
task2_plausibility,35654cc5a0362f73,attnlrp,auprc,0.35162012033038614,target,Synonymy,"{'n_gold_tokens': 23, 'k': 23}",e5
task2_plausibility,8f01554dcbf4fc96,attnlrp,precision_at_k,0.1111111111111111,target,Synonymy,"{'n_gold_tokens': 9, 'k': 9}",e5
task2_plausibility,8f01554dcbf4fc96,attnlrp,recall_at_k,0.1111111111111111,target,Synonymy,"{'n_gold_tokens': 9, 'k': 9}",e5
task2_plausibility,8f01554dcbf4fc96,attnlrp,f1_at_k,0.1111111111111111,target,Synonymy,"{'n_gold_tokens': 9, 'k': 9}",e5
task2_plausibility,8f01554dcbf4fc96,attnlrp,auprc,0.1729656326180457,target,Synonymy,"{'n_gold_tokens': 9, 'k': 9}",e5
task2_plausibility,8f01554dcbf4fc96,attnlrp,precision_at_k,0.2222222222222222,target,Explanation,"{'n_gold_tokens': 9, 'k': 9}",e5
task2_plausibility,8f01554dcbf4fc96,attnlrp,recall_at_k,0.2222222222222222,target,Explanation,"{'n_gold_tokens': 9, 'k': 9}",e5
task2_plausibility,8f01554dcbf4fc96,attnlrp,f1_at_k,0.2222222222222222,target,Explanation,"{'n_gold_tokens': 9, 'k': 9}",e5
task2_plausibility,8f01554dcbf4fc96,attnlrp,auprc,0.2845519404342934,target,Explanation,"{'n_gold_tokens': 9, 'k': 9}",e5
task2_plausibility,b5b875edf1cbdd7a,attnlrp,precision_at_k,0.0,target,Synonymy,"{'n_gold_tokens': 1, 'k': 1}",e5
task2_plausibility,b5b875edf1cbdd7a,attnlrp,recall_at_k,0.0,target,Synonymy,"{'n_gold_tokens': 1, 'k': 1}",e5
task2_plausibility,b5b875edf1cbdd7a,attnlrp,f1_at_k,0.0,target,Synonymy,"{'n_gold_tokens': 1, 'k': 1}",e5
task2_plausibility,b5b875edf1cbdd7a,attnlrp,auprc,0.1111111111111111,target,Synonymy,"{'n_gold_tokens': 1, 'k': 1}",e5
task2_plausibility,b5b875edf1cbdd7a,attnlrp,precision_at_k,0.0,target,Explanation,"{'n_gold_tokens': 1, 'k': 1}",e5
task2_plausibility,b5b875edf1cbdd7a,attnlrp,recall_at_k,0.0,target,Explanation,"{'n_gold_tokens': 1, 'k': 1}",e5
task2_plausibility,b5b875edf1cbdd7a,attnlrp,f1_at_k,0.0,target,Explanation,"{'n_gold_tokens': 1, 'k': 1}",e5
task2_plausibility,b5b875edf1cbdd7a,attnlrp,auprc,0.09090909090909091,target,Explanation,"{'n_gold_tokens': 1, 'k': 1}",e5
task2_plausibility,78ddd95ac6d81b86,attnlrp,precision_at_k,0.38095238095238093,target,Synonymy,"{'n_gold_tokens': 21, 'k': 21}",e5
task2_plausibility,78ddd95ac6d81b86,attnlrp,recall_at_k,0.38095238095238093,target,Synonymy,"{'n_gold_tokens': 21, 'k': 21}",e5
task2_plausibility,78ddd95ac6d81b86,attnlrp,f1_at_k,0.38095238095238093,target,Synonymy,"{'n_gold_tokens': 21, 'k': 21}",e5
task2_plausibility,78ddd95ac6d81b86,attnlrp,auprc,0.44339007332591357,target,Synonymy,"{'n_gold_tokens': 21, 'k': 21}",e5
task2_plausibility,6c4291a280bc701d,attnlrp,precision_at_k,0.4666666666666667,target,Synonymy,"{'n_gold_tokens': 15, 'k': 15}",e5
task2_plausibility,6c4291a280bc701d,attnlrp,recall_at_k,0.4666666666666667,target,Synonymy,"{'n_gold_tokens': 15, 'k': 15}",e5
task2_plausibility,6c4291a280bc701d,attnlrp,f1_at_k,0.4666666666666667,target,Synonymy,"{'n_gold_tokens': 15, 'k': 15}",e5
task2_plausibility,6c4291a280bc701d,attnlrp,auprc,0.46948803865972416,target,Synonymy,"{'n_gold_tokens': 15, 'k': 15}",e5
task2_plausibility,6c4291a280bc701d,attnlrp,precision_at_k,0.4666666666666667,target,Explanation,"{'n_gold_tokens': 15, 'k': 15}",e5
task2_plausibility,6c4291a280bc701d,attnlrp,recall_at_k,0.4666666666666667,target,Explanation,"{'n_gold_tokens': 15, 'k': 15}",e5
task2_plausibility,6c4291a280bc701d,attnlrp,f1_at_k,0.4666666666666667,target,Explanation,"{'n_gold_tokens': 15, 'k': 15}",e5
task2_plausibility,6c4291a280bc701d,attnlrp,auprc,0.44166984785786867,target,Explanation,"{'n_gold_tokens': 15, 'k': 15}",e5
task2_plausibility,cf47a8639d43e385,attnlrp,precision_at_k,0.1111111111111111,target,Synonymy,"{'n_gold_tokens': 9, 'k': 9}",e5
task2_plausibility,cf47a8639d43e385,attnlrp,recall_at_k,0.1111111111111111,target,Synonymy,"{'n_gold_tokens': 9, 'k': 9}",e5
task2_plausibility,cf47a8639d43e385,attnlrp,f1_at_k,0.1111111111111111,target,Synonymy,"{'n_gold_tokens': 9, 'k': 9}",e5
task2_plausibility,cf47a8639d43e385,attnlrp,auprc,0.1001670371797243,target,Synonymy,"{'n_gold_tokens': 9, 'k': 9}",e5
task2_plausibility,cf47a8639d43e385,attnlrp,precision_at_k,0.1111111111111111,target,Modulation,"{'n_gold_tokens': 9, 'k': 9}",e5
task2_plausibility,cf47a8639d43e385,attnlrp,recall_at_k,0.1111111111111111,target,Modulation,"{'n_gold_tokens': 9, 'k': 9}",e5
task2_plausibility,cf47a8639d43e385,attnlrp,f1_at_k,0.1111111111111111,target,Modulation,"{'n_gold_tokens': 9, 'k': 9}",e5
task2_plausibility,cf47a8639d43e385,attnlrp,auprc,0.12836083669417003,target,Modulation,"{'n_gold_tokens': 9, 'k': 9}",e5
task2_plausibility,cf47a8639d43e385,attnlrp,precision_at_k,0.0,target,Explanation,"{'n_gold_tokens': 9, 'k': 9}",e5
task2_plausibility,cf47a8639d43e385,attnlrp,recall_at_k,0.0,target,Explanation,"{'n_gold_tokens': 9, 'k': 9}",e5
task2_plausibility,cf47a8639d43e385,attnlrp,f1_at_k,0.0,target,Explanation,"{'n_gold_tokens': 9, 'k': 9}",e5
task2_plausibility,cf47a8639d43e385,attnlrp,auprc,0.1132026155775884,target,Explanation,"{'n_gold_tokens': 9, 'k': 9}",e5
task2_plausibility,cf47a8639d43e385,attnlrp,precision_at_k,0.1111111111111111,target,Syntactic Change,"{'n_gold_tokens': 9, 'k': 9}",e5
task2_plausibility,cf47a8639d43e385,attnlrp,recall_at_k,0.1111111111111111,target,Syntactic Change,"{'n_gold_tokens': 9, 'k': 9}",e5
task2_plausibility,cf47a8639d43e385,attnlrp,f1_at_k,0.1111111111111111,target,Syntactic Change,"{'n_gold_tokens': 9, 'k': 9}",e5
task2_plausibility,cf47a8639d43e385,attnlrp,auprc,0.136596837653448,target,Syntactic Change,"{'n_gold_tokens': 9, 'k': 9}",e5
task2_plausibility,d7c3580bbee86abb,attnlrp,precision_at_k,0.65625,target,Synonymy,"{'n_gold_tokens': 32, 'k': 32}",e5
task2_plausibility,d7c3580bbee86abb,attnlrp,recall_at_k,0.65625,target,Synonymy,"{'n_gold_tokens': 32, 'k': 32}",e5
task2_plausibility,d7c3580bbee86abb,attnlrp,f1_at_k,0.65625,target,Synonymy,"{'n_gold_tokens': 32, 'k': 32}",e5
task2_plausibility,d7c3580bbee86abb,attnlrp,auprc,0.7017370189208172,target,Synonymy,"{'n_gold_tokens': 32, 'k': 32}",e5
task2_plausibility,d7c3580bbee86abb,attnlrp,precision_at_k,0.5625,target,Modulation,"{'n_gold_tokens': 32, 'k': 32}",e5
task2_plausibility,d7c3580bbee86abb,attnlrp,recall_at_k,0.5625,target,Modulation,"{'n_gold_tokens': 32, 'k': 32}",e5
task2_plausibility,d7c3580bbee86abb,attnlrp,f1_at_k,0.5625,target,Modulation,"{'n_gold_tokens': 32, 'k': 32}",e5
task2_plausibility,d7c3580bbee86abb,attnlrp,auprc,0.6792440786327315,target,Modulation,"{'n_gold_tokens': 32, 'k': 32}",e5
task2_plausibility,d7c3580bbee86abb,attnlrp,precision_at_k,0.71875,target,Explanation,"{'n_gold_tokens': 32, 'k': 32}",e5
task2_plausibility,d7c3580bbee86abb,attnlrp,recall_at_k,0.71875,target,Explanation,"{'n_gold_tokens': 32, 'k': 32}",e5
task2_plausibility,d7c3580bbee86abb,attnlrp,f1_at_k,0.71875,target,Explanation,"{'n_gold_tokens': 32, 'k': 32}",e5
task2_plausibility,d7c3580bbee86abb,attnlrp,auprc,0.8418563268469453,target,Explanation,"{'n_gold_tokens': 32, 'k': 32}",e5
task2_plausibility,0bee3c80b3f3a4e3,attnlrp,precision_at_k,0.42857142857142855,target,Synonymy,"{'n_gold_tokens': 21, 'k': 21}",e5
task2_plausibility,0bee3c80b3f3a4e3,attnlrp,recall_at_k,0.42857142857142855,target,Synonymy,"{'n_gold_tokens': 21, 'k': 21}",e5
task2_plausibility,0bee3c80b3f3a4e3,attnlrp,f1_at_k,0.42857142857142855,target,Synonymy,"{'n_gold_tokens': 21, 'k': 21}",e5
task2_plausibility,0bee3c80b3f3a4e3,attnlrp,auprc,0.4342891460125563,target,Synonymy,"{'n_gold_tokens': 21, 'k': 21}",e5
task2_plausibility,0bee3c80b3f3a4e3,attnlrp,precision_at_k,0.2857142857142857,target,Modulation,"{'n_gold_tokens': 21, 'k': 21}",e5
task2_plausibility,0bee3c80b3f3a4e3,attnlrp,recall_at_k,0.2857142857142857,target,Modulation,"{'n_gold_tokens': 21, 'k': 21}",e5
task2_plausibility,0bee3c80b3f3a4e3,attnlrp,f1_at_k,0.2857142857142857,target,Modulation,"{'n_gold_tokens': 21, 'k': 21}",e5
task2_plausibility,0bee3c80b3f3a4e3,attnlrp,auprc,0.2841747509106357,target,Modulation,"{'n_gold_tokens': 21, 'k': 21}",e5
task2_plausibility,0bee3c80b3f3a4e3,attnlrp,precision_at_k,0.3333333333333333,target,Explanation,"{'n_gold_tokens': 21, 'k': 21}",e5
task2_plausibility,0bee3c80b3f3a4e3,attnlrp,recall_at_k,0.3333333333333333,target,Explanation,"{'n_gold_tokens': 21, 'k': 21}",e5
task2_plausibility,0bee3c80b3f3a4e3,attnlrp,f1_at_k,0.3333333333333333,target,Explanation,"{'n_gold_tokens': 21, 'k': 21}",e5
task2_plausibility,0bee3c80b3f3a4e3,attnlrp,auprc,0.30819881720731757,target,Explanation,"{'n_gold_tokens': 21, 'k': 21}",e5
task2_plausibility,60bd4a9b2a24cf24,attnlrp,precision_at_k,0.42857142857142855,target,Synonymy,"{'n_gold_tokens': 7, 'k': 7}",e5
task2_plausibility,60bd4a9b2a24cf24,attnlrp,recall_at_k,0.42857142857142855,target,Synonymy,"{'n_gold_tokens': 7, 'k': 7}",e5
task2_plausibility,60bd4a9b2a24cf24,attnlrp,f1_at_k,0.42857142857142855,target,Synonymy,"{'n_gold_tokens': 7, 'k': 7}",e5
task2_plausibility,60bd4a9b2a24cf24,attnlrp,auprc,0.42308358308358307,target,Synonymy,"{'n_gold_tokens': 7, 'k': 7}",e5
task2_plausibility,60bd4a9b2a24cf24,attnlrp,precision_at_k,0.14285714285714285,target,Explanation,"{'n_gold_tokens': 7, 'k': 7}",e5
task2_plausibility,60bd4a9b2a24cf24,attnlrp,recall_at_k,0.14285714285714285,target,Explanation,"{'n_gold_tokens': 7, 'k': 7}",e5
task2_plausibility,60bd4a9b2a24cf24,attnlrp,f1_at_k,0.14285714285714285,target,Explanation,"{'n_gold_tokens': 7, 'k': 7}",e5
task2_plausibility,60bd4a9b2a24cf24,attnlrp,auprc,0.21816675388103957,target,Explanation,"{'n_gold_tokens': 7, 'k': 7}",e5
task2_plausibility,cee27584b62acfdb,attnlrp,precision_at_k,0.41935483870967744,target,Synonymy,"{'n_gold_tokens': 31, 'k': 31}",e5
task2_plausibility,cee27584b62acfdb,attnlrp,recall_at_k,0.41935483870967744,target,Synonymy,"{'n_gold_tokens': 31, 'k': 31}",e5
task2_plausibility,cee27584b62acfdb,attnlrp,f1_at_k,0.41935483870967744,target,Synonymy,"{'n_gold_tokens': 31, 'k': 31}",e5
task2_plausibility,cee27584b62acfdb,attnlrp,auprc,0.3786002768763387,target,Synonymy,"{'n_gold_tokens': 31, 'k': 31}",e5
task2_plausibility,cee27584b62acfdb,attnlrp,precision_at_k,0.3870967741935484,target,Modulation,"{'n_gold_tokens': 31, 'k': 31}",e5
task2_plausibility,cee27584b62acfdb,attnlrp,recall_at_k,0.3870967741935484,target,Modulation,"{'n_gold_tokens': 31, 'k': 31}",e5
task2_plausibility,cee27584b62acfdb,attnlrp,f1_at_k,0.3870967741935484,target,Modulation,"{'n_gold_tokens': 31, 'k': 31}",e5
task2_plausibility,cee27584b62acfdb,attnlrp,auprc,0.3936029316086994,target,Modulation,"{'n_gold_tokens': 31, 'k': 31}",e5
task2_plausibility,cee27584b62acfdb,attnlrp,precision_at_k,0.3870967741935484,target,Explanation,"{'n_gold_tokens': 31, 'k': 31}",e5
task2_plausibility,cee27584b62acfdb,attnlrp,recall_at_k,0.3870967741935484,target,Explanation,"{'n_gold_tokens': 31, 'k': 31}",e5
task2_plausibility,cee27584b62acfdb,attnlrp,f1_at_k,0.3870967741935484,target,Explanation,"{'n_gold_tokens': 31, 'k': 31}",e5
task2_plausibility,cee27584b62acfdb,attnlrp,auprc,0.3804579472035222,target,Explanation,"{'n_gold_tokens': 31, 'k': 31}",e5
task2_plausibility,70c01da3e31edc51,attnlrp,precision_at_k,0.29411764705882354,target,Synonymy,"{'n_gold_tokens': 17, 'k': 17}",e5
task2_plausibility,70c01da3e31edc51,attnlrp,recall_at_k,0.29411764705882354,target,Synonymy,"{'n_gold_tokens': 17, 'k': 17}",e5
task2_plausibility,70c01da3e31edc51,attnlrp,f1_at_k,0.29411764705882354,target,Synonymy,"{'n_gold_tokens': 17, 'k': 17}",e5
task2_plausibility,70c01da3e31edc51,attnlrp,auprc,0.4639162467358468,target,Synonymy,"{'n_gold_tokens': 17, 'k': 17}",e5
task2_plausibility,70c01da3e31edc51,attnlrp,precision_at_k,0.35294117647058826,target,Explanation,"{'n_gold_tokens': 17, 'k': 17}",e5
task2_plausibility,70c01da3e31edc51,attnlrp,recall_at_k,0.35294117647058826,target,Explanation,"{'n_gold_tokens': 17, 'k': 17}",e5
task2_plausibility,70c01da3e31edc51,attnlrp,f1_at_k,0.35294117647058826,target,Explanation,"{'n_gold_tokens': 17, 'k': 17}",e5
task2_plausibility,70c01da3e31edc51,attnlrp,auprc,0.41137893910581524,target,Explanation,"{'n_gold_tokens': 17, 'k': 17}",e5
task2_plausibility,c8a019be7dbf356f,attnlrp,precision_at_k,0.36363636363636365,target,Synonymy,"{'n_gold_tokens': 22, 'k': 22}",e5
task2_plausibility,c8a019be7dbf356f,attnlrp,recall_at_k,0.36363636363636365,target,Synonymy,"{'n_gold_tokens': 22, 'k': 22}",e5
task2_plausibility,c8a019be7dbf356f,attnlrp,f1_at_k,0.36363636363636365,target,Synonymy,"{'n_gold_tokens': 22, 'k': 22}",e5
task2_plausibility,c8a019be7dbf356f,attnlrp,auprc,0.37664716596187386,target,Synonymy,"{'n_gold_tokens': 22, 'k': 22}",e5
task2_plausibility,c8a019be7dbf356f,attnlrp,precision_at_k,0.5,target,Explanation,"{'n_gold_tokens': 22, 'k': 22}",e5
task2_plausibility,c8a019be7dbf356f,attnlrp,recall_at_k,0.5,target,Explanation,"{'n_gold_tokens': 22, 'k': 22}",e5
task2_plausibility,c8a019be7dbf356f,attnlrp,f1_at_k,0.5,target,Explanation,"{'n_gold_tokens': 22, 'k': 22}",e5
task2_plausibility,c8a019be7dbf356f,attnlrp,auprc,0.5155926269868423,target,Explanation,"{'n_gold_tokens': 22, 'k': 22}",e5
task2_plausibility,c96c7712b47dd5e5,attnlrp,precision_at_k,0.13793103448275862,target,Synonymy,"{'n_gold_tokens': 29, 'k': 29}",e5
task2_plausibility,c96c7712b47dd5e5,attnlrp,recall_at_k,0.13793103448275862,target,Synonymy,"{'n_gold_tokens': 29, 'k': 29}",e5
task2_plausibility,c96c7712b47dd5e5,attnlrp,f1_at_k,0.13793103448275862,target,Synonymy,"{'n_gold_tokens': 29, 'k': 29}",e5
task2_plausibility,c96c7712b47dd5e5,attnlrp,auprc,0.24940702201943785,target,Synonymy,"{'n_gold_tokens': 29, 'k': 29}",e5
task2_plausibility,c96c7712b47dd5e5,attnlrp,precision_at_k,0.1724137931034483,target,Explanation,"{'n_gold_tokens': 29, 'k': 29}",e5
task2_plausibility,c96c7712b47dd5e5,attnlrp,recall_at_k,0.1724137931034483,target,Explanation,"{'n_gold_tokens': 29, 'k': 29}",e5
task2_plausibility,c96c7712b47dd5e5,attnlrp,f1_at_k,0.1724137931034483,target,Explanation,"{'n_gold_tokens': 29, 'k': 29}",e5
task2_plausibility,c96c7712b47dd5e5,attnlrp,auprc,0.23683993310363122,target,Explanation,"{'n_gold_tokens': 29, 'k': 29}",e5
task2_plausibility,c96c7712b47dd5e5,attnlrp,precision_at_k,0.27586206896551724,target,Syntactic Change,"{'n_gold_tokens': 29, 'k': 29}",e5
task2_plausibility,c96c7712b47dd5e5,attnlrp,recall_at_k,0.27586206896551724,target,Syntactic Change,"{'n_gold_tokens': 29, 'k': 29}",e5
task2_plausibility,c96c7712b47dd5e5,attnlrp,f1_at_k,0.27586206896551724,target,Syntactic Change,"{'n_gold_tokens': 29, 'k': 29}",e5
task2_plausibility,c96c7712b47dd5e5,attnlrp,auprc,0.3108419210068435,target,Syntactic Change,"{'n_gold_tokens': 29, 'k': 29}",e5
task2_plausibility,dc467fa75f708da3,attnlrp,precision_at_k,0.0,target,Explanation,"{'n_gold_tokens': 3, 'k': 3}",e5
task2_plausibility,dc467fa75f708da3,attnlrp,recall_at_k,0.0,target,Explanation,"{'n_gold_tokens': 3, 'k': 3}",e5
task2_plausibility,dc467fa75f708da3,attnlrp,f1_at_k,0.0,target,Explanation,"{'n_gold_tokens': 3, 'k': 3}",e5
task2_plausibility,dc467fa75f708da3,attnlrp,auprc,0.12857142857142856,target,Explanation,"{'n_gold_tokens': 3, 'k': 3}",e5
task2_plausibility,8ed51d2e3ec945c2,attnlrp,precision_at_k,0.0,target,Synonymy,"{'n_gold_tokens': 2, 'k': 2}",e5
task2_plausibility,8ed51d2e3ec945c2,attnlrp,recall_at_k,0.0,target,Synonymy,"{'n_gold_tokens': 2, 'k': 2}",e5
task2_plausibility,8ed51d2e3ec945c2,attnlrp,f1_at_k,0.0,target,Synonymy,"{'n_gold_tokens': 2, 'k': 2}",e5
task2_plausibility,8ed51d2e3ec945c2,attnlrp,auprc,0.17692307692307693,target,Synonymy,"{'n_gold_tokens': 2, 'k': 2}",e5
task2_plausibility,8ed51d2e3ec945c2,attnlrp,precision_at_k,0.0,target,Explanation,"{'n_gold_tokens': 2, 'k': 2}",e5
task2_plausibility,8ed51d2e3ec945c2,attnlrp,recall_at_k,0.0,target,Explanation,"{'n_gold_tokens': 2, 'k': 2}",e5
task2_plausibility,8ed51d2e3ec945c2,attnlrp,f1_at_k,0.0,target,Explanation,"{'n_gold_tokens': 2, 'k': 2}",e5
task2_plausibility,8ed51d2e3ec945c2,attnlrp,auprc,0.05829228243021346,target,Explanation,"{'n_gold_tokens': 2, 'k': 2}",e5
task2_plausibility,e1b4cafdfad72c6c,attnlrp,precision_at_k,0.3448275862068966,target,Synonymy,"{'n_gold_tokens': 29, 'k': 29}",e5
task2_plausibility,e1b4cafdfad72c6c,attnlrp,recall_at_k,0.3448275862068966,target,Synonymy,"{'n_gold_tokens': 29, 'k': 29}",e5
task2_plausibility,e1b4cafdfad72c6c,attnlrp,f1_at_k,0.3448275862068966,target,Synonymy,"{'n_gold_tokens': 29, 'k': 29}",e5
task2_plausibility,e1b4cafdfad72c6c,attnlrp,auprc,0.33905232623758064,target,Synonymy,"{'n_gold_tokens': 29, 'k': 29}",e5
task2_plausibility,e1b4cafdfad72c6c,attnlrp,precision_at_k,0.41379310344827586,target,Explanation,"{'n_gold_tokens': 29, 'k': 29}",e5
task2_plausibility,e1b4cafdfad72c6c,attnlrp,recall_at_k,0.41379310344827586,target,Explanation,"{'n_gold_tokens': 29, 'k': 29}",e5
task2_plausibility,e1b4cafdfad72c6c,attnlrp,f1_at_k,0.41379310344827586,target,Explanation,"{'n_gold_tokens': 29, 'k': 29}",e5
task2_plausibility,e1b4cafdfad72c6c,attnlrp,auprc,0.4455450314509347,target,Explanation,"{'n_gold_tokens': 29, 'k': 29}",e5
task2_plausibility,5546c05a89c40191,attnlrp,precision_at_k,0.125,target,Synonymy,"{'n_gold_tokens': 16, 'k': 16}",e5
task2_plausibility,5546c05a89c40191,attnlrp,recall_at_k,0.125,target,Synonymy,"{'n_gold_tokens': 16, 'k': 16}",e5
task2_plausibility,5546c05a89c40191,attnlrp,f1_at_k,0.125,target,Synonymy,"{'n_gold_tokens': 16, 'k': 16}",e5
task2_plausibility,5546c05a89c40191,attnlrp,auprc,0.1888900622151556,target,Synonymy,"{'n_gold_tokens': 16, 'k': 16}",e5
task2_plausibility,5546c05a89c40191,attnlrp,precision_at_k,0.125,target,Compression,"{'n_gold_tokens': 16, 'k': 16}",e5
task2_plausibility,5546c05a89c40191,attnlrp,recall_at_k,0.125,target,Compression,"{'n_gold_tokens': 16, 'k': 16}",e5
task2_plausibility,5546c05a89c40191,attnlrp,f1_at_k,0.125,target,Compression,"{'n_gold_tokens': 16, 'k': 16}",e5
task2_plausibility,5546c05a89c40191,attnlrp,auprc,0.17169969440166324,target,Compression,"{'n_gold_tokens': 16, 'k': 16}",e5
task2_plausibility,5546c05a89c40191,attnlrp,precision_at_k,0.125,target,Explanation,"{'n_gold_tokens': 16, 'k': 16}",e5
task2_plausibility,5546c05a89c40191,attnlrp,recall_at_k,0.125,target,Explanation,"{'n_gold_tokens': 16, 'k': 16}",e5
task2_plausibility,5546c05a89c40191,attnlrp,f1_at_k,0.125,target,Explanation,"{'n_gold_tokens': 16, 'k': 16}",e5
task2_plausibility,5546c05a89c40191,attnlrp,auprc,0.2097335017310569,target,Explanation,"{'n_gold_tokens': 16, 'k': 16}",e5
task2_plausibility,5546c05a89c40191,attnlrp,precision_at_k,0.3125,target,Omission,"{'n_gold_tokens': 16, 'k': 16}",e5
task2_plausibility,5546c05a89c40191,attnlrp,recall_at_k,0.3125,target,Omission,"{'n_gold_tokens': 16, 'k': 16}",e5
task2_plausibility,5546c05a89c40191,attnlrp,f1_at_k,0.3125,target,Omission,"{'n_gold_tokens': 16, 'k': 16}",e5
task2_plausibility,5546c05a89c40191,attnlrp,auprc,0.24062038952825465,target,Omission,"{'n_gold_tokens': 16, 'k': 16}",e5
task2_plausibility,7f9b3cb38ade349a,attnlrp,precision_at_k,0.2,target,Synonymy,"{'n_gold_tokens': 5, 'k': 5}",e5
task2_plausibility,7f9b3cb38ade349a,attnlrp,recall_at_k,0.2,target,Synonymy,"{'n_gold_tokens': 5, 'k': 5}",e5
task2_plausibility,7f9b3cb38ade349a,attnlrp,f1_at_k,0.20000000000000004,target,Synonymy,"{'n_gold_tokens': 5, 'k': 5}",e5
task2_plausibility,7f9b3cb38ade349a,attnlrp,auprc,0.29166666666666663,target,Synonymy,"{'n_gold_tokens': 5, 'k': 5}",e5
task2_plausibility,7f9b3cb38ade349a,attnlrp,precision_at_k,0.2,target,Modulation,"{'n_gold_tokens': 5, 'k': 5}",e5
task2_plausibility,7f9b3cb38ade349a,attnlrp,recall_at_k,0.2,target,Modulation,"{'n_gold_tokens': 5, 'k': 5}",e5
task2_plausibility,7f9b3cb38ade349a,attnlrp,f1_at_k,0.20000000000000004,target,Modulation,"{'n_gold_tokens': 5, 'k': 5}",e5
task2_plausibility,7f9b3cb38ade349a,attnlrp,auprc,0.26926406926406926,target,Modulation,"{'n_gold_tokens': 5, 'k': 5}",e5
task2_plausibility,7f9b3cb38ade349a,attnlrp,precision_at_k,0.2,target,Explanation,"{'n_gold_tokens': 5, 'k': 5}",e5
task2_plausibility,7f9b3cb38ade349a,attnlrp,recall_at_k,0.2,target,Explanation,"{'n_gold_tokens': 5, 'k': 5}",e5
task2_plausibility,7f9b3cb38ade349a,attnlrp,f1_at_k,0.20000000000000004,target,Explanation,"{'n_gold_tokens': 5, 'k': 5}",e5
task2_plausibility,7f9b3cb38ade349a,attnlrp,auprc,0.29348739495798315,target,Explanation,"{'n_gold_tokens': 5, 'k': 5}",e5
task2_plausibility,9aa1203ee6be38bb,attnlrp,precision_at_k,0.0,target,Synonymy,"{'n_gold_tokens': 1, 'k': 1}",e5
task2_plausibility,9aa1203ee6be38bb,attnlrp,recall_at_k,0.0,target,Synonymy,"{'n_gold_tokens': 1, 'k': 1}",e5
task2_plausibility,9aa1203ee6be38bb,attnlrp,f1_at_k,0.0,target,Synonymy,"{'n_gold_tokens': 1, 'k': 1}",e5
task2_plausibility,9aa1203ee6be38bb,attnlrp,auprc,0.05555555555555555,target,Synonymy,"{'n_gold_tokens': 1, 'k': 1}",e5
task2_plausibility,9aa1203ee6be38bb,attnlrp,precision_at_k,0.0,target,Explanation,"{'n_gold_tokens': 1, 'k': 1}",e5
task2_plausibility,9aa1203ee6be38bb,attnlrp,recall_at_k,0.0,target,Explanation,"{'n_gold_tokens': 1, 'k': 1}",e5
task2_plausibility,9aa1203ee6be38bb,attnlrp,f1_at_k,0.0,target,Explanation,"{'n_gold_tokens': 1, 'k': 1}",e5
task2_plausibility,9aa1203ee6be38bb,attnlrp,auprc,0.05263157894736842,target,Explanation,"{'n_gold_tokens': 1, 'k': 1}",e5
task2_plausibility,5229de14db35a713,attnlrp,precision_at_k,0.2777777777777778,target,Synonymy,"{'n_gold_tokens': 18, 'k': 18}",e5
task2_plausibility,5229de14db35a713,attnlrp,recall_at_k,0.2777777777777778,target,Synonymy,"{'n_gold_tokens': 18, 'k': 18}",e5
task2_plausibility,5229de14db35a713,attnlrp,f1_at_k,0.2777777777777778,target,Synonymy,"{'n_gold_tokens': 18, 'k': 18}",e5
task2_plausibility,5229de14db35a713,attnlrp,auprc,0.3227123368835185,target,Synonymy,"{'n_gold_tokens': 18, 'k': 18}",e5
task2_plausibility,5229de14db35a713,attnlrp,precision_at_k,0.2777777777777778,target,Modulation,"{'n_gold_tokens': 18, 'k': 18}",e5
task2_plausibility,5229de14db35a713,attnlrp,recall_at_k,0.2777777777777778,target,Modulation,"{'n_gold_tokens': 18, 'k': 18}",e5
task2_plausibility,5229de14db35a713,attnlrp,f1_at_k,0.2777777777777778,target,Modulation,"{'n_gold_tokens': 18, 'k': 18}",e5
task2_plausibility,5229de14db35a713,attnlrp,auprc,0.3076523192977637,target,Modulation,"{'n_gold_tokens': 18, 'k': 18}",e5
task2_plausibility,5229de14db35a713,attnlrp,precision_at_k,0.3333333333333333,target,Compression,"{'n_gold_tokens': 18, 'k': 18}",e5
task2_plausibility,5229de14db35a713,attnlrp,recall_at_k,0.3333333333333333,target,Compression,"{'n_gold_tokens': 18, 'k': 18}",e5
task2_plausibility,5229de14db35a713,attnlrp,f1_at_k,0.3333333333333333,target,Compression,"{'n_gold_tokens': 18, 'k': 18}",e5
task2_plausibility,5229de14db35a713,attnlrp,auprc,0.3078869435110895,target,Compression,"{'n_gold_tokens': 18, 'k': 18}",e5
task2_plausibility,5229de14db35a713,attnlrp,precision_at_k,0.3888888888888889,target,Omission,"{'n_gold_tokens': 18, 'k': 18}",e5
task2_plausibility,5229de14db35a713,attnlrp,recall_at_k,0.3888888888888889,target,Omission,"{'n_gold_tokens': 18, 'k': 18}",e5
task2_plausibility,5229de14db35a713,attnlrp,f1_at_k,0.3888888888888889,target,Omission,"{'n_gold_tokens': 18, 'k': 18}",e5
task2_plausibility,5229de14db35a713,attnlrp,auprc,0.40869475873860484,target,Omission,"{'n_gold_tokens': 18, 'k': 18}",e5
task2_plausibility,0b13ef510cf62672,attnlrp,precision_at_k,0.0,target,Synonymy,"{'n_gold_tokens': 1, 'k': 1}",e5
task2_plausibility,0b13ef510cf62672,attnlrp,recall_at_k,0.0,target,Synonymy,"{'n_gold_tokens': 1, 'k': 1}",e5
task2_plausibility,0b13ef510cf62672,attnlrp,f1_at_k,0.0,target,Synonymy,"{'n_gold_tokens': 1, 'k': 1}",e5
task2_plausibility,0b13ef510cf62672,attnlrp,auprc,0.125,target,Synonymy,"{'n_gold_tokens': 1, 'k': 1}",e5
task2_plausibility,0b13ef510cf62672,attnlrp,precision_at_k,0.0,target,Compression,"{'n_gold_tokens': 1, 'k': 1}",e5
task2_plausibility,0b13ef510cf62672,attnlrp,recall_at_k,0.0,target,Compression,"{'n_gold_tokens': 1, 'k': 1}",e5
task2_plausibility,0b13ef510cf62672,attnlrp,f1_at_k,0.0,target,Compression,"{'n_gold_tokens': 1, 'k': 1}",e5
task2_plausibility,0b13ef510cf62672,attnlrp,auprc,0.1111111111111111,target,Compression,"{'n_gold_tokens': 1, 'k': 1}",e5
task2_plausibility,0d37251fcd910029,attnlrp,precision_at_k,0.34210526315789475,target,Synonymy,"{'n_gold_tokens': 38, 'k': 38}",e5
task2_plausibility,0d37251fcd910029,attnlrp,recall_at_k,0.34210526315789475,target,Synonymy,"{'n_gold_tokens': 38, 'k': 38}",e5
task2_plausibility,0d37251fcd910029,attnlrp,f1_at_k,0.34210526315789475,target,Synonymy,"{'n_gold_tokens': 38, 'k': 38}",e5
task2_plausibility,0d37251fcd910029,attnlrp,auprc,0.2794563235601666,target,Synonymy,"{'n_gold_tokens': 38, 'k': 38}",e5
task2_plausibility,0d37251fcd910029,attnlrp,precision_at_k,0.2631578947368421,target,Modulation,"{'n_gold_tokens': 38, 'k': 38}",e5
task2_plausibility,0d37251fcd910029,attnlrp,recall_at_k,0.2631578947368421,target,Modulation,"{'n_gold_tokens': 38, 'k': 38}",e5
task2_plausibility,0d37251fcd910029,attnlrp,f1_at_k,0.2631578947368421,target,Modulation,"{'n_gold_tokens': 38, 'k': 38}",e5
task2_plausibility,0d37251fcd910029,attnlrp,auprc,0.3125330432672996,target,Modulation,"{'n_gold_tokens': 38, 'k': 38}",e5
task2_plausibility,0d37251fcd910029,attnlrp,precision_at_k,0.23684210526315788,target,Compression,"{'n_gold_tokens': 38, 'k': 38}",e5
task2_plausibility,0d37251fcd910029,attnlrp,recall_at_k,0.23684210526315788,target,Compression,"{'n_gold_tokens': 38, 'k': 38}",e5
task2_plausibility,0d37251fcd910029,attnlrp,f1_at_k,0.23684210526315788,target,Compression,"{'n_gold_tokens': 38, 'k': 38}",e5
task2_plausibility,0d37251fcd910029,attnlrp,auprc,0.2862730871436946,target,Compression,"{'n_gold_tokens': 38, 'k': 38}",e5
task2_plausibility,0d37251fcd910029,attnlrp,precision_at_k,0.21052631578947367,target,Explanation,"{'n_gold_tokens': 38, 'k': 38}",e5
task2_plausibility,0d37251fcd910029,attnlrp,recall_at_k,0.21052631578947367,target,Explanation,"{'n_gold_tokens': 38, 'k': 38}",e5
task2_plausibility,0d37251fcd910029,attnlrp,f1_at_k,0.21052631578947367,target,Explanation,"{'n_gold_tokens': 38, 'k': 38}",e5
task2_plausibility,0d37251fcd910029,attnlrp,auprc,0.2689699954167598,target,Explanation,"{'n_gold_tokens': 38, 'k': 38}",e5
task2_plausibility,0d37251fcd910029,attnlrp,precision_at_k,0.23684210526315788,target,Syntactic Change,"{'n_gold_tokens': 38, 'k': 38}",e5
task2_plausibility,0d37251fcd910029,attnlrp,recall_at_k,0.23684210526315788,target,Syntactic Change,"{'n_gold_tokens': 38, 'k': 38}",e5
task2_plausibility,0d37251fcd910029,attnlrp,f1_at_k,0.23684210526315788,target,Syntactic Change,"{'n_gold_tokens': 38, 'k': 38}",e5
task2_plausibility,0d37251fcd910029,attnlrp,auprc,0.264646232102853,target,Syntactic Change,"{'n_gold_tokens': 38, 'k': 38}",e5
task2_plausibility,0d37251fcd910029,attnlrp,precision_at_k,0.3157894736842105,target,Omission,"{'n_gold_tokens': 38, 'k': 38}",e5
task2_plausibility,0d37251fcd910029,attnlrp,recall_at_k,0.3157894736842105,target,Omission,"{'n_gold_tokens': 38, 'k': 38}",e5
task2_plausibility,0d37251fcd910029,attnlrp,f1_at_k,0.3157894736842105,target,Omission,"{'n_gold_tokens': 38, 'k': 38}",e5
task2_plausibility,0d37251fcd910029,attnlrp,auprc,0.3027467925328877,target,Omission,"{'n_gold_tokens': 38, 'k': 38}",e5
task2_plausibility,196c5fc88b6d8d1a,attnlrp,precision_at_k,0.0,target,Synonymy,"{'n_gold_tokens': 1, 'k': 1}",e5
task2_plausibility,196c5fc88b6d8d1a,attnlrp,recall_at_k,0.0,target,Synonymy,"{'n_gold_tokens': 1, 'k': 1}",e5
task2_plausibility,196c5fc88b6d8d1a,attnlrp,f1_at_k,0.0,target,Synonymy,"{'n_gold_tokens': 1, 'k': 1}",e5
task2_plausibility,196c5fc88b6d8d1a,attnlrp,auprc,0.1,target,Synonymy,"{'n_gold_tokens': 1, 'k': 1}",e5
task2_plausibility,19773470d2987b8c,attnlrp,precision_at_k,0.5,target,Synonymy,"{'n_gold_tokens': 2, 'k': 2}",e5
task2_plausibility,19773470d2987b8c,attnlrp,recall_at_k,0.5,target,Synonymy,"{'n_gold_tokens': 2, 'k': 2}",e5
task2_plausibility,19773470d2987b8c,attnlrp,f1_at_k,0.5,target,Synonymy,"{'n_gold_tokens': 2, 'k': 2}",e5
task2_plausibility,19773470d2987b8c,attnlrp,auprc,0.5416666666666666,target,Synonymy,"{'n_gold_tokens': 2, 'k': 2}",e5
task2_plausibility,19773470d2987b8c,attnlrp,precision_at_k,0.0,target,Modulation,"{'n_gold_tokens': 2, 'k': 2}",e5
task2_plausibility,19773470d2987b8c,attnlrp,recall_at_k,0.0,target,Modulation,"{'n_gold_tokens': 2, 'k': 2}",e5
task2_plausibility,19773470d2987b8c,attnlrp,f1_at_k,0.0,target,Modulation,"{'n_gold_tokens': 2, 'k': 2}",e5
task2_plausibility,19773470d2987b8c,attnlrp,auprc,0.041050903119868636,target,Modulation,"{'n_gold_tokens': 2, 'k': 2}",e5
task2_plausibility,1a408162a7e9e7a1,attnlrp,precision_at_k,0.16666666666666666,target,Synonymy,"{'n_gold_tokens': 18, 'k': 18}",e5
task2_plausibility,1a408162a7e9e7a1,attnlrp,recall_at_k,0.16666666666666666,target,Synonymy,"{'n_gold_tokens': 18, 'k': 18}",e5
task2_plausibility,1a408162a7e9e7a1,attnlrp,f1_at_k,0.16666666666666666,target,Synonymy,"{'n_gold_tokens': 18, 'k': 18}",e5
task2_plausibility,1a408162a7e9e7a1,attnlrp,auprc,0.21248440396268678,target,Synonymy,"{'n_gold_tokens': 18, 'k': 18}",e5
task2_plausibility,1a408162a7e9e7a1,attnlrp,precision_at_k,0.2777777777777778,target,Modulation,"{'n_gold_tokens': 18, 'k': 18}",e5
task2_plausibility,1a408162a7e9e7a1,attnlrp,recall_at_k,0.2777777777777778,target,Modulation,"{'n_gold_tokens': 18, 'k': 18}",e5
task2_plausibility,1a408162a7e9e7a1,attnlrp,f1_at_k,0.2777777777777778,target,Modulation,"{'n_gold_tokens': 18, 'k': 18}",e5
task2_plausibility,1a408162a7e9e7a1,attnlrp,auprc,0.2599235983827831,target,Modulation,"{'n_gold_tokens': 18, 'k': 18}",e5
task2_plausibility,1a408162a7e9e7a1,attnlrp,precision_at_k,0.16666666666666666,target,Compression,"{'n_gold_tokens': 18, 'k': 18}",e5
task2_plausibility,1a408162a7e9e7a1,attnlrp,recall_at_k,0.16666666666666666,target,Compression,"{'n_gold_tokens': 18, 'k': 18}",e5
task2_plausibility,1a408162a7e9e7a1,attnlrp,f1_at_k,0.16666666666666666,target,Compression,"{'n_gold_tokens': 18, 'k': 18}",e5
task2_plausibility,1a408162a7e9e7a1,attnlrp,auprc,0.22142680146469762,target,Compression,"{'n_gold_tokens': 18, 'k': 18}",e5
task2_plausibility,1a408162a7e9e7a1,attnlrp,precision_at_k,0.16666666666666666,target,Syntactic Change,"{'n_gold_tokens': 18, 'k': 18}",e5
task2_plausibility,1a408162a7e9e7a1,attnlrp,recall_at_k,0.16666666666666666,target,Syntactic Change,"{'n_gold_tokens': 18, 'k': 18}",e5
task2_plausibility,1a408162a7e9e7a1,attnlrp,f1_at_k,0.16666666666666666,target,Syntactic Change,"{'n_gold_tokens': 18, 'k': 18}",e5
task2_plausibility,1a408162a7e9e7a1,attnlrp,auprc,0.2039097237256581,target,Syntactic Change,"{'n_gold_tokens': 18, 'k': 18}",e5
task2_plausibility,1a408162a7e9e7a1,attnlrp,precision_at_k,0.16666666666666666,target,Omission,"{'n_gold_tokens': 18, 'k': 18}",e5
task2_plausibility,1a408162a7e9e7a1,attnlrp,recall_at_k,0.16666666666666666,target,Omission,"{'n_gold_tokens': 18, 'k': 18}",e5
task2_plausibility,1a408162a7e9e7a1,attnlrp,f1_at_k,0.16666666666666666,target,Omission,"{'n_gold_tokens': 18, 'k': 18}",e5
task2_plausibility,1a408162a7e9e7a1,attnlrp,auprc,0.19843204370537726,target,Omission,"{'n_gold_tokens': 18, 'k': 18}",e5
task2_plausibility,385eb3628ca82dc9,attnlrp,precision_at_k,0.3157894736842105,target,Synonymy,"{'n_gold_tokens': 19, 'k': 19}",e5
task2_plausibility,385eb3628ca82dc9,attnlrp,recall_at_k,0.3157894736842105,target,Synonymy,"{'n_gold_tokens': 19, 'k': 19}",e5
task2_plausibility,385eb3628ca82dc9,attnlrp,f1_at_k,0.3157894736842105,target,Synonymy,"{'n_gold_tokens': 19, 'k': 19}",e5
task2_plausibility,385eb3628ca82dc9,attnlrp,auprc,0.40012468560986014,target,Synonymy,"{'n_gold_tokens': 19, 'k': 19}",e5
task2_plausibility,385eb3628ca82dc9,attnlrp,precision_at_k,0.42105263157894735,target,Modulation,"{'n_gold_tokens': 19, 'k': 19}",e5
task2_plausibility,385eb3628ca82dc9,attnlrp,recall_at_k,0.42105263157894735,target,Modulation,"{'n_gold_tokens': 19, 'k': 19}",e5
task2_plausibility,385eb3628ca82dc9,attnlrp,f1_at_k,0.42105263157894735,target,Modulation,"{'n_gold_tokens': 19, 'k': 19}",e5
task2_plausibility,385eb3628ca82dc9,attnlrp,auprc,0.45179836892666947,target,Modulation,"{'n_gold_tokens': 19, 'k': 19}",e5
task2_plausibility,385eb3628ca82dc9,attnlrp,precision_at_k,0.42105263157894735,target,Compression,"{'n_gold_tokens': 19, 'k': 19}",e5
task2_plausibility,385eb3628ca82dc9,attnlrp,recall_at_k,0.42105263157894735,target,Compression,"{'n_gold_tokens': 19, 'k': 19}",e5
task2_plausibility,385eb3628ca82dc9,attnlrp,f1_at_k,0.42105263157894735,target,Compression,"{'n_gold_tokens': 19, 'k': 19}",e5
task2_plausibility,385eb3628ca82dc9,attnlrp,auprc,0.38659496682595373,target,Compression,"{'n_gold_tokens': 19, 'k': 19}",e5
task2_plausibility,385eb3628ca82dc9,attnlrp,precision_at_k,0.2631578947368421,target,Omission,"{'n_gold_tokens': 19, 'k': 19}",e5
task2_plausibility,385eb3628ca82dc9,attnlrp,recall_at_k,0.2631578947368421,target,Omission,"{'n_gold_tokens': 19, 'k': 19}",e5
task2_plausibility,385eb3628ca82dc9,attnlrp,f1_at_k,0.2631578947368421,target,Omission,"{'n_gold_tokens': 19, 'k': 19}",e5
task2_plausibility,385eb3628ca82dc9,attnlrp,auprc,0.33859631875274676,target,Omission,"{'n_gold_tokens': 19, 'k': 19}",e5
task2_plausibility,467d362e647d1b0b,attnlrp,precision_at_k,0.23529411764705882,target,Synonymy,"{'n_gold_tokens': 17, 'k': 17}",e5
task2_plausibility,467d362e647d1b0b,attnlrp,recall_at_k,0.23529411764705882,target,Synonymy,"{'n_gold_tokens': 17, 'k': 17}",e5
task2_plausibility,467d362e647d1b0b,attnlrp,f1_at_k,0.23529411764705882,target,Synonymy,"{'n_gold_tokens': 17, 'k': 17}",e5
task2_plausibility,467d362e647d1b0b,attnlrp,auprc,0.3136448695160429,target,Synonymy,"{'n_gold_tokens': 17, 'k': 17}",e5
task2_plausibility,467d362e647d1b0b,attnlrp,precision_at_k,0.17647058823529413,target,Modulation,"{'n_gold_tokens': 17, 'k': 17}",e5
task2_plausibility,467d362e647d1b0b,attnlrp,recall_at_k,0.17647058823529413,target,Modulation,"{'n_gold_tokens': 17, 'k': 17}",e5
task2_plausibility,467d362e647d1b0b,attnlrp,f1_at_k,0.17647058823529413,target,Modulation,"{'n_gold_tokens': 17, 'k': 17}",e5
task2_plausibility,467d362e647d1b0b,attnlrp,auprc,0.27418885164553713,target,Modulation,"{'n_gold_tokens': 17, 'k': 17}",e5
task2_plausibility,467d362e647d1b0b,attnlrp,precision_at_k,0.23529411764705882,target,Compression,"{'n_gold_tokens': 17, 'k': 17}",e5
task2_plausibility,467d362e647d1b0b,attnlrp,recall_at_k,0.23529411764705882,target,Compression,"{'n_gold_tokens': 17, 'k': 17}",e5
task2_plausibility,467d362e647d1b0b,attnlrp,f1_at_k,0.23529411764705882,target,Compression,"{'n_gold_tokens': 17, 'k': 17}",e5
task2_plausibility,467d362e647d1b0b,attnlrp,auprc,0.29191541733335585,target,Compression,"{'n_gold_tokens': 17, 'k': 17}",e5
task2_plausibility,467d362e647d1b0b,attnlrp,precision_at_k,0.17647058823529413,target,Syntactic Change,"{'n_gold_tokens': 17, 'k': 17}",e5
task2_plausibility,467d362e647d1b0b,attnlrp,recall_at_k,0.17647058823529413,target,Syntactic Change,"{'n_gold_tokens': 17, 'k': 17}",e5
task2_plausibility,467d362e647d1b0b,attnlrp,f1_at_k,0.17647058823529413,target,Syntactic Change,"{'n_gold_tokens': 17, 'k': 17}",e5
task2_plausibility,467d362e647d1b0b,attnlrp,auprc,0.2397384467134672,target,Syntactic Change,"{'n_gold_tokens': 17, 'k': 17}",e5
task2_plausibility,467d362e647d1b0b,attnlrp,precision_at_k,0.47058823529411764,target,Omission,"{'n_gold_tokens': 17, 'k': 17}",e5
task2_plausibility,467d362e647d1b0b,attnlrp,recall_at_k,0.47058823529411764,target,Omission,"{'n_gold_tokens': 17, 'k': 17}",e5
task2_plausibility,467d362e647d1b0b,attnlrp,f1_at_k,0.47058823529411764,target,Omission,"{'n_gold_tokens': 17, 'k': 17}",e5
task2_plausibility,467d362e647d1b0b,attnlrp,auprc,0.4360909822364719,target,Omission,"{'n_gold_tokens': 17, 'k': 17}",e5
task2_plausibility,4a3b8751b4125005,attnlrp,precision_at_k,0.2777777777777778,target,Synonymy,"{'n_gold_tokens': 18, 'k': 18}",e5
task2_plausibility,4a3b8751b4125005,attnlrp,recall_at_k,0.2777777777777778,target,Synonymy,"{'n_gold_tokens': 18, 'k': 18}",e5
task2_plausibility,4a3b8751b4125005,attnlrp,f1_at_k,0.2777777777777778,target,Synonymy,"{'n_gold_tokens': 18, 'k': 18}",e5
task2_plausibility,4a3b8751b4125005,attnlrp,auprc,0.30424618164731665,target,Synonymy,"{'n_gold_tokens': 18, 'k': 18}",e5
task2_plausibility,4a3b8751b4125005,attnlrp,precision_at_k,0.2222222222222222,target,Modulation,"{'n_gold_tokens': 18, 'k': 18}",e5
task2_plausibility,4a3b8751b4125005,attnlrp,recall_at_k,0.2222222222222222,target,Modulation,"{'n_gold_tokens': 18, 'k': 18}",e5
task2_plausibility,4a3b8751b4125005,attnlrp,f1_at_k,0.2222222222222222,target,Modulation,"{'n_gold_tokens': 18, 'k': 18}",e5
task2_plausibility,4a3b8751b4125005,attnlrp,auprc,0.37921291028051174,target,Modulation,"{'n_gold_tokens': 18, 'k': 18}",e5
task2_plausibility,4a3b8751b4125005,attnlrp,precision_at_k,0.16666666666666666,target,Compression,"{'n_gold_tokens': 18, 'k': 18}",e5
task2_plausibility,4a3b8751b4125005,attnlrp,recall_at_k,0.16666666666666666,target,Compression,"{'n_gold_tokens': 18, 'k': 18}",e5
task2_plausibility,4a3b8751b4125005,attnlrp,f1_at_k,0.16666666666666666,target,Compression,"{'n_gold_tokens': 18, 'k': 18}",e5
task2_plausibility,4a3b8751b4125005,attnlrp,auprc,0.3246212993484352,target,Compression,"{'n_gold_tokens': 18, 'k': 18}",e5
task2_plausibility,4a3b8751b4125005,attnlrp,precision_at_k,0.5,target,Syntactic Change,"{'n_gold_tokens': 18, 'k': 18}",e5
task2_plausibility,4a3b8751b4125005,attnlrp,recall_at_k,0.5,target,Syntactic Change,"{'n_gold_tokens': 18, 'k': 18}",e5
task2_plausibility,4a3b8751b4125005,attnlrp,f1_at_k,0.5,target,Syntactic Change,"{'n_gold_tokens': 18, 'k': 18}",e5
task2_plausibility,4a3b8751b4125005,attnlrp,auprc,0.4376195968473924,target,Syntactic Change,"{'n_gold_tokens': 18, 'k': 18}",e5
task2_plausibility,4a3b8751b4125005,attnlrp,precision_at_k,0.3333333333333333,target,Omission,"{'n_gold_tokens': 18, 'k': 18}",e5
task2_plausibility,4a3b8751b4125005,attnlrp,recall_at_k,0.3333333333333333,target,Omission,"{'n_gold_tokens': 18, 'k': 18}",e5
task2_plausibility,4a3b8751b4125005,attnlrp,f1_at_k,0.3333333333333333,target,Omission,"{'n_gold_tokens': 18, 'k': 18}",e5
task2_plausibility,4a3b8751b4125005,attnlrp,auprc,0.4626565564246681,target,Omission,"{'n_gold_tokens': 18, 'k': 18}",e5
task2_plausibility,5074919f86c4fc4e,attnlrp,precision_at_k,0.1111111111111111,target,Synonymy,"{'n_gold_tokens': 9, 'k': 9}",e5
task2_plausibility,5074919f86c4fc4e,attnlrp,recall_at_k,0.1111111111111111,target,Synonymy,"{'n_gold_tokens': 9, 'k': 9}",e5
task2_plausibility,5074919f86c4fc4e,attnlrp,f1_at_k,0.1111111111111111,target,Synonymy,"{'n_gold_tokens': 9, 'k': 9}",e5
task2_plausibility,5074919f86c4fc4e,attnlrp,auprc,0.1399625784932996,target,Synonymy,"{'n_gold_tokens': 9, 'k': 9}",e5
task2_plausibility,5074919f86c4fc4e,attnlrp,precision_at_k,0.0,target,Modulation,"{'n_gold_tokens': 9, 'k': 9}",e5
task2_plausibility,5074919f86c4fc4e,attnlrp,recall_at_k,0.0,target,Modulation,"{'n_gold_tokens': 9, 'k': 9}",e5
task2_plausibility,5074919f86c4fc4e,attnlrp,f1_at_k,0.0,target,Modulation,"{'n_gold_tokens': 9, 'k': 9}",e5
task2_plausibility,5074919f86c4fc4e,attnlrp,auprc,0.08178478340003881,target,Modulation,"{'n_gold_tokens': 9, 'k': 9}",e5
task2_plausibility,5074919f86c4fc4e,attnlrp,precision_at_k,0.1111111111111111,target,Compression,"{'n_gold_tokens': 9, 'k': 9}",e5
task2_plausibility,5074919f86c4fc4e,attnlrp,recall_at_k,0.1111111111111111,target,Compression,"{'n_gold_tokens': 9, 'k': 9}",e5
task2_plausibility,5074919f86c4fc4e,attnlrp,f1_at_k,0.1111111111111111,target,Compression,"{'n_gold_tokens': 9, 'k': 9}",e5
task2_plausibility,5074919f86c4fc4e,attnlrp,auprc,0.1122988017499778,target,Compression,"{'n_gold_tokens': 9, 'k': 9}",e5
task2_plausibility,5074919f86c4fc4e,attnlrp,precision_at_k,0.2222222222222222,target,Explanation,"{'n_gold_tokens': 9, 'k': 9}",e5
task2_plausibility,5074919f86c4fc4e,attnlrp,recall_at_k,0.2222222222222222,target,Explanation,"{'n_gold_tokens': 9, 'k': 9}",e5
task2_plausibility,5074919f86c4fc4e,attnlrp,f1_at_k,0.2222222222222222,target,Explanation,"{'n_gold_tokens': 9, 'k': 9}",e5
task2_plausibility,5074919f86c4fc4e,attnlrp,auprc,0.2070354306550409,target,Explanation,"{'n_gold_tokens': 9, 'k': 9}",e5
task2_plausibility,5074919f86c4fc4e,attnlrp,precision_at_k,0.1111111111111111,target,Syntactic Change,"{'n_gold_tokens': 9, 'k': 9}",e5
task2_plausibility,5074919f86c4fc4e,attnlrp,recall_at_k,0.1111111111111111,target,Syntactic Change,"{'n_gold_tokens': 9, 'k': 9}",e5
task2_plausibility,5074919f86c4fc4e,attnlrp,f1_at_k,0.1111111111111111,target,Syntactic Change,"{'n_gold_tokens': 9, 'k': 9}",e5
task2_plausibility,5074919f86c4fc4e,attnlrp,auprc,0.11468784244781308,target,Syntactic Change,"{'n_gold_tokens': 9, 'k': 9}",e5
task2_plausibility,5074919f86c4fc4e,attnlrp,precision_at_k,0.0,target,Omission,"{'n_gold_tokens': 9, 'k': 9}",e5
task2_plausibility,5074919f86c4fc4e,attnlrp,recall_at_k,0.0,target,Omission,"{'n_gold_tokens': 9, 'k': 9}",e5
task2_plausibility,5074919f86c4fc4e,attnlrp,f1_at_k,0.0,target,Omission,"{'n_gold_tokens': 9, 'k': 9}",e5
task2_plausibility,5074919f86c4fc4e,attnlrp,auprc,0.09271591520824661,target,Omission,"{'n_gold_tokens': 9, 'k': 9}",e5
task2_plausibility,68fcbd3c26b53cfa,attnlrp,precision_at_k,0.2222222222222222,target,Synonymy,"{'n_gold_tokens': 27, 'k': 27}",e5
task2_plausibility,68fcbd3c26b53cfa,attnlrp,recall_at_k,0.2222222222222222,target,Synonymy,"{'n_gold_tokens': 27, 'k': 27}",e5
task2_plausibility,68fcbd3c26b53cfa,attnlrp,f1_at_k,0.2222222222222222,target,Synonymy,"{'n_gold_tokens': 27, 'k': 27}",e5
task2_plausibility,68fcbd3c26b53cfa,attnlrp,auprc,0.3093811007715281,target,Synonymy,"{'n_gold_tokens': 27, 'k': 27}",e5
task2_plausibility,68fcbd3c26b53cfa,attnlrp,precision_at_k,0.25925925925925924,target,Modulation,"{'n_gold_tokens': 27, 'k': 27}",e5
task2_plausibility,68fcbd3c26b53cfa,attnlrp,recall_at_k,0.25925925925925924,target,Modulation,"{'n_gold_tokens': 27, 'k': 27}",e5
task2_plausibility,68fcbd3c26b53cfa,attnlrp,f1_at_k,0.25925925925925924,target,Modulation,"{'n_gold_tokens': 27, 'k': 27}",e5
task2_plausibility,68fcbd3c26b53cfa,attnlrp,auprc,0.2857534056373283,target,Modulation,"{'n_gold_tokens': 27, 'k': 27}",e5
task2_plausibility,68fcbd3c26b53cfa,attnlrp,precision_at_k,0.2962962962962963,target,Compression,"{'n_gold_tokens': 27, 'k': 27}",e5
task2_plausibility,68fcbd3c26b53cfa,attnlrp,recall_at_k,0.2962962962962963,target,Compression,"{'n_gold_tokens': 27, 'k': 27}",e5
task2_plausibility,68fcbd3c26b53cfa,attnlrp,f1_at_k,0.2962962962962963,target,Compression,"{'n_gold_tokens': 27, 'k': 27}",e5
task2_plausibility,68fcbd3c26b53cfa,attnlrp,auprc,0.29013512152772625,target,Compression,"{'n_gold_tokens': 27, 'k': 27}",e5
task2_plausibility,68fcbd3c26b53cfa,attnlrp,precision_at_k,0.2962962962962963,target,Explanation,"{'n_gold_tokens': 27, 'k': 27}",e5
task2_plausibility,68fcbd3c26b53cfa,attnlrp,recall_at_k,0.2962962962962963,target,Explanation,"{'n_gold_tokens': 27, 'k': 27}",e5
task2_plausibility,68fcbd3c26b53cfa,attnlrp,f1_at_k,0.2962962962962963,target,Explanation,"{'n_gold_tokens': 27, 'k': 27}",e5
task2_plausibility,68fcbd3c26b53cfa,attnlrp,auprc,0.27099086467979805,target,Explanation,"{'n_gold_tokens': 27, 'k': 27}",e5
task2_plausibility,68fcbd3c26b53cfa,attnlrp,precision_at_k,0.25925925925925924,target,Syntactic Change,"{'n_gold_tokens': 27, 'k': 27}",e5
task2_plausibility,68fcbd3c26b53cfa,attnlrp,recall_at_k,0.25925925925925924,target,Syntactic Change,"{'n_gold_tokens': 27, 'k': 27}",e5
task2_plausibility,68fcbd3c26b53cfa,attnlrp,f1_at_k,0.25925925925925924,target,Syntactic Change,"{'n_gold_tokens': 27, 'k': 27}",e5
task2_plausibility,68fcbd3c26b53cfa,attnlrp,auprc,0.28047118461850234,target,Syntactic Change,"{'n_gold_tokens': 27, 'k': 27}",e5
task2_plausibility,68fcbd3c26b53cfa,attnlrp,precision_at_k,0.2222222222222222,target,Omission,"{'n_gold_tokens': 27, 'k': 27}",e5
task2_plausibility,68fcbd3c26b53cfa,attnlrp,recall_at_k,0.2222222222222222,target,Omission,"{'n_gold_tokens': 27, 'k': 27}",e5
task2_plausibility,68fcbd3c26b53cfa,attnlrp,f1_at_k,0.2222222222222222,target,Omission,"{'n_gold_tokens': 27, 'k': 27}",e5
task2_plausibility,68fcbd3c26b53cfa,attnlrp,auprc,0.2709266099970047,target,Omission,"{'n_gold_tokens': 27, 'k': 27}",e5
task2_plausibility,7d686d6c59438eee,attnlrp,precision_at_k,0.38461538461538464,target,Synonymy,"{'n_gold_tokens': 13, 'k': 13}",e5
task2_plausibility,7d686d6c59438eee,attnlrp,recall_at_k,0.38461538461538464,target,Synonymy,"{'n_gold_tokens': 13, 'k': 13}",e5
task2_plausibility,7d686d6c59438eee,attnlrp,f1_at_k,0.38461538461538464,target,Synonymy,"{'n_gold_tokens': 13, 'k': 13}",e5
task2_plausibility,7d686d6c59438eee,attnlrp,auprc,0.3651582106184881,target,Synonymy,"{'n_gold_tokens': 13, 'k': 13}",e5
task2_plausibility,7d686d6c59438eee,attnlrp,precision_at_k,0.3076923076923077,target,Modulation,"{'n_gold_tokens': 13, 'k': 13}",e5
task2_plausibility,7d686d6c59438eee,attnlrp,recall_at_k,0.3076923076923077,target,Modulation,"{'n_gold_tokens': 13, 'k': 13}",e5
task2_plausibility,7d686d6c59438eee,attnlrp,f1_at_k,0.3076923076923077,target,Modulation,"{'n_gold_tokens': 13, 'k': 13}",e5
task2_plausibility,7d686d6c59438eee,attnlrp,auprc,0.260438787000231,target,Modulation,"{'n_gold_tokens': 13, 'k': 13}",e5
task2_plausibility,7d686d6c59438eee,attnlrp,precision_at_k,0.46153846153846156,target,Compression,"{'n_gold_tokens': 13, 'k': 13}",e5
task2_plausibility,7d686d6c59438eee,attnlrp,recall_at_k,0.46153846153846156,target,Compression,"{'n_gold_tokens': 13, 'k': 13}",e5
task2_plausibility,7d686d6c59438eee,attnlrp,f1_at_k,0.46153846153846156,target,Compression,"{'n_gold_tokens': 13, 'k': 13}",e5
task2_plausibility,7d686d6c59438eee,attnlrp,auprc,0.4801688910384563,target,Compression,"{'n_gold_tokens': 13, 'k': 13}",e5
task2_plausibility,7d686d6c59438eee,attnlrp,precision_at_k,0.3076923076923077,target,Syntactic Change,"{'n_gold_tokens': 13, 'k': 13}",e5
task2_plausibility,7d686d6c59438eee,attnlrp,recall_at_k,0.3076923076923077,target,Syntactic Change,"{'n_gold_tokens': 13, 'k': 13}",e5
task2_plausibility,7d686d6c59438eee,attnlrp,f1_at_k,0.3076923076923077,target,Syntactic Change,"{'n_gold_tokens': 13, 'k': 13}",e5
task2_plausibility,7d686d6c59438eee,attnlrp,auprc,0.25829482090800854,target,Syntactic Change,"{'n_gold_tokens': 13, 'k': 13}",e5
task2_plausibility,7d686d6c59438eee,attnlrp,precision_at_k,0.38461538461538464,target,Omission,"{'n_gold_tokens': 13, 'k': 13}",e5
task2_plausibility,7d686d6c59438eee,attnlrp,recall_at_k,0.38461538461538464,target,Omission,"{'n_gold_tokens': 13, 'k': 13}",e5
task2_plausibility,7d686d6c59438eee,attnlrp,f1_at_k,0.38461538461538464,target,Omission,"{'n_gold_tokens': 13, 'k': 13}",e5
task2_plausibility,7d686d6c59438eee,attnlrp,auprc,0.3583809971769838,target,Omission,"{'n_gold_tokens': 13, 'k': 13}",e5
task2_plausibility,7e1411eb93b6764f,attnlrp,precision_at_k,0.16666666666666666,target,Synonymy,"{'n_gold_tokens': 6, 'k': 6}",e5
task2_plausibility,7e1411eb93b6764f,attnlrp,recall_at_k,0.16666666666666666,target,Synonymy,"{'n_gold_tokens': 6, 'k': 6}",e5
task2_plausibility,7e1411eb93b6764f,attnlrp,f1_at_k,0.16666666666666666,target,Synonymy,"{'n_gold_tokens': 6, 'k': 6}",e5
task2_plausibility,7e1411eb93b6764f,attnlrp,auprc,0.15721687316514904,target,Synonymy,"{'n_gold_tokens': 6, 'k': 6}",e5
task2_plausibility,7e1411eb93b6764f,attnlrp,precision_at_k,0.0,target,Modulation,"{'n_gold_tokens': 6, 'k': 6}",e5
task2_plausibility,7e1411eb93b6764f,attnlrp,recall_at_k,0.0,target,Modulation,"{'n_gold_tokens': 6, 'k': 6}",e5
task2_plausibility,7e1411eb93b6764f,attnlrp,f1_at_k,0.0,target,Modulation,"{'n_gold_tokens': 6, 'k': 6}",e5
task2_plausibility,7e1411eb93b6764f,attnlrp,auprc,0.14235168426344896,target,Modulation,"{'n_gold_tokens': 6, 'k': 6}",e5
task2_plausibility,7e1411eb93b6764f,attnlrp,precision_at_k,0.3333333333333333,target,Compression,"{'n_gold_tokens': 6, 'k': 6}",e5
task2_plausibility,7e1411eb93b6764f,attnlrp,recall_at_k,0.3333333333333333,target,Compression,"{'n_gold_tokens': 6, 'k': 6}",e5
task2_plausibility,7e1411eb93b6764f,attnlrp,f1_at_k,0.3333333333333333,target,Compression,"{'n_gold_tokens': 6, 'k': 6}",e5
task2_plausibility,7e1411eb93b6764f,attnlrp,auprc,0.19196742799683977,target,Compression,"{'n_gold_tokens': 6, 'k': 6}",e5
task2_plausibility,7e1411eb93b6764f,attnlrp,precision_at_k,0.0,target,Omission,"{'n_gold_tokens': 6, 'k': 6}",e5
task2_plausibility,7e1411eb93b6764f,attnlrp,recall_at_k,0.0,target,Omission,"{'n_gold_tokens': 6, 'k': 6}",e5
task2_plausibility,7e1411eb93b6764f,attnlrp,f1_at_k,0.0,target,Omission,"{'n_gold_tokens': 6, 'k': 6}",e5
task2_plausibility,7e1411eb93b6764f,attnlrp,auprc,0.14184467125643596,target,Omission,"{'n_gold_tokens': 6, 'k': 6}",e5
task2_plausibility,845f231d95d5cc72,attnlrp,precision_at_k,0.3125,target,Synonymy,"{'n_gold_tokens': 32, 'k': 32}",e5
task2_plausibility,845f231d95d5cc72,attnlrp,recall_at_k,0.3125,target,Synonymy,"{'n_gold_tokens': 32, 'k': 32}",e5
task2_plausibility,845f231d95d5cc72,attnlrp,f1_at_k,0.3125,target,Synonymy,"{'n_gold_tokens': 32, 'k': 32}",e5
task2_plausibility,845f231d95d5cc72,attnlrp,auprc,0.3363514981958634,target,Synonymy,"{'n_gold_tokens': 32, 'k': 32}",e5
task2_plausibility,845f231d95d5cc72,attnlrp,precision_at_k,0.3125,target,Modulation,"{'n_gold_tokens': 32, 'k': 32}",e5
task2_plausibility,845f231d95d5cc72,attnlrp,recall_at_k,0.3125,target,Modulation,"{'n_gold_tokens': 32, 'k': 32}",e5
task2_plausibility,845f231d95d5cc72,attnlrp,f1_at_k,0.3125,target,Modulation,"{'n_gold_tokens': 32, 'k': 32}",e5
task2_plausibility,845f231d95d5cc72,attnlrp,auprc,0.3762226579918176,target,Modulation,"{'n_gold_tokens': 32, 'k': 32}",e5
task2_plausibility,845f231d95d5cc72,attnlrp,precision_at_k,0.3125,target,Compression,"{'n_gold_tokens': 32, 'k': 32}",e5
task2_plausibility,845f231d95d5cc72,attnlrp,recall_at_k,0.3125,target,Compression,"{'n_gold_tokens': 32, 'k': 32}",e5
task2_plausibility,845f231d95d5cc72,attnlrp,f1_at_k,0.3125,target,Compression,"{'n_gold_tokens': 32, 'k': 32}",e5
task2_plausibility,845f231d95d5cc72,attnlrp,auprc,0.32484391894299247,target,Compression,"{'n_gold_tokens': 32, 'k': 32}",e5
task2_plausibility,845f231d95d5cc72,attnlrp,precision_at_k,0.3125,target,Explanation,"{'n_gold_tokens': 32, 'k': 32}",e5
task2_plausibility,845f231d95d5cc72,attnlrp,recall_at_k,0.3125,target,Explanation,"{'n_gold_tokens': 32, 'k': 32}",e5
task2_plausibility,845f231d95d5cc72,attnlrp,f1_at_k,0.3125,target,Explanation,"{'n_gold_tokens': 32, 'k': 32}",e5
task2_plausibility,845f231d95d5cc72,attnlrp,auprc,0.276898120345746,target,Explanation,"{'n_gold_tokens': 32, 'k': 32}",e5
task2_plausibility,845f231d95d5cc72,attnlrp,precision_at_k,0.28125,target,Syntactic Change,"{'n_gold_tokens': 32, 'k': 32}",e5
task2_plausibility,845f231d95d5cc72,attnlrp,recall_at_k,0.28125,target,Syntactic Change,"{'n_gold_tokens': 32, 'k': 32}",e5
task2_plausibility,845f231d95d5cc72,attnlrp,f1_at_k,0.28125,target,Syntactic Change,"{'n_gold_tokens': 32, 'k': 32}",e5
task2_plausibility,845f231d95d5cc72,attnlrp,auprc,0.31980056450157673,target,Syntactic Change,"{'n_gold_tokens': 32, 'k': 32}",e5
task2_plausibility,845f231d95d5cc72,attnlrp,precision_at_k,0.3125,target,Omission,"{'n_gold_tokens': 32, 'k': 32}",e5
task2_plausibility,845f231d95d5cc72,attnlrp,recall_at_k,0.3125,target,Omission,"{'n_gold_tokens': 32, 'k': 32}",e5
task2_plausibility,845f231d95d5cc72,attnlrp,f1_at_k,0.3125,target,Omission,"{'n_gold_tokens': 32, 'k': 32}",e5
task2_plausibility,845f231d95d5cc72,attnlrp,auprc,0.34018826219719583,target,Omission,"{'n_gold_tokens': 32, 'k': 32}",e5
task2_plausibility,90d2c76b0f165f7f,attnlrp,precision_at_k,0.3888888888888889,target,Synonymy,"{'n_gold_tokens': 36, 'k': 36}",e5
task2_plausibility,90d2c76b0f165f7f,attnlrp,recall_at_k,0.3888888888888889,target,Synonymy,"{'n_gold_tokens': 36, 'k': 36}",e5
task2_plausibility,90d2c76b0f165f7f,attnlrp,f1_at_k,0.3888888888888889,target,Synonymy,"{'n_gold_tokens': 36, 'k': 36}",e5
task2_plausibility,90d2c76b0f165f7f,attnlrp,auprc,0.41886734910253964,target,Synonymy,"{'n_gold_tokens': 36, 'k': 36}",e5
task2_plausibility,90d2c76b0f165f7f,attnlrp,precision_at_k,0.4444444444444444,target,Modulation,"{'n_gold_tokens': 36, 'k': 36}",e5
task2_plausibility,90d2c76b0f165f7f,attnlrp,recall_at_k,0.4444444444444444,target,Modulation,"{'n_gold_tokens': 36, 'k': 36}",e5
task2_plausibility,90d2c76b0f165f7f,attnlrp,f1_at_k,0.4444444444444444,target,Modulation,"{'n_gold_tokens': 36, 'k': 36}",e5
task2_plausibility,90d2c76b0f165f7f,attnlrp,auprc,0.4341049118865282,target,Modulation,"{'n_gold_tokens': 36, 'k': 36}",e5
task2_plausibility,90d2c76b0f165f7f,attnlrp,precision_at_k,0.3888888888888889,target,Compression,"{'n_gold_tokens': 36, 'k': 36}",e5
task2_plausibility,90d2c76b0f165f7f,attnlrp,recall_at_k,0.3888888888888889,target,Compression,"{'n_gold_tokens': 36, 'k': 36}",e5
task2_plausibility,90d2c76b0f165f7f,attnlrp,f1_at_k,0.3888888888888889,target,Compression,"{'n_gold_tokens': 36, 'k': 36}",e5
task2_plausibility,90d2c76b0f165f7f,attnlrp,auprc,0.38114154020919533,target,Compression,"{'n_gold_tokens': 36, 'k': 36}",e5
task2_plausibility,90d2c76b0f165f7f,attnlrp,precision_at_k,0.4166666666666667,target,Explanation,"{'n_gold_tokens': 36, 'k': 36}",e5
task2_plausibility,90d2c76b0f165f7f,attnlrp,recall_at_k,0.4166666666666667,target,Explanation,"{'n_gold_tokens': 36, 'k': 36}",e5
task2_plausibility,90d2c76b0f165f7f,attnlrp,f1_at_k,0.4166666666666667,target,Explanation,"{'n_gold_tokens': 36, 'k': 36}",e5
task2_plausibility,90d2c76b0f165f7f,attnlrp,auprc,0.3911422340867392,target,Explanation,"{'n_gold_tokens': 36, 'k': 36}",e5
task2_plausibility,90d2c76b0f165f7f,attnlrp,precision_at_k,0.4444444444444444,target,Syntactic Change,"{'n_gold_tokens': 36, 'k': 36}",e5
task2_plausibility,90d2c76b0f165f7f,attnlrp,recall_at_k,0.4444444444444444,target,Syntactic Change,"{'n_gold_tokens': 36, 'k': 36}",e5
task2_plausibility,90d2c76b0f165f7f,attnlrp,f1_at_k,0.4444444444444444,target,Syntactic Change,"{'n_gold_tokens': 36, 'k': 36}",e5
task2_plausibility,90d2c76b0f165f7f,attnlrp,auprc,0.4808197302906674,target,Syntactic Change,"{'n_gold_tokens': 36, 'k': 36}",e5
task2_plausibility,90d2c76b0f165f7f,attnlrp,precision_at_k,0.4722222222222222,target,Omission,"{'n_gold_tokens': 36, 'k': 36}",e5
task2_plausibility,90d2c76b0f165f7f,attnlrp,recall_at_k,0.4722222222222222,target,Omission,"{'n_gold_tokens': 36, 'k': 36}",e5
task2_plausibility,90d2c76b0f165f7f,attnlrp,f1_at_k,0.4722222222222222,target,Omission,"{'n_gold_tokens': 36, 'k': 36}",e5
task2_plausibility,90d2c76b0f165f7f,attnlrp,auprc,0.39497836132864195,target,Omission,"{'n_gold_tokens': 36, 'k': 36}",e5
task2_plausibility,9f53b3d5371489c1,attnlrp,precision_at_k,0.2962962962962963,target,Synonymy,"{'n_gold_tokens': 27, 'k': 27}",e5
task2_plausibility,9f53b3d5371489c1,attnlrp,recall_at_k,0.2962962962962963,target,Synonymy,"{'n_gold_tokens': 27, 'k': 27}",e5
task2_plausibility,9f53b3d5371489c1,attnlrp,f1_at_k,0.2962962962962963,target,Synonymy,"{'n_gold_tokens': 27, 'k': 27}",e5
task2_plausibility,9f53b3d5371489c1,attnlrp,auprc,0.3343191506068906,target,Synonymy,"{'n_gold_tokens': 27, 'k': 27}",e5
task2_plausibility,9f53b3d5371489c1,attnlrp,precision_at_k,0.2962962962962963,target,Modulation,"{'n_gold_tokens': 27, 'k': 27}",e5
task2_plausibility,9f53b3d5371489c1,attnlrp,recall_at_k,0.2962962962962963,target,Modulation,"{'n_gold_tokens': 27, 'k': 27}",e5
task2_plausibility,9f53b3d5371489c1,attnlrp,f1_at_k,0.2962962962962963,target,Modulation,"{'n_gold_tokens': 27, 'k': 27}",e5
task2_plausibility,9f53b3d5371489c1,attnlrp,auprc,0.3712644698361981,target,Modulation,"{'n_gold_tokens': 27, 'k': 27}",e5
task2_plausibility,9f53b3d5371489c1,attnlrp,precision_at_k,0.2222222222222222,target,Compression,"{'n_gold_tokens': 27, 'k': 27}",e5
task2_plausibility,9f53b3d5371489c1,attnlrp,recall_at_k,0.2222222222222222,target,Compression,"{'n_gold_tokens': 27, 'k': 27}",e5
task2_plausibility,9f53b3d5371489c1,attnlrp,f1_at_k,0.2222222222222222,target,Compression,"{'n_gold_tokens': 27, 'k': 27}",e5
task2_plausibility,9f53b3d5371489c1,attnlrp,auprc,0.25258066911310684,target,Compression,"{'n_gold_tokens': 27, 'k': 27}",e5
task2_plausibility,9f53b3d5371489c1,attnlrp,precision_at_k,0.2962962962962963,target,Explanation,"{'n_gold_tokens': 27, 'k': 27}",e5
task2_plausibility,9f53b3d5371489c1,attnlrp,recall_at_k,0.2962962962962963,target,Explanation,"{'n_gold_tokens': 27, 'k': 27}",e5
task2_plausibility,9f53b3d5371489c1,attnlrp,f1_at_k,0.2962962962962963,target,Explanation,"{'n_gold_tokens': 27, 'k': 27}",e5
task2_plausibility,9f53b3d5371489c1,attnlrp,auprc,0.2875492297805938,target,Explanation,"{'n_gold_tokens': 27, 'k': 27}",e5
task2_plausibility,9f53b3d5371489c1,attnlrp,precision_at_k,0.2962962962962963,target,Syntactic Change,"{'n_gold_tokens': 27, 'k': 27}",e5
task2_plausibility,9f53b3d5371489c1,attnlrp,recall_at_k,0.2962962962962963,target,Syntactic Change,"{'n_gold_tokens': 27, 'k': 27}",e5
task2_plausibility,9f53b3d5371489c1,attnlrp,f1_at_k,0.2962962962962963,target,Syntactic Change,"{'n_gold_tokens': 27, 'k': 27}",e5
task2_plausibility,9f53b3d5371489c1,attnlrp,auprc,0.38241894749589217,target,Syntactic Change,"{'n_gold_tokens': 27, 'k': 27}",e5
task2_plausibility,9f53b3d5371489c1,attnlrp,precision_at_k,0.4074074074074074,target,Omission,"{'n_gold_tokens': 27, 'k': 27}",e5
task2_plausibility,9f53b3d5371489c1,attnlrp,recall_at_k,0.4074074074074074,target,Omission,"{'n_gold_tokens': 27, 'k': 27}",e5
task2_plausibility,9f53b3d5371489c1,attnlrp,f1_at_k,0.4074074074074074,target,Omission,"{'n_gold_tokens': 27, 'k': 27}",e5
task2_plausibility,9f53b3d5371489c1,attnlrp,auprc,0.36308732459728305,target,Omission,"{'n_gold_tokens': 27, 'k': 27}",e5
task2_plausibility,ae611fb0737a6e18,attnlrp,precision_at_k,0.3333333333333333,target,Synonymy,"{'n_gold_tokens': 6, 'k': 6}",e5
task2_plausibility,ae611fb0737a6e18,attnlrp,recall_at_k,0.3333333333333333,target,Synonymy,"{'n_gold_tokens': 6, 'k': 6}",e5
task2_plausibility,ae611fb0737a6e18,attnlrp,f1_at_k,0.3333333333333333,target,Synonymy,"{'n_gold_tokens': 6, 'k': 6}",e5
task2_plausibility,ae611fb0737a6e18,attnlrp,auprc,0.5448858524516419,target,Synonymy,"{'n_gold_tokens': 6, 'k': 6}",e5
task2_plausibility,ae611fb0737a6e18,attnlrp,precision_at_k,0.3333333333333333,target,Compression,"{'n_gold_tokens': 6, 'k': 6}",e5
task2_plausibility,ae611fb0737a6e18,attnlrp,recall_at_k,0.3333333333333333,target,Compression,"{'n_gold_tokens': 6, 'k': 6}",e5
task2_plausibility,ae611fb0737a6e18,attnlrp,f1_at_k,0.3333333333333333,target,Compression,"{'n_gold_tokens': 6, 'k': 6}",e5
task2_plausibility,ae611fb0737a6e18,attnlrp,auprc,0.42761568777015,target,Compression,"{'n_gold_tokens': 6, 'k': 6}",e5
task2_plausibility,c8ec09f4bdb89da4,attnlrp,precision_at_k,0.2,target,Synonymy,"{'n_gold_tokens': 5, 'k': 5}",e5
task2_plausibility,c8ec09f4bdb89da4,attnlrp,recall_at_k,0.2,target,Synonymy,"{'n_gold_tokens': 5, 'k': 5}",e5
task2_plausibility,c8ec09f4bdb89da4,attnlrp,f1_at_k,0.20000000000000004,target,Synonymy,"{'n_gold_tokens': 5, 'k': 5}",e5
task2_plausibility,c8ec09f4bdb89da4,attnlrp,auprc,0.23487933634992458,target,Synonymy,"{'n_gold_tokens': 5, 'k': 5}",e5
task2_plausibility,c8ec09f4bdb89da4,attnlrp,precision_at_k,0.6,target,Modulation,"{'n_gold_tokens': 5, 'k': 5}",e5
task2_plausibility,c8ec09f4bdb89da4,attnlrp,recall_at_k,0.6,target,Modulation,"{'n_gold_tokens': 5, 'k': 5}",e5
task2_plausibility,c8ec09f4bdb89da4,attnlrp,f1_at_k,0.6,target,Modulation,"{'n_gold_tokens': 5, 'k': 5}",e5
task2_plausibility,c8ec09f4bdb89da4,attnlrp,auprc,0.5037719298245613,target,Modulation,"{'n_gold_tokens': 5, 'k': 5}",e5
task2_plausibility,c8ec09f4bdb89da4,attnlrp,precision_at_k,0.2,target,Compression,"{'n_gold_tokens': 5, 'k': 5}",e5
task2_plausibility,c8ec09f4bdb89da4,attnlrp,recall_at_k,0.2,target,Compression,"{'n_gold_tokens': 5, 'k': 5}",e5
task2_plausibility,c8ec09f4bdb89da4,attnlrp,f1_at_k,0.20000000000000004,target,Compression,"{'n_gold_tokens': 5, 'k': 5}",e5
task2_plausibility,c8ec09f4bdb89da4,attnlrp,auprc,0.2878554778554778,target,Compression,"{'n_gold_tokens': 5, 'k': 5}",e5
task2_plausibility,c8ec09f4bdb89da4,attnlrp,precision_at_k,0.0,target,Explanation,"{'n_gold_tokens': 5, 'k': 5}",e5
task2_plausibility,c8ec09f4bdb89da4,attnlrp,recall_at_k,0.0,target,Explanation,"{'n_gold_tokens': 5, 'k': 5}",e5
task2_plausibility,c8ec09f4bdb89da4,attnlrp,f1_at_k,0.0,target,Explanation,"{'n_gold_tokens': 5, 'k': 5}",e5
task2_plausibility,c8ec09f4bdb89da4,attnlrp,auprc,0.19004290004290006,target,Explanation,"{'n_gold_tokens': 5, 'k': 5}",e5
task2_plausibility,c8ec09f4bdb89da4,attnlrp,precision_at_k,0.0,target,Omission,"{'n_gold_tokens': 5, 'k': 5}",e5
task2_plausibility,c8ec09f4bdb89da4,attnlrp,recall_at_k,0.0,target,Omission,"{'n_gold_tokens': 5, 'k': 5}",e5
task2_plausibility,c8ec09f4bdb89da4,attnlrp,f1_at_k,0.0,target,Omission,"{'n_gold_tokens': 5, 'k': 5}",e5
task2_plausibility,c8ec09f4bdb89da4,attnlrp,auprc,0.18805860805860808,target,Omission,"{'n_gold_tokens': 5, 'k': 5}",e5
task2_plausibility,d71f511788d7755a,attnlrp,precision_at_k,0.4745762711864407,target,Synonymy,"{'n_gold_tokens': 59, 'k': 59}",e5
task2_plausibility,d71f511788d7755a,attnlrp,recall_at_k,0.4745762711864407,target,Synonymy,"{'n_gold_tokens': 59, 'k': 59}",e5
task2_plausibility,d71f511788d7755a,attnlrp,f1_at_k,0.4745762711864407,target,Synonymy,"{'n_gold_tokens': 59, 'k': 59}",e5
task2_plausibility,d71f511788d7755a,attnlrp,auprc,0.4711266773803621,target,Synonymy,"{'n_gold_tokens': 59, 'k': 59}",e5
task2_plausibility,d71f511788d7755a,attnlrp,precision_at_k,0.3389830508474576,target,Modulation,"{'n_gold_tokens': 59, 'k': 59}",e5
task2_plausibility,d71f511788d7755a,attnlrp,recall_at_k,0.3389830508474576,target,Modulation,"{'n_gold_tokens': 59, 'k': 59}",e5
task2_plausibility,d71f511788d7755a,attnlrp,f1_at_k,0.3389830508474576,target,Modulation,"{'n_gold_tokens': 59, 'k': 59}",e5
task2_plausibility,d71f511788d7755a,attnlrp,auprc,0.38972071339438763,target,Modulation,"{'n_gold_tokens': 59, 'k': 59}",e5
task2_plausibility,d71f511788d7755a,attnlrp,precision_at_k,0.3898305084745763,target,Compression,"{'n_gold_tokens': 59, 'k': 59}",e5
task2_plausibility,d71f511788d7755a,attnlrp,recall_at_k,0.3898305084745763,target,Compression,"{'n_gold_tokens': 59, 'k': 59}",e5
task2_plausibility,d71f511788d7755a,attnlrp,f1_at_k,0.3898305084745763,target,Compression,"{'n_gold_tokens': 59, 'k': 59}",e5
task2_plausibility,d71f511788d7755a,attnlrp,auprc,0.4291032816032384,target,Compression,"{'n_gold_tokens': 59, 'k': 59}",e5
task2_plausibility,d71f511788d7755a,attnlrp,precision_at_k,0.423728813559322,target,Explanation,"{'n_gold_tokens': 59, 'k': 59}",e5
task2_plausibility,d71f511788d7755a,attnlrp,recall_at_k,0.423728813559322,target,Explanation,"{'n_gold_tokens': 59, 'k': 59}",e5
task2_plausibility,d71f511788d7755a,attnlrp,f1_at_k,0.423728813559322,target,Explanation,"{'n_gold_tokens': 59, 'k': 59}",e5
task2_plausibility,d71f511788d7755a,attnlrp,auprc,0.4872219214096643,target,Explanation,"{'n_gold_tokens': 59, 'k': 59}",e5
task2_plausibility,d71f511788d7755a,attnlrp,precision_at_k,0.4406779661016949,target,Syntactic Change,"{'n_gold_tokens': 59, 'k': 59}",e5
task2_plausibility,d71f511788d7755a,attnlrp,recall_at_k,0.4406779661016949,target,Syntactic Change,"{'n_gold_tokens': 59, 'k': 59}",e5
task2_plausibility,d71f511788d7755a,attnlrp,f1_at_k,0.4406779661016949,target,Syntactic Change,"{'n_gold_tokens': 59, 'k': 59}",e5
task2_plausibility,d71f511788d7755a,attnlrp,auprc,0.4599438946182533,target,Syntactic Change,"{'n_gold_tokens': 59, 'k': 59}",e5
task2_plausibility,d71f511788d7755a,attnlrp,precision_at_k,0.3220338983050847,target,Omission,"{'n_gold_tokens': 59, 'k': 59}",e5
task2_plausibility,d71f511788d7755a,attnlrp,recall_at_k,0.3220338983050847,target,Omission,"{'n_gold_tokens': 59, 'k': 59}",e5
task2_plausibility,d71f511788d7755a,attnlrp,f1_at_k,0.3220338983050847,target,Omission,"{'n_gold_tokens': 59, 'k': 59}",e5
task2_plausibility,d71f511788d7755a,attnlrp,auprc,0.44240567595206914,target,Omission,"{'n_gold_tokens': 59, 'k': 59}",e5
task2_plausibility,d8eef360c7b226f8,attnlrp,precision_at_k,0.4375,target,Synonymy,"{'n_gold_tokens': 32, 'k': 32}",e5
task2_plausibility,d8eef360c7b226f8,attnlrp,recall_at_k,0.4375,target,Synonymy,"{'n_gold_tokens': 32, 'k': 32}",e5
task2_plausibility,d8eef360c7b226f8,attnlrp,f1_at_k,0.4375,target,Synonymy,"{'n_gold_tokens': 32, 'k': 32}",e5
task2_plausibility,d8eef360c7b226f8,attnlrp,auprc,0.47974902909716666,target,Synonymy,"{'n_gold_tokens': 32, 'k': 32}",e5
task2_plausibility,d8eef360c7b226f8,attnlrp,precision_at_k,0.3125,target,Modulation,"{'n_gold_tokens': 32, 'k': 32}",e5
task2_plausibility,d8eef360c7b226f8,attnlrp,recall_at_k,0.3125,target,Modulation,"{'n_gold_tokens': 32, 'k': 32}",e5
task2_plausibility,d8eef360c7b226f8,attnlrp,f1_at_k,0.3125,target,Modulation,"{'n_gold_tokens': 32, 'k': 32}",e5
task2_plausibility,d8eef360c7b226f8,attnlrp,auprc,0.40818698734211034,target,Modulation,"{'n_gold_tokens': 32, 'k': 32}",e5
task2_plausibility,d8eef360c7b226f8,attnlrp,precision_at_k,0.375,target,Compression,"{'n_gold_tokens': 32, 'k': 32}",e5
task2_plausibility,d8eef360c7b226f8,attnlrp,recall_at_k,0.375,target,Compression,"{'n_gold_tokens': 32, 'k': 32}",e5
task2_plausibility,d8eef360c7b226f8,attnlrp,f1_at_k,0.375,target,Compression,"{'n_gold_tokens': 32, 'k': 32}",e5
task2_plausibility,d8eef360c7b226f8,attnlrp,auprc,0.37810102243000615,target,Compression,"{'n_gold_tokens': 32, 'k': 32}",e5
task2_plausibility,d8eef360c7b226f8,attnlrp,precision_at_k,0.3125,target,Explanation,"{'n_gold_tokens': 32, 'k': 32}",e5
task2_plausibility,d8eef360c7b226f8,attnlrp,recall_at_k,0.3125,target,Explanation,"{'n_gold_tokens': 32, 'k': 32}",e5
task2_plausibility,d8eef360c7b226f8,attnlrp,f1_at_k,0.3125,target,Explanation,"{'n_gold_tokens': 32, 'k': 32}",e5
task2_plausibility,d8eef360c7b226f8,attnlrp,auprc,0.4703628863378967,target,Explanation,"{'n_gold_tokens': 32, 'k': 32}",e5
task2_plausibility,d8eef360c7b226f8,attnlrp,precision_at_k,0.34375,target,Syntactic Change,"{'n_gold_tokens': 32, 'k': 32}",e5
task2_plausibility,d8eef360c7b226f8,attnlrp,recall_at_k,0.34375,target,Syntactic Change,"{'n_gold_tokens': 32, 'k': 32}",e5
task2_plausibility,d8eef360c7b226f8,attnlrp,f1_at_k,0.34375,target,Syntactic Change,"{'n_gold_tokens': 32, 'k': 32}",e5
task2_plausibility,d8eef360c7b226f8,attnlrp,auprc,0.3520649086393205,target,Syntactic Change,"{'n_gold_tokens': 32, 'k': 32}",e5
task2_plausibility,d8eef360c7b226f8,attnlrp,precision_at_k,0.34375,target,Omission,"{'n_gold_tokens': 32, 'k': 32}",e5
task2_plausibility,d8eef360c7b226f8,attnlrp,recall_at_k,0.34375,target,Omission,"{'n_gold_tokens': 32, 'k': 32}",e5
task2_plausibility,d8eef360c7b226f8,attnlrp,f1_at_k,0.34375,target,Omission,"{'n_gold_tokens': 32, 'k': 32}",e5
task2_plausibility,d8eef360c7b226f8,attnlrp,auprc,0.39680290385872613,target,Omission,"{'n_gold_tokens': 32, 'k': 32}",e5
task2_plausibility,db9d242ec7c52178,attnlrp,precision_at_k,0.26666666666666666,target,Synonymy,"{'n_gold_tokens': 15, 'k': 15}",e5
task2_plausibility,db9d242ec7c52178,attnlrp,recall_at_k,0.26666666666666666,target,Synonymy,"{'n_gold_tokens': 15, 'k': 15}",e5
task2_plausibility,db9d242ec7c52178,attnlrp,f1_at_k,0.26666666666666666,target,Synonymy,"{'n_gold_tokens': 15, 'k': 15}",e5
task2_plausibility,db9d242ec7c52178,attnlrp,auprc,0.28533687207374603,target,Synonymy,"{'n_gold_tokens': 15, 'k': 15}",e5
task2_plausibility,db9d242ec7c52178,attnlrp,precision_at_k,0.06666666666666667,target,Modulation,"{'n_gold_tokens': 15, 'k': 15}",e5
task2_plausibility,db9d242ec7c52178,attnlrp,recall_at_k,0.06666666666666667,target,Modulation,"{'n_gold_tokens': 15, 'k': 15}",e5
task2_plausibility,db9d242ec7c52178,attnlrp,f1_at_k,0.06666666666666667,target,Modulation,"{'n_gold_tokens': 15, 'k': 15}",e5
task2_plausibility,db9d242ec7c52178,attnlrp,auprc,0.16913754074008447,target,Modulation,"{'n_gold_tokens': 15, 'k': 15}",e5
task2_plausibility,db9d242ec7c52178,attnlrp,precision_at_k,0.13333333333333333,target,Compression,"{'n_gold_tokens': 15, 'k': 15}",e5
task2_plausibility,db9d242ec7c52178,attnlrp,recall_at_k,0.13333333333333333,target,Compression,"{'n_gold_tokens': 15, 'k': 15}",e5
task2_plausibility,db9d242ec7c52178,attnlrp,f1_at_k,0.13333333333333333,target,Compression,"{'n_gold_tokens': 15, 'k': 15}",e5
task2_plausibility,db9d242ec7c52178,attnlrp,auprc,0.21734205507372586,target,Compression,"{'n_gold_tokens': 15, 'k': 15}",e5
task2_plausibility,db9d242ec7c52178,attnlrp,precision_at_k,0.13333333333333333,target,Syntactic Change,"{'n_gold_tokens': 15, 'k': 15}",e5
task2_plausibility,db9d242ec7c52178,attnlrp,recall_at_k,0.13333333333333333,target,Syntactic Change,"{'n_gold_tokens': 15, 'k': 15}",e5
task2_plausibility,db9d242ec7c52178,attnlrp,f1_at_k,0.13333333333333333,target,Syntactic Change,"{'n_gold_tokens': 15, 'k': 15}",e5
task2_plausibility,db9d242ec7c52178,attnlrp,auprc,0.1997665067558081,target,Syntactic Change,"{'n_gold_tokens': 15, 'k': 15}",e5
task2_plausibility,db9d242ec7c52178,attnlrp,precision_at_k,0.26666666666666666,target,Omission,"{'n_gold_tokens': 15, 'k': 15}",e5
task2_plausibility,db9d242ec7c52178,attnlrp,recall_at_k,0.26666666666666666,target,Omission,"{'n_gold_tokens': 15, 'k': 15}",e5
task2_plausibility,db9d242ec7c52178,attnlrp,f1_at_k,0.26666666666666666,target,Omission,"{'n_gold_tokens': 15, 'k': 15}",e5
task2_plausibility,db9d242ec7c52178,attnlrp,auprc,0.18355733072576116,target,Omission,"{'n_gold_tokens': 15, 'k': 15}",e5
task2_plausibility,e5bc02d62cc000ba,attnlrp,precision_at_k,0.23809523809523808,target,Synonymy,"{'n_gold_tokens': 42, 'k': 42}",e5
task2_plausibility,e5bc02d62cc000ba,attnlrp,recall_at_k,0.23809523809523808,target,Synonymy,"{'n_gold_tokens': 42, 'k': 42}",e5
task2_plausibility,e5bc02d62cc000ba,attnlrp,f1_at_k,0.23809523809523808,target,Synonymy,"{'n_gold_tokens': 42, 'k': 42}",e5
task2_plausibility,e5bc02d62cc000ba,attnlrp,auprc,0.27773991962304884,target,Synonymy,"{'n_gold_tokens': 42, 'k': 42}",e5
task2_plausibility,e5bc02d62cc000ba,attnlrp,precision_at_k,0.2619047619047619,target,Modulation,"{'n_gold_tokens': 42, 'k': 42}",e5
task2_plausibility,e5bc02d62cc000ba,attnlrp,recall_at_k,0.2619047619047619,target,Modulation,"{'n_gold_tokens': 42, 'k': 42}",e5
task2_plausibility,e5bc02d62cc000ba,attnlrp,f1_at_k,0.2619047619047619,target,Modulation,"{'n_gold_tokens': 42, 'k': 42}",e5
task2_plausibility,e5bc02d62cc000ba,attnlrp,auprc,0.3033685255911682,target,Modulation,"{'n_gold_tokens': 42, 'k': 42}",e5
task2_plausibility,e5bc02d62cc000ba,attnlrp,precision_at_k,0.30952380952380953,target,Compression,"{'n_gold_tokens': 42, 'k': 42}",e5
task2_plausibility,e5bc02d62cc000ba,attnlrp,recall_at_k,0.30952380952380953,target,Compression,"{'n_gold_tokens': 42, 'k': 42}",e5
task2_plausibility,e5bc02d62cc000ba,attnlrp,f1_at_k,0.30952380952380953,target,Compression,"{'n_gold_tokens': 42, 'k': 42}",e5
task2_plausibility,e5bc02d62cc000ba,attnlrp,auprc,0.25266186711955896,target,Compression,"{'n_gold_tokens': 42, 'k': 42}",e5
task2_plausibility,e5bc02d62cc000ba,attnlrp,precision_at_k,0.30952380952380953,target,Explanation,"{'n_gold_tokens': 42, 'k': 42}",e5
task2_plausibility,e5bc02d62cc000ba,attnlrp,recall_at_k,0.30952380952380953,target,Explanation,"{'n_gold_tokens': 42, 'k': 42}",e5
task2_plausibility,e5bc02d62cc000ba,attnlrp,f1_at_k,0.30952380952380953,target,Explanation,"{'n_gold_tokens': 42, 'k': 42}",e5
task2_plausibility,e5bc02d62cc000ba,attnlrp,auprc,0.2947773117143629,target,Explanation,"{'n_gold_tokens': 42, 'k': 42}",e5
task2_plausibility,e5bc02d62cc000ba,attnlrp,precision_at_k,0.21428571428571427,target,Syntactic Change,"{'n_gold_tokens': 42, 'k': 42}",e5
task2_plausibility,e5bc02d62cc000ba,attnlrp,recall_at_k,0.21428571428571427,target,Syntactic Change,"{'n_gold_tokens': 42, 'k': 42}",e5
task2_plausibility,e5bc02d62cc000ba,attnlrp,f1_at_k,0.21428571428571427,target,Syntactic Change,"{'n_gold_tokens': 42, 'k': 42}",e5
task2_plausibility,e5bc02d62cc000ba,attnlrp,auprc,0.30216540765071753,target,Syntactic Change,"{'n_gold_tokens': 42, 'k': 42}",e5
task2_plausibility,e5bc02d62cc000ba,attnlrp,precision_at_k,0.16666666666666666,target,Omission,"{'n_gold_tokens': 42, 'k': 42}",e5
task2_plausibility,e5bc02d62cc000ba,attnlrp,recall_at_k,0.16666666666666666,target,Omission,"{'n_gold_tokens': 42, 'k': 42}",e5
task2_plausibility,e5bc02d62cc000ba,attnlrp,f1_at_k,0.16666666666666666,target,Omission,"{'n_gold_tokens': 42, 'k': 42}",e5
task2_plausibility,e5bc02d62cc000ba,attnlrp,auprc,0.25118492166112716,target,Omission,"{'n_gold_tokens': 42, 'k': 42}",e5
task2_plausibility,ecab5677bc5ae164,attnlrp,precision_at_k,0.42857142857142855,target,Synonymy,"{'n_gold_tokens': 7, 'k': 7}",e5
task2_plausibility,ecab5677bc5ae164,attnlrp,recall_at_k,0.42857142857142855,target,Synonymy,"{'n_gold_tokens': 7, 'k': 7}",e5
task2_plausibility,ecab5677bc5ae164,attnlrp,f1_at_k,0.42857142857142855,target,Synonymy,"{'n_gold_tokens': 7, 'k': 7}",e5
task2_plausibility,ecab5677bc5ae164,attnlrp,auprc,0.5503640052512233,target,Synonymy,"{'n_gold_tokens': 7, 'k': 7}",e5
task2_plausibility,f716126e55aeccd5,attnlrp,precision_at_k,0.2962962962962963,target,Synonymy,"{'n_gold_tokens': 27, 'k': 27}",e5
task2_plausibility,f716126e55aeccd5,attnlrp,recall_at_k,0.2962962962962963,target,Synonymy,"{'n_gold_tokens': 27, 'k': 27}",e5
task2_plausibility,f716126e55aeccd5,attnlrp,f1_at_k,0.2962962962962963,target,Synonymy,"{'n_gold_tokens': 27, 'k': 27}",e5
task2_plausibility,f716126e55aeccd5,attnlrp,auprc,0.3192539377807583,target,Synonymy,"{'n_gold_tokens': 27, 'k': 27}",e5
task2_plausibility,f716126e55aeccd5,attnlrp,precision_at_k,0.37037037037037035,target,Modulation,"{'n_gold_tokens': 27, 'k': 27}",e5
task2_plausibility,f716126e55aeccd5,attnlrp,recall_at_k,0.37037037037037035,target,Modulation,"{'n_gold_tokens': 27, 'k': 27}",e5
task2_plausibility,f716126e55aeccd5,attnlrp,f1_at_k,0.37037037037037035,target,Modulation,"{'n_gold_tokens': 27, 'k': 27}",e5
task2_plausibility,f716126e55aeccd5,attnlrp,auprc,0.3614246279784849,target,Modulation,"{'n_gold_tokens': 27, 'k': 27}",e5
task2_plausibility,f716126e55aeccd5,attnlrp,precision_at_k,0.3333333333333333,target,Compression,"{'n_gold_tokens': 27, 'k': 27}",e5
task2_plausibility,f716126e55aeccd5,attnlrp,recall_at_k,0.3333333333333333,target,Compression,"{'n_gold_tokens': 27, 'k': 27}",e5
task2_plausibility,f716126e55aeccd5,attnlrp,f1_at_k,0.3333333333333333,target,Compression,"{'n_gold_tokens': 27, 'k': 27}",e5
task2_plausibility,f716126e55aeccd5,attnlrp,auprc,0.3158989882981792,target,Compression,"{'n_gold_tokens': 27, 'k': 27}",e5
task2_plausibility,f716126e55aeccd5,attnlrp,precision_at_k,0.37037037037037035,target,Syntactic Change,"{'n_gold_tokens': 27, 'k': 27}",e5
task2_plausibility,f716126e55aeccd5,attnlrp,recall_at_k,0.37037037037037035,target,Syntactic Change,"{'n_gold_tokens': 27, 'k': 27}",e5
task2_plausibility,f716126e55aeccd5,attnlrp,f1_at_k,0.37037037037037035,target,Syntactic Change,"{'n_gold_tokens': 27, 'k': 27}",e5
task2_plausibility,f716126e55aeccd5,attnlrp,auprc,0.3421153976141646,target,Syntactic Change,"{'n_gold_tokens': 27, 'k': 27}",e5
task2_plausibility,f716126e55aeccd5,attnlrp,precision_at_k,0.37037037037037035,target,Omission,"{'n_gold_tokens': 27, 'k': 27}",e5
task2_plausibility,f716126e55aeccd5,attnlrp,recall_at_k,0.37037037037037035,target,Omission,"{'n_gold_tokens': 27, 'k': 27}",e5
task2_plausibility,f716126e55aeccd5,attnlrp,f1_at_k,0.37037037037037035,target,Omission,"{'n_gold_tokens': 27, 'k': 27}",e5
task2_plausibility,f716126e55aeccd5,attnlrp,auprc,0.3957638373749304,target,Omission,"{'n_gold_tokens': 27, 'k': 27}",e5
task2_plausibility,fbe2e558b7326293,attnlrp,precision_at_k,0.4444444444444444,target,Synonymy,"{'n_gold_tokens': 36, 'k': 36}",e5
task2_plausibility,fbe2e558b7326293,attnlrp,recall_at_k,0.4444444444444444,target,Synonymy,"{'n_gold_tokens': 36, 'k': 36}",e5
task2_plausibility,fbe2e558b7326293,attnlrp,f1_at_k,0.4444444444444444,target,Synonymy,"{'n_gold_tokens': 36, 'k': 36}",e5
task2_plausibility,fbe2e558b7326293,attnlrp,auprc,0.427741752861907,target,Synonymy,"{'n_gold_tokens': 36, 'k': 36}",e5
task2_plausibility,fbe2e558b7326293,attnlrp,precision_at_k,0.3055555555555556,target,Modulation,"{'n_gold_tokens': 36, 'k': 36}",e5
task2_plausibility,fbe2e558b7326293,attnlrp,recall_at_k,0.3055555555555556,target,Modulation,"{'n_gold_tokens': 36, 'k': 36}",e5
task2_plausibility,fbe2e558b7326293,attnlrp,f1_at_k,0.3055555555555556,target,Modulation,"{'n_gold_tokens': 36, 'k': 36}",e5
task2_plausibility,fbe2e558b7326293,attnlrp,auprc,0.39939983684403496,target,Modulation,"{'n_gold_tokens': 36, 'k': 36}",e5
task2_plausibility,fbe2e558b7326293,attnlrp,precision_at_k,0.4444444444444444,target,Compression,"{'n_gold_tokens': 36, 'k': 36}",e5
task2_plausibility,fbe2e558b7326293,attnlrp,recall_at_k,0.4444444444444444,target,Compression,"{'n_gold_tokens': 36, 'k': 36}",e5
task2_plausibility,fbe2e558b7326293,attnlrp,f1_at_k,0.4444444444444444,target,Compression,"{'n_gold_tokens': 36, 'k': 36}",e5
task2_plausibility,fbe2e558b7326293,attnlrp,auprc,0.4952621982618851,target,Compression,"{'n_gold_tokens': 36, 'k': 36}",e5
task2_plausibility,fbe2e558b7326293,attnlrp,precision_at_k,0.3888888888888889,target,Explanation,"{'n_gold_tokens': 36, 'k': 36}",e5
task2_plausibility,fbe2e558b7326293,attnlrp,recall_at_k,0.3888888888888889,target,Explanation,"{'n_gold_tokens': 36, 'k': 36}",e5
task2_plausibility,fbe2e558b7326293,attnlrp,f1_at_k,0.3888888888888889,target,Explanation,"{'n_gold_tokens': 36, 'k': 36}",e5
task2_plausibility,fbe2e558b7326293,attnlrp,auprc,0.4583493221501018,target,Explanation,"{'n_gold_tokens': 36, 'k': 36}",e5
task2_plausibility,fbe2e558b7326293,attnlrp,precision_at_k,0.3611111111111111,target,Syntactic Change,"{'n_gold_tokens': 36, 'k': 36}",e5
task2_plausibility,fbe2e558b7326293,attnlrp,recall_at_k,0.3611111111111111,target,Syntactic Change,"{'n_gold_tokens': 36, 'k': 36}",e5
task2_plausibility,fbe2e558b7326293,attnlrp,f1_at_k,0.3611111111111111,target,Syntactic Change,"{'n_gold_tokens': 36, 'k': 36}",e5
task2_plausibility,fbe2e558b7326293,attnlrp,auprc,0.3832530776704958,target,Syntactic Change,"{'n_gold_tokens': 36, 'k': 36}",e5
task2_plausibility,fbe2e558b7326293,attnlrp,precision_at_k,0.3333333333333333,target,Omission,"{'n_gold_tokens': 36, 'k': 36}",e5
task2_plausibility,fbe2e558b7326293,attnlrp,recall_at_k,0.3333333333333333,target,Omission,"{'n_gold_tokens': 36, 'k': 36}",e5
task2_plausibility,fbe2e558b7326293,attnlrp,f1_at_k,0.3333333333333333,target,Omission,"{'n_gold_tokens': 36, 'k': 36}",e5
task2_plausibility,fbe2e558b7326293,attnlrp,auprc,0.42684015524792157,target,Omission,"{'n_gold_tokens': 36, 'k': 36}",e5
task2_plausibility,0d8ed1fae1326a38,attnlrp,precision_at_k,0.23076923076923078,target,Synonymy,"{'n_gold_tokens': 39, 'k': 39}",e5
task2_plausibility,0d8ed1fae1326a38,attnlrp,recall_at_k,0.23076923076923078,target,Synonymy,"{'n_gold_tokens': 39, 'k': 39}",e5
task2_plausibility,0d8ed1fae1326a38,attnlrp,f1_at_k,0.23076923076923078,target,Synonymy,"{'n_gold_tokens': 39, 'k': 39}",e5
task2_plausibility,0d8ed1fae1326a38,attnlrp,auprc,0.29970842012704535,target,Synonymy,"{'n_gold_tokens': 39, 'k': 39}",e5
task2_plausibility,0d8ed1fae1326a38,attnlrp,precision_at_k,0.3076923076923077,target,Modulation,"{'n_gold_tokens': 39, 'k': 39}",e5
task2_plausibility,0d8ed1fae1326a38,attnlrp,recall_at_k,0.3076923076923077,target,Modulation,"{'n_gold_tokens': 39, 'k': 39}",e5
task2_plausibility,0d8ed1fae1326a38,attnlrp,f1_at_k,0.3076923076923077,target,Modulation,"{'n_gold_tokens': 39, 'k': 39}",e5
task2_plausibility,0d8ed1fae1326a38,attnlrp,auprc,0.2979243030202903,target,Modulation,"{'n_gold_tokens': 39, 'k': 39}",e5
task2_plausibility,0d8ed1fae1326a38,attnlrp,precision_at_k,0.28205128205128205,target,Compression,"{'n_gold_tokens': 39, 'k': 39}",e5
task2_plausibility,0d8ed1fae1326a38,attnlrp,recall_at_k,0.28205128205128205,target,Compression,"{'n_gold_tokens': 39, 'k': 39}",e5
task2_plausibility,0d8ed1fae1326a38,attnlrp,f1_at_k,0.28205128205128205,target,Compression,"{'n_gold_tokens': 39, 'k': 39}",e5
task2_plausibility,0d8ed1fae1326a38,attnlrp,auprc,0.3031184374125191,target,Compression,"{'n_gold_tokens': 39, 'k': 39}",e5
task2_plausibility,0d8ed1fae1326a38,attnlrp,precision_at_k,0.38461538461538464,target,Explanation,"{'n_gold_tokens': 39, 'k': 39}",e5
task2_plausibility,0d8ed1fae1326a38,attnlrp,recall_at_k,0.38461538461538464,target,Explanation,"{'n_gold_tokens': 39, 'k': 39}",e5
task2_plausibility,0d8ed1fae1326a38,attnlrp,f1_at_k,0.38461538461538464,target,Explanation,"{'n_gold_tokens': 39, 'k': 39}",e5
task2_plausibility,0d8ed1fae1326a38,attnlrp,auprc,0.3595291069031291,target,Explanation,"{'n_gold_tokens': 39, 'k': 39}",e5
task2_plausibility,0d8ed1fae1326a38,attnlrp,precision_at_k,0.41025641025641024,target,Syntactic Change,"{'n_gold_tokens': 39, 'k': 39}",e5
task2_plausibility,0d8ed1fae1326a38,attnlrp,recall_at_k,0.41025641025641024,target,Syntactic Change,"{'n_gold_tokens': 39, 'k': 39}",e5
task2_plausibility,0d8ed1fae1326a38,attnlrp,f1_at_k,0.41025641025641024,target,Syntactic Change,"{'n_gold_tokens': 39, 'k': 39}",e5
task2_plausibility,0d8ed1fae1326a38,attnlrp,auprc,0.42400131608652575,target,Syntactic Change,"{'n_gold_tokens': 39, 'k': 39}",e5
task2_plausibility,0d8ed1fae1326a38,attnlrp,precision_at_k,0.358974358974359,target,Omission,"{'n_gold_tokens': 39, 'k': 39}",e5
task2_plausibility,0d8ed1fae1326a38,attnlrp,recall_at_k,0.358974358974359,target,Omission,"{'n_gold_tokens': 39, 'k': 39}",e5
task2_plausibility,0d8ed1fae1326a38,attnlrp,f1_at_k,0.358974358974359,target,Omission,"{'n_gold_tokens': 39, 'k': 39}",e5
task2_plausibility,0d8ed1fae1326a38,attnlrp,auprc,0.32564886712478325,target,Omission,"{'n_gold_tokens': 39, 'k': 39}",e5
task2_plausibility,161a615d7857bc73,attnlrp,precision_at_k,0.16666666666666666,target,Synonymy,"{'n_gold_tokens': 6, 'k': 6}",e5
task2_plausibility,161a615d7857bc73,attnlrp,recall_at_k,0.16666666666666666,target,Synonymy,"{'n_gold_tokens': 6, 'k': 6}",e5
task2_plausibility,161a615d7857bc73,attnlrp,f1_at_k,0.16666666666666666,target,Synonymy,"{'n_gold_tokens': 6, 'k': 6}",e5
task2_plausibility,161a615d7857bc73,attnlrp,auprc,0.2734502496650834,target,Synonymy,"{'n_gold_tokens': 6, 'k': 6}",e5
task2_plausibility,161a615d7857bc73,attnlrp,precision_at_k,0.16666666666666666,target,Modulation,"{'n_gold_tokens': 6, 'k': 6}",e5
task2_plausibility,161a615d7857bc73,attnlrp,recall_at_k,0.16666666666666666,target,Modulation,"{'n_gold_tokens': 6, 'k': 6}",e5
task2_plausibility,161a615d7857bc73,attnlrp,f1_at_k,0.16666666666666666,target,Modulation,"{'n_gold_tokens': 6, 'k': 6}",e5
task2_plausibility,161a615d7857bc73,attnlrp,auprc,0.2552583255524432,target,Modulation,"{'n_gold_tokens': 6, 'k': 6}",e5
task2_plausibility,1af07aee67fb8b34,attnlrp,precision_at_k,0.30434782608695654,target,Synonymy,"{'n_gold_tokens': 23, 'k': 23}",e5
task2_plausibility,1af07aee67fb8b34,attnlrp,recall_at_k,0.30434782608695654,target,Synonymy,"{'n_gold_tokens': 23, 'k': 23}",e5
task2_plausibility,1af07aee67fb8b34,attnlrp,f1_at_k,0.30434782608695654,target,Synonymy,"{'n_gold_tokens': 23, 'k': 23}",e5
task2_plausibility,1af07aee67fb8b34,attnlrp,auprc,0.3558291152301204,target,Synonymy,"{'n_gold_tokens': 23, 'k': 23}",e5
task2_plausibility,1af07aee67fb8b34,attnlrp,precision_at_k,0.21739130434782608,target,Modulation,"{'n_gold_tokens': 23, 'k': 23}",e5
task2_plausibility,1af07aee67fb8b34,attnlrp,recall_at_k,0.21739130434782608,target,Modulation,"{'n_gold_tokens': 23, 'k': 23}",e5
task2_plausibility,1af07aee67fb8b34,attnlrp,f1_at_k,0.21739130434782608,target,Modulation,"{'n_gold_tokens': 23, 'k': 23}",e5
task2_plausibility,1af07aee67fb8b34,attnlrp,auprc,0.26479746110363955,target,Modulation,"{'n_gold_tokens': 23, 'k': 23}",e5
task2_plausibility,1af07aee67fb8b34,attnlrp,precision_at_k,0.34782608695652173,target,Compression,"{'n_gold_tokens': 23, 'k': 23}",e5
task2_plausibility,1af07aee67fb8b34,attnlrp,recall_at_k,0.34782608695652173,target,Compression,"{'n_gold_tokens': 23, 'k': 23}",e5
task2_plausibility,1af07aee67fb8b34,attnlrp,f1_at_k,0.34782608695652173,target,Compression,"{'n_gold_tokens': 23, 'k': 23}",e5
task2_plausibility,1af07aee67fb8b34,attnlrp,auprc,0.3645037433114736,target,Compression,"{'n_gold_tokens': 23, 'k': 23}",e5
task2_plausibility,1af07aee67fb8b34,attnlrp,precision_at_k,0.34782608695652173,target,Syntactic Change,"{'n_gold_tokens': 23, 'k': 23}",e5
task2_plausibility,1af07aee67fb8b34,attnlrp,recall_at_k,0.34782608695652173,target,Syntactic Change,"{'n_gold_tokens': 23, 'k': 23}",e5
task2_plausibility,1af07aee67fb8b34,attnlrp,f1_at_k,0.34782608695652173,target,Syntactic Change,"{'n_gold_tokens': 23, 'k': 23}",e5
task2_plausibility,1af07aee67fb8b34,attnlrp,auprc,0.3808839606436028,target,Syntactic Change,"{'n_gold_tokens': 23, 'k': 23}",e5
task2_plausibility,1af07aee67fb8b34,attnlrp,precision_at_k,0.43478260869565216,target,Omission,"{'n_gold_tokens': 23, 'k': 23}",e5
task2_plausibility,1af07aee67fb8b34,attnlrp,recall_at_k,0.43478260869565216,target,Omission,"{'n_gold_tokens': 23, 'k': 23}",e5
task2_plausibility,1af07aee67fb8b34,attnlrp,f1_at_k,0.43478260869565216,target,Omission,"{'n_gold_tokens': 23, 'k': 23}",e5
task2_plausibility,1af07aee67fb8b34,attnlrp,auprc,0.5056318356140469,target,Omission,"{'n_gold_tokens': 23, 'k': 23}",e5
task2_plausibility,1e28d65b0fd66a9b,attnlrp,precision_at_k,0.23333333333333334,target,Synonymy,"{'n_gold_tokens': 30, 'k': 30}",e5
task2_plausibility,1e28d65b0fd66a9b,attnlrp,recall_at_k,0.23333333333333334,target,Synonymy,"{'n_gold_tokens': 30, 'k': 30}",e5
task2_plausibility,1e28d65b0fd66a9b,attnlrp,f1_at_k,0.23333333333333334,target,Synonymy,"{'n_gold_tokens': 30, 'k': 30}",e5
task2_plausibility,1e28d65b0fd66a9b,attnlrp,auprc,0.3371661334695307,target,Synonymy,"{'n_gold_tokens': 30, 'k': 30}",e5
task2_plausibility,1e28d65b0fd66a9b,attnlrp,precision_at_k,0.3333333333333333,target,Modulation,"{'n_gold_tokens': 30, 'k': 30}",e5
task2_plausibility,1e28d65b0fd66a9b,attnlrp,recall_at_k,0.3333333333333333,target,Modulation,"{'n_gold_tokens': 30, 'k': 30}",e5
task2_plausibility,1e28d65b0fd66a9b,attnlrp,f1_at_k,0.3333333333333333,target,Modulation,"{'n_gold_tokens': 30, 'k': 30}",e5
task2_plausibility,1e28d65b0fd66a9b,attnlrp,auprc,0.3393949429183041,target,Modulation,"{'n_gold_tokens': 30, 'k': 30}",e5
task2_plausibility,1e28d65b0fd66a9b,attnlrp,precision_at_k,0.4,target,Compression,"{'n_gold_tokens': 30, 'k': 30}",e5
task2_plausibility,1e28d65b0fd66a9b,attnlrp,recall_at_k,0.4,target,Compression,"{'n_gold_tokens': 30, 'k': 30}",e5
task2_plausibility,1e28d65b0fd66a9b,attnlrp,f1_at_k,0.4000000000000001,target,Compression,"{'n_gold_tokens': 30, 'k': 30}",e5
task2_plausibility,1e28d65b0fd66a9b,attnlrp,auprc,0.43582612406941124,target,Compression,"{'n_gold_tokens': 30, 'k': 30}",e5
task2_plausibility,1e28d65b0fd66a9b,attnlrp,precision_at_k,0.36666666666666664,target,Explanation,"{'n_gold_tokens': 30, 'k': 30}",e5
task2_plausibility,1e28d65b0fd66a9b,attnlrp,recall_at_k,0.36666666666666664,target,Explanation,"{'n_gold_tokens': 30, 'k': 30}",e5
task2_plausibility,1e28d65b0fd66a9b,attnlrp,f1_at_k,0.36666666666666664,target,Explanation,"{'n_gold_tokens': 30, 'k': 30}",e5
task2_plausibility,1e28d65b0fd66a9b,attnlrp,auprc,0.42787285402185427,target,Explanation,"{'n_gold_tokens': 30, 'k': 30}",e5
task2_plausibility,1e28d65b0fd66a9b,attnlrp,precision_at_k,0.26666666666666666,target,Syntactic Change,"{'n_gold_tokens': 30, 'k': 30}",e5
task2_plausibility,1e28d65b0fd66a9b,attnlrp,recall_at_k,0.26666666666666666,target,Syntactic Change,"{'n_gold_tokens': 30, 'k': 30}",e5
task2_plausibility,1e28d65b0fd66a9b,attnlrp,f1_at_k,0.26666666666666666,target,Syntactic Change,"{'n_gold_tokens': 30, 'k': 30}",e5
task2_plausibility,1e28d65b0fd66a9b,attnlrp,auprc,0.3827534524172215,target,Syntactic Change,"{'n_gold_tokens': 30, 'k': 30}",e5
task2_plausibility,1e28d65b0fd66a9b,attnlrp,precision_at_k,0.36666666666666664,target,Omission,"{'n_gold_tokens': 30, 'k': 30}",e5
task2_plausibility,1e28d65b0fd66a9b,attnlrp,recall_at_k,0.36666666666666664,target,Omission,"{'n_gold_tokens': 30, 'k': 30}",e5
task2_plausibility,1e28d65b0fd66a9b,attnlrp,f1_at_k,0.36666666666666664,target,Omission,"{'n_gold_tokens': 30, 'k': 30}",e5
task2_plausibility,1e28d65b0fd66a9b,attnlrp,auprc,0.3324096629495391,target,Omission,"{'n_gold_tokens': 30, 'k': 30}",e5
task2_plausibility,22af842e96b28157,attnlrp,precision_at_k,0.5,target,Synonymy,"{'n_gold_tokens': 12, 'k': 12}",e5
task2_plausibility,22af842e96b28157,attnlrp,recall_at_k,0.5,target,Synonymy,"{'n_gold_tokens': 12, 'k': 12}",e5
task2_plausibility,22af842e96b28157,attnlrp,f1_at_k,0.5,target,Synonymy,"{'n_gold_tokens': 12, 'k': 12}",e5
task2_plausibility,22af842e96b28157,attnlrp,auprc,0.44745106778621274,target,Synonymy,"{'n_gold_tokens': 12, 'k': 12}",e5
task2_plausibility,22af842e96b28157,attnlrp,precision_at_k,0.4166666666666667,target,Modulation,"{'n_gold_tokens': 12, 'k': 12}",e5
task2_plausibility,22af842e96b28157,attnlrp,recall_at_k,0.4166666666666667,target,Modulation,"{'n_gold_tokens': 12, 'k': 12}",e5
task2_plausibility,22af842e96b28157,attnlrp,f1_at_k,0.4166666666666667,target,Modulation,"{'n_gold_tokens': 12, 'k': 12}",e5
task2_plausibility,22af842e96b28157,attnlrp,auprc,0.4231775305304717,target,Modulation,"{'n_gold_tokens': 12, 'k': 12}",e5
task2_plausibility,22af842e96b28157,attnlrp,precision_at_k,0.4166666666666667,target,Explanation,"{'n_gold_tokens': 12, 'k': 12}",e5
task2_plausibility,22af842e96b28157,attnlrp,recall_at_k,0.4166666666666667,target,Explanation,"{'n_gold_tokens': 12, 'k': 12}",e5
task2_plausibility,22af842e96b28157,attnlrp,f1_at_k,0.4166666666666667,target,Explanation,"{'n_gold_tokens': 12, 'k': 12}",e5
task2_plausibility,22af842e96b28157,attnlrp,auprc,0.6170096243625656,target,Explanation,"{'n_gold_tokens': 12, 'k': 12}",e5
task2_plausibility,25efa7ce550a65e8,attnlrp,precision_at_k,0.3,target,Synonymy,"{'n_gold_tokens': 50, 'k': 50}",e5
task2_plausibility,25efa7ce550a65e8,attnlrp,recall_at_k,0.3,target,Synonymy,"{'n_gold_tokens': 50, 'k': 50}",e5
task2_plausibility,25efa7ce550a65e8,attnlrp,f1_at_k,0.3,target,Synonymy,"{'n_gold_tokens': 50, 'k': 50}",e5
task2_plausibility,25efa7ce550a65e8,attnlrp,auprc,0.37541685057893837,target,Synonymy,"{'n_gold_tokens': 50, 'k': 50}",e5
task2_plausibility,25efa7ce550a65e8,attnlrp,precision_at_k,0.34,target,Modulation,"{'n_gold_tokens': 50, 'k': 50}",e5
task2_plausibility,25efa7ce550a65e8,attnlrp,recall_at_k,0.34,target,Modulation,"{'n_gold_tokens': 50, 'k': 50}",e5
task2_plausibility,25efa7ce550a65e8,attnlrp,f1_at_k,0.34,target,Modulation,"{'n_gold_tokens': 50, 'k': 50}",e5
task2_plausibility,25efa7ce550a65e8,attnlrp,auprc,0.3582776018276762,target,Modulation,"{'n_gold_tokens': 50, 'k': 50}",e5
task2_plausibility,25efa7ce550a65e8,attnlrp,precision_at_k,0.38,target,Compression,"{'n_gold_tokens': 50, 'k': 50}",e5
task2_plausibility,25efa7ce550a65e8,attnlrp,recall_at_k,0.38,target,Compression,"{'n_gold_tokens': 50, 'k': 50}",e5
task2_plausibility,25efa7ce550a65e8,attnlrp,f1_at_k,0.38,target,Compression,"{'n_gold_tokens': 50, 'k': 50}",e5
task2_plausibility,25efa7ce550a65e8,attnlrp,auprc,0.34552859415816595,target,Compression,"{'n_gold_tokens': 50, 'k': 50}",e5
task2_plausibility,25efa7ce550a65e8,attnlrp,precision_at_k,0.34,target,Explanation,"{'n_gold_tokens': 50, 'k': 50}",e5
task2_plausibility,25efa7ce550a65e8,attnlrp,recall_at_k,0.34,target,Explanation,"{'n_gold_tokens': 50, 'k': 50}",e5
task2_plausibility,25efa7ce550a65e8,attnlrp,f1_at_k,0.34,target,Explanation,"{'n_gold_tokens': 50, 'k': 50}",e5
task2_plausibility,25efa7ce550a65e8,attnlrp,auprc,0.332328891113538,target,Explanation,"{'n_gold_tokens': 50, 'k': 50}",e5
task2_plausibility,25efa7ce550a65e8,attnlrp,precision_at_k,0.38,target,Syntactic Change,"{'n_gold_tokens': 50, 'k': 50}",e5
task2_plausibility,25efa7ce550a65e8,attnlrp,recall_at_k,0.38,target,Syntactic Change,"{'n_gold_tokens': 50, 'k': 50}",e5
task2_plausibility,25efa7ce550a65e8,attnlrp,f1_at_k,0.38,target,Syntactic Change,"{'n_gold_tokens': 50, 'k': 50}",e5
task2_plausibility,25efa7ce550a65e8,attnlrp,auprc,0.41728664618779127,target,Syntactic Change,"{'n_gold_tokens': 50, 'k': 50}",e5
task2_plausibility,25efa7ce550a65e8,attnlrp,precision_at_k,0.36,target,Omission,"{'n_gold_tokens': 50, 'k': 50}",e5
task2_plausibility,25efa7ce550a65e8,attnlrp,recall_at_k,0.36,target,Omission,"{'n_gold_tokens': 50, 'k': 50}",e5
task2_plausibility,25efa7ce550a65e8,attnlrp,f1_at_k,0.36,target,Omission,"{'n_gold_tokens': 50, 'k': 50}",e5
task2_plausibility,25efa7ce550a65e8,attnlrp,auprc,0.3814285361989428,target,Omission,"{'n_gold_tokens': 50, 'k': 50}",e5
task2_plausibility,2b8cd105f1b02c23,attnlrp,precision_at_k,0.0,target,Synonymy,"{'n_gold_tokens': 6, 'k': 6}",e5
task2_plausibility,2b8cd105f1b02c23,attnlrp,recall_at_k,0.0,target,Synonymy,"{'n_gold_tokens': 6, 'k': 6}",e5
task2_plausibility,2b8cd105f1b02c23,attnlrp,f1_at_k,0.0,target,Synonymy,"{'n_gold_tokens': 6, 'k': 6}",e5
task2_plausibility,2b8cd105f1b02c23,attnlrp,auprc,0.07414132403027274,target,Synonymy,"{'n_gold_tokens': 6, 'k': 6}",e5
task2_plausibility,2b8cd105f1b02c23,attnlrp,precision_at_k,0.0,target,Modulation,"{'n_gold_tokens': 6, 'k': 6}",e5
task2_plausibility,2b8cd105f1b02c23,attnlrp,recall_at_k,0.0,target,Modulation,"{'n_gold_tokens': 6, 'k': 6}",e5
task2_plausibility,2b8cd105f1b02c23,attnlrp,f1_at_k,0.0,target,Modulation,"{'n_gold_tokens': 6, 'k': 6}",e5
task2_plausibility,2b8cd105f1b02c23,attnlrp,auprc,0.06856725885706565,target,Modulation,"{'n_gold_tokens': 6, 'k': 6}",e5
task2_plausibility,2b8cd105f1b02c23,attnlrp,precision_at_k,0.0,target,Compression,"{'n_gold_tokens': 6, 'k': 6}",e5
task2_plausibility,2b8cd105f1b02c23,attnlrp,recall_at_k,0.0,target,Compression,"{'n_gold_tokens': 6, 'k': 6}",e5
task2_plausibility,2b8cd105f1b02c23,attnlrp,f1_at_k,0.0,target,Compression,"{'n_gold_tokens': 6, 'k': 6}",e5
task2_plausibility,2b8cd105f1b02c23,attnlrp,auprc,0.11723049207521256,target,Compression,"{'n_gold_tokens': 6, 'k': 6}",e5
task2_plausibility,2b8cd105f1b02c23,attnlrp,precision_at_k,0.0,target,Syntactic Change,"{'n_gold_tokens': 6, 'k': 6}",e5
task2_plausibility,2b8cd105f1b02c23,attnlrp,recall_at_k,0.0,target,Syntactic Change,"{'n_gold_tokens': 6, 'k': 6}",e5
task2_plausibility,2b8cd105f1b02c23,attnlrp,f1_at_k,0.0,target,Syntactic Change,"{'n_gold_tokens': 6, 'k': 6}",e5
task2_plausibility,2b8cd105f1b02c23,attnlrp,auprc,0.06586572837140034,target,Syntactic Change,"{'n_gold_tokens': 6, 'k': 6}",e5
task2_plausibility,2b8cd105f1b02c23,attnlrp,precision_at_k,0.0,target,Omission,"{'n_gold_tokens': 6, 'k': 6}",e5
task2_plausibility,2b8cd105f1b02c23,attnlrp,recall_at_k,0.0,target,Omission,"{'n_gold_tokens': 6, 'k': 6}",e5
task2_plausibility,2b8cd105f1b02c23,attnlrp,f1_at_k,0.0,target,Omission,"{'n_gold_tokens': 6, 'k': 6}",e5
task2_plausibility,2b8cd105f1b02c23,attnlrp,auprc,0.1046003556249458,target,Omission,"{'n_gold_tokens': 6, 'k': 6}",e5
task2_plausibility,357478fc517ba4b7,attnlrp,precision_at_k,0.28,target,Synonymy,"{'n_gold_tokens': 25, 'k': 25}",e5
task2_plausibility,357478fc517ba4b7,attnlrp,recall_at_k,0.28,target,Synonymy,"{'n_gold_tokens': 25, 'k': 25}",e5
task2_plausibility,357478fc517ba4b7,attnlrp,f1_at_k,0.28,target,Synonymy,"{'n_gold_tokens': 25, 'k': 25}",e5
task2_plausibility,357478fc517ba4b7,attnlrp,auprc,0.32937682467779106,target,Synonymy,"{'n_gold_tokens': 25, 'k': 25}",e5
task2_plausibility,357478fc517ba4b7,attnlrp,precision_at_k,0.24,target,Modulation,"{'n_gold_tokens': 25, 'k': 25}",e5
task2_plausibility,357478fc517ba4b7,attnlrp,recall_at_k,0.24,target,Modulation,"{'n_gold_tokens': 25, 'k': 25}",e5
task2_plausibility,357478fc517ba4b7,attnlrp,f1_at_k,0.24,target,Modulation,"{'n_gold_tokens': 25, 'k': 25}",e5
task2_plausibility,357478fc517ba4b7,attnlrp,auprc,0.29541674580093424,target,Modulation,"{'n_gold_tokens': 25, 'k': 25}",e5
task2_plausibility,357478fc517ba4b7,attnlrp,precision_at_k,0.2,target,Compression,"{'n_gold_tokens': 25, 'k': 25}",e5
task2_plausibility,357478fc517ba4b7,attnlrp,recall_at_k,0.2,target,Compression,"{'n_gold_tokens': 25, 'k': 25}",e5
task2_plausibility,357478fc517ba4b7,attnlrp,f1_at_k,0.20000000000000004,target,Compression,"{'n_gold_tokens': 25, 'k': 25}",e5
task2_plausibility,357478fc517ba4b7,attnlrp,auprc,0.2641568189019662,target,Compression,"{'n_gold_tokens': 25, 'k': 25}",e5
task2_plausibility,357478fc517ba4b7,attnlrp,precision_at_k,0.28,target,Syntactic Change,"{'n_gold_tokens': 25, 'k': 25}",e5
task2_plausibility,357478fc517ba4b7,attnlrp,recall_at_k,0.28,target,Syntactic Change,"{'n_gold_tokens': 25, 'k': 25}",e5
task2_plausibility,357478fc517ba4b7,attnlrp,f1_at_k,0.28,target,Syntactic Change,"{'n_gold_tokens': 25, 'k': 25}",e5
task2_plausibility,357478fc517ba4b7,attnlrp,auprc,0.2688451077917867,target,Syntactic Change,"{'n_gold_tokens': 25, 'k': 25}",e5
task2_plausibility,357478fc517ba4b7,attnlrp,precision_at_k,0.28,target,Omission,"{'n_gold_tokens': 25, 'k': 25}",e5
task2_plausibility,357478fc517ba4b7,attnlrp,recall_at_k,0.28,target,Omission,"{'n_gold_tokens': 25, 'k': 25}",e5
task2_plausibility,357478fc517ba4b7,attnlrp,f1_at_k,0.28,target,Omission,"{'n_gold_tokens': 25, 'k': 25}",e5
task2_plausibility,357478fc517ba4b7,attnlrp,auprc,0.28085432556512224,target,Omission,"{'n_gold_tokens': 25, 'k': 25}",e5
task2_plausibility,3900769ace2b0443,attnlrp,precision_at_k,0.46153846153846156,target,Synonymy,"{'n_gold_tokens': 13, 'k': 13}",e5
task2_plausibility,3900769ace2b0443,attnlrp,recall_at_k,0.46153846153846156,target,Synonymy,"{'n_gold_tokens': 13, 'k': 13}",e5
task2_plausibility,3900769ace2b0443,attnlrp,f1_at_k,0.46153846153846156,target,Synonymy,"{'n_gold_tokens': 13, 'k': 13}",e5
task2_plausibility,3900769ace2b0443,attnlrp,auprc,0.39397250416190277,target,Synonymy,"{'n_gold_tokens': 13, 'k': 13}",e5
task2_plausibility,3900769ace2b0443,attnlrp,precision_at_k,0.38461538461538464,target,Modulation,"{'n_gold_tokens': 13, 'k': 13}",e5
task2_plausibility,3900769ace2b0443,attnlrp,recall_at_k,0.38461538461538464,target,Modulation,"{'n_gold_tokens': 13, 'k': 13}",e5
task2_plausibility,3900769ace2b0443,attnlrp,f1_at_k,0.38461538461538464,target,Modulation,"{'n_gold_tokens': 13, 'k': 13}",e5
task2_plausibility,3900769ace2b0443,attnlrp,auprc,0.45255116624034314,target,Modulation,"{'n_gold_tokens': 13, 'k': 13}",e5
task2_plausibility,3900769ace2b0443,attnlrp,precision_at_k,0.46153846153846156,target,Compression,"{'n_gold_tokens': 13, 'k': 13}",e5
task2_plausibility,3900769ace2b0443,attnlrp,recall_at_k,0.46153846153846156,target,Compression,"{'n_gold_tokens': 13, 'k': 13}",e5
task2_plausibility,3900769ace2b0443,attnlrp,f1_at_k,0.46153846153846156,target,Compression,"{'n_gold_tokens': 13, 'k': 13}",e5
task2_plausibility,3900769ace2b0443,attnlrp,auprc,0.4139278281648009,target,Compression,"{'n_gold_tokens': 13, 'k': 13}",e5
task2_plausibility,3900769ace2b0443,attnlrp,precision_at_k,0.38461538461538464,target,Explanation,"{'n_gold_tokens': 13, 'k': 13}",e5
task2_plausibility,3900769ace2b0443,attnlrp,recall_at_k,0.38461538461538464,target,Explanation,"{'n_gold_tokens': 13, 'k': 13}",e5
task2_plausibility,3900769ace2b0443,attnlrp,f1_at_k,0.38461538461538464,target,Explanation,"{'n_gold_tokens': 13, 'k': 13}",e5
task2_plausibility,3900769ace2b0443,attnlrp,auprc,0.31463762732993505,target,Explanation,"{'n_gold_tokens': 13, 'k': 13}",e5
task2_plausibility,3900769ace2b0443,attnlrp,precision_at_k,0.5384615384615384,target,Syntactic Change,"{'n_gold_tokens': 13, 'k': 13}",e5
task2_plausibility,3900769ace2b0443,attnlrp,recall_at_k,0.5384615384615384,target,Syntactic Change,"{'n_gold_tokens': 13, 'k': 13}",e5
task2_plausibility,3900769ace2b0443,attnlrp,f1_at_k,0.5384615384615384,target,Syntactic Change,"{'n_gold_tokens': 13, 'k': 13}",e5
task2_plausibility,3900769ace2b0443,attnlrp,auprc,0.5777004103052148,target,Syntactic Change,"{'n_gold_tokens': 13, 'k': 13}",e5
task2_plausibility,3900769ace2b0443,attnlrp,precision_at_k,0.46153846153846156,target,Omission,"{'n_gold_tokens': 13, 'k': 13}",e5
task2_plausibility,3900769ace2b0443,attnlrp,recall_at_k,0.46153846153846156,target,Omission,"{'n_gold_tokens': 13, 'k': 13}",e5
task2_plausibility,3900769ace2b0443,attnlrp,f1_at_k,0.46153846153846156,target,Omission,"{'n_gold_tokens': 13, 'k': 13}",e5
task2_plausibility,3900769ace2b0443,attnlrp,auprc,0.3441415644227481,target,Omission,"{'n_gold_tokens': 13, 'k': 13}",e5
task2_plausibility,3c14ec055d1f0d11,attnlrp,precision_at_k,0.36666666666666664,target,Synonymy,"{'n_gold_tokens': 60, 'k': 60}",e5
task2_plausibility,3c14ec055d1f0d11,attnlrp,recall_at_k,0.36666666666666664,target,Synonymy,"{'n_gold_tokens': 60, 'k': 60}",e5
task2_plausibility,3c14ec055d1f0d11,attnlrp,f1_at_k,0.36666666666666664,target,Synonymy,"{'n_gold_tokens': 60, 'k': 60}",e5
task2_plausibility,3c14ec055d1f0d11,attnlrp,auprc,0.38040512733357357,target,Synonymy,"{'n_gold_tokens': 60, 'k': 60}",e5
task2_plausibility,3c14ec055d1f0d11,attnlrp,precision_at_k,0.45,target,Modulation,"{'n_gold_tokens': 60, 'k': 60}",e5
task2_plausibility,3c14ec055d1f0d11,attnlrp,recall_at_k,0.45,target,Modulation,"{'n_gold_tokens': 60, 'k': 60}",e5
task2_plausibility,3c14ec055d1f0d11,attnlrp,f1_at_k,0.45,target,Modulation,"{'n_gold_tokens': 60, 'k': 60}",e5
task2_plausibility,3c14ec055d1f0d11,attnlrp,auprc,0.39151352804417305,target,Modulation,"{'n_gold_tokens': 60, 'k': 60}",e5
task2_plausibility,3c14ec055d1f0d11,attnlrp,precision_at_k,0.3,target,Compression,"{'n_gold_tokens': 60, 'k': 60}",e5
task2_plausibility,3c14ec055d1f0d11,attnlrp,recall_at_k,0.3,target,Compression,"{'n_gold_tokens': 60, 'k': 60}",e5
task2_plausibility,3c14ec055d1f0d11,attnlrp,f1_at_k,0.3,target,Compression,"{'n_gold_tokens': 60, 'k': 60}",e5
task2_plausibility,3c14ec055d1f0d11,attnlrp,auprc,0.3552143299578174,target,Compression,"{'n_gold_tokens': 60, 'k': 60}",e5
task2_plausibility,3c14ec055d1f0d11,attnlrp,precision_at_k,0.4,target,Explanation,"{'n_gold_tokens': 60, 'k': 60}",e5
task2_plausibility,3c14ec055d1f0d11,attnlrp,recall_at_k,0.4,target,Explanation,"{'n_gold_tokens': 60, 'k': 60}",e5
task2_plausibility,3c14ec055d1f0d11,attnlrp,f1_at_k,0.4000000000000001,target,Explanation,"{'n_gold_tokens': 60, 'k': 60}",e5
task2_plausibility,3c14ec055d1f0d11,attnlrp,auprc,0.34055643932279167,target,Explanation,"{'n_gold_tokens': 60, 'k': 60}",e5
task2_plausibility,3c14ec055d1f0d11,attnlrp,precision_at_k,0.38333333333333336,target,Syntactic Change,"{'n_gold_tokens': 60, 'k': 60}",e5
task2_plausibility,3c14ec055d1f0d11,attnlrp,recall_at_k,0.38333333333333336,target,Syntactic Change,"{'n_gold_tokens': 60, 'k': 60}",e5
task2_plausibility,3c14ec055d1f0d11,attnlrp,f1_at_k,0.38333333333333336,target,Syntactic Change,"{'n_gold_tokens': 60, 'k': 60}",e5
task2_plausibility,3c14ec055d1f0d11,attnlrp,auprc,0.4184798689551361,target,Syntactic Change,"{'n_gold_tokens': 60, 'k': 60}",e5
task2_plausibility,3c14ec055d1f0d11,attnlrp,precision_at_k,0.45,target,Omission,"{'n_gold_tokens': 60, 'k': 60}",e5
task2_plausibility,3c14ec055d1f0d11,attnlrp,recall_at_k,0.45,target,Omission,"{'n_gold_tokens': 60, 'k': 60}",e5
task2_plausibility,3c14ec055d1f0d11,attnlrp,f1_at_k,0.45,target,Omission,"{'n_gold_tokens': 60, 'k': 60}",e5
task2_plausibility,3c14ec055d1f0d11,attnlrp,auprc,0.34900884725701414,target,Omission,"{'n_gold_tokens': 60, 'k': 60}",e5
task2_plausibility,3e26eea6bb43c1de,attnlrp,precision_at_k,0.23809523809523808,target,Synonymy,"{'n_gold_tokens': 21, 'k': 21}",e5
task2_plausibility,3e26eea6bb43c1de,attnlrp,recall_at_k,0.23809523809523808,target,Synonymy,"{'n_gold_tokens': 21, 'k': 21}",e5
task2_plausibility,3e26eea6bb43c1de,attnlrp,f1_at_k,0.23809523809523808,target,Synonymy,"{'n_gold_tokens': 21, 'k': 21}",e5
task2_plausibility,3e26eea6bb43c1de,attnlrp,auprc,0.270799811021672,target,Synonymy,"{'n_gold_tokens': 21, 'k': 21}",e5
task2_plausibility,3e26eea6bb43c1de,attnlrp,precision_at_k,0.09523809523809523,target,Modulation,"{'n_gold_tokens': 21, 'k': 21}",e5
task2_plausibility,3e26eea6bb43c1de,attnlrp,recall_at_k,0.09523809523809523,target,Modulation,"{'n_gold_tokens': 21, 'k': 21}",e5
task2_plausibility,3e26eea6bb43c1de,attnlrp,f1_at_k,0.09523809523809523,target,Modulation,"{'n_gold_tokens': 21, 'k': 21}",e5
task2_plausibility,3e26eea6bb43c1de,attnlrp,auprc,0.2301623988015049,target,Modulation,"{'n_gold_tokens': 21, 'k': 21}",e5
task2_plausibility,3e26eea6bb43c1de,attnlrp,precision_at_k,0.23809523809523808,target,Compression,"{'n_gold_tokens': 21, 'k': 21}",e5
task2_plausibility,3e26eea6bb43c1de,attnlrp,recall_at_k,0.23809523809523808,target,Compression,"{'n_gold_tokens': 21, 'k': 21}",e5
task2_plausibility,3e26eea6bb43c1de,attnlrp,f1_at_k,0.23809523809523808,target,Compression,"{'n_gold_tokens': 21, 'k': 21}",e5
task2_plausibility,3e26eea6bb43c1de,attnlrp,auprc,0.2833451924461802,target,Compression,"{'n_gold_tokens': 21, 'k': 21}",e5
task2_plausibility,3e26eea6bb43c1de,attnlrp,precision_at_k,0.14285714285714285,target,Omission,"{'n_gold_tokens': 21, 'k': 21}",e5
task2_plausibility,3e26eea6bb43c1de,attnlrp,recall_at_k,0.14285714285714285,target,Omission,"{'n_gold_tokens': 21, 'k': 21}",e5
task2_plausibility,3e26eea6bb43c1de,attnlrp,f1_at_k,0.14285714285714285,target,Omission,"{'n_gold_tokens': 21, 'k': 21}",e5
task2_plausibility,3e26eea6bb43c1de,attnlrp,auprc,0.2346304994824257,target,Omission,"{'n_gold_tokens': 21, 'k': 21}",e5
task2_plausibility,4263c780d7547c5d,attnlrp,precision_at_k,0.36363636363636365,target,Synonymy,"{'n_gold_tokens': 44, 'k': 44}",e5
task2_plausibility,4263c780d7547c5d,attnlrp,recall_at_k,0.36363636363636365,target,Synonymy,"{'n_gold_tokens': 44, 'k': 44}",e5
task2_plausibility,4263c780d7547c5d,attnlrp,f1_at_k,0.36363636363636365,target,Synonymy,"{'n_gold_tokens': 44, 'k': 44}",e5
task2_plausibility,4263c780d7547c5d,attnlrp,auprc,0.38306323725361535,target,Synonymy,"{'n_gold_tokens': 44, 'k': 44}",e5
task2_plausibility,4263c780d7547c5d,attnlrp,precision_at_k,0.4318181818181818,target,Modulation,"{'n_gold_tokens': 44, 'k': 44}",e5
task2_plausibility,4263c780d7547c5d,attnlrp,recall_at_k,0.4318181818181818,target,Modulation,"{'n_gold_tokens': 44, 'k': 44}",e5
task2_plausibility,4263c780d7547c5d,attnlrp,f1_at_k,0.4318181818181818,target,Modulation,"{'n_gold_tokens': 44, 'k': 44}",e5
task2_plausibility,4263c780d7547c5d,attnlrp,auprc,0.3943390025698197,target,Modulation,"{'n_gold_tokens': 44, 'k': 44}",e5
task2_plausibility,4263c780d7547c5d,attnlrp,precision_at_k,0.5,target,Compression,"{'n_gold_tokens': 44, 'k': 44}",e5
task2_plausibility,4263c780d7547c5d,attnlrp,recall_at_k,0.5,target,Compression,"{'n_gold_tokens': 44, 'k': 44}",e5
task2_plausibility,4263c780d7547c5d,attnlrp,f1_at_k,0.5,target,Compression,"{'n_gold_tokens': 44, 'k': 44}",e5
task2_plausibility,4263c780d7547c5d,attnlrp,auprc,0.549952790957828,target,Compression,"{'n_gold_tokens': 44, 'k': 44}",e5
task2_plausibility,4263c780d7547c5d,attnlrp,precision_at_k,0.4318181818181818,target,Omission,"{'n_gold_tokens': 44, 'k': 44}",e5
task2_plausibility,4263c780d7547c5d,attnlrp,recall_at_k,0.4318181818181818,target,Omission,"{'n_gold_tokens': 44, 'k': 44}",e5
task2_plausibility,4263c780d7547c5d,attnlrp,f1_at_k,0.4318181818181818,target,Omission,"{'n_gold_tokens': 44, 'k': 44}",e5
task2_plausibility,4263c780d7547c5d,attnlrp,auprc,0.46796183442957084,target,Omission,"{'n_gold_tokens': 44, 'k': 44}",e5
task2_plausibility,4507b6633aab2eab,attnlrp,precision_at_k,0.25,target,Synonymy,"{'n_gold_tokens': 8, 'k': 8}",e5
task2_plausibility,4507b6633aab2eab,attnlrp,recall_at_k,0.25,target,Synonymy,"{'n_gold_tokens': 8, 'k': 8}",e5
task2_plausibility,4507b6633aab2eab,attnlrp,f1_at_k,0.25,target,Synonymy,"{'n_gold_tokens': 8, 'k': 8}",e5
task2_plausibility,4507b6633aab2eab,attnlrp,auprc,0.1583391555132582,target,Synonymy,"{'n_gold_tokens': 8, 'k': 8}",e5
task2_plausibility,4507b6633aab2eab,attnlrp,precision_at_k,0.125,target,Modulation,"{'n_gold_tokens': 8, 'k': 8}",e5
task2_plausibility,4507b6633aab2eab,attnlrp,recall_at_k,0.125,target,Modulation,"{'n_gold_tokens': 8, 'k': 8}",e5
task2_plausibility,4507b6633aab2eab,attnlrp,f1_at_k,0.125,target,Modulation,"{'n_gold_tokens': 8, 'k': 8}",e5
task2_plausibility,4507b6633aab2eab,attnlrp,auprc,0.2038421111357544,target,Modulation,"{'n_gold_tokens': 8, 'k': 8}",e5
task2_plausibility,4507b6633aab2eab,attnlrp,precision_at_k,0.0,target,Compression,"{'n_gold_tokens': 8, 'k': 8}",e5
task2_plausibility,4507b6633aab2eab,attnlrp,recall_at_k,0.0,target,Compression,"{'n_gold_tokens': 8, 'k': 8}",e5
task2_plausibility,4507b6633aab2eab,attnlrp,f1_at_k,0.0,target,Compression,"{'n_gold_tokens': 8, 'k': 8}",e5
task2_plausibility,4507b6633aab2eab,attnlrp,auprc,0.13374063774978406,target,Compression,"{'n_gold_tokens': 8, 'k': 8}",e5
task2_plausibility,4507b6633aab2eab,attnlrp,precision_at_k,0.125,target,Omission,"{'n_gold_tokens': 8, 'k': 8}",e5
task2_plausibility,4507b6633aab2eab,attnlrp,recall_at_k,0.125,target,Omission,"{'n_gold_tokens': 8, 'k': 8}",e5
task2_plausibility,4507b6633aab2eab,attnlrp,f1_at_k,0.125,target,Omission,"{'n_gold_tokens': 8, 'k': 8}",e5
task2_plausibility,4507b6633aab2eab,attnlrp,auprc,0.13981346980119772,target,Omission,"{'n_gold_tokens': 8, 'k': 8}",e5
task2_plausibility,45ecc17263f4631b,attnlrp,precision_at_k,0.16666666666666666,target,Synonymy,"{'n_gold_tokens': 12, 'k': 12}",e5
task2_plausibility,45ecc17263f4631b,attnlrp,recall_at_k,0.16666666666666666,target,Synonymy,"{'n_gold_tokens': 12, 'k': 12}",e5
task2_plausibility,45ecc17263f4631b,attnlrp,f1_at_k,0.16666666666666666,target,Synonymy,"{'n_gold_tokens': 12, 'k': 12}",e5
task2_plausibility,45ecc17263f4631b,attnlrp,auprc,0.21961772644603306,target,Synonymy,"{'n_gold_tokens': 12, 'k': 12}",e5
task2_plausibility,45ecc17263f4631b,attnlrp,precision_at_k,0.08333333333333333,target,Modulation,"{'n_gold_tokens': 12, 'k': 12}",e5
task2_plausibility,45ecc17263f4631b,attnlrp,recall_at_k,0.08333333333333333,target,Modulation,"{'n_gold_tokens': 12, 'k': 12}",e5
task2_plausibility,45ecc17263f4631b,attnlrp,f1_at_k,0.08333333333333333,target,Modulation,"{'n_gold_tokens': 12, 'k': 12}",e5
task2_plausibility,45ecc17263f4631b,attnlrp,auprc,0.16692393110509246,target,Modulation,"{'n_gold_tokens': 12, 'k': 12}",e5
task2_plausibility,45ecc17263f4631b,attnlrp,precision_at_k,0.3333333333333333,target,Compression,"{'n_gold_tokens': 12, 'k': 12}",e5
task2_plausibility,45ecc17263f4631b,attnlrp,recall_at_k,0.3333333333333333,target,Compression,"{'n_gold_tokens': 12, 'k': 12}",e5
task2_plausibility,45ecc17263f4631b,attnlrp,f1_at_k,0.3333333333333333,target,Compression,"{'n_gold_tokens': 12, 'k': 12}",e5
task2_plausibility,45ecc17263f4631b,attnlrp,auprc,0.26394666016876966,target,Compression,"{'n_gold_tokens': 12, 'k': 12}",e5
task2_plausibility,45ecc17263f4631b,attnlrp,precision_at_k,0.16666666666666666,target,Omission,"{'n_gold_tokens': 12, 'k': 12}",e5
task2_plausibility,45ecc17263f4631b,attnlrp,recall_at_k,0.16666666666666666,target,Omission,"{'n_gold_tokens': 12, 'k': 12}",e5
task2_plausibility,45ecc17263f4631b,attnlrp,f1_at_k,0.16666666666666666,target,Omission,"{'n_gold_tokens': 12, 'k': 12}",e5
task2_plausibility,45ecc17263f4631b,attnlrp,auprc,0.1658338634332181,target,Omission,"{'n_gold_tokens': 12, 'k': 12}",e5
task2_plausibility,51892636b91813bc,attnlrp,precision_at_k,0.3333333333333333,target,Synonymy,"{'n_gold_tokens': 42, 'k': 42}",e5
task2_plausibility,51892636b91813bc,attnlrp,recall_at_k,0.3333333333333333,target,Synonymy,"{'n_gold_tokens': 42, 'k': 42}",e5
task2_plausibility,51892636b91813bc,attnlrp,f1_at_k,0.3333333333333333,target,Synonymy,"{'n_gold_tokens': 42, 'k': 42}",e5
task2_plausibility,51892636b91813bc,attnlrp,auprc,0.34196517443320174,target,Synonymy,"{'n_gold_tokens': 42, 'k': 42}",e5
task2_plausibility,51892636b91813bc,attnlrp,precision_at_k,0.47619047619047616,target,Modulation,"{'n_gold_tokens': 42, 'k': 42}",e5
task2_plausibility,51892636b91813bc,attnlrp,recall_at_k,0.47619047619047616,target,Modulation,"{'n_gold_tokens': 42, 'k': 42}",e5
task2_plausibility,51892636b91813bc,attnlrp,f1_at_k,0.47619047619047616,target,Modulation,"{'n_gold_tokens': 42, 'k': 42}",e5
task2_plausibility,51892636b91813bc,attnlrp,auprc,0.4806895492617911,target,Modulation,"{'n_gold_tokens': 42, 'k': 42}",e5
task2_plausibility,51892636b91813bc,attnlrp,precision_at_k,0.35714285714285715,target,Compression,"{'n_gold_tokens': 42, 'k': 42}",e5
task2_plausibility,51892636b91813bc,attnlrp,recall_at_k,0.35714285714285715,target,Compression,"{'n_gold_tokens': 42, 'k': 42}",e5
task2_plausibility,51892636b91813bc,attnlrp,f1_at_k,0.35714285714285715,target,Compression,"{'n_gold_tokens': 42, 'k': 42}",e5
task2_plausibility,51892636b91813bc,attnlrp,auprc,0.38305514242567995,target,Compression,"{'n_gold_tokens': 42, 'k': 42}",e5
task2_plausibility,51892636b91813bc,attnlrp,precision_at_k,0.35714285714285715,target,Explanation,"{'n_gold_tokens': 42, 'k': 42}",e5
task2_plausibility,51892636b91813bc,attnlrp,recall_at_k,0.35714285714285715,target,Explanation,"{'n_gold_tokens': 42, 'k': 42}",e5
task2_plausibility,51892636b91813bc,attnlrp,f1_at_k,0.35714285714285715,target,Explanation,"{'n_gold_tokens': 42, 'k': 42}",e5
task2_plausibility,51892636b91813bc,attnlrp,auprc,0.43454822156312567,target,Explanation,"{'n_gold_tokens': 42, 'k': 42}",e5
task2_plausibility,51892636b91813bc,attnlrp,precision_at_k,0.4523809523809524,target,Syntactic Change,"{'n_gold_tokens': 42, 'k': 42}",e5
task2_plausibility,51892636b91813bc,attnlrp,recall_at_k,0.4523809523809524,target,Syntactic Change,"{'n_gold_tokens': 42, 'k': 42}",e5
task2_plausibility,51892636b91813bc,attnlrp,f1_at_k,0.4523809523809524,target,Syntactic Change,"{'n_gold_tokens': 42, 'k': 42}",e5
task2_plausibility,51892636b91813bc,attnlrp,auprc,0.4474919949812164,target,Syntactic Change,"{'n_gold_tokens': 42, 'k': 42}",e5
task2_plausibility,51892636b91813bc,attnlrp,precision_at_k,0.42857142857142855,target,Omission,"{'n_gold_tokens': 42, 'k': 42}",e5
task2_plausibility,51892636b91813bc,attnlrp,recall_at_k,0.42857142857142855,target,Omission,"{'n_gold_tokens': 42, 'k': 42}",e5
task2_plausibility,51892636b91813bc,attnlrp,f1_at_k,0.42857142857142855,target,Omission,"{'n_gold_tokens': 42, 'k': 42}",e5
task2_plausibility,51892636b91813bc,attnlrp,auprc,0.3797356581529677,target,Omission,"{'n_gold_tokens': 42, 'k': 42}",e5
task2_plausibility,5764f4b7cbed6c24,attnlrp,precision_at_k,0.2647058823529412,target,Synonymy,"{'n_gold_tokens': 34, 'k': 34}",e5
task2_plausibility,5764f4b7cbed6c24,attnlrp,recall_at_k,0.2647058823529412,target,Synonymy,"{'n_gold_tokens': 34, 'k': 34}",e5
task2_plausibility,5764f4b7cbed6c24,attnlrp,f1_at_k,0.2647058823529412,target,Synonymy,"{'n_gold_tokens': 34, 'k': 34}",e5
task2_plausibility,5764f4b7cbed6c24,attnlrp,auprc,0.3380099529456945,target,Synonymy,"{'n_gold_tokens': 34, 'k': 34}",e5
task2_plausibility,5764f4b7cbed6c24,attnlrp,precision_at_k,0.3235294117647059,target,Modulation,"{'n_gold_tokens': 34, 'k': 34}",e5
task2_plausibility,5764f4b7cbed6c24,attnlrp,recall_at_k,0.3235294117647059,target,Modulation,"{'n_gold_tokens': 34, 'k': 34}",e5
task2_plausibility,5764f4b7cbed6c24,attnlrp,f1_at_k,0.3235294117647059,target,Modulation,"{'n_gold_tokens': 34, 'k': 34}",e5
task2_plausibility,5764f4b7cbed6c24,attnlrp,auprc,0.33237529527288945,target,Modulation,"{'n_gold_tokens': 34, 'k': 34}",e5
task2_plausibility,5764f4b7cbed6c24,attnlrp,precision_at_k,0.3235294117647059,target,Compression,"{'n_gold_tokens': 34, 'k': 34}",e5
task2_plausibility,5764f4b7cbed6c24,attnlrp,recall_at_k,0.3235294117647059,target,Compression,"{'n_gold_tokens': 34, 'k': 34}",e5
task2_plausibility,5764f4b7cbed6c24,attnlrp,f1_at_k,0.3235294117647059,target,Compression,"{'n_gold_tokens': 34, 'k': 34}",e5
task2_plausibility,5764f4b7cbed6c24,attnlrp,auprc,0.29679385346818327,target,Compression,"{'n_gold_tokens': 34, 'k': 34}",e5
task2_plausibility,5764f4b7cbed6c24,attnlrp,precision_at_k,0.20588235294117646,target,Explanation,"{'n_gold_tokens': 34, 'k': 34}",e5
task2_plausibility,5764f4b7cbed6c24,attnlrp,recall_at_k,0.20588235294117646,target,Explanation,"{'n_gold_tokens': 34, 'k': 34}",e5
task2_plausibility,5764f4b7cbed6c24,attnlrp,f1_at_k,0.20588235294117646,target,Explanation,"{'n_gold_tokens': 34, 'k': 34}",e5
task2_plausibility,5764f4b7cbed6c24,attnlrp,auprc,0.24321749851365643,target,Explanation,"{'n_gold_tokens': 34, 'k': 34}",e5
task2_plausibility,5764f4b7cbed6c24,attnlrp,precision_at_k,0.23529411764705882,target,Syntactic Change,"{'n_gold_tokens': 34, 'k': 34}",e5
task2_plausibility,5764f4b7cbed6c24,attnlrp,recall_at_k,0.23529411764705882,target,Syntactic Change,"{'n_gold_tokens': 34, 'k': 34}",e5
task2_plausibility,5764f4b7cbed6c24,attnlrp,f1_at_k,0.23529411764705882,target,Syntactic Change,"{'n_gold_tokens': 34, 'k': 34}",e5
task2_plausibility,5764f4b7cbed6c24,attnlrp,auprc,0.2627048352765865,target,Syntactic Change,"{'n_gold_tokens': 34, 'k': 34}",e5
task2_plausibility,5764f4b7cbed6c24,attnlrp,precision_at_k,0.29411764705882354,target,Omission,"{'n_gold_tokens': 34, 'k': 34}",e5
task2_plausibility,5764f4b7cbed6c24,attnlrp,recall_at_k,0.29411764705882354,target,Omission,"{'n_gold_tokens': 34, 'k': 34}",e5
task2_plausibility,5764f4b7cbed6c24,attnlrp,f1_at_k,0.29411764705882354,target,Omission,"{'n_gold_tokens': 34, 'k': 34}",e5
task2_plausibility,5764f4b7cbed6c24,attnlrp,auprc,0.30659674337074294,target,Omission,"{'n_gold_tokens': 34, 'k': 34}",e5
task2_plausibility,660efcf9a6a49ac8,attnlrp,precision_at_k,0.5272727272727272,target,Synonymy,"{'n_gold_tokens': 55, 'k': 55}",e5
task2_plausibility,660efcf9a6a49ac8,attnlrp,recall_at_k,0.5272727272727272,target,Synonymy,"{'n_gold_tokens': 55, 'k': 55}",e5
task2_plausibility,660efcf9a6a49ac8,attnlrp,f1_at_k,0.5272727272727272,target,Synonymy,"{'n_gold_tokens': 55, 'k': 55}",e5
task2_plausibility,660efcf9a6a49ac8,attnlrp,auprc,0.5153171416015178,target,Synonymy,"{'n_gold_tokens': 55, 'k': 55}",e5
task2_plausibility,660efcf9a6a49ac8,attnlrp,precision_at_k,0.4909090909090909,target,Modulation,"{'n_gold_tokens': 55, 'k': 55}",e5
task2_plausibility,660efcf9a6a49ac8,attnlrp,recall_at_k,0.4909090909090909,target,Modulation,"{'n_gold_tokens': 55, 'k': 55}",e5
task2_plausibility,660efcf9a6a49ac8,attnlrp,f1_at_k,0.4909090909090909,target,Modulation,"{'n_gold_tokens': 55, 'k': 55}",e5
task2_plausibility,660efcf9a6a49ac8,attnlrp,auprc,0.5365225097430847,target,Modulation,"{'n_gold_tokens': 55, 'k': 55}",e5
task2_plausibility,660efcf9a6a49ac8,attnlrp,precision_at_k,0.5818181818181818,target,Compression,"{'n_gold_tokens': 55, 'k': 55}",e5
task2_plausibility,660efcf9a6a49ac8,attnlrp,recall_at_k,0.5818181818181818,target,Compression,"{'n_gold_tokens': 55, 'k': 55}",e5
task2_plausibility,660efcf9a6a49ac8,attnlrp,f1_at_k,0.5818181818181818,target,Compression,"{'n_gold_tokens': 55, 'k': 55}",e5
task2_plausibility,660efcf9a6a49ac8,attnlrp,auprc,0.5647626330914942,target,Compression,"{'n_gold_tokens': 55, 'k': 55}",e5
task2_plausibility,660efcf9a6a49ac8,attnlrp,precision_at_k,0.5636363636363636,target,Explanation,"{'n_gold_tokens': 55, 'k': 55}",e5
task2_plausibility,660efcf9a6a49ac8,attnlrp,recall_at_k,0.5636363636363636,target,Explanation,"{'n_gold_tokens': 55, 'k': 55}",e5
task2_plausibility,660efcf9a6a49ac8,attnlrp,f1_at_k,0.5636363636363636,target,Explanation,"{'n_gold_tokens': 55, 'k': 55}",e5
task2_plausibility,660efcf9a6a49ac8,attnlrp,auprc,0.5416186110346319,target,Explanation,"{'n_gold_tokens': 55, 'k': 55}",e5
task2_plausibility,660efcf9a6a49ac8,attnlrp,precision_at_k,0.5272727272727272,target,Syntactic Change,"{'n_gold_tokens': 55, 'k': 55}",e5
task2_plausibility,660efcf9a6a49ac8,attnlrp,recall_at_k,0.5272727272727272,target,Syntactic Change,"{'n_gold_tokens': 55, 'k': 55}",e5
task2_plausibility,660efcf9a6a49ac8,attnlrp,f1_at_k,0.5272727272727272,target,Syntactic Change,"{'n_gold_tokens': 55, 'k': 55}",e5
task2_plausibility,660efcf9a6a49ac8,attnlrp,auprc,0.5487624741914776,target,Syntactic Change,"{'n_gold_tokens': 55, 'k': 55}",e5
task2_plausibility,660efcf9a6a49ac8,attnlrp,precision_at_k,0.6,target,Omission,"{'n_gold_tokens': 55, 'k': 55}",e5
task2_plausibility,660efcf9a6a49ac8,attnlrp,recall_at_k,0.6,target,Omission,"{'n_gold_tokens': 55, 'k': 55}",e5
task2_plausibility,660efcf9a6a49ac8,attnlrp,f1_at_k,0.6,target,Omission,"{'n_gold_tokens': 55, 'k': 55}",e5
task2_plausibility,660efcf9a6a49ac8,attnlrp,auprc,0.6491117087218504,target,Omission,"{'n_gold_tokens': 55, 'k': 55}",e5
task2_plausibility,68d0e00ff727912e,attnlrp,precision_at_k,0.23809523809523808,target,Synonymy,"{'n_gold_tokens': 21, 'k': 21}",e5
task2_plausibility,68d0e00ff727912e,attnlrp,recall_at_k,0.23809523809523808,target,Synonymy,"{'n_gold_tokens': 21, 'k': 21}",e5
task2_plausibility,68d0e00ff727912e,attnlrp,f1_at_k,0.23809523809523808,target,Synonymy,"{'n_gold_tokens': 21, 'k': 21}",e5
task2_plausibility,68d0e00ff727912e,attnlrp,auprc,0.2135520977444294,target,Synonymy,"{'n_gold_tokens': 21, 'k': 21}",e5
task2_plausibility,68d0e00ff727912e,attnlrp,precision_at_k,0.23809523809523808,target,Modulation,"{'n_gold_tokens': 21, 'k': 21}",e5
task2_plausibility,68d0e00ff727912e,attnlrp,recall_at_k,0.23809523809523808,target,Modulation,"{'n_gold_tokens': 21, 'k': 21}",e5
task2_plausibility,68d0e00ff727912e,attnlrp,f1_at_k,0.23809523809523808,target,Modulation,"{'n_gold_tokens': 21, 'k': 21}",e5
task2_plausibility,68d0e00ff727912e,attnlrp,auprc,0.2351057858988795,target,Modulation,"{'n_gold_tokens': 21, 'k': 21}",e5
task2_plausibility,68d0e00ff727912e,attnlrp,precision_at_k,0.23809523809523808,target,Compression,"{'n_gold_tokens': 21, 'k': 21}",e5
task2_plausibility,68d0e00ff727912e,attnlrp,recall_at_k,0.23809523809523808,target,Compression,"{'n_gold_tokens': 21, 'k': 21}",e5
task2_plausibility,68d0e00ff727912e,attnlrp,f1_at_k,0.23809523809523808,target,Compression,"{'n_gold_tokens': 21, 'k': 21}",e5
task2_plausibility,68d0e00ff727912e,attnlrp,auprc,0.20983318252813596,target,Compression,"{'n_gold_tokens': 21, 'k': 21}",e5
task2_plausibility,68d0e00ff727912e,attnlrp,precision_at_k,0.2857142857142857,target,Syntactic Change,"{'n_gold_tokens': 21, 'k': 21}",e5
task2_plausibility,68d0e00ff727912e,attnlrp,recall_at_k,0.2857142857142857,target,Syntactic Change,"{'n_gold_tokens': 21, 'k': 21}",e5
task2_plausibility,68d0e00ff727912e,attnlrp,f1_at_k,0.2857142857142857,target,Syntactic Change,"{'n_gold_tokens': 21, 'k': 21}",e5
task2_plausibility,68d0e00ff727912e,attnlrp,auprc,0.30024245374069736,target,Syntactic Change,"{'n_gold_tokens': 21, 'k': 21}",e5
task2_plausibility,68d0e00ff727912e,attnlrp,precision_at_k,0.23809523809523808,target,Omission,"{'n_gold_tokens': 21, 'k': 21}",e5
task2_plausibility,68d0e00ff727912e,attnlrp,recall_at_k,0.23809523809523808,target,Omission,"{'n_gold_tokens': 21, 'k': 21}",e5
task2_plausibility,68d0e00ff727912e,attnlrp,f1_at_k,0.23809523809523808,target,Omission,"{'n_gold_tokens': 21, 'k': 21}",e5
task2_plausibility,68d0e00ff727912e,attnlrp,auprc,0.24953284030841494,target,Omission,"{'n_gold_tokens': 21, 'k': 21}",e5
task2_plausibility,7c72952e67be8e1b,attnlrp,precision_at_k,0.14285714285714285,target,Synonymy,"{'n_gold_tokens': 7, 'k': 7}",e5
task2_plausibility,7c72952e67be8e1b,attnlrp,recall_at_k,0.14285714285714285,target,Synonymy,"{'n_gold_tokens': 7, 'k': 7}",e5
task2_plausibility,7c72952e67be8e1b,attnlrp,f1_at_k,0.14285714285714285,target,Synonymy,"{'n_gold_tokens': 7, 'k': 7}",e5
task2_plausibility,7c72952e67be8e1b,attnlrp,auprc,0.3176310524209684,target,Synonymy,"{'n_gold_tokens': 7, 'k': 7}",e5
task2_plausibility,7c72952e67be8e1b,attnlrp,precision_at_k,0.14285714285714285,target,Compression,"{'n_gold_tokens': 7, 'k': 7}",e5
task2_plausibility,7c72952e67be8e1b,attnlrp,recall_at_k,0.14285714285714285,target,Compression,"{'n_gold_tokens': 7, 'k': 7}",e5
task2_plausibility,7c72952e67be8e1b,attnlrp,f1_at_k,0.14285714285714285,target,Compression,"{'n_gold_tokens': 7, 'k': 7}",e5
task2_plausibility,7c72952e67be8e1b,attnlrp,auprc,0.25471020207862316,target,Compression,"{'n_gold_tokens': 7, 'k': 7}",e5
task2_plausibility,7e54bde8de12fb3b,attnlrp,precision_at_k,0.3137254901960784,target,Synonymy,"{'n_gold_tokens': 51, 'k': 51}",e5
task2_plausibility,7e54bde8de12fb3b,attnlrp,recall_at_k,0.3137254901960784,target,Synonymy,"{'n_gold_tokens': 51, 'k': 51}",e5
task2_plausibility,7e54bde8de12fb3b,attnlrp,f1_at_k,0.3137254901960784,target,Synonymy,"{'n_gold_tokens': 51, 'k': 51}",e5
task2_plausibility,7e54bde8de12fb3b,attnlrp,auprc,0.2829089348351687,target,Synonymy,"{'n_gold_tokens': 51, 'k': 51}",e5
task2_plausibility,7e54bde8de12fb3b,attnlrp,precision_at_k,0.37254901960784315,target,Modulation,"{'n_gold_tokens': 51, 'k': 51}",e5
task2_plausibility,7e54bde8de12fb3b,attnlrp,recall_at_k,0.37254901960784315,target,Modulation,"{'n_gold_tokens': 51, 'k': 51}",e5
task2_plausibility,7e54bde8de12fb3b,attnlrp,f1_at_k,0.37254901960784315,target,Modulation,"{'n_gold_tokens': 51, 'k': 51}",e5
task2_plausibility,7e54bde8de12fb3b,attnlrp,auprc,0.29010646543103824,target,Modulation,"{'n_gold_tokens': 51, 'k': 51}",e5
task2_plausibility,7e54bde8de12fb3b,attnlrp,precision_at_k,0.35294117647058826,target,Compression,"{'n_gold_tokens': 51, 'k': 51}",e5
task2_plausibility,7e54bde8de12fb3b,attnlrp,recall_at_k,0.35294117647058826,target,Compression,"{'n_gold_tokens': 51, 'k': 51}",e5
task2_plausibility,7e54bde8de12fb3b,attnlrp,f1_at_k,0.35294117647058826,target,Compression,"{'n_gold_tokens': 51, 'k': 51}",e5
task2_plausibility,7e54bde8de12fb3b,attnlrp,auprc,0.32262070055276315,target,Compression,"{'n_gold_tokens': 51, 'k': 51}",e5
task2_plausibility,7e54bde8de12fb3b,attnlrp,precision_at_k,0.27450980392156865,target,Explanation,"{'n_gold_tokens': 51, 'k': 51}",e5
task2_plausibility,7e54bde8de12fb3b,attnlrp,recall_at_k,0.27450980392156865,target,Explanation,"{'n_gold_tokens': 51, 'k': 51}",e5
task2_plausibility,7e54bde8de12fb3b,attnlrp,f1_at_k,0.27450980392156865,target,Explanation,"{'n_gold_tokens': 51, 'k': 51}",e5
task2_plausibility,7e54bde8de12fb3b,attnlrp,auprc,0.3294213559120426,target,Explanation,"{'n_gold_tokens': 51, 'k': 51}",e5
task2_plausibility,7e54bde8de12fb3b,attnlrp,precision_at_k,0.29411764705882354,target,Syntactic Change,"{'n_gold_tokens': 51, 'k': 51}",e5
task2_plausibility,7e54bde8de12fb3b,attnlrp,recall_at_k,0.29411764705882354,target,Syntactic Change,"{'n_gold_tokens': 51, 'k': 51}",e5
task2_plausibility,7e54bde8de12fb3b,attnlrp,f1_at_k,0.29411764705882354,target,Syntactic Change,"{'n_gold_tokens': 51, 'k': 51}",e5
task2_plausibility,7e54bde8de12fb3b,attnlrp,auprc,0.3158494911563484,target,Syntactic Change,"{'n_gold_tokens': 51, 'k': 51}",e5
task2_plausibility,7e54bde8de12fb3b,attnlrp,precision_at_k,0.29411764705882354,target,Omission,"{'n_gold_tokens': 51, 'k': 51}",e5
task2_plausibility,7e54bde8de12fb3b,attnlrp,recall_at_k,0.29411764705882354,target,Omission,"{'n_gold_tokens': 51, 'k': 51}",e5
task2_plausibility,7e54bde8de12fb3b,attnlrp,f1_at_k,0.29411764705882354,target,Omission,"{'n_gold_tokens': 51, 'k': 51}",e5
task2_plausibility,7e54bde8de12fb3b,attnlrp,auprc,0.29907555681349496,target,Omission,"{'n_gold_tokens': 51, 'k': 51}",e5
task2_plausibility,9890c1fd323f06fc,attnlrp,precision_at_k,0.36363636363636365,target,Synonymy,"{'n_gold_tokens': 33, 'k': 33}",e5
task2_plausibility,9890c1fd323f06fc,attnlrp,recall_at_k,0.36363636363636365,target,Synonymy,"{'n_gold_tokens': 33, 'k': 33}",e5
task2_plausibility,9890c1fd323f06fc,attnlrp,f1_at_k,0.36363636363636365,target,Synonymy,"{'n_gold_tokens': 33, 'k': 33}",e5
task2_plausibility,9890c1fd323f06fc,attnlrp,auprc,0.3566710770229947,target,Synonymy,"{'n_gold_tokens': 33, 'k': 33}",e5
task2_plausibility,9890c1fd323f06fc,attnlrp,precision_at_k,0.42424242424242425,target,Modulation,"{'n_gold_tokens': 33, 'k': 33}",e5
task2_plausibility,9890c1fd323f06fc,attnlrp,recall_at_k,0.42424242424242425,target,Modulation,"{'n_gold_tokens': 33, 'k': 33}",e5
task2_plausibility,9890c1fd323f06fc,attnlrp,f1_at_k,0.4242424242424243,target,Modulation,"{'n_gold_tokens': 33, 'k': 33}",e5
task2_plausibility,9890c1fd323f06fc,attnlrp,auprc,0.38976388428591363,target,Modulation,"{'n_gold_tokens': 33, 'k': 33}",e5
task2_plausibility,9890c1fd323f06fc,attnlrp,precision_at_k,0.3333333333333333,target,Compression,"{'n_gold_tokens': 33, 'k': 33}",e5
task2_plausibility,9890c1fd323f06fc,attnlrp,recall_at_k,0.3333333333333333,target,Compression,"{'n_gold_tokens': 33, 'k': 33}",e5
task2_plausibility,9890c1fd323f06fc,attnlrp,f1_at_k,0.3333333333333333,target,Compression,"{'n_gold_tokens': 33, 'k': 33}",e5
task2_plausibility,9890c1fd323f06fc,attnlrp,auprc,0.3759729592662453,target,Compression,"{'n_gold_tokens': 33, 'k': 33}",e5
task2_plausibility,9890c1fd323f06fc,attnlrp,precision_at_k,0.45454545454545453,target,Syntactic Change,"{'n_gold_tokens': 33, 'k': 33}",e5
task2_plausibility,9890c1fd323f06fc,attnlrp,recall_at_k,0.45454545454545453,target,Syntactic Change,"{'n_gold_tokens': 33, 'k': 33}",e5
task2_plausibility,9890c1fd323f06fc,attnlrp,f1_at_k,0.45454545454545453,target,Syntactic Change,"{'n_gold_tokens': 33, 'k': 33}",e5
task2_plausibility,9890c1fd323f06fc,attnlrp,auprc,0.39306999175144586,target,Syntactic Change,"{'n_gold_tokens': 33, 'k': 33}",e5
task2_plausibility,9890c1fd323f06fc,attnlrp,precision_at_k,0.3333333333333333,target,Omission,"{'n_gold_tokens': 33, 'k': 33}",e5
task2_plausibility,9890c1fd323f06fc,attnlrp,recall_at_k,0.3333333333333333,target,Omission,"{'n_gold_tokens': 33, 'k': 33}",e5
task2_plausibility,9890c1fd323f06fc,attnlrp,f1_at_k,0.3333333333333333,target,Omission,"{'n_gold_tokens': 33, 'k': 33}",e5
task2_plausibility,9890c1fd323f06fc,attnlrp,auprc,0.33861691676321065,target,Omission,"{'n_gold_tokens': 33, 'k': 33}",e5
task2_plausibility,a58f01630c847e1b,attnlrp,precision_at_k,0.21052631578947367,target,Synonymy,"{'n_gold_tokens': 19, 'k': 19}",e5
task2_plausibility,a58f01630c847e1b,attnlrp,recall_at_k,0.21052631578947367,target,Synonymy,"{'n_gold_tokens': 19, 'k': 19}",e5
task2_plausibility,a58f01630c847e1b,attnlrp,f1_at_k,0.21052631578947367,target,Synonymy,"{'n_gold_tokens': 19, 'k': 19}",e5
task2_plausibility,a58f01630c847e1b,attnlrp,auprc,0.22715399220221416,target,Synonymy,"{'n_gold_tokens': 19, 'k': 19}",e5
task2_plausibility,a58f01630c847e1b,attnlrp,precision_at_k,0.10526315789473684,target,Modulation,"{'n_gold_tokens': 19, 'k': 19}",e5
task2_plausibility,a58f01630c847e1b,attnlrp,recall_at_k,0.10526315789473684,target,Modulation,"{'n_gold_tokens': 19, 'k': 19}",e5
task2_plausibility,a58f01630c847e1b,attnlrp,f1_at_k,0.10526315789473684,target,Modulation,"{'n_gold_tokens': 19, 'k': 19}",e5
task2_plausibility,a58f01630c847e1b,attnlrp,auprc,0.17126760991320222,target,Modulation,"{'n_gold_tokens': 19, 'k': 19}",e5
task2_plausibility,a58f01630c847e1b,attnlrp,precision_at_k,0.2631578947368421,target,Compression,"{'n_gold_tokens': 19, 'k': 19}",e5
task2_plausibility,a58f01630c847e1b,attnlrp,recall_at_k,0.2631578947368421,target,Compression,"{'n_gold_tokens': 19, 'k': 19}",e5
task2_plausibility,a58f01630c847e1b,attnlrp,f1_at_k,0.2631578947368421,target,Compression,"{'n_gold_tokens': 19, 'k': 19}",e5
task2_plausibility,a58f01630c847e1b,attnlrp,auprc,0.22628516706295987,target,Compression,"{'n_gold_tokens': 19, 'k': 19}",e5
task2_plausibility,a58f01630c847e1b,attnlrp,precision_at_k,0.15789473684210525,target,Syntactic Change,"{'n_gold_tokens': 19, 'k': 19}",e5
task2_plausibility,a58f01630c847e1b,attnlrp,recall_at_k,0.15789473684210525,target,Syntactic Change,"{'n_gold_tokens': 19, 'k': 19}",e5
task2_plausibility,a58f01630c847e1b,attnlrp,f1_at_k,0.15789473684210525,target,Syntactic Change,"{'n_gold_tokens': 19, 'k': 19}",e5
task2_plausibility,a58f01630c847e1b,attnlrp,auprc,0.2789315517257515,target,Syntactic Change,"{'n_gold_tokens': 19, 'k': 19}",e5
task2_plausibility,a58f01630c847e1b,attnlrp,precision_at_k,0.10526315789473684,target,Omission,"{'n_gold_tokens': 19, 'k': 19}",e5
task2_plausibility,a58f01630c847e1b,attnlrp,recall_at_k,0.10526315789473684,target,Omission,"{'n_gold_tokens': 19, 'k': 19}",e5
task2_plausibility,a58f01630c847e1b,attnlrp,f1_at_k,0.10526315789473684,target,Omission,"{'n_gold_tokens': 19, 'k': 19}",e5
task2_plausibility,a58f01630c847e1b,attnlrp,auprc,0.19285503641732382,target,Omission,"{'n_gold_tokens': 19, 'k': 19}",e5
task2_plausibility,a620c5babe6035a2,attnlrp,precision_at_k,0.43243243243243246,target,Synonymy,"{'n_gold_tokens': 37, 'k': 37}",e5
task2_plausibility,a620c5babe6035a2,attnlrp,recall_at_k,0.43243243243243246,target,Synonymy,"{'n_gold_tokens': 37, 'k': 37}",e5
task2_plausibility,a620c5babe6035a2,attnlrp,f1_at_k,0.43243243243243246,target,Synonymy,"{'n_gold_tokens': 37, 'k': 37}",e5
task2_plausibility,a620c5babe6035a2,attnlrp,auprc,0.37841269667882105,target,Synonymy,"{'n_gold_tokens': 37, 'k': 37}",e5
task2_plausibility,a620c5babe6035a2,attnlrp,precision_at_k,0.4594594594594595,target,Modulation,"{'n_gold_tokens': 37, 'k': 37}",e5
task2_plausibility,a620c5babe6035a2,attnlrp,recall_at_k,0.4594594594594595,target,Modulation,"{'n_gold_tokens': 37, 'k': 37}",e5
task2_plausibility,a620c5babe6035a2,attnlrp,f1_at_k,0.4594594594594595,target,Modulation,"{'n_gold_tokens': 37, 'k': 37}",e5
task2_plausibility,a620c5babe6035a2,attnlrp,auprc,0.40181779021901676,target,Modulation,"{'n_gold_tokens': 37, 'k': 37}",e5
task2_plausibility,a620c5babe6035a2,attnlrp,precision_at_k,0.43243243243243246,target,Compression,"{'n_gold_tokens': 37, 'k': 37}",e5
task2_plausibility,a620c5babe6035a2,attnlrp,recall_at_k,0.43243243243243246,target,Compression,"{'n_gold_tokens': 37, 'k': 37}",e5
task2_plausibility,a620c5babe6035a2,attnlrp,f1_at_k,0.43243243243243246,target,Compression,"{'n_gold_tokens': 37, 'k': 37}",e5
task2_plausibility,a620c5babe6035a2,attnlrp,auprc,0.4429469183751115,target,Compression,"{'n_gold_tokens': 37, 'k': 37}",e5
task2_plausibility,a620c5babe6035a2,attnlrp,precision_at_k,0.4594594594594595,target,Explanation,"{'n_gold_tokens': 37, 'k': 37}",e5
task2_plausibility,a620c5babe6035a2,attnlrp,recall_at_k,0.4594594594594595,target,Explanation,"{'n_gold_tokens': 37, 'k': 37}",e5
task2_plausibility,a620c5babe6035a2,attnlrp,f1_at_k,0.4594594594594595,target,Explanation,"{'n_gold_tokens': 37, 'k': 37}",e5
task2_plausibility,a620c5babe6035a2,attnlrp,auprc,0.4396552009798781,target,Explanation,"{'n_gold_tokens': 37, 'k': 37}",e5
task2_plausibility,a620c5babe6035a2,attnlrp,precision_at_k,0.2972972972972973,target,Syntactic Change,"{'n_gold_tokens': 37, 'k': 37}",e5
task2_plausibility,a620c5babe6035a2,attnlrp,recall_at_k,0.2972972972972973,target,Syntactic Change,"{'n_gold_tokens': 37, 'k': 37}",e5
task2_plausibility,a620c5babe6035a2,attnlrp,f1_at_k,0.2972972972972973,target,Syntactic Change,"{'n_gold_tokens': 37, 'k': 37}",e5
task2_plausibility,a620c5babe6035a2,attnlrp,auprc,0.38676738127029753,target,Syntactic Change,"{'n_gold_tokens': 37, 'k': 37}",e5
task2_plausibility,a620c5babe6035a2,attnlrp,precision_at_k,0.43243243243243246,target,Omission,"{'n_gold_tokens': 37, 'k': 37}",e5
task2_plausibility,a620c5babe6035a2,attnlrp,recall_at_k,0.43243243243243246,target,Omission,"{'n_gold_tokens': 37, 'k': 37}",e5
task2_plausibility,a620c5babe6035a2,attnlrp,f1_at_k,0.43243243243243246,target,Omission,"{'n_gold_tokens': 37, 'k': 37}",e5
task2_plausibility,a620c5babe6035a2,attnlrp,auprc,0.45893544087122606,target,Omission,"{'n_gold_tokens': 37, 'k': 37}",e5
task2_plausibility,a93d266d784d316f,attnlrp,precision_at_k,0.5263157894736842,target,Synonymy,"{'n_gold_tokens': 19, 'k': 19}",e5
task2_plausibility,a93d266d784d316f,attnlrp,recall_at_k,0.5263157894736842,target,Synonymy,"{'n_gold_tokens': 19, 'k': 19}",e5
task2_plausibility,a93d266d784d316f,attnlrp,f1_at_k,0.5263157894736842,target,Synonymy,"{'n_gold_tokens': 19, 'k': 19}",e5
task2_plausibility,a93d266d784d316f,attnlrp,auprc,0.4915406849909899,target,Synonymy,"{'n_gold_tokens': 19, 'k': 19}",e5
task2_plausibility,a93d266d784d316f,attnlrp,precision_at_k,0.5263157894736842,target,Modulation,"{'n_gold_tokens': 19, 'k': 19}",e5
task2_plausibility,a93d266d784d316f,attnlrp,recall_at_k,0.5263157894736842,target,Modulation,"{'n_gold_tokens': 19, 'k': 19}",e5
task2_plausibility,a93d266d784d316f,attnlrp,f1_at_k,0.5263157894736842,target,Modulation,"{'n_gold_tokens': 19, 'k': 19}",e5
task2_plausibility,a93d266d784d316f,attnlrp,auprc,0.475647656769042,target,Modulation,"{'n_gold_tokens': 19, 'k': 19}",e5
task2_plausibility,a93d266d784d316f,attnlrp,precision_at_k,0.47368421052631576,target,Compression,"{'n_gold_tokens': 19, 'k': 19}",e5
task2_plausibility,a93d266d784d316f,attnlrp,recall_at_k,0.47368421052631576,target,Compression,"{'n_gold_tokens': 19, 'k': 19}",e5
task2_plausibility,a93d266d784d316f,attnlrp,f1_at_k,0.47368421052631576,target,Compression,"{'n_gold_tokens': 19, 'k': 19}",e5
task2_plausibility,a93d266d784d316f,attnlrp,auprc,0.4032867225667912,target,Compression,"{'n_gold_tokens': 19, 'k': 19}",e5
task2_plausibility,a93d266d784d316f,attnlrp,precision_at_k,0.2631578947368421,target,Explanation,"{'n_gold_tokens': 19, 'k': 19}",e5
task2_plausibility,a93d266d784d316f,attnlrp,recall_at_k,0.2631578947368421,target,Explanation,"{'n_gold_tokens': 19, 'k': 19}",e5
task2_plausibility,a93d266d784d316f,attnlrp,f1_at_k,0.2631578947368421,target,Explanation,"{'n_gold_tokens': 19, 'k': 19}",e5
task2_plausibility,a93d266d784d316f,attnlrp,auprc,0.31737357500127544,target,Explanation,"{'n_gold_tokens': 19, 'k': 19}",e5
task2_plausibility,ae214850d5596982,attnlrp,precision_at_k,0.36363636363636365,target,Synonymy,"{'n_gold_tokens': 11, 'k': 11}",e5
task2_plausibility,ae214850d5596982,attnlrp,recall_at_k,0.36363636363636365,target,Synonymy,"{'n_gold_tokens': 11, 'k': 11}",e5
task2_plausibility,ae214850d5596982,attnlrp,f1_at_k,0.36363636363636365,target,Synonymy,"{'n_gold_tokens': 11, 'k': 11}",e5
task2_plausibility,ae214850d5596982,attnlrp,auprc,0.35931148744935104,target,Synonymy,"{'n_gold_tokens': 11, 'k': 11}",e5
task2_plausibility,ae214850d5596982,attnlrp,precision_at_k,0.18181818181818182,target,Modulation,"{'n_gold_tokens': 11, 'k': 11}",e5
task2_plausibility,ae214850d5596982,attnlrp,recall_at_k,0.18181818181818182,target,Modulation,"{'n_gold_tokens': 11, 'k': 11}",e5
task2_plausibility,ae214850d5596982,attnlrp,f1_at_k,0.18181818181818182,target,Modulation,"{'n_gold_tokens': 11, 'k': 11}",e5
task2_plausibility,ae214850d5596982,attnlrp,auprc,0.18860748870821392,target,Modulation,"{'n_gold_tokens': 11, 'k': 11}",e5
task2_plausibility,ae214850d5596982,attnlrp,precision_at_k,0.2727272727272727,target,Compression,"{'n_gold_tokens': 11, 'k': 11}",e5
task2_plausibility,ae214850d5596982,attnlrp,recall_at_k,0.2727272727272727,target,Compression,"{'n_gold_tokens': 11, 'k': 11}",e5
task2_plausibility,ae214850d5596982,attnlrp,f1_at_k,0.2727272727272727,target,Compression,"{'n_gold_tokens': 11, 'k': 11}",e5
task2_plausibility,ae214850d5596982,attnlrp,auprc,0.21826879604676014,target,Compression,"{'n_gold_tokens': 11, 'k': 11}",e5
task2_plausibility,ae214850d5596982,attnlrp,precision_at_k,0.2727272727272727,target,Omission,"{'n_gold_tokens': 11, 'k': 11}",e5
task2_plausibility,ae214850d5596982,attnlrp,recall_at_k,0.2727272727272727,target,Omission,"{'n_gold_tokens': 11, 'k': 11}",e5
task2_plausibility,ae214850d5596982,attnlrp,f1_at_k,0.2727272727272727,target,Omission,"{'n_gold_tokens': 11, 'k': 11}",e5
task2_plausibility,ae214850d5596982,attnlrp,auprc,0.25125964804046075,target,Omission,"{'n_gold_tokens': 11, 'k': 11}",e5
task2_plausibility,afa62987cea13068,attnlrp,precision_at_k,0.26666666666666666,target,Synonymy,"{'n_gold_tokens': 15, 'k': 15}",e5
task2_plausibility,afa62987cea13068,attnlrp,recall_at_k,0.26666666666666666,target,Synonymy,"{'n_gold_tokens': 15, 'k': 15}",e5
task2_plausibility,afa62987cea13068,attnlrp,f1_at_k,0.26666666666666666,target,Synonymy,"{'n_gold_tokens': 15, 'k': 15}",e5
task2_plausibility,afa62987cea13068,attnlrp,auprc,0.2349045702667661,target,Synonymy,"{'n_gold_tokens': 15, 'k': 15}",e5
task2_plausibility,afa62987cea13068,attnlrp,precision_at_k,0.2,target,Modulation,"{'n_gold_tokens': 15, 'k': 15}",e5
task2_plausibility,afa62987cea13068,attnlrp,recall_at_k,0.2,target,Modulation,"{'n_gold_tokens': 15, 'k': 15}",e5
task2_plausibility,afa62987cea13068,attnlrp,f1_at_k,0.20000000000000004,target,Modulation,"{'n_gold_tokens': 15, 'k': 15}",e5
task2_plausibility,afa62987cea13068,attnlrp,auprc,0.23107624492183065,target,Modulation,"{'n_gold_tokens': 15, 'k': 15}",e5
task2_plausibility,afa62987cea13068,attnlrp,precision_at_k,0.26666666666666666,target,Compression,"{'n_gold_tokens': 15, 'k': 15}",e5
task2_plausibility,afa62987cea13068,attnlrp,recall_at_k,0.26666666666666666,target,Compression,"{'n_gold_tokens': 15, 'k': 15}",e5
task2_plausibility,afa62987cea13068,attnlrp,f1_at_k,0.26666666666666666,target,Compression,"{'n_gold_tokens': 15, 'k': 15}",e5
task2_plausibility,afa62987cea13068,attnlrp,auprc,0.26493342869937686,target,Compression,"{'n_gold_tokens': 15, 'k': 15}",e5
task2_plausibility,afa62987cea13068,attnlrp,precision_at_k,0.3333333333333333,target,Explanation,"{'n_gold_tokens': 15, 'k': 15}",e5
task2_plausibility,afa62987cea13068,attnlrp,recall_at_k,0.3333333333333333,target,Explanation,"{'n_gold_tokens': 15, 'k': 15}",e5
task2_plausibility,afa62987cea13068,attnlrp,f1_at_k,0.3333333333333333,target,Explanation,"{'n_gold_tokens': 15, 'k': 15}",e5
task2_plausibility,afa62987cea13068,attnlrp,auprc,0.31131961485981685,target,Explanation,"{'n_gold_tokens': 15, 'k': 15}",e5
task2_plausibility,afa62987cea13068,attnlrp,precision_at_k,0.26666666666666666,target,Syntactic Change,"{'n_gold_tokens': 15, 'k': 15}",e5
task2_plausibility,afa62987cea13068,attnlrp,recall_at_k,0.26666666666666666,target,Syntactic Change,"{'n_gold_tokens': 15, 'k': 15}",e5
task2_plausibility,afa62987cea13068,attnlrp,f1_at_k,0.26666666666666666,target,Syntactic Change,"{'n_gold_tokens': 15, 'k': 15}",e5
task2_plausibility,afa62987cea13068,attnlrp,auprc,0.2431858715323258,target,Syntactic Change,"{'n_gold_tokens': 15, 'k': 15}",e5
task2_plausibility,afa62987cea13068,attnlrp,precision_at_k,0.2,target,Omission,"{'n_gold_tokens': 15, 'k': 15}",e5
task2_plausibility,afa62987cea13068,attnlrp,recall_at_k,0.2,target,Omission,"{'n_gold_tokens': 15, 'k': 15}",e5
task2_plausibility,afa62987cea13068,attnlrp,f1_at_k,0.20000000000000004,target,Omission,"{'n_gold_tokens': 15, 'k': 15}",e5
task2_plausibility,afa62987cea13068,attnlrp,auprc,0.2231843671669728,target,Omission,"{'n_gold_tokens': 15, 'k': 15}",e5
task2_plausibility,d2f2e7f20eec472a,attnlrp,precision_at_k,0.25,target,Synonymy,"{'n_gold_tokens': 8, 'k': 8}",e5
task2_plausibility,d2f2e7f20eec472a,attnlrp,recall_at_k,0.25,target,Synonymy,"{'n_gold_tokens': 8, 'k': 8}",e5
task2_plausibility,d2f2e7f20eec472a,attnlrp,f1_at_k,0.25,target,Synonymy,"{'n_gold_tokens': 8, 'k': 8}",e5
task2_plausibility,d2f2e7f20eec472a,attnlrp,auprc,0.27502644731586734,target,Synonymy,"{'n_gold_tokens': 8, 'k': 8}",e5
task2_plausibility,d2f2e7f20eec472a,attnlrp,precision_at_k,0.375,target,Modulation,"{'n_gold_tokens': 8, 'k': 8}",e5
task2_plausibility,d2f2e7f20eec472a,attnlrp,recall_at_k,0.375,target,Modulation,"{'n_gold_tokens': 8, 'k': 8}",e5
task2_plausibility,d2f2e7f20eec472a,attnlrp,f1_at_k,0.375,target,Modulation,"{'n_gold_tokens': 8, 'k': 8}",e5
task2_plausibility,d2f2e7f20eec472a,attnlrp,auprc,0.3944084351491923,target,Modulation,"{'n_gold_tokens': 8, 'k': 8}",e5
task2_plausibility,d529a52fe5e1accf,attnlrp,precision_at_k,0.15384615384615385,target,Synonymy,"{'n_gold_tokens': 26, 'k': 26}",e5
task2_plausibility,d529a52fe5e1accf,attnlrp,recall_at_k,0.15384615384615385,target,Synonymy,"{'n_gold_tokens': 26, 'k': 26}",e5
task2_plausibility,d529a52fe5e1accf,attnlrp,f1_at_k,0.15384615384615385,target,Synonymy,"{'n_gold_tokens': 26, 'k': 26}",e5
task2_plausibility,d529a52fe5e1accf,attnlrp,auprc,0.18213379785242811,target,Synonymy,"{'n_gold_tokens': 26, 'k': 26}",e5
task2_plausibility,d529a52fe5e1accf,attnlrp,precision_at_k,0.19230769230769232,target,Modulation,"{'n_gold_tokens': 26, 'k': 26}",e5
task2_plausibility,d529a52fe5e1accf,attnlrp,recall_at_k,0.19230769230769232,target,Modulation,"{'n_gold_tokens': 26, 'k': 26}",e5
task2_plausibility,d529a52fe5e1accf,attnlrp,f1_at_k,0.19230769230769232,target,Modulation,"{'n_gold_tokens': 26, 'k': 26}",e5
task2_plausibility,d529a52fe5e1accf,attnlrp,auprc,0.1860476885185449,target,Modulation,"{'n_gold_tokens': 26, 'k': 26}",e5
task2_plausibility,d529a52fe5e1accf,attnlrp,precision_at_k,0.15384615384615385,target,Compression,"{'n_gold_tokens': 26, 'k': 26}",e5
task2_plausibility,d529a52fe5e1accf,attnlrp,recall_at_k,0.15384615384615385,target,Compression,"{'n_gold_tokens': 26, 'k': 26}",e5
task2_plausibility,d529a52fe5e1accf,attnlrp,f1_at_k,0.15384615384615385,target,Compression,"{'n_gold_tokens': 26, 'k': 26}",e5
task2_plausibility,d529a52fe5e1accf,attnlrp,auprc,0.19817039603142106,target,Compression,"{'n_gold_tokens': 26, 'k': 26}",e5
task2_plausibility,d529a52fe5e1accf,attnlrp,precision_at_k,0.19230769230769232,target,Explanation,"{'n_gold_tokens': 26, 'k': 26}",e5
task2_plausibility,d529a52fe5e1accf,attnlrp,recall_at_k,0.19230769230769232,target,Explanation,"{'n_gold_tokens': 26, 'k': 26}",e5
task2_plausibility,d529a52fe5e1accf,attnlrp,f1_at_k,0.19230769230769232,target,Explanation,"{'n_gold_tokens': 26, 'k': 26}",e5
task2_plausibility,d529a52fe5e1accf,attnlrp,auprc,0.1894844025370779,target,Explanation,"{'n_gold_tokens': 26, 'k': 26}",e5
task2_plausibility,d529a52fe5e1accf,attnlrp,precision_at_k,0.15384615384615385,target,Syntactic Change,"{'n_gold_tokens': 26, 'k': 26}",e5
task2_plausibility,d529a52fe5e1accf,attnlrp,recall_at_k,0.15384615384615385,target,Syntactic Change,"{'n_gold_tokens': 26, 'k': 26}",e5
task2_plausibility,d529a52fe5e1accf,attnlrp,f1_at_k,0.15384615384615385,target,Syntactic Change,"{'n_gold_tokens': 26, 'k': 26}",e5
task2_plausibility,d529a52fe5e1accf,attnlrp,auprc,0.1964117974188889,target,Syntactic Change,"{'n_gold_tokens': 26, 'k': 26}",e5
task2_plausibility,d529a52fe5e1accf,attnlrp,precision_at_k,0.11538461538461539,target,Omission,"{'n_gold_tokens': 26, 'k': 26}",e5
task2_plausibility,d529a52fe5e1accf,attnlrp,recall_at_k,0.11538461538461539,target,Omission,"{'n_gold_tokens': 26, 'k': 26}",e5
task2_plausibility,d529a52fe5e1accf,attnlrp,f1_at_k,0.11538461538461539,target,Omission,"{'n_gold_tokens': 26, 'k': 26}",e5
task2_plausibility,d529a52fe5e1accf,attnlrp,auprc,0.17707297800342076,target,Omission,"{'n_gold_tokens': 26, 'k': 26}",e5
task2_plausibility,e1635557c291c741,attnlrp,precision_at_k,0.0,target,Synonymy,"{'n_gold_tokens': 2, 'k': 2}",e5
task2_plausibility,e1635557c291c741,attnlrp,recall_at_k,0.0,target,Synonymy,"{'n_gold_tokens': 2, 'k': 2}",e5
task2_plausibility,e1635557c291c741,attnlrp,f1_at_k,0.0,target,Synonymy,"{'n_gold_tokens': 2, 'k': 2}",e5
task2_plausibility,e1635557c291c741,attnlrp,auprc,0.12142857142857143,target,Synonymy,"{'n_gold_tokens': 2, 'k': 2}",e5
task2_plausibility,e1635557c291c741,attnlrp,precision_at_k,0.0,target,Omission,"{'n_gold_tokens': 2, 'k': 2}",e5
task2_plausibility,e1635557c291c741,attnlrp,recall_at_k,0.0,target,Omission,"{'n_gold_tokens': 2, 'k': 2}",e5
task2_plausibility,e1635557c291c741,attnlrp,f1_at_k,0.0,target,Omission,"{'n_gold_tokens': 2, 'k': 2}",e5
task2_plausibility,e1635557c291c741,attnlrp,auprc,0.14,target,Omission,"{'n_gold_tokens': 2, 'k': 2}",e5
task2_plausibility,ec435d1ae8212c0b,attnlrp,precision_at_k,0.2222222222222222,target,Synonymy,"{'n_gold_tokens': 9, 'k': 9}",e5
task2_plausibility,ec435d1ae8212c0b,attnlrp,recall_at_k,0.2222222222222222,target,Synonymy,"{'n_gold_tokens': 9, 'k': 9}",e5
task2_plausibility,ec435d1ae8212c0b,attnlrp,f1_at_k,0.2222222222222222,target,Synonymy,"{'n_gold_tokens': 9, 'k': 9}",e5
task2_plausibility,ec435d1ae8212c0b,attnlrp,auprc,0.20126353984445383,target,Synonymy,"{'n_gold_tokens': 9, 'k': 9}",e5
task2_plausibility,ec435d1ae8212c0b,attnlrp,precision_at_k,0.2222222222222222,target,Modulation,"{'n_gold_tokens': 9, 'k': 9}",e5
task2_plausibility,ec435d1ae8212c0b,attnlrp,recall_at_k,0.2222222222222222,target,Modulation,"{'n_gold_tokens': 9, 'k': 9}",e5
task2_plausibility,ec435d1ae8212c0b,attnlrp,f1_at_k,0.2222222222222222,target,Modulation,"{'n_gold_tokens': 9, 'k': 9}",e5
task2_plausibility,ec435d1ae8212c0b,attnlrp,auprc,0.17950760838357738,target,Modulation,"{'n_gold_tokens': 9, 'k': 9}",e5
task2_plausibility,ec435d1ae8212c0b,attnlrp,precision_at_k,0.0,target,Compression,"{'n_gold_tokens': 9, 'k': 9}",e5
task2_plausibility,ec435d1ae8212c0b,attnlrp,recall_at_k,0.0,target,Compression,"{'n_gold_tokens': 9, 'k': 9}",e5
task2_plausibility,ec435d1ae8212c0b,attnlrp,f1_at_k,0.0,target,Compression,"{'n_gold_tokens': 9, 'k': 9}",e5
task2_plausibility,ec435d1ae8212c0b,attnlrp,auprc,0.1548432300393085,target,Compression,"{'n_gold_tokens': 9, 'k': 9}",e5
task2_plausibility,ec435d1ae8212c0b,attnlrp,precision_at_k,0.1111111111111111,target,Omission,"{'n_gold_tokens': 9, 'k': 9}",e5
task2_plausibility,ec435d1ae8212c0b,attnlrp,recall_at_k,0.1111111111111111,target,Omission,"{'n_gold_tokens': 9, 'k': 9}",e5
task2_plausibility,ec435d1ae8212c0b,attnlrp,f1_at_k,0.1111111111111111,target,Omission,"{'n_gold_tokens': 9, 'k': 9}",e5
task2_plausibility,ec435d1ae8212c0b,attnlrp,auprc,0.17805473440736636,target,Omission,"{'n_gold_tokens': 9, 'k': 9}",e5
task2_plausibility,f3ab5a6cd6537ab7,attnlrp,precision_at_k,0.16666666666666666,target,Synonymy,"{'n_gold_tokens': 12, 'k': 12}",e5
task2_plausibility,f3ab5a6cd6537ab7,attnlrp,recall_at_k,0.16666666666666666,target,Synonymy,"{'n_gold_tokens': 12, 'k': 12}",e5
task2_plausibility,f3ab5a6cd6537ab7,attnlrp,f1_at_k,0.16666666666666666,target,Synonymy,"{'n_gold_tokens': 12, 'k': 12}",e5
task2_plausibility,f3ab5a6cd6537ab7,attnlrp,auprc,0.22021335923646848,target,Synonymy,"{'n_gold_tokens': 12, 'k': 12}",e5
task2_plausibility,f3ab5a6cd6537ab7,attnlrp,precision_at_k,0.16666666666666666,target,Modulation,"{'n_gold_tokens': 12, 'k': 12}",e5
task2_plausibility,f3ab5a6cd6537ab7,attnlrp,recall_at_k,0.16666666666666666,target,Modulation,"{'n_gold_tokens': 12, 'k': 12}",e5
task2_plausibility,f3ab5a6cd6537ab7,attnlrp,f1_at_k,0.16666666666666666,target,Modulation,"{'n_gold_tokens': 12, 'k': 12}",e5
task2_plausibility,f3ab5a6cd6537ab7,attnlrp,auprc,0.231135817441932,target,Modulation,"{'n_gold_tokens': 12, 'k': 12}",e5
task2_plausibility,f3ab5a6cd6537ab7,attnlrp,precision_at_k,0.5,target,Compression,"{'n_gold_tokens': 12, 'k': 12}",e5
task2_plausibility,f3ab5a6cd6537ab7,attnlrp,recall_at_k,0.5,target,Compression,"{'n_gold_tokens': 12, 'k': 12}",e5
task2_plausibility,f3ab5a6cd6537ab7,attnlrp,f1_at_k,0.5,target,Compression,"{'n_gold_tokens': 12, 'k': 12}",e5
task2_plausibility,f3ab5a6cd6537ab7,attnlrp,auprc,0.3945672715939196,target,Compression,"{'n_gold_tokens': 12, 'k': 12}",e5
task2_plausibility,f3ab5a6cd6537ab7,attnlrp,precision_at_k,0.16666666666666666,target,Omission,"{'n_gold_tokens': 12, 'k': 12}",e5
task2_plausibility,f3ab5a6cd6537ab7,attnlrp,recall_at_k,0.16666666666666666,target,Omission,"{'n_gold_tokens': 12, 'k': 12}",e5
task2_plausibility,f3ab5a6cd6537ab7,attnlrp,f1_at_k,0.16666666666666666,target,Omission,"{'n_gold_tokens': 12, 'k': 12}",e5
task2_plausibility,f3ab5a6cd6537ab7,attnlrp,auprc,0.2352912382353412,target,Omission,"{'n_gold_tokens': 12, 'k': 12}",e5
task2_plausibility,f6b714bbbe2b60d7,attnlrp,precision_at_k,0.375,target,Synonymy,"{'n_gold_tokens': 16, 'k': 16}",e5
task2_plausibility,f6b714bbbe2b60d7,attnlrp,recall_at_k,0.375,target,Synonymy,"{'n_gold_tokens': 16, 'k': 16}",e5
task2_plausibility,f6b714bbbe2b60d7,attnlrp,f1_at_k,0.375,target,Synonymy,"{'n_gold_tokens': 16, 'k': 16}",e5
task2_plausibility,f6b714bbbe2b60d7,attnlrp,auprc,0.3369581677199888,target,Synonymy,"{'n_gold_tokens': 16, 'k': 16}",e5
task2_plausibility,f6b714bbbe2b60d7,attnlrp,precision_at_k,0.1875,target,Modulation,"{'n_gold_tokens': 16, 'k': 16}",e5
task2_plausibility,f6b714bbbe2b60d7,attnlrp,recall_at_k,0.1875,target,Modulation,"{'n_gold_tokens': 16, 'k': 16}",e5
task2_plausibility,f6b714bbbe2b60d7,attnlrp,f1_at_k,0.1875,target,Modulation,"{'n_gold_tokens': 16, 'k': 16}",e5
task2_plausibility,f6b714bbbe2b60d7,attnlrp,auprc,0.3377918046557423,target,Modulation,"{'n_gold_tokens': 16, 'k': 16}",e5
task2_plausibility,f6b714bbbe2b60d7,attnlrp,precision_at_k,0.3125,target,Compression,"{'n_gold_tokens': 16, 'k': 16}",e5
task2_plausibility,f6b714bbbe2b60d7,attnlrp,recall_at_k,0.3125,target,Compression,"{'n_gold_tokens': 16, 'k': 16}",e5
task2_plausibility,f6b714bbbe2b60d7,attnlrp,f1_at_k,0.3125,target,Compression,"{'n_gold_tokens': 16, 'k': 16}",e5
task2_plausibility,f6b714bbbe2b60d7,attnlrp,auprc,0.44344607130819746,target,Compression,"{'n_gold_tokens': 16, 'k': 16}",e5
task2_plausibility,f6b714bbbe2b60d7,attnlrp,precision_at_k,0.3125,target,Syntactic Change,"{'n_gold_tokens': 16, 'k': 16}",e5
task2_plausibility,f6b714bbbe2b60d7,attnlrp,recall_at_k,0.3125,target,Syntactic Change,"{'n_gold_tokens': 16, 'k': 16}",e5
task2_plausibility,f6b714bbbe2b60d7,attnlrp,f1_at_k,0.3125,target,Syntactic Change,"{'n_gold_tokens': 16, 'k': 16}",e5
task2_plausibility,f6b714bbbe2b60d7,attnlrp,auprc,0.38486126006070914,target,Syntactic Change,"{'n_gold_tokens': 16, 'k': 16}",e5
task2_plausibility,f6b714bbbe2b60d7,attnlrp,precision_at_k,0.25,target,Omission,"{'n_gold_tokens': 16, 'k': 16}",e5
task2_plausibility,f6b714bbbe2b60d7,attnlrp,recall_at_k,0.25,target,Omission,"{'n_gold_tokens': 16, 'k': 16}",e5
task2_plausibility,f6b714bbbe2b60d7,attnlrp,f1_at_k,0.25,target,Omission,"{'n_gold_tokens': 16, 'k': 16}",e5
task2_plausibility,f6b714bbbe2b60d7,attnlrp,auprc,0.4001845188399009,target,Omission,"{'n_gold_tokens': 16, 'k': 16}",e5
task2_plausibility,fd519ad255631654,attnlrp,precision_at_k,0.2903225806451613,target,Synonymy,"{'n_gold_tokens': 31, 'k': 31}",e5
task2_plausibility,fd519ad255631654,attnlrp,recall_at_k,0.2903225806451613,target,Synonymy,"{'n_gold_tokens': 31, 'k': 31}",e5
task2_plausibility,fd519ad255631654,attnlrp,f1_at_k,0.2903225806451613,target,Synonymy,"{'n_gold_tokens': 31, 'k': 31}",e5
task2_plausibility,fd519ad255631654,attnlrp,auprc,0.2874413414879995,target,Synonymy,"{'n_gold_tokens': 31, 'k': 31}",e5
task2_plausibility,fd519ad255631654,attnlrp,precision_at_k,0.25806451612903225,target,Modulation,"{'n_gold_tokens': 31, 'k': 31}",e5
task2_plausibility,fd519ad255631654,attnlrp,recall_at_k,0.25806451612903225,target,Modulation,"{'n_gold_tokens': 31, 'k': 31}",e5
task2_plausibility,fd519ad255631654,attnlrp,f1_at_k,0.25806451612903225,target,Modulation,"{'n_gold_tokens': 31, 'k': 31}",e5
task2_plausibility,fd519ad255631654,attnlrp,auprc,0.2633768250384958,target,Modulation,"{'n_gold_tokens': 31, 'k': 31}",e5
task2_plausibility,fd519ad255631654,attnlrp,precision_at_k,0.25806451612903225,target,Compression,"{'n_gold_tokens': 31, 'k': 31}",e5
task2_plausibility,fd519ad255631654,attnlrp,recall_at_k,0.25806451612903225,target,Compression,"{'n_gold_tokens': 31, 'k': 31}",e5
task2_plausibility,fd519ad255631654,attnlrp,f1_at_k,0.25806451612903225,target,Compression,"{'n_gold_tokens': 31, 'k': 31}",e5
task2_plausibility,fd519ad255631654,attnlrp,auprc,0.2995776112117189,target,Compression,"{'n_gold_tokens': 31, 'k': 31}",e5
task2_plausibility,fd519ad255631654,attnlrp,precision_at_k,0.22580645161290322,target,Explanation,"{'n_gold_tokens': 31, 'k': 31}",e5
task2_plausibility,fd519ad255631654,attnlrp,recall_at_k,0.22580645161290322,target,Explanation,"{'n_gold_tokens': 31, 'k': 31}",e5
task2_plausibility,fd519ad255631654,attnlrp,f1_at_k,0.22580645161290322,target,Explanation,"{'n_gold_tokens': 31, 'k': 31}",e5
task2_plausibility,fd519ad255631654,attnlrp,auprc,0.2738371252490618,target,Explanation,"{'n_gold_tokens': 31, 'k': 31}",e5
task2_plausibility,fd519ad255631654,attnlrp,precision_at_k,0.25806451612903225,target,Syntactic Change,"{'n_gold_tokens': 31, 'k': 31}",e5
task2_plausibility,fd519ad255631654,attnlrp,recall_at_k,0.25806451612903225,target,Syntactic Change,"{'n_gold_tokens': 31, 'k': 31}",e5
task2_plausibility,fd519ad255631654,attnlrp,f1_at_k,0.25806451612903225,target,Syntactic Change,"{'n_gold_tokens': 31, 'k': 31}",e5
task2_plausibility,fd519ad255631654,attnlrp,auprc,0.29790351701159345,target,Syntactic Change,"{'n_gold_tokens': 31, 'k': 31}",e5
task2_plausibility,fd519ad255631654,attnlrp,precision_at_k,0.1935483870967742,target,Omission,"{'n_gold_tokens': 31, 'k': 31}",e5
task2_plausibility,fd519ad255631654,attnlrp,recall_at_k,0.1935483870967742,target,Omission,"{'n_gold_tokens': 31, 'k': 31}",e5
task2_plausibility,fd519ad255631654,attnlrp,f1_at_k,0.1935483870967742,target,Omission,"{'n_gold_tokens': 31, 'k': 31}",e5
task2_plausibility,fd519ad255631654,attnlrp,auprc,0.22212092644715264,target,Omission,"{'n_gold_tokens': 31, 'k': 31}",e5
