run_id,example_id,method,metric,value,slice_name,slice_value,metadata,model
task2_plausibility,4714cc6651769334,attnlrp,precision_at_k,0.125,target,Synonymy,"{'n_gold_tokens': 16, 'k': 16}",xlmr
task2_plausibility,4714cc6651769334,attnlrp,recall_at_k,0.125,target,Synonymy,"{'n_gold_tokens': 16, 'k': 16}",xlmr
task2_plausibility,4714cc6651769334,attnlrp,f1_at_k,0.125,target,Synonymy,"{'n_gold_tokens': 16, 'k': 16}",xlmr
task2_plausibility,4714cc6651769334,attnlrp,auprc,0.22113097232288587,target,Synonymy,"{'n_gold_tokens': 16, 'k': 16}",xlmr
task2_plausibility,4714cc6651769334,attnlrp,precision_at_k,0.25,target,Compression,"{'n_gold_tokens': 16, 'k': 16}",xlmr
task2_plausibility,4714cc6651769334,attnlrp,recall_at_k,0.25,target,Compression,"{'n_gold_tokens': 16, 'k': 16}",xlmr
task2_plausibility,4714cc6651769334,attnlrp,f1_at_k,0.25,target,Compression,"{'n_gold_tokens': 16, 'k': 16}",xlmr
task2_plausibility,4714cc6651769334,attnlrp,auprc,0.24367378761287647,target,Compression,"{'n_gold_tokens': 16, 'k': 16}",xlmr
task2_plausibility,4714cc6651769334,attnlrp,precision_at_k,0.3125,target,Omission,"{'n_gold_tokens': 16, 'k': 16}",xlmr
task2_plausibility,4714cc6651769334,attnlrp,recall_at_k,0.3125,target,Omission,"{'n_gold_tokens': 16, 'k': 16}",xlmr
task2_plausibility,4714cc6651769334,attnlrp,f1_at_k,0.3125,target,Omission,"{'n_gold_tokens': 16, 'k': 16}",xlmr
task2_plausibility,4714cc6651769334,attnlrp,auprc,0.31273341550515465,target,Omission,"{'n_gold_tokens': 16, 'k': 16}",xlmr
task2_plausibility,d3145f304c3469e2,attnlrp,precision_at_k,0.325,target,Synonymy,"{'n_gold_tokens': 40, 'k': 40}",xlmr
task2_plausibility,d3145f304c3469e2,attnlrp,recall_at_k,0.325,target,Synonymy,"{'n_gold_tokens': 40, 'k': 40}",xlmr
task2_plausibility,d3145f304c3469e2,attnlrp,f1_at_k,0.325,target,Synonymy,"{'n_gold_tokens': 40, 'k': 40}",xlmr
task2_plausibility,d3145f304c3469e2,attnlrp,auprc,0.36148918595701784,target,Synonymy,"{'n_gold_tokens': 40, 'k': 40}",xlmr
task2_plausibility,d3145f304c3469e2,attnlrp,precision_at_k,0.35,target,Compression,"{'n_gold_tokens': 40, 'k': 40}",xlmr
task2_plausibility,d3145f304c3469e2,attnlrp,recall_at_k,0.35,target,Compression,"{'n_gold_tokens': 40, 'k': 40}",xlmr
task2_plausibility,d3145f304c3469e2,attnlrp,f1_at_k,0.35,target,Compression,"{'n_gold_tokens': 40, 'k': 40}",xlmr
task2_plausibility,d3145f304c3469e2,attnlrp,auprc,0.4266651153483058,target,Compression,"{'n_gold_tokens': 40, 'k': 40}",xlmr
task2_plausibility,d3145f304c3469e2,attnlrp,precision_at_k,0.3,target,Omission,"{'n_gold_tokens': 40, 'k': 40}",xlmr
task2_plausibility,d3145f304c3469e2,attnlrp,recall_at_k,0.3,target,Omission,"{'n_gold_tokens': 40, 'k': 40}",xlmr
task2_plausibility,d3145f304c3469e2,attnlrp,f1_at_k,0.3,target,Omission,"{'n_gold_tokens': 40, 'k': 40}",xlmr
task2_plausibility,d3145f304c3469e2,attnlrp,auprc,0.36612599917862676,target,Omission,"{'n_gold_tokens': 40, 'k': 40}",xlmr
task2_plausibility,27232ed14f973bec,attnlrp,precision_at_k,0.09375,target,Compression,"{'n_gold_tokens': 32, 'k': 32}",xlmr
task2_plausibility,27232ed14f973bec,attnlrp,recall_at_k,0.09375,target,Compression,"{'n_gold_tokens': 32, 'k': 32}",xlmr
task2_plausibility,27232ed14f973bec,attnlrp,f1_at_k,0.09375,target,Compression,"{'n_gold_tokens': 32, 'k': 32}",xlmr
task2_plausibility,27232ed14f973bec,attnlrp,auprc,0.11528187373116786,target,Compression,"{'n_gold_tokens': 32, 'k': 32}",xlmr
task2_plausibility,27232ed14f973bec,attnlrp,precision_at_k,0.03125,target,Omission,"{'n_gold_tokens': 32, 'k': 32}",xlmr
task2_plausibility,27232ed14f973bec,attnlrp,recall_at_k,0.03125,target,Omission,"{'n_gold_tokens': 32, 'k': 32}",xlmr
task2_plausibility,27232ed14f973bec,attnlrp,f1_at_k,0.03125,target,Omission,"{'n_gold_tokens': 32, 'k': 32}",xlmr
task2_plausibility,27232ed14f973bec,attnlrp,auprc,0.12103482440547808,target,Omission,"{'n_gold_tokens': 32, 'k': 32}",xlmr
task2_plausibility,0498438bbf75499b,attnlrp,precision_at_k,0.16666666666666666,target,Synonymy,"{'n_gold_tokens': 12, 'k': 12}",xlmr
task2_plausibility,0498438bbf75499b,attnlrp,recall_at_k,0.16666666666666666,target,Synonymy,"{'n_gold_tokens': 12, 'k': 12}",xlmr
task2_plausibility,0498438bbf75499b,attnlrp,f1_at_k,0.16666666666666666,target,Synonymy,"{'n_gold_tokens': 12, 'k': 12}",xlmr
task2_plausibility,0498438bbf75499b,attnlrp,auprc,0.11666353845279681,target,Synonymy,"{'n_gold_tokens': 12, 'k': 12}",xlmr
task2_plausibility,0498438bbf75499b,attnlrp,precision_at_k,0.16666666666666666,target,Compression,"{'n_gold_tokens': 12, 'k': 12}",xlmr
task2_plausibility,0498438bbf75499b,attnlrp,recall_at_k,0.16666666666666666,target,Compression,"{'n_gold_tokens': 12, 'k': 12}",xlmr
task2_plausibility,0498438bbf75499b,attnlrp,f1_at_k,0.16666666666666666,target,Compression,"{'n_gold_tokens': 12, 'k': 12}",xlmr
task2_plausibility,0498438bbf75499b,attnlrp,auprc,0.21980476974666968,target,Compression,"{'n_gold_tokens': 12, 'k': 12}",xlmr
task2_plausibility,0498438bbf75499b,attnlrp,precision_at_k,0.08333333333333333,target,Omission,"{'n_gold_tokens': 12, 'k': 12}",xlmr
task2_plausibility,0498438bbf75499b,attnlrp,recall_at_k,0.08333333333333333,target,Omission,"{'n_gold_tokens': 12, 'k': 12}",xlmr
task2_plausibility,0498438bbf75499b,attnlrp,f1_at_k,0.08333333333333333,target,Omission,"{'n_gold_tokens': 12, 'k': 12}",xlmr
task2_plausibility,0498438bbf75499b,attnlrp,auprc,0.11198330100844106,target,Omission,"{'n_gold_tokens': 12, 'k': 12}",xlmr
task2_plausibility,c8de7f52dd678b4d,attnlrp,precision_at_k,0.3333333333333333,target,Synonymy,"{'n_gold_tokens': 3, 'k': 3}",xlmr
task2_plausibility,c8de7f52dd678b4d,attnlrp,recall_at_k,0.3333333333333333,target,Synonymy,"{'n_gold_tokens': 3, 'k': 3}",xlmr
task2_plausibility,c8de7f52dd678b4d,attnlrp,f1_at_k,0.3333333333333333,target,Synonymy,"{'n_gold_tokens': 3, 'k': 3}",xlmr
task2_plausibility,c8de7f52dd678b4d,attnlrp,auprc,0.16267104542966612,target,Synonymy,"{'n_gold_tokens': 3, 'k': 3}",xlmr
task2_plausibility,c8de7f52dd678b4d,attnlrp,precision_at_k,0.0,target,Compression,"{'n_gold_tokens': 3, 'k': 3}",xlmr
task2_plausibility,c8de7f52dd678b4d,attnlrp,recall_at_k,0.0,target,Compression,"{'n_gold_tokens': 3, 'k': 3}",xlmr
task2_plausibility,c8de7f52dd678b4d,attnlrp,f1_at_k,0.0,target,Compression,"{'n_gold_tokens': 3, 'k': 3}",xlmr
task2_plausibility,c8de7f52dd678b4d,attnlrp,auprc,0.19,target,Compression,"{'n_gold_tokens': 3, 'k': 3}",xlmr
task2_plausibility,c8de7f52dd678b4d,attnlrp,precision_at_k,0.3333333333333333,target,Omission,"{'n_gold_tokens': 3, 'k': 3}",xlmr
task2_plausibility,c8de7f52dd678b4d,attnlrp,recall_at_k,0.3333333333333333,target,Omission,"{'n_gold_tokens': 3, 'k': 3}",xlmr
task2_plausibility,c8de7f52dd678b4d,attnlrp,f1_at_k,0.3333333333333333,target,Omission,"{'n_gold_tokens': 3, 'k': 3}",xlmr
task2_plausibility,c8de7f52dd678b4d,attnlrp,auprc,0.4333333333333333,target,Omission,"{'n_gold_tokens': 3, 'k': 3}",xlmr
task2_plausibility,65c2a16c4f8b71dc,attnlrp,precision_at_k,0.0,target,Compression,"{'n_gold_tokens': 2, 'k': 2}",xlmr
task2_plausibility,65c2a16c4f8b71dc,attnlrp,recall_at_k,0.0,target,Compression,"{'n_gold_tokens': 2, 'k': 2}",xlmr
task2_plausibility,65c2a16c4f8b71dc,attnlrp,f1_at_k,0.0,target,Compression,"{'n_gold_tokens': 2, 'k': 2}",xlmr
task2_plausibility,65c2a16c4f8b71dc,attnlrp,auprc,0.19369369369369369,target,Compression,"{'n_gold_tokens': 2, 'k': 2}",xlmr
task2_plausibility,65c2a16c4f8b71dc,attnlrp,precision_at_k,0.0,target,Omission,"{'n_gold_tokens': 2, 'k': 2}",xlmr
task2_plausibility,65c2a16c4f8b71dc,attnlrp,recall_at_k,0.0,target,Omission,"{'n_gold_tokens': 2, 'k': 2}",xlmr
task2_plausibility,65c2a16c4f8b71dc,attnlrp,f1_at_k,0.0,target,Omission,"{'n_gold_tokens': 2, 'k': 2}",xlmr
task2_plausibility,65c2a16c4f8b71dc,attnlrp,auprc,0.09706959706959706,target,Omission,"{'n_gold_tokens': 2, 'k': 2}",xlmr
task2_plausibility,e6a78d3bf2d4e9fb,attnlrp,precision_at_k,0.2972972972972973,target,Synonymy,"{'n_gold_tokens': 37, 'k': 37}",xlmr
task2_plausibility,e6a78d3bf2d4e9fb,attnlrp,recall_at_k,0.2972972972972973,target,Synonymy,"{'n_gold_tokens': 37, 'k': 37}",xlmr
task2_plausibility,e6a78d3bf2d4e9fb,attnlrp,f1_at_k,0.2972972972972973,target,Synonymy,"{'n_gold_tokens': 37, 'k': 37}",xlmr
task2_plausibility,e6a78d3bf2d4e9fb,attnlrp,auprc,0.2878299776021531,target,Synonymy,"{'n_gold_tokens': 37, 'k': 37}",xlmr
task2_plausibility,e6a78d3bf2d4e9fb,attnlrp,precision_at_k,0.2702702702702703,target,Compression,"{'n_gold_tokens': 37, 'k': 37}",xlmr
task2_plausibility,e6a78d3bf2d4e9fb,attnlrp,recall_at_k,0.2702702702702703,target,Compression,"{'n_gold_tokens': 37, 'k': 37}",xlmr
task2_plausibility,e6a78d3bf2d4e9fb,attnlrp,f1_at_k,0.2702702702702703,target,Compression,"{'n_gold_tokens': 37, 'k': 37}",xlmr
task2_plausibility,e6a78d3bf2d4e9fb,attnlrp,auprc,0.3371724290576658,target,Compression,"{'n_gold_tokens': 37, 'k': 37}",xlmr
task2_plausibility,e6a78d3bf2d4e9fb,attnlrp,precision_at_k,0.2972972972972973,target,Omission,"{'n_gold_tokens': 37, 'k': 37}",xlmr
task2_plausibility,e6a78d3bf2d4e9fb,attnlrp,recall_at_k,0.2972972972972973,target,Omission,"{'n_gold_tokens': 37, 'k': 37}",xlmr
task2_plausibility,e6a78d3bf2d4e9fb,attnlrp,f1_at_k,0.2972972972972973,target,Omission,"{'n_gold_tokens': 37, 'k': 37}",xlmr
task2_plausibility,e6a78d3bf2d4e9fb,attnlrp,auprc,0.3400955245240476,target,Omission,"{'n_gold_tokens': 37, 'k': 37}",xlmr
task2_plausibility,6a4c94232b1d7c40,attnlrp,precision_at_k,0.17647058823529413,target,Compression,"{'n_gold_tokens': 17, 'k': 17}",xlmr
task2_plausibility,6a4c94232b1d7c40,attnlrp,recall_at_k,0.17647058823529413,target,Compression,"{'n_gold_tokens': 17, 'k': 17}",xlmr
task2_plausibility,6a4c94232b1d7c40,attnlrp,f1_at_k,0.17647058823529413,target,Compression,"{'n_gold_tokens': 17, 'k': 17}",xlmr
task2_plausibility,6a4c94232b1d7c40,attnlrp,auprc,0.2430437017603763,target,Compression,"{'n_gold_tokens': 17, 'k': 17}",xlmr
task2_plausibility,6a4c94232b1d7c40,attnlrp,precision_at_k,0.29411764705882354,target,Omission,"{'n_gold_tokens': 17, 'k': 17}",xlmr
task2_plausibility,6a4c94232b1d7c40,attnlrp,recall_at_k,0.29411764705882354,target,Omission,"{'n_gold_tokens': 17, 'k': 17}",xlmr
task2_plausibility,6a4c94232b1d7c40,attnlrp,f1_at_k,0.29411764705882354,target,Omission,"{'n_gold_tokens': 17, 'k': 17}",xlmr
task2_plausibility,6a4c94232b1d7c40,attnlrp,auprc,0.27131339051699344,target,Omission,"{'n_gold_tokens': 17, 'k': 17}",xlmr
task2_plausibility,1353894d0a209b8a,attnlrp,precision_at_k,0.3125,target,Synonymy,"{'n_gold_tokens': 48, 'k': 48}",xlmr
task2_plausibility,1353894d0a209b8a,attnlrp,recall_at_k,0.3125,target,Synonymy,"{'n_gold_tokens': 48, 'k': 48}",xlmr
task2_plausibility,1353894d0a209b8a,attnlrp,f1_at_k,0.3125,target,Synonymy,"{'n_gold_tokens': 48, 'k': 48}",xlmr
task2_plausibility,1353894d0a209b8a,attnlrp,auprc,0.30766909767719985,target,Synonymy,"{'n_gold_tokens': 48, 'k': 48}",xlmr
task2_plausibility,1353894d0a209b8a,attnlrp,precision_at_k,0.3333333333333333,target,Compression,"{'n_gold_tokens': 48, 'k': 48}",xlmr
task2_plausibility,1353894d0a209b8a,attnlrp,recall_at_k,0.3333333333333333,target,Compression,"{'n_gold_tokens': 48, 'k': 48}",xlmr
task2_plausibility,1353894d0a209b8a,attnlrp,f1_at_k,0.3333333333333333,target,Compression,"{'n_gold_tokens': 48, 'k': 48}",xlmr
task2_plausibility,1353894d0a209b8a,attnlrp,auprc,0.3252967585208016,target,Compression,"{'n_gold_tokens': 48, 'k': 48}",xlmr
task2_plausibility,1353894d0a209b8a,attnlrp,precision_at_k,0.3333333333333333,target,Omission,"{'n_gold_tokens': 48, 'k': 48}",xlmr
task2_plausibility,1353894d0a209b8a,attnlrp,recall_at_k,0.3333333333333333,target,Omission,"{'n_gold_tokens': 48, 'k': 48}",xlmr
task2_plausibility,1353894d0a209b8a,attnlrp,f1_at_k,0.3333333333333333,target,Omission,"{'n_gold_tokens': 48, 'k': 48}",xlmr
task2_plausibility,1353894d0a209b8a,attnlrp,auprc,0.3054652715888653,target,Omission,"{'n_gold_tokens': 48, 'k': 48}",xlmr
task2_plausibility,7efaf284b208daee,attnlrp,precision_at_k,0.0,target,Synonymy,"{'n_gold_tokens': 9, 'k': 9}",xlmr
task2_plausibility,7efaf284b208daee,attnlrp,recall_at_k,0.0,target,Synonymy,"{'n_gold_tokens': 9, 'k': 9}",xlmr
task2_plausibility,7efaf284b208daee,attnlrp,f1_at_k,0.0,target,Synonymy,"{'n_gold_tokens': 9, 'k': 9}",xlmr
task2_plausibility,7efaf284b208daee,attnlrp,auprc,0.08662143212781094,target,Synonymy,"{'n_gold_tokens': 9, 'k': 9}",xlmr
task2_plausibility,7efaf284b208daee,attnlrp,precision_at_k,0.1111111111111111,target,Compression,"{'n_gold_tokens': 9, 'k': 9}",xlmr
task2_plausibility,7efaf284b208daee,attnlrp,recall_at_k,0.1111111111111111,target,Compression,"{'n_gold_tokens': 9, 'k': 9}",xlmr
task2_plausibility,7efaf284b208daee,attnlrp,f1_at_k,0.1111111111111111,target,Compression,"{'n_gold_tokens': 9, 'k': 9}",xlmr
task2_plausibility,7efaf284b208daee,attnlrp,auprc,0.1146318684009317,target,Compression,"{'n_gold_tokens': 9, 'k': 9}",xlmr
task2_plausibility,7efaf284b208daee,attnlrp,precision_at_k,0.1111111111111111,target,Omission,"{'n_gold_tokens': 9, 'k': 9}",xlmr
task2_plausibility,7efaf284b208daee,attnlrp,recall_at_k,0.1111111111111111,target,Omission,"{'n_gold_tokens': 9, 'k': 9}",xlmr
task2_plausibility,7efaf284b208daee,attnlrp,f1_at_k,0.1111111111111111,target,Omission,"{'n_gold_tokens': 9, 'k': 9}",xlmr
task2_plausibility,7efaf284b208daee,attnlrp,auprc,0.1032018611057026,target,Omission,"{'n_gold_tokens': 9, 'k': 9}",xlmr
task2_plausibility,1f48b8837bec8ab6,attnlrp,precision_at_k,0.4444444444444444,target,Compression,"{'n_gold_tokens': 27, 'k': 27}",xlmr
task2_plausibility,1f48b8837bec8ab6,attnlrp,recall_at_k,0.4444444444444444,target,Compression,"{'n_gold_tokens': 27, 'k': 27}",xlmr
task2_plausibility,1f48b8837bec8ab6,attnlrp,f1_at_k,0.4444444444444444,target,Compression,"{'n_gold_tokens': 27, 'k': 27}",xlmr
task2_plausibility,1f48b8837bec8ab6,attnlrp,auprc,0.5186092498401749,target,Compression,"{'n_gold_tokens': 27, 'k': 27}",xlmr
task2_plausibility,1f48b8837bec8ab6,attnlrp,precision_at_k,0.4074074074074074,target,Omission,"{'n_gold_tokens': 27, 'k': 27}",xlmr
task2_plausibility,1f48b8837bec8ab6,attnlrp,recall_at_k,0.4074074074074074,target,Omission,"{'n_gold_tokens': 27, 'k': 27}",xlmr
task2_plausibility,1f48b8837bec8ab6,attnlrp,f1_at_k,0.4074074074074074,target,Omission,"{'n_gold_tokens': 27, 'k': 27}",xlmr
task2_plausibility,1f48b8837bec8ab6,attnlrp,auprc,0.45635477350593623,target,Omission,"{'n_gold_tokens': 27, 'k': 27}",xlmr
task2_plausibility,807b53a961809e7d,attnlrp,precision_at_k,0.0,target,Compression,"{'n_gold_tokens': 4, 'k': 4}",xlmr
task2_plausibility,807b53a961809e7d,attnlrp,recall_at_k,0.0,target,Compression,"{'n_gold_tokens': 4, 'k': 4}",xlmr
task2_plausibility,807b53a961809e7d,attnlrp,f1_at_k,0.0,target,Compression,"{'n_gold_tokens': 4, 'k': 4}",xlmr
task2_plausibility,807b53a961809e7d,attnlrp,auprc,0.10657129906807393,target,Compression,"{'n_gold_tokens': 4, 'k': 4}",xlmr
task2_plausibility,807b53a961809e7d,attnlrp,precision_at_k,0.0,target,Omission,"{'n_gold_tokens': 4, 'k': 4}",xlmr
task2_plausibility,807b53a961809e7d,attnlrp,recall_at_k,0.0,target,Omission,"{'n_gold_tokens': 4, 'k': 4}",xlmr
task2_plausibility,807b53a961809e7d,attnlrp,f1_at_k,0.0,target,Omission,"{'n_gold_tokens': 4, 'k': 4}",xlmr
task2_plausibility,807b53a961809e7d,attnlrp,auprc,0.09831412671169262,target,Omission,"{'n_gold_tokens': 4, 'k': 4}",xlmr
task2_plausibility,0392ae03f066a894,attnlrp,precision_at_k,0.0,target,Compression,"{'n_gold_tokens': 10, 'k': 10}",xlmr
task2_plausibility,0392ae03f066a894,attnlrp,recall_at_k,0.0,target,Compression,"{'n_gold_tokens': 10, 'k': 10}",xlmr
task2_plausibility,0392ae03f066a894,attnlrp,f1_at_k,0.0,target,Compression,"{'n_gold_tokens': 10, 'k': 10}",xlmr
task2_plausibility,0392ae03f066a894,attnlrp,auprc,0.1752382377261949,target,Compression,"{'n_gold_tokens': 10, 'k': 10}",xlmr
task2_plausibility,0392ae03f066a894,attnlrp,precision_at_k,0.0,target,Omission,"{'n_gold_tokens': 10, 'k': 10}",xlmr
task2_plausibility,0392ae03f066a894,attnlrp,recall_at_k,0.0,target,Omission,"{'n_gold_tokens': 10, 'k': 10}",xlmr
task2_plausibility,0392ae03f066a894,attnlrp,f1_at_k,0.0,target,Omission,"{'n_gold_tokens': 10, 'k': 10}",xlmr
task2_plausibility,0392ae03f066a894,attnlrp,auprc,0.15678542499456347,target,Omission,"{'n_gold_tokens': 10, 'k': 10}",xlmr
task2_plausibility,040f71d839ae75d8,attnlrp,precision_at_k,0.4,target,Synonymy,"{'n_gold_tokens': 15, 'k': 15}",xlmr
task2_plausibility,040f71d839ae75d8,attnlrp,recall_at_k,0.4,target,Synonymy,"{'n_gold_tokens': 15, 'k': 15}",xlmr
task2_plausibility,040f71d839ae75d8,attnlrp,f1_at_k,0.4000000000000001,target,Synonymy,"{'n_gold_tokens': 15, 'k': 15}",xlmr
task2_plausibility,040f71d839ae75d8,attnlrp,auprc,0.3920947102315948,target,Synonymy,"{'n_gold_tokens': 15, 'k': 15}",xlmr
task2_plausibility,040f71d839ae75d8,attnlrp,precision_at_k,0.4,target,Syntactic Change,"{'n_gold_tokens': 15, 'k': 15}",xlmr
task2_plausibility,040f71d839ae75d8,attnlrp,recall_at_k,0.4,target,Syntactic Change,"{'n_gold_tokens': 15, 'k': 15}",xlmr
task2_plausibility,040f71d839ae75d8,attnlrp,f1_at_k,0.4000000000000001,target,Syntactic Change,"{'n_gold_tokens': 15, 'k': 15}",xlmr
task2_plausibility,040f71d839ae75d8,attnlrp,auprc,0.34201988334246397,target,Syntactic Change,"{'n_gold_tokens': 15, 'k': 15}",xlmr
task2_plausibility,042e16733896f3cb,attnlrp,precision_at_k,0.25,target,Synonymy,"{'n_gold_tokens': 4, 'k': 4}",xlmr
task2_plausibility,042e16733896f3cb,attnlrp,recall_at_k,0.25,target,Synonymy,"{'n_gold_tokens': 4, 'k': 4}",xlmr
task2_plausibility,042e16733896f3cb,attnlrp,f1_at_k,0.25,target,Synonymy,"{'n_gold_tokens': 4, 'k': 4}",xlmr
task2_plausibility,042e16733896f3cb,attnlrp,auprc,0.50625,target,Synonymy,"{'n_gold_tokens': 4, 'k': 4}",xlmr
task2_plausibility,0670039b4a17b8b0,attnlrp,precision_at_k,0.32,target,Synonymy,"{'n_gold_tokens': 25, 'k': 25}",xlmr
task2_plausibility,0670039b4a17b8b0,attnlrp,recall_at_k,0.32,target,Synonymy,"{'n_gold_tokens': 25, 'k': 25}",xlmr
task2_plausibility,0670039b4a17b8b0,attnlrp,f1_at_k,0.32,target,Synonymy,"{'n_gold_tokens': 25, 'k': 25}",xlmr
task2_plausibility,0670039b4a17b8b0,attnlrp,auprc,0.3077949598128694,target,Synonymy,"{'n_gold_tokens': 25, 'k': 25}",xlmr
task2_plausibility,0670039b4a17b8b0,attnlrp,precision_at_k,0.36,target,Syntactic Change,"{'n_gold_tokens': 25, 'k': 25}",xlmr
task2_plausibility,0670039b4a17b8b0,attnlrp,recall_at_k,0.36,target,Syntactic Change,"{'n_gold_tokens': 25, 'k': 25}",xlmr
task2_plausibility,0670039b4a17b8b0,attnlrp,f1_at_k,0.36,target,Syntactic Change,"{'n_gold_tokens': 25, 'k': 25}",xlmr
task2_plausibility,0670039b4a17b8b0,attnlrp,auprc,0.312581146417792,target,Syntactic Change,"{'n_gold_tokens': 25, 'k': 25}",xlmr
task2_plausibility,0a08fcb71a7ad371,attnlrp,precision_at_k,0.0,target,Synonymy,"{'n_gold_tokens': 4, 'k': 4}",xlmr
task2_plausibility,0a08fcb71a7ad371,attnlrp,recall_at_k,0.0,target,Synonymy,"{'n_gold_tokens': 4, 'k': 4}",xlmr
task2_plausibility,0a08fcb71a7ad371,attnlrp,f1_at_k,0.0,target,Synonymy,"{'n_gold_tokens': 4, 'k': 4}",xlmr
task2_plausibility,0a08fcb71a7ad371,attnlrp,auprc,0.08801181314687413,target,Synonymy,"{'n_gold_tokens': 4, 'k': 4}",xlmr
task2_plausibility,0a08fcb71a7ad371,attnlrp,precision_at_k,0.0,target,Syntactic Change,"{'n_gold_tokens': 4, 'k': 4}",xlmr
task2_plausibility,0a08fcb71a7ad371,attnlrp,recall_at_k,0.0,target,Syntactic Change,"{'n_gold_tokens': 4, 'k': 4}",xlmr
task2_plausibility,0a08fcb71a7ad371,attnlrp,f1_at_k,0.0,target,Syntactic Change,"{'n_gold_tokens': 4, 'k': 4}",xlmr
task2_plausibility,0a08fcb71a7ad371,attnlrp,auprc,0.07128148141988117,target,Syntactic Change,"{'n_gold_tokens': 4, 'k': 4}",xlmr
task2_plausibility,0db925627d2320ae,attnlrp,precision_at_k,0.0,target,Synonymy,"{'n_gold_tokens': 8, 'k': 8}",xlmr
task2_plausibility,0db925627d2320ae,attnlrp,recall_at_k,0.0,target,Synonymy,"{'n_gold_tokens': 8, 'k': 8}",xlmr
task2_plausibility,0db925627d2320ae,attnlrp,f1_at_k,0.0,target,Synonymy,"{'n_gold_tokens': 8, 'k': 8}",xlmr
task2_plausibility,0db925627d2320ae,attnlrp,auprc,0.18630336142217419,target,Synonymy,"{'n_gold_tokens': 8, 'k': 8}",xlmr
task2_plausibility,0e743f80a519755a,attnlrp,precision_at_k,0.4,target,Synonymy,"{'n_gold_tokens': 5, 'k': 5}",xlmr
task2_plausibility,0e743f80a519755a,attnlrp,recall_at_k,0.4,target,Synonymy,"{'n_gold_tokens': 5, 'k': 5}",xlmr
task2_plausibility,0e743f80a519755a,attnlrp,f1_at_k,0.4000000000000001,target,Synonymy,"{'n_gold_tokens': 5, 'k': 5}",xlmr
task2_plausibility,0e743f80a519755a,attnlrp,auprc,0.5685606060606061,target,Synonymy,"{'n_gold_tokens': 5, 'k': 5}",xlmr
task2_plausibility,0e743f80a519755a,attnlrp,precision_at_k,0.6,target,Syntactic Change,"{'n_gold_tokens': 5, 'k': 5}",xlmr
task2_plausibility,0e743f80a519755a,attnlrp,recall_at_k,0.6,target,Syntactic Change,"{'n_gold_tokens': 5, 'k': 5}",xlmr
task2_plausibility,0e743f80a519755a,attnlrp,f1_at_k,0.6,target,Syntactic Change,"{'n_gold_tokens': 5, 'k': 5}",xlmr
task2_plausibility,0e743f80a519755a,attnlrp,auprc,0.7602564102564102,target,Syntactic Change,"{'n_gold_tokens': 5, 'k': 5}",xlmr
task2_plausibility,11046fa5908d72af,attnlrp,precision_at_k,0.375,target,Synonymy,"{'n_gold_tokens': 24, 'k': 24}",xlmr
task2_plausibility,11046fa5908d72af,attnlrp,recall_at_k,0.375,target,Synonymy,"{'n_gold_tokens': 24, 'k': 24}",xlmr
task2_plausibility,11046fa5908d72af,attnlrp,f1_at_k,0.375,target,Synonymy,"{'n_gold_tokens': 24, 'k': 24}",xlmr
task2_plausibility,11046fa5908d72af,attnlrp,auprc,0.4482661123446508,target,Synonymy,"{'n_gold_tokens': 24, 'k': 24}",xlmr
task2_plausibility,11046fa5908d72af,attnlrp,precision_at_k,0.25,target,Syntactic Change,"{'n_gold_tokens': 24, 'k': 24}",xlmr
task2_plausibility,11046fa5908d72af,attnlrp,recall_at_k,0.25,target,Syntactic Change,"{'n_gold_tokens': 24, 'k': 24}",xlmr
task2_plausibility,11046fa5908d72af,attnlrp,f1_at_k,0.25,target,Syntactic Change,"{'n_gold_tokens': 24, 'k': 24}",xlmr
task2_plausibility,11046fa5908d72af,attnlrp,auprc,0.2814306181436661,target,Syntactic Change,"{'n_gold_tokens': 24, 'k': 24}",xlmr
task2_plausibility,118c25b0b4ea006a,attnlrp,precision_at_k,0.15789473684210525,target,Synonymy,"{'n_gold_tokens': 19, 'k': 19}",xlmr
task2_plausibility,118c25b0b4ea006a,attnlrp,recall_at_k,0.15789473684210525,target,Synonymy,"{'n_gold_tokens': 19, 'k': 19}",xlmr
task2_plausibility,118c25b0b4ea006a,attnlrp,f1_at_k,0.15789473684210525,target,Synonymy,"{'n_gold_tokens': 19, 'k': 19}",xlmr
task2_plausibility,118c25b0b4ea006a,attnlrp,auprc,0.16589829866472872,target,Synonymy,"{'n_gold_tokens': 19, 'k': 19}",xlmr
task2_plausibility,118c25b0b4ea006a,attnlrp,precision_at_k,0.15789473684210525,target,Syntactic Change,"{'n_gold_tokens': 19, 'k': 19}",xlmr
task2_plausibility,118c25b0b4ea006a,attnlrp,recall_at_k,0.15789473684210525,target,Syntactic Change,"{'n_gold_tokens': 19, 'k': 19}",xlmr
task2_plausibility,118c25b0b4ea006a,attnlrp,f1_at_k,0.15789473684210525,target,Syntactic Change,"{'n_gold_tokens': 19, 'k': 19}",xlmr
task2_plausibility,118c25b0b4ea006a,attnlrp,auprc,0.18089871115228967,target,Syntactic Change,"{'n_gold_tokens': 19, 'k': 19}",xlmr
task2_plausibility,12e23bd223f1277d,attnlrp,precision_at_k,0.0,target,Synonymy,"{'n_gold_tokens': 5, 'k': 5}",xlmr
task2_plausibility,12e23bd223f1277d,attnlrp,recall_at_k,0.0,target,Synonymy,"{'n_gold_tokens': 5, 'k': 5}",xlmr
task2_plausibility,12e23bd223f1277d,attnlrp,f1_at_k,0.0,target,Synonymy,"{'n_gold_tokens': 5, 'k': 5}",xlmr
task2_plausibility,12e23bd223f1277d,attnlrp,auprc,0.14595238095238094,target,Synonymy,"{'n_gold_tokens': 5, 'k': 5}",xlmr
task2_plausibility,12e23bd223f1277d,attnlrp,precision_at_k,0.4,target,Syntactic Change,"{'n_gold_tokens': 5, 'k': 5}",xlmr
task2_plausibility,12e23bd223f1277d,attnlrp,recall_at_k,0.4,target,Syntactic Change,"{'n_gold_tokens': 5, 'k': 5}",xlmr
task2_plausibility,12e23bd223f1277d,attnlrp,f1_at_k,0.4000000000000001,target,Syntactic Change,"{'n_gold_tokens': 5, 'k': 5}",xlmr
task2_plausibility,12e23bd223f1277d,attnlrp,auprc,0.3545893719806763,target,Syntactic Change,"{'n_gold_tokens': 5, 'k': 5}",xlmr
task2_plausibility,140753ca0917b049,attnlrp,precision_at_k,0.18181818181818182,target,Synonymy,"{'n_gold_tokens': 22, 'k': 22}",xlmr
task2_plausibility,140753ca0917b049,attnlrp,recall_at_k,0.18181818181818182,target,Synonymy,"{'n_gold_tokens': 22, 'k': 22}",xlmr
task2_plausibility,140753ca0917b049,attnlrp,f1_at_k,0.18181818181818182,target,Synonymy,"{'n_gold_tokens': 22, 'k': 22}",xlmr
task2_plausibility,140753ca0917b049,attnlrp,auprc,0.20972756238700072,target,Synonymy,"{'n_gold_tokens': 22, 'k': 22}",xlmr
task2_plausibility,140753ca0917b049,attnlrp,precision_at_k,0.09090909090909091,target,Compression,"{'n_gold_tokens': 22, 'k': 22}",xlmr
task2_plausibility,140753ca0917b049,attnlrp,recall_at_k,0.09090909090909091,target,Compression,"{'n_gold_tokens': 22, 'k': 22}",xlmr
task2_plausibility,140753ca0917b049,attnlrp,f1_at_k,0.09090909090909091,target,Compression,"{'n_gold_tokens': 22, 'k': 22}",xlmr
task2_plausibility,140753ca0917b049,attnlrp,auprc,0.16806439124291586,target,Compression,"{'n_gold_tokens': 22, 'k': 22}",xlmr
task2_plausibility,140753ca0917b049,attnlrp,precision_at_k,0.13636363636363635,target,Syntactic Change,"{'n_gold_tokens': 22, 'k': 22}",xlmr
task2_plausibility,140753ca0917b049,attnlrp,recall_at_k,0.13636363636363635,target,Syntactic Change,"{'n_gold_tokens': 22, 'k': 22}",xlmr
task2_plausibility,140753ca0917b049,attnlrp,f1_at_k,0.13636363636363635,target,Syntactic Change,"{'n_gold_tokens': 22, 'k': 22}",xlmr
task2_plausibility,140753ca0917b049,attnlrp,auprc,0.20426370386958617,target,Syntactic Change,"{'n_gold_tokens': 22, 'k': 22}",xlmr
task2_plausibility,17caea7d97169b0d,attnlrp,precision_at_k,0.3333333333333333,target,Synonymy,"{'n_gold_tokens': 3, 'k': 3}",xlmr
task2_plausibility,17caea7d97169b0d,attnlrp,recall_at_k,0.3333333333333333,target,Synonymy,"{'n_gold_tokens': 3, 'k': 3}",xlmr
task2_plausibility,17caea7d97169b0d,attnlrp,f1_at_k,0.3333333333333333,target,Synonymy,"{'n_gold_tokens': 3, 'k': 3}",xlmr
task2_plausibility,17caea7d97169b0d,attnlrp,auprc,0.26587301587301587,target,Synonymy,"{'n_gold_tokens': 3, 'k': 3}",xlmr
task2_plausibility,1d85322e9ec39f32,attnlrp,precision_at_k,0.36363636363636365,target,Synonymy,"{'n_gold_tokens': 33, 'k': 33}",xlmr
task2_plausibility,1d85322e9ec39f32,attnlrp,recall_at_k,0.36363636363636365,target,Synonymy,"{'n_gold_tokens': 33, 'k': 33}",xlmr
task2_plausibility,1d85322e9ec39f32,attnlrp,f1_at_k,0.36363636363636365,target,Synonymy,"{'n_gold_tokens': 33, 'k': 33}",xlmr
task2_plausibility,1d85322e9ec39f32,attnlrp,auprc,0.3382878247994405,target,Synonymy,"{'n_gold_tokens': 33, 'k': 33}",xlmr
task2_plausibility,1d85322e9ec39f32,attnlrp,precision_at_k,0.24242424242424243,target,Syntactic Change,"{'n_gold_tokens': 33, 'k': 33}",xlmr
task2_plausibility,1d85322e9ec39f32,attnlrp,recall_at_k,0.24242424242424243,target,Syntactic Change,"{'n_gold_tokens': 33, 'k': 33}",xlmr
task2_plausibility,1d85322e9ec39f32,attnlrp,f1_at_k,0.24242424242424243,target,Syntactic Change,"{'n_gold_tokens': 33, 'k': 33}",xlmr
task2_plausibility,1d85322e9ec39f32,attnlrp,auprc,0.34112070500672687,target,Syntactic Change,"{'n_gold_tokens': 33, 'k': 33}",xlmr
task2_plausibility,1ea1c8704bdcebbd,attnlrp,precision_at_k,0.26666666666666666,target,Synonymy,"{'n_gold_tokens': 30, 'k': 30}",xlmr
task2_plausibility,1ea1c8704bdcebbd,attnlrp,recall_at_k,0.26666666666666666,target,Synonymy,"{'n_gold_tokens': 30, 'k': 30}",xlmr
task2_plausibility,1ea1c8704bdcebbd,attnlrp,f1_at_k,0.26666666666666666,target,Synonymy,"{'n_gold_tokens': 30, 'k': 30}",xlmr
task2_plausibility,1ea1c8704bdcebbd,attnlrp,auprc,0.33797798582015653,target,Synonymy,"{'n_gold_tokens': 30, 'k': 30}",xlmr
task2_plausibility,1ea1c8704bdcebbd,attnlrp,precision_at_k,0.26666666666666666,target,Syntactic Change,"{'n_gold_tokens': 30, 'k': 30}",xlmr
task2_plausibility,1ea1c8704bdcebbd,attnlrp,recall_at_k,0.26666666666666666,target,Syntactic Change,"{'n_gold_tokens': 30, 'k': 30}",xlmr
task2_plausibility,1ea1c8704bdcebbd,attnlrp,f1_at_k,0.26666666666666666,target,Syntactic Change,"{'n_gold_tokens': 30, 'k': 30}",xlmr
task2_plausibility,1ea1c8704bdcebbd,attnlrp,auprc,0.29626529568071835,target,Syntactic Change,"{'n_gold_tokens': 30, 'k': 30}",xlmr
task2_plausibility,1fdcd74abc84d91d,attnlrp,precision_at_k,0.3333333333333333,target,Synonymy,"{'n_gold_tokens': 27, 'k': 27}",xlmr
task2_plausibility,1fdcd74abc84d91d,attnlrp,recall_at_k,0.3333333333333333,target,Synonymy,"{'n_gold_tokens': 27, 'k': 27}",xlmr
task2_plausibility,1fdcd74abc84d91d,attnlrp,f1_at_k,0.3333333333333333,target,Synonymy,"{'n_gold_tokens': 27, 'k': 27}",xlmr
task2_plausibility,1fdcd74abc84d91d,attnlrp,auprc,0.3165733319972387,target,Synonymy,"{'n_gold_tokens': 27, 'k': 27}",xlmr
task2_plausibility,1fdcd74abc84d91d,attnlrp,precision_at_k,0.2962962962962963,target,Syntactic Change,"{'n_gold_tokens': 27, 'k': 27}",xlmr
task2_plausibility,1fdcd74abc84d91d,attnlrp,recall_at_k,0.2962962962962963,target,Syntactic Change,"{'n_gold_tokens': 27, 'k': 27}",xlmr
task2_plausibility,1fdcd74abc84d91d,attnlrp,f1_at_k,0.2962962962962963,target,Syntactic Change,"{'n_gold_tokens': 27, 'k': 27}",xlmr
task2_plausibility,1fdcd74abc84d91d,attnlrp,auprc,0.4285999083387473,target,Syntactic Change,"{'n_gold_tokens': 27, 'k': 27}",xlmr
task2_plausibility,208df68e509030be,attnlrp,precision_at_k,0.0,target,Synonymy,"{'n_gold_tokens': 1, 'k': 1}",xlmr
task2_plausibility,208df68e509030be,attnlrp,recall_at_k,0.0,target,Synonymy,"{'n_gold_tokens': 1, 'k': 1}",xlmr
task2_plausibility,208df68e509030be,attnlrp,f1_at_k,0.0,target,Synonymy,"{'n_gold_tokens': 1, 'k': 1}",xlmr
task2_plausibility,208df68e509030be,attnlrp,auprc,0.1,target,Synonymy,"{'n_gold_tokens': 1, 'k': 1}",xlmr
task2_plausibility,208df68e509030be,attnlrp,precision_at_k,0.0,target,Syntactic Change,"{'n_gold_tokens': 1, 'k': 1}",xlmr
task2_plausibility,208df68e509030be,attnlrp,recall_at_k,0.0,target,Syntactic Change,"{'n_gold_tokens': 1, 'k': 1}",xlmr
task2_plausibility,208df68e509030be,attnlrp,f1_at_k,0.0,target,Syntactic Change,"{'n_gold_tokens': 1, 'k': 1}",xlmr
task2_plausibility,208df68e509030be,attnlrp,auprc,0.045454545454545456,target,Syntactic Change,"{'n_gold_tokens': 1, 'k': 1}",xlmr
task2_plausibility,212e7b1edbd0cb52,attnlrp,precision_at_k,0.2,target,Synonymy,"{'n_gold_tokens': 45, 'k': 45}",xlmr
task2_plausibility,212e7b1edbd0cb52,attnlrp,recall_at_k,0.2,target,Synonymy,"{'n_gold_tokens': 45, 'k': 45}",xlmr
task2_plausibility,212e7b1edbd0cb52,attnlrp,f1_at_k,0.20000000000000004,target,Synonymy,"{'n_gold_tokens': 45, 'k': 45}",xlmr
task2_plausibility,212e7b1edbd0cb52,attnlrp,auprc,0.2597645803473465,target,Synonymy,"{'n_gold_tokens': 45, 'k': 45}",xlmr
task2_plausibility,212e7b1edbd0cb52,attnlrp,precision_at_k,0.35555555555555557,target,Modulation,"{'n_gold_tokens': 45, 'k': 45}",xlmr
task2_plausibility,212e7b1edbd0cb52,attnlrp,recall_at_k,0.35555555555555557,target,Modulation,"{'n_gold_tokens': 45, 'k': 45}",xlmr
task2_plausibility,212e7b1edbd0cb52,attnlrp,f1_at_k,0.35555555555555557,target,Modulation,"{'n_gold_tokens': 45, 'k': 45}",xlmr
task2_plausibility,212e7b1edbd0cb52,attnlrp,auprc,0.3214680774404087,target,Modulation,"{'n_gold_tokens': 45, 'k': 45}",xlmr
task2_plausibility,212e7b1edbd0cb52,attnlrp,precision_at_k,0.26666666666666666,target,Compression,"{'n_gold_tokens': 45, 'k': 45}",xlmr
task2_plausibility,212e7b1edbd0cb52,attnlrp,recall_at_k,0.26666666666666666,target,Compression,"{'n_gold_tokens': 45, 'k': 45}",xlmr
task2_plausibility,212e7b1edbd0cb52,attnlrp,f1_at_k,0.26666666666666666,target,Compression,"{'n_gold_tokens': 45, 'k': 45}",xlmr
task2_plausibility,212e7b1edbd0cb52,attnlrp,auprc,0.2493276678427,target,Compression,"{'n_gold_tokens': 45, 'k': 45}",xlmr
task2_plausibility,212e7b1edbd0cb52,attnlrp,precision_at_k,0.26666666666666666,target,Syntactic Change,"{'n_gold_tokens': 45, 'k': 45}",xlmr
task2_plausibility,212e7b1edbd0cb52,attnlrp,recall_at_k,0.26666666666666666,target,Syntactic Change,"{'n_gold_tokens': 45, 'k': 45}",xlmr
task2_plausibility,212e7b1edbd0cb52,attnlrp,f1_at_k,0.26666666666666666,target,Syntactic Change,"{'n_gold_tokens': 45, 'k': 45}",xlmr
task2_plausibility,212e7b1edbd0cb52,attnlrp,auprc,0.2340560444789272,target,Syntactic Change,"{'n_gold_tokens': 45, 'k': 45}",xlmr
task2_plausibility,254503ad7601524f,attnlrp,precision_at_k,0.25,target,Synonymy,"{'n_gold_tokens': 8, 'k': 8}",xlmr
task2_plausibility,254503ad7601524f,attnlrp,recall_at_k,0.25,target,Synonymy,"{'n_gold_tokens': 8, 'k': 8}",xlmr
task2_plausibility,254503ad7601524f,attnlrp,f1_at_k,0.25,target,Synonymy,"{'n_gold_tokens': 8, 'k': 8}",xlmr
task2_plausibility,254503ad7601524f,attnlrp,auprc,0.3360576923076923,target,Synonymy,"{'n_gold_tokens': 8, 'k': 8}",xlmr
task2_plausibility,2806eb7d2005035a,attnlrp,precision_at_k,0.3333333333333333,target,Synonymy,"{'n_gold_tokens': 9, 'k': 9}",xlmr
task2_plausibility,2806eb7d2005035a,attnlrp,recall_at_k,0.3333333333333333,target,Synonymy,"{'n_gold_tokens': 9, 'k': 9}",xlmr
task2_plausibility,2806eb7d2005035a,attnlrp,f1_at_k,0.3333333333333333,target,Synonymy,"{'n_gold_tokens': 9, 'k': 9}",xlmr
task2_plausibility,2806eb7d2005035a,attnlrp,auprc,0.2966637748216696,target,Synonymy,"{'n_gold_tokens': 9, 'k': 9}",xlmr
task2_plausibility,2806eb7d2005035a,attnlrp,precision_at_k,0.1111111111111111,target,Syntactic Change,"{'n_gold_tokens': 9, 'k': 9}",xlmr
task2_plausibility,2806eb7d2005035a,attnlrp,recall_at_k,0.1111111111111111,target,Syntactic Change,"{'n_gold_tokens': 9, 'k': 9}",xlmr
task2_plausibility,2806eb7d2005035a,attnlrp,f1_at_k,0.1111111111111111,target,Syntactic Change,"{'n_gold_tokens': 9, 'k': 9}",xlmr
task2_plausibility,2806eb7d2005035a,attnlrp,auprc,0.3234873568206902,target,Syntactic Change,"{'n_gold_tokens': 9, 'k': 9}",xlmr
task2_plausibility,2989ab852a911f73,attnlrp,precision_at_k,0.2727272727272727,target,Synonymy,"{'n_gold_tokens': 22, 'k': 22}",xlmr
task2_plausibility,2989ab852a911f73,attnlrp,recall_at_k,0.2727272727272727,target,Synonymy,"{'n_gold_tokens': 22, 'k': 22}",xlmr
task2_plausibility,2989ab852a911f73,attnlrp,f1_at_k,0.2727272727272727,target,Synonymy,"{'n_gold_tokens': 22, 'k': 22}",xlmr
task2_plausibility,2989ab852a911f73,attnlrp,auprc,0.24062252608593973,target,Synonymy,"{'n_gold_tokens': 22, 'k': 22}",xlmr
task2_plausibility,2989ab852a911f73,attnlrp,precision_at_k,0.4090909090909091,target,Modulation,"{'n_gold_tokens': 22, 'k': 22}",xlmr
task2_plausibility,2989ab852a911f73,attnlrp,recall_at_k,0.4090909090909091,target,Modulation,"{'n_gold_tokens': 22, 'k': 22}",xlmr
task2_plausibility,2989ab852a911f73,attnlrp,f1_at_k,0.4090909090909091,target,Modulation,"{'n_gold_tokens': 22, 'k': 22}",xlmr
task2_plausibility,2989ab852a911f73,attnlrp,auprc,0.3116735488696554,target,Modulation,"{'n_gold_tokens': 22, 'k': 22}",xlmr
task2_plausibility,2989ab852a911f73,attnlrp,precision_at_k,0.18181818181818182,target,Compression,"{'n_gold_tokens': 22, 'k': 22}",xlmr
task2_plausibility,2989ab852a911f73,attnlrp,recall_at_k,0.18181818181818182,target,Compression,"{'n_gold_tokens': 22, 'k': 22}",xlmr
task2_plausibility,2989ab852a911f73,attnlrp,f1_at_k,0.18181818181818182,target,Compression,"{'n_gold_tokens': 22, 'k': 22}",xlmr
task2_plausibility,2989ab852a911f73,attnlrp,auprc,0.19478158971801496,target,Compression,"{'n_gold_tokens': 22, 'k': 22}",xlmr
task2_plausibility,2989ab852a911f73,attnlrp,precision_at_k,0.3181818181818182,target,Syntactic Change,"{'n_gold_tokens': 22, 'k': 22}",xlmr
task2_plausibility,2989ab852a911f73,attnlrp,recall_at_k,0.3181818181818182,target,Syntactic Change,"{'n_gold_tokens': 22, 'k': 22}",xlmr
task2_plausibility,2989ab852a911f73,attnlrp,f1_at_k,0.3181818181818182,target,Syntactic Change,"{'n_gold_tokens': 22, 'k': 22}",xlmr
task2_plausibility,2989ab852a911f73,attnlrp,auprc,0.28710080887664774,target,Syntactic Change,"{'n_gold_tokens': 22, 'k': 22}",xlmr
task2_plausibility,2dfa2e5e55c6346c,attnlrp,precision_at_k,0.5238095238095238,target,Synonymy,"{'n_gold_tokens': 21, 'k': 21}",xlmr
task2_plausibility,2dfa2e5e55c6346c,attnlrp,recall_at_k,0.5238095238095238,target,Synonymy,"{'n_gold_tokens': 21, 'k': 21}",xlmr
task2_plausibility,2dfa2e5e55c6346c,attnlrp,f1_at_k,0.5238095238095238,target,Synonymy,"{'n_gold_tokens': 21, 'k': 21}",xlmr
task2_plausibility,2dfa2e5e55c6346c,attnlrp,auprc,0.6189048361519232,target,Synonymy,"{'n_gold_tokens': 21, 'k': 21}",xlmr
task2_plausibility,2dfa2e5e55c6346c,attnlrp,precision_at_k,0.6190476190476191,target,Syntactic Change,"{'n_gold_tokens': 21, 'k': 21}",xlmr
task2_plausibility,2dfa2e5e55c6346c,attnlrp,recall_at_k,0.6190476190476191,target,Syntactic Change,"{'n_gold_tokens': 21, 'k': 21}",xlmr
task2_plausibility,2dfa2e5e55c6346c,attnlrp,f1_at_k,0.6190476190476191,target,Syntactic Change,"{'n_gold_tokens': 21, 'k': 21}",xlmr
task2_plausibility,2dfa2e5e55c6346c,attnlrp,auprc,0.7189324033734039,target,Syntactic Change,"{'n_gold_tokens': 21, 'k': 21}",xlmr
task2_plausibility,315255427018ec9e,attnlrp,precision_at_k,0.2222222222222222,target,Synonymy,"{'n_gold_tokens': 18, 'k': 18}",xlmr
task2_plausibility,315255427018ec9e,attnlrp,recall_at_k,0.2222222222222222,target,Synonymy,"{'n_gold_tokens': 18, 'k': 18}",xlmr
task2_plausibility,315255427018ec9e,attnlrp,f1_at_k,0.2222222222222222,target,Synonymy,"{'n_gold_tokens': 18, 'k': 18}",xlmr
task2_plausibility,315255427018ec9e,attnlrp,auprc,0.17164184158350293,target,Synonymy,"{'n_gold_tokens': 18, 'k': 18}",xlmr
task2_plausibility,315255427018ec9e,attnlrp,precision_at_k,0.1111111111111111,target,Modulation,"{'n_gold_tokens': 18, 'k': 18}",xlmr
task2_plausibility,315255427018ec9e,attnlrp,recall_at_k,0.1111111111111111,target,Modulation,"{'n_gold_tokens': 18, 'k': 18}",xlmr
task2_plausibility,315255427018ec9e,attnlrp,f1_at_k,0.1111111111111111,target,Modulation,"{'n_gold_tokens': 18, 'k': 18}",xlmr
task2_plausibility,315255427018ec9e,attnlrp,auprc,0.1490972758250465,target,Modulation,"{'n_gold_tokens': 18, 'k': 18}",xlmr
task2_plausibility,315255427018ec9e,attnlrp,precision_at_k,0.16666666666666666,target,Syntactic Change,"{'n_gold_tokens': 18, 'k': 18}",xlmr
task2_plausibility,315255427018ec9e,attnlrp,recall_at_k,0.16666666666666666,target,Syntactic Change,"{'n_gold_tokens': 18, 'k': 18}",xlmr
task2_plausibility,315255427018ec9e,attnlrp,f1_at_k,0.16666666666666666,target,Syntactic Change,"{'n_gold_tokens': 18, 'k': 18}",xlmr
task2_plausibility,315255427018ec9e,attnlrp,auprc,0.1725484938171642,target,Syntactic Change,"{'n_gold_tokens': 18, 'k': 18}",xlmr
task2_plausibility,3611b5b04d66cee9,attnlrp,precision_at_k,0.06666666666666667,target,Synonymy,"{'n_gold_tokens': 15, 'k': 15}",xlmr
task2_plausibility,3611b5b04d66cee9,attnlrp,recall_at_k,0.06666666666666667,target,Synonymy,"{'n_gold_tokens': 15, 'k': 15}",xlmr
task2_plausibility,3611b5b04d66cee9,attnlrp,f1_at_k,0.06666666666666667,target,Synonymy,"{'n_gold_tokens': 15, 'k': 15}",xlmr
task2_plausibility,3611b5b04d66cee9,attnlrp,auprc,0.16947182671107847,target,Synonymy,"{'n_gold_tokens': 15, 'k': 15}",xlmr
task2_plausibility,3611b5b04d66cee9,attnlrp,precision_at_k,0.13333333333333333,target,Syntactic Change,"{'n_gold_tokens': 15, 'k': 15}",xlmr
task2_plausibility,3611b5b04d66cee9,attnlrp,recall_at_k,0.13333333333333333,target,Syntactic Change,"{'n_gold_tokens': 15, 'k': 15}",xlmr
task2_plausibility,3611b5b04d66cee9,attnlrp,f1_at_k,0.13333333333333333,target,Syntactic Change,"{'n_gold_tokens': 15, 'k': 15}",xlmr
task2_plausibility,3611b5b04d66cee9,attnlrp,auprc,0.1581238085643895,target,Syntactic Change,"{'n_gold_tokens': 15, 'k': 15}",xlmr
task2_plausibility,36ef1145ad74da15,attnlrp,precision_at_k,0.08333333333333333,target,Synonymy,"{'n_gold_tokens': 12, 'k': 12}",xlmr
task2_plausibility,36ef1145ad74da15,attnlrp,recall_at_k,0.08333333333333333,target,Synonymy,"{'n_gold_tokens': 12, 'k': 12}",xlmr
task2_plausibility,36ef1145ad74da15,attnlrp,f1_at_k,0.08333333333333333,target,Synonymy,"{'n_gold_tokens': 12, 'k': 12}",xlmr
task2_plausibility,36ef1145ad74da15,attnlrp,auprc,0.19034385456728375,target,Synonymy,"{'n_gold_tokens': 12, 'k': 12}",xlmr
task2_plausibility,36ef1145ad74da15,attnlrp,precision_at_k,0.4166666666666667,target,Syntactic Change,"{'n_gold_tokens': 12, 'k': 12}",xlmr
task2_plausibility,36ef1145ad74da15,attnlrp,recall_at_k,0.4166666666666667,target,Syntactic Change,"{'n_gold_tokens': 12, 'k': 12}",xlmr
task2_plausibility,36ef1145ad74da15,attnlrp,f1_at_k,0.4166666666666667,target,Syntactic Change,"{'n_gold_tokens': 12, 'k': 12}",xlmr
task2_plausibility,36ef1145ad74da15,attnlrp,auprc,0.30882533927168526,target,Syntactic Change,"{'n_gold_tokens': 12, 'k': 12}",xlmr
task2_plausibility,38b551f5e2f6271d,attnlrp,precision_at_k,0.20930232558139536,target,Synonymy,"{'n_gold_tokens': 43, 'k': 43}",xlmr
task2_plausibility,38b551f5e2f6271d,attnlrp,recall_at_k,0.20930232558139536,target,Synonymy,"{'n_gold_tokens': 43, 'k': 43}",xlmr
task2_plausibility,38b551f5e2f6271d,attnlrp,f1_at_k,0.20930232558139536,target,Synonymy,"{'n_gold_tokens': 43, 'k': 43}",xlmr
task2_plausibility,38b551f5e2f6271d,attnlrp,auprc,0.2202524589420947,target,Synonymy,"{'n_gold_tokens': 43, 'k': 43}",xlmr
task2_plausibility,38b551f5e2f6271d,attnlrp,precision_at_k,0.18604651162790697,target,Modulation,"{'n_gold_tokens': 43, 'k': 43}",xlmr
task2_plausibility,38b551f5e2f6271d,attnlrp,recall_at_k,0.18604651162790697,target,Modulation,"{'n_gold_tokens': 43, 'k': 43}",xlmr
task2_plausibility,38b551f5e2f6271d,attnlrp,f1_at_k,0.18604651162790695,target,Modulation,"{'n_gold_tokens': 43, 'k': 43}",xlmr
task2_plausibility,38b551f5e2f6271d,attnlrp,auprc,0.21565165844223316,target,Modulation,"{'n_gold_tokens': 43, 'k': 43}",xlmr
task2_plausibility,38b551f5e2f6271d,attnlrp,precision_at_k,0.23255813953488372,target,Compression,"{'n_gold_tokens': 43, 'k': 43}",xlmr
task2_plausibility,38b551f5e2f6271d,attnlrp,recall_at_k,0.23255813953488372,target,Compression,"{'n_gold_tokens': 43, 'k': 43}",xlmr
task2_plausibility,38b551f5e2f6271d,attnlrp,f1_at_k,0.23255813953488372,target,Compression,"{'n_gold_tokens': 43, 'k': 43}",xlmr
task2_plausibility,38b551f5e2f6271d,attnlrp,auprc,0.2331992223461864,target,Compression,"{'n_gold_tokens': 43, 'k': 43}",xlmr
task2_plausibility,38b551f5e2f6271d,attnlrp,precision_at_k,0.16279069767441862,target,Syntactic Change,"{'n_gold_tokens': 43, 'k': 43}",xlmr
task2_plausibility,38b551f5e2f6271d,attnlrp,recall_at_k,0.16279069767441862,target,Syntactic Change,"{'n_gold_tokens': 43, 'k': 43}",xlmr
task2_plausibility,38b551f5e2f6271d,attnlrp,f1_at_k,0.16279069767441862,target,Syntactic Change,"{'n_gold_tokens': 43, 'k': 43}",xlmr
task2_plausibility,38b551f5e2f6271d,attnlrp,auprc,0.21497670874388758,target,Syntactic Change,"{'n_gold_tokens': 43, 'k': 43}",xlmr
task2_plausibility,39477c12edeed287,attnlrp,precision_at_k,0.3870967741935484,target,Synonymy,"{'n_gold_tokens': 31, 'k': 31}",xlmr
task2_plausibility,39477c12edeed287,attnlrp,recall_at_k,0.3870967741935484,target,Synonymy,"{'n_gold_tokens': 31, 'k': 31}",xlmr
task2_plausibility,39477c12edeed287,attnlrp,f1_at_k,0.3870967741935484,target,Synonymy,"{'n_gold_tokens': 31, 'k': 31}",xlmr
task2_plausibility,39477c12edeed287,attnlrp,auprc,0.38148581338482673,target,Synonymy,"{'n_gold_tokens': 31, 'k': 31}",xlmr
task2_plausibility,39477c12edeed287,attnlrp,precision_at_k,0.3548387096774194,target,Compression,"{'n_gold_tokens': 31, 'k': 31}",xlmr
task2_plausibility,39477c12edeed287,attnlrp,recall_at_k,0.3548387096774194,target,Compression,"{'n_gold_tokens': 31, 'k': 31}",xlmr
task2_plausibility,39477c12edeed287,attnlrp,f1_at_k,0.35483870967741943,target,Compression,"{'n_gold_tokens': 31, 'k': 31}",xlmr
task2_plausibility,39477c12edeed287,attnlrp,auprc,0.3610136744834914,target,Compression,"{'n_gold_tokens': 31, 'k': 31}",xlmr
task2_plausibility,39477c12edeed287,attnlrp,precision_at_k,0.5161290322580645,target,Syntactic Change,"{'n_gold_tokens': 31, 'k': 31}",xlmr
task2_plausibility,39477c12edeed287,attnlrp,recall_at_k,0.5161290322580645,target,Syntactic Change,"{'n_gold_tokens': 31, 'k': 31}",xlmr
task2_plausibility,39477c12edeed287,attnlrp,f1_at_k,0.5161290322580645,target,Syntactic Change,"{'n_gold_tokens': 31, 'k': 31}",xlmr
task2_plausibility,39477c12edeed287,attnlrp,auprc,0.46869757956578184,target,Syntactic Change,"{'n_gold_tokens': 31, 'k': 31}",xlmr
task2_plausibility,39fbf9d08186572f,attnlrp,precision_at_k,0.4090909090909091,target,Synonymy,"{'n_gold_tokens': 22, 'k': 22}",xlmr
task2_plausibility,39fbf9d08186572f,attnlrp,recall_at_k,0.4090909090909091,target,Synonymy,"{'n_gold_tokens': 22, 'k': 22}",xlmr
task2_plausibility,39fbf9d08186572f,attnlrp,f1_at_k,0.4090909090909091,target,Synonymy,"{'n_gold_tokens': 22, 'k': 22}",xlmr
task2_plausibility,39fbf9d08186572f,attnlrp,auprc,0.5120202399995444,target,Synonymy,"{'n_gold_tokens': 22, 'k': 22}",xlmr
task2_plausibility,39fbf9d08186572f,attnlrp,precision_at_k,0.3181818181818182,target,Syntactic Change,"{'n_gold_tokens': 22, 'k': 22}",xlmr
task2_plausibility,39fbf9d08186572f,attnlrp,recall_at_k,0.3181818181818182,target,Syntactic Change,"{'n_gold_tokens': 22, 'k': 22}",xlmr
task2_plausibility,39fbf9d08186572f,attnlrp,f1_at_k,0.3181818181818182,target,Syntactic Change,"{'n_gold_tokens': 22, 'k': 22}",xlmr
task2_plausibility,39fbf9d08186572f,attnlrp,auprc,0.4105102660184868,target,Syntactic Change,"{'n_gold_tokens': 22, 'k': 22}",xlmr
task2_plausibility,3d68a12ece27c156,attnlrp,precision_at_k,0.07692307692307693,target,Synonymy,"{'n_gold_tokens': 13, 'k': 13}",xlmr
task2_plausibility,3d68a12ece27c156,attnlrp,recall_at_k,0.07692307692307693,target,Synonymy,"{'n_gold_tokens': 13, 'k': 13}",xlmr
task2_plausibility,3d68a12ece27c156,attnlrp,f1_at_k,0.07692307692307693,target,Synonymy,"{'n_gold_tokens': 13, 'k': 13}",xlmr
task2_plausibility,3d68a12ece27c156,attnlrp,auprc,0.24425123733170484,target,Synonymy,"{'n_gold_tokens': 13, 'k': 13}",xlmr
task2_plausibility,3d68a12ece27c156,attnlrp,precision_at_k,0.15384615384615385,target,Syntactic Change,"{'n_gold_tokens': 13, 'k': 13}",xlmr
task2_plausibility,3d68a12ece27c156,attnlrp,recall_at_k,0.15384615384615385,target,Syntactic Change,"{'n_gold_tokens': 13, 'k': 13}",xlmr
task2_plausibility,3d68a12ece27c156,attnlrp,f1_at_k,0.15384615384615385,target,Syntactic Change,"{'n_gold_tokens': 13, 'k': 13}",xlmr
task2_plausibility,3d68a12ece27c156,attnlrp,auprc,0.338677336596088,target,Syntactic Change,"{'n_gold_tokens': 13, 'k': 13}",xlmr
task2_plausibility,3e6f5b9d43db7d3d,attnlrp,precision_at_k,0.3333333333333333,target,Synonymy,"{'n_gold_tokens': 6, 'k': 6}",xlmr
task2_plausibility,3e6f5b9d43db7d3d,attnlrp,recall_at_k,0.3333333333333333,target,Synonymy,"{'n_gold_tokens': 6, 'k': 6}",xlmr
task2_plausibility,3e6f5b9d43db7d3d,attnlrp,f1_at_k,0.3333333333333333,target,Synonymy,"{'n_gold_tokens': 6, 'k': 6}",xlmr
task2_plausibility,3e6f5b9d43db7d3d,attnlrp,auprc,0.3976190476190476,target,Synonymy,"{'n_gold_tokens': 6, 'k': 6}",xlmr
task2_plausibility,3e6f5b9d43db7d3d,attnlrp,precision_at_k,0.3333333333333333,target,Syntactic Change,"{'n_gold_tokens': 6, 'k': 6}",xlmr
task2_plausibility,3e6f5b9d43db7d3d,attnlrp,recall_at_k,0.3333333333333333,target,Syntactic Change,"{'n_gold_tokens': 6, 'k': 6}",xlmr
task2_plausibility,3e6f5b9d43db7d3d,attnlrp,f1_at_k,0.3333333333333333,target,Syntactic Change,"{'n_gold_tokens': 6, 'k': 6}",xlmr
task2_plausibility,3e6f5b9d43db7d3d,attnlrp,auprc,0.2854100181686388,target,Syntactic Change,"{'n_gold_tokens': 6, 'k': 6}",xlmr
task2_plausibility,41532fd1a3ddab5f,attnlrp,precision_at_k,0.36666666666666664,target,Synonymy,"{'n_gold_tokens': 30, 'k': 30}",xlmr
task2_plausibility,41532fd1a3ddab5f,attnlrp,recall_at_k,0.36666666666666664,target,Synonymy,"{'n_gold_tokens': 30, 'k': 30}",xlmr
task2_plausibility,41532fd1a3ddab5f,attnlrp,f1_at_k,0.36666666666666664,target,Synonymy,"{'n_gold_tokens': 30, 'k': 30}",xlmr
task2_plausibility,41532fd1a3ddab5f,attnlrp,auprc,0.36098363017044155,target,Synonymy,"{'n_gold_tokens': 30, 'k': 30}",xlmr
task2_plausibility,41532fd1a3ddab5f,attnlrp,precision_at_k,0.4,target,Modulation,"{'n_gold_tokens': 30, 'k': 30}",xlmr
task2_plausibility,41532fd1a3ddab5f,attnlrp,recall_at_k,0.4,target,Modulation,"{'n_gold_tokens': 30, 'k': 30}",xlmr
task2_plausibility,41532fd1a3ddab5f,attnlrp,f1_at_k,0.4000000000000001,target,Modulation,"{'n_gold_tokens': 30, 'k': 30}",xlmr
task2_plausibility,41532fd1a3ddab5f,attnlrp,auprc,0.47853333232376627,target,Modulation,"{'n_gold_tokens': 30, 'k': 30}",xlmr
task2_plausibility,41532fd1a3ddab5f,attnlrp,precision_at_k,0.43333333333333335,target,Syntactic Change,"{'n_gold_tokens': 30, 'k': 30}",xlmr
task2_plausibility,41532fd1a3ddab5f,attnlrp,recall_at_k,0.43333333333333335,target,Syntactic Change,"{'n_gold_tokens': 30, 'k': 30}",xlmr
task2_plausibility,41532fd1a3ddab5f,attnlrp,f1_at_k,0.43333333333333335,target,Syntactic Change,"{'n_gold_tokens': 30, 'k': 30}",xlmr
task2_plausibility,41532fd1a3ddab5f,attnlrp,auprc,0.41179495577299474,target,Syntactic Change,"{'n_gold_tokens': 30, 'k': 30}",xlmr
task2_plausibility,44d6d4b0c62950fb,attnlrp,precision_at_k,0.1875,target,Synonymy,"{'n_gold_tokens': 32, 'k': 32}",xlmr
task2_plausibility,44d6d4b0c62950fb,attnlrp,recall_at_k,0.1875,target,Synonymy,"{'n_gold_tokens': 32, 'k': 32}",xlmr
task2_plausibility,44d6d4b0c62950fb,attnlrp,f1_at_k,0.1875,target,Synonymy,"{'n_gold_tokens': 32, 'k': 32}",xlmr
task2_plausibility,44d6d4b0c62950fb,attnlrp,auprc,0.21374144352975072,target,Synonymy,"{'n_gold_tokens': 32, 'k': 32}",xlmr
task2_plausibility,44d6d4b0c62950fb,attnlrp,precision_at_k,0.28125,target,Compression,"{'n_gold_tokens': 32, 'k': 32}",xlmr
task2_plausibility,44d6d4b0c62950fb,attnlrp,recall_at_k,0.28125,target,Compression,"{'n_gold_tokens': 32, 'k': 32}",xlmr
task2_plausibility,44d6d4b0c62950fb,attnlrp,f1_at_k,0.28125,target,Compression,"{'n_gold_tokens': 32, 'k': 32}",xlmr
task2_plausibility,44d6d4b0c62950fb,attnlrp,auprc,0.2542514465277952,target,Compression,"{'n_gold_tokens': 32, 'k': 32}",xlmr
task2_plausibility,44d6d4b0c62950fb,attnlrp,precision_at_k,0.28125,target,Syntactic Change,"{'n_gold_tokens': 32, 'k': 32}",xlmr
task2_plausibility,44d6d4b0c62950fb,attnlrp,recall_at_k,0.28125,target,Syntactic Change,"{'n_gold_tokens': 32, 'k': 32}",xlmr
task2_plausibility,44d6d4b0c62950fb,attnlrp,f1_at_k,0.28125,target,Syntactic Change,"{'n_gold_tokens': 32, 'k': 32}",xlmr
task2_plausibility,44d6d4b0c62950fb,attnlrp,auprc,0.2707162929427065,target,Syntactic Change,"{'n_gold_tokens': 32, 'k': 32}",xlmr
task2_plausibility,4c197bd2925c7997,attnlrp,precision_at_k,0.2857142857142857,target,Synonymy,"{'n_gold_tokens': 7, 'k': 7}",xlmr
task2_plausibility,4c197bd2925c7997,attnlrp,recall_at_k,0.2857142857142857,target,Synonymy,"{'n_gold_tokens': 7, 'k': 7}",xlmr
task2_plausibility,4c197bd2925c7997,attnlrp,f1_at_k,0.2857142857142857,target,Synonymy,"{'n_gold_tokens': 7, 'k': 7}",xlmr
task2_plausibility,4c197bd2925c7997,attnlrp,auprc,0.2759975229696723,target,Synonymy,"{'n_gold_tokens': 7, 'k': 7}",xlmr
task2_plausibility,4cf8b7752075f565,attnlrp,precision_at_k,0.19047619047619047,target,Synonymy,"{'n_gold_tokens': 21, 'k': 21}",xlmr
task2_plausibility,4cf8b7752075f565,attnlrp,recall_at_k,0.19047619047619047,target,Synonymy,"{'n_gold_tokens': 21, 'k': 21}",xlmr
task2_plausibility,4cf8b7752075f565,attnlrp,f1_at_k,0.19047619047619047,target,Synonymy,"{'n_gold_tokens': 21, 'k': 21}",xlmr
task2_plausibility,4cf8b7752075f565,attnlrp,auprc,0.18253132446330364,target,Synonymy,"{'n_gold_tokens': 21, 'k': 21}",xlmr
task2_plausibility,4cf8b7752075f565,attnlrp,precision_at_k,0.19047619047619047,target,Compression,"{'n_gold_tokens': 21, 'k': 21}",xlmr
task2_plausibility,4cf8b7752075f565,attnlrp,recall_at_k,0.19047619047619047,target,Compression,"{'n_gold_tokens': 21, 'k': 21}",xlmr
task2_plausibility,4cf8b7752075f565,attnlrp,f1_at_k,0.19047619047619047,target,Compression,"{'n_gold_tokens': 21, 'k': 21}",xlmr
task2_plausibility,4cf8b7752075f565,attnlrp,auprc,0.15315505608748706,target,Compression,"{'n_gold_tokens': 21, 'k': 21}",xlmr
task2_plausibility,4cf8b7752075f565,attnlrp,precision_at_k,0.23809523809523808,target,Explanation,"{'n_gold_tokens': 21, 'k': 21}",xlmr
task2_plausibility,4cf8b7752075f565,attnlrp,recall_at_k,0.23809523809523808,target,Explanation,"{'n_gold_tokens': 21, 'k': 21}",xlmr
task2_plausibility,4cf8b7752075f565,attnlrp,f1_at_k,0.23809523809523808,target,Explanation,"{'n_gold_tokens': 21, 'k': 21}",xlmr
task2_plausibility,4cf8b7752075f565,attnlrp,auprc,0.23550885766010035,target,Explanation,"{'n_gold_tokens': 21, 'k': 21}",xlmr
task2_plausibility,4cf8b7752075f565,attnlrp,precision_at_k,0.14285714285714285,target,Syntactic Change,"{'n_gold_tokens': 21, 'k': 21}",xlmr
task2_plausibility,4cf8b7752075f565,attnlrp,recall_at_k,0.14285714285714285,target,Syntactic Change,"{'n_gold_tokens': 21, 'k': 21}",xlmr
task2_plausibility,4cf8b7752075f565,attnlrp,f1_at_k,0.14285714285714285,target,Syntactic Change,"{'n_gold_tokens': 21, 'k': 21}",xlmr
task2_plausibility,4cf8b7752075f565,attnlrp,auprc,0.16502165519732634,target,Syntactic Change,"{'n_gold_tokens': 21, 'k': 21}",xlmr
task2_plausibility,4d38fc17b0fcc85d,attnlrp,precision_at_k,0.16666666666666666,target,Synonymy,"{'n_gold_tokens': 12, 'k': 12}",xlmr
task2_plausibility,4d38fc17b0fcc85d,attnlrp,recall_at_k,0.16666666666666666,target,Synonymy,"{'n_gold_tokens': 12, 'k': 12}",xlmr
task2_plausibility,4d38fc17b0fcc85d,attnlrp,f1_at_k,0.16666666666666666,target,Synonymy,"{'n_gold_tokens': 12, 'k': 12}",xlmr
task2_plausibility,4d38fc17b0fcc85d,attnlrp,auprc,0.21807431177434092,target,Synonymy,"{'n_gold_tokens': 12, 'k': 12}",xlmr
task2_plausibility,4d38fc17b0fcc85d,attnlrp,precision_at_k,0.16666666666666666,target,Syntactic Change,"{'n_gold_tokens': 12, 'k': 12}",xlmr
task2_plausibility,4d38fc17b0fcc85d,attnlrp,recall_at_k,0.16666666666666666,target,Syntactic Change,"{'n_gold_tokens': 12, 'k': 12}",xlmr
task2_plausibility,4d38fc17b0fcc85d,attnlrp,f1_at_k,0.16666666666666666,target,Syntactic Change,"{'n_gold_tokens': 12, 'k': 12}",xlmr
task2_plausibility,4d38fc17b0fcc85d,attnlrp,auprc,0.2679689289861312,target,Syntactic Change,"{'n_gold_tokens': 12, 'k': 12}",xlmr
task2_plausibility,4e3bc49ee8eab116,attnlrp,precision_at_k,0.13636363636363635,target,Synonymy,"{'n_gold_tokens': 22, 'k': 22}",xlmr
task2_plausibility,4e3bc49ee8eab116,attnlrp,recall_at_k,0.13636363636363635,target,Synonymy,"{'n_gold_tokens': 22, 'k': 22}",xlmr
task2_plausibility,4e3bc49ee8eab116,attnlrp,f1_at_k,0.13636363636363635,target,Synonymy,"{'n_gold_tokens': 22, 'k': 22}",xlmr
task2_plausibility,4e3bc49ee8eab116,attnlrp,auprc,0.1594182885435298,target,Synonymy,"{'n_gold_tokens': 22, 'k': 22}",xlmr
task2_plausibility,4e3bc49ee8eab116,attnlrp,precision_at_k,0.13636363636363635,target,Compression,"{'n_gold_tokens': 22, 'k': 22}",xlmr
task2_plausibility,4e3bc49ee8eab116,attnlrp,recall_at_k,0.13636363636363635,target,Compression,"{'n_gold_tokens': 22, 'k': 22}",xlmr
task2_plausibility,4e3bc49ee8eab116,attnlrp,f1_at_k,0.13636363636363635,target,Compression,"{'n_gold_tokens': 22, 'k': 22}",xlmr
task2_plausibility,4e3bc49ee8eab116,attnlrp,auprc,0.15297407790263295,target,Compression,"{'n_gold_tokens': 22, 'k': 22}",xlmr
task2_plausibility,4e3bc49ee8eab116,attnlrp,precision_at_k,0.13636363636363635,target,Explanation,"{'n_gold_tokens': 22, 'k': 22}",xlmr
task2_plausibility,4e3bc49ee8eab116,attnlrp,recall_at_k,0.13636363636363635,target,Explanation,"{'n_gold_tokens': 22, 'k': 22}",xlmr
task2_plausibility,4e3bc49ee8eab116,attnlrp,f1_at_k,0.13636363636363635,target,Explanation,"{'n_gold_tokens': 22, 'k': 22}",xlmr
task2_plausibility,4e3bc49ee8eab116,attnlrp,auprc,0.15379325088766344,target,Explanation,"{'n_gold_tokens': 22, 'k': 22}",xlmr
task2_plausibility,4e3bc49ee8eab116,attnlrp,precision_at_k,0.22727272727272727,target,Syntactic Change,"{'n_gold_tokens': 22, 'k': 22}",xlmr
task2_plausibility,4e3bc49ee8eab116,attnlrp,recall_at_k,0.22727272727272727,target,Syntactic Change,"{'n_gold_tokens': 22, 'k': 22}",xlmr
task2_plausibility,4e3bc49ee8eab116,attnlrp,f1_at_k,0.22727272727272727,target,Syntactic Change,"{'n_gold_tokens': 22, 'k': 22}",xlmr
task2_plausibility,4e3bc49ee8eab116,attnlrp,auprc,0.19434877281886437,target,Syntactic Change,"{'n_gold_tokens': 22, 'k': 22}",xlmr
task2_plausibility,52d37c2bf5220aae,attnlrp,precision_at_k,0.0,target,Synonymy,"{'n_gold_tokens': 2, 'k': 2}",xlmr
task2_plausibility,52d37c2bf5220aae,attnlrp,recall_at_k,0.0,target,Synonymy,"{'n_gold_tokens': 2, 'k': 2}",xlmr
task2_plausibility,52d37c2bf5220aae,attnlrp,f1_at_k,0.0,target,Synonymy,"{'n_gold_tokens': 2, 'k': 2}",xlmr
task2_plausibility,52d37c2bf5220aae,attnlrp,auprc,0.16666666666666666,target,Synonymy,"{'n_gold_tokens': 2, 'k': 2}",xlmr
task2_plausibility,5e7ace852210ceac,attnlrp,precision_at_k,0.34545454545454546,target,Synonymy,"{'n_gold_tokens': 55, 'k': 55}",xlmr
task2_plausibility,5e7ace852210ceac,attnlrp,recall_at_k,0.34545454545454546,target,Synonymy,"{'n_gold_tokens': 55, 'k': 55}",xlmr
task2_plausibility,5e7ace852210ceac,attnlrp,f1_at_k,0.34545454545454546,target,Synonymy,"{'n_gold_tokens': 55, 'k': 55}",xlmr
task2_plausibility,5e7ace852210ceac,attnlrp,auprc,0.3502159355404282,target,Synonymy,"{'n_gold_tokens': 55, 'k': 55}",xlmr
task2_plausibility,5e7ace852210ceac,attnlrp,precision_at_k,0.3090909090909091,target,Modulation,"{'n_gold_tokens': 55, 'k': 55}",xlmr
task2_plausibility,5e7ace852210ceac,attnlrp,recall_at_k,0.3090909090909091,target,Modulation,"{'n_gold_tokens': 55, 'k': 55}",xlmr
task2_plausibility,5e7ace852210ceac,attnlrp,f1_at_k,0.3090909090909091,target,Modulation,"{'n_gold_tokens': 55, 'k': 55}",xlmr
task2_plausibility,5e7ace852210ceac,attnlrp,auprc,0.33718424202714425,target,Modulation,"{'n_gold_tokens': 55, 'k': 55}",xlmr
task2_plausibility,5e7ace852210ceac,attnlrp,precision_at_k,0.38181818181818183,target,Compression,"{'n_gold_tokens': 55, 'k': 55}",xlmr
task2_plausibility,5e7ace852210ceac,attnlrp,recall_at_k,0.38181818181818183,target,Compression,"{'n_gold_tokens': 55, 'k': 55}",xlmr
task2_plausibility,5e7ace852210ceac,attnlrp,f1_at_k,0.38181818181818183,target,Compression,"{'n_gold_tokens': 55, 'k': 55}",xlmr
task2_plausibility,5e7ace852210ceac,attnlrp,auprc,0.35524321754015414,target,Compression,"{'n_gold_tokens': 55, 'k': 55}",xlmr
task2_plausibility,5e7ace852210ceac,attnlrp,precision_at_k,0.38181818181818183,target,Syntactic Change,"{'n_gold_tokens': 55, 'k': 55}",xlmr
task2_plausibility,5e7ace852210ceac,attnlrp,recall_at_k,0.38181818181818183,target,Syntactic Change,"{'n_gold_tokens': 55, 'k': 55}",xlmr
task2_plausibility,5e7ace852210ceac,attnlrp,f1_at_k,0.38181818181818183,target,Syntactic Change,"{'n_gold_tokens': 55, 'k': 55}",xlmr
task2_plausibility,5e7ace852210ceac,attnlrp,auprc,0.38948742897932365,target,Syntactic Change,"{'n_gold_tokens': 55, 'k': 55}",xlmr
task2_plausibility,5fd4fb3bc83d2996,attnlrp,precision_at_k,0.37037037037037035,target,Synonymy,"{'n_gold_tokens': 27, 'k': 27}",xlmr
task2_plausibility,5fd4fb3bc83d2996,attnlrp,recall_at_k,0.37037037037037035,target,Synonymy,"{'n_gold_tokens': 27, 'k': 27}",xlmr
task2_plausibility,5fd4fb3bc83d2996,attnlrp,f1_at_k,0.37037037037037035,target,Synonymy,"{'n_gold_tokens': 27, 'k': 27}",xlmr
task2_plausibility,5fd4fb3bc83d2996,attnlrp,auprc,0.4523058981345862,target,Synonymy,"{'n_gold_tokens': 27, 'k': 27}",xlmr
task2_plausibility,5fd4fb3bc83d2996,attnlrp,precision_at_k,0.4444444444444444,target,Syntactic Change,"{'n_gold_tokens': 27, 'k': 27}",xlmr
task2_plausibility,5fd4fb3bc83d2996,attnlrp,recall_at_k,0.4444444444444444,target,Syntactic Change,"{'n_gold_tokens': 27, 'k': 27}",xlmr
task2_plausibility,5fd4fb3bc83d2996,attnlrp,f1_at_k,0.4444444444444444,target,Syntactic Change,"{'n_gold_tokens': 27, 'k': 27}",xlmr
task2_plausibility,5fd4fb3bc83d2996,attnlrp,auprc,0.3848383504644215,target,Syntactic Change,"{'n_gold_tokens': 27, 'k': 27}",xlmr
task2_plausibility,605cbfc6a05af2f2,attnlrp,precision_at_k,0.4166666666666667,target,Synonymy,"{'n_gold_tokens': 12, 'k': 12}",xlmr
task2_plausibility,605cbfc6a05af2f2,attnlrp,recall_at_k,0.4166666666666667,target,Synonymy,"{'n_gold_tokens': 12, 'k': 12}",xlmr
task2_plausibility,605cbfc6a05af2f2,attnlrp,f1_at_k,0.4166666666666667,target,Synonymy,"{'n_gold_tokens': 12, 'k': 12}",xlmr
task2_plausibility,605cbfc6a05af2f2,attnlrp,auprc,0.3815008972567306,target,Synonymy,"{'n_gold_tokens': 12, 'k': 12}",xlmr
task2_plausibility,605cbfc6a05af2f2,attnlrp,precision_at_k,0.3333333333333333,target,Compression,"{'n_gold_tokens': 12, 'k': 12}",xlmr
task2_plausibility,605cbfc6a05af2f2,attnlrp,recall_at_k,0.3333333333333333,target,Compression,"{'n_gold_tokens': 12, 'k': 12}",xlmr
task2_plausibility,605cbfc6a05af2f2,attnlrp,f1_at_k,0.3333333333333333,target,Compression,"{'n_gold_tokens': 12, 'k': 12}",xlmr
task2_plausibility,605cbfc6a05af2f2,attnlrp,auprc,0.18027697647062424,target,Compression,"{'n_gold_tokens': 12, 'k': 12}",xlmr
task2_plausibility,605cbfc6a05af2f2,attnlrp,precision_at_k,0.25,target,Syntactic Change,"{'n_gold_tokens': 12, 'k': 12}",xlmr
task2_plausibility,605cbfc6a05af2f2,attnlrp,recall_at_k,0.25,target,Syntactic Change,"{'n_gold_tokens': 12, 'k': 12}",xlmr
task2_plausibility,605cbfc6a05af2f2,attnlrp,f1_at_k,0.25,target,Syntactic Change,"{'n_gold_tokens': 12, 'k': 12}",xlmr
task2_plausibility,605cbfc6a05af2f2,attnlrp,auprc,0.2947740095191422,target,Syntactic Change,"{'n_gold_tokens': 12, 'k': 12}",xlmr
task2_plausibility,63a89b8e81b9823f,attnlrp,precision_at_k,0.375,target,Synonymy,"{'n_gold_tokens': 16, 'k': 16}",xlmr
task2_plausibility,63a89b8e81b9823f,attnlrp,recall_at_k,0.375,target,Synonymy,"{'n_gold_tokens': 16, 'k': 16}",xlmr
task2_plausibility,63a89b8e81b9823f,attnlrp,f1_at_k,0.375,target,Synonymy,"{'n_gold_tokens': 16, 'k': 16}",xlmr
task2_plausibility,63a89b8e81b9823f,attnlrp,auprc,0.38102411835063865,target,Synonymy,"{'n_gold_tokens': 16, 'k': 16}",xlmr
task2_plausibility,63a89b8e81b9823f,attnlrp,precision_at_k,0.25,target,Syntactic Change,"{'n_gold_tokens': 16, 'k': 16}",xlmr
task2_plausibility,63a89b8e81b9823f,attnlrp,recall_at_k,0.25,target,Syntactic Change,"{'n_gold_tokens': 16, 'k': 16}",xlmr
task2_plausibility,63a89b8e81b9823f,attnlrp,f1_at_k,0.25,target,Syntactic Change,"{'n_gold_tokens': 16, 'k': 16}",xlmr
task2_plausibility,63a89b8e81b9823f,attnlrp,auprc,0.28756230778358227,target,Syntactic Change,"{'n_gold_tokens': 16, 'k': 16}",xlmr
task2_plausibility,689137b87b7468e6,attnlrp,precision_at_k,0.13636363636363635,target,Synonymy,"{'n_gold_tokens': 22, 'k': 22}",xlmr
task2_plausibility,689137b87b7468e6,attnlrp,recall_at_k,0.13636363636363635,target,Synonymy,"{'n_gold_tokens': 22, 'k': 22}",xlmr
task2_plausibility,689137b87b7468e6,attnlrp,f1_at_k,0.13636363636363635,target,Synonymy,"{'n_gold_tokens': 22, 'k': 22}",xlmr
task2_plausibility,689137b87b7468e6,attnlrp,auprc,0.2294520907982933,target,Synonymy,"{'n_gold_tokens': 22, 'k': 22}",xlmr
task2_plausibility,689137b87b7468e6,attnlrp,precision_at_k,0.18181818181818182,target,Syntactic Change,"{'n_gold_tokens': 22, 'k': 22}",xlmr
task2_plausibility,689137b87b7468e6,attnlrp,recall_at_k,0.18181818181818182,target,Syntactic Change,"{'n_gold_tokens': 22, 'k': 22}",xlmr
task2_plausibility,689137b87b7468e6,attnlrp,f1_at_k,0.18181818181818182,target,Syntactic Change,"{'n_gold_tokens': 22, 'k': 22}",xlmr
task2_plausibility,689137b87b7468e6,attnlrp,auprc,0.19988547135625223,target,Syntactic Change,"{'n_gold_tokens': 22, 'k': 22}",xlmr
task2_plausibility,6976df2b4da189ed,attnlrp,precision_at_k,0.3333333333333333,target,Synonymy,"{'n_gold_tokens': 3, 'k': 3}",xlmr
task2_plausibility,6976df2b4da189ed,attnlrp,recall_at_k,0.3333333333333333,target,Synonymy,"{'n_gold_tokens': 3, 'k': 3}",xlmr
task2_plausibility,6976df2b4da189ed,attnlrp,f1_at_k,0.3333333333333333,target,Synonymy,"{'n_gold_tokens': 3, 'k': 3}",xlmr
task2_plausibility,6976df2b4da189ed,attnlrp,auprc,0.23759920634920634,target,Synonymy,"{'n_gold_tokens': 3, 'k': 3}",xlmr
task2_plausibility,6976df2b4da189ed,attnlrp,precision_at_k,0.3333333333333333,target,Syntactic Change,"{'n_gold_tokens': 3, 'k': 3}",xlmr
task2_plausibility,6976df2b4da189ed,attnlrp,recall_at_k,0.3333333333333333,target,Syntactic Change,"{'n_gold_tokens': 3, 'k': 3}",xlmr
task2_plausibility,6976df2b4da189ed,attnlrp,f1_at_k,0.3333333333333333,target,Syntactic Change,"{'n_gold_tokens': 3, 'k': 3}",xlmr
task2_plausibility,6976df2b4da189ed,attnlrp,auprc,0.4261974584555229,target,Syntactic Change,"{'n_gold_tokens': 3, 'k': 3}",xlmr
task2_plausibility,6b2fbda34a617d93,attnlrp,precision_at_k,0.09090909090909091,target,Synonymy,"{'n_gold_tokens': 11, 'k': 11}",xlmr
task2_plausibility,6b2fbda34a617d93,attnlrp,recall_at_k,0.09090909090909091,target,Synonymy,"{'n_gold_tokens': 11, 'k': 11}",xlmr
task2_plausibility,6b2fbda34a617d93,attnlrp,f1_at_k,0.09090909090909091,target,Synonymy,"{'n_gold_tokens': 11, 'k': 11}",xlmr
task2_plausibility,6b2fbda34a617d93,attnlrp,auprc,0.14139900059583446,target,Synonymy,"{'n_gold_tokens': 11, 'k': 11}",xlmr
task2_plausibility,6b2fbda34a617d93,attnlrp,precision_at_k,0.0,target,Modulation,"{'n_gold_tokens': 11, 'k': 11}",xlmr
task2_plausibility,6b2fbda34a617d93,attnlrp,recall_at_k,0.0,target,Modulation,"{'n_gold_tokens': 11, 'k': 11}",xlmr
task2_plausibility,6b2fbda34a617d93,attnlrp,f1_at_k,0.0,target,Modulation,"{'n_gold_tokens': 11, 'k': 11}",xlmr
task2_plausibility,6b2fbda34a617d93,attnlrp,auprc,0.08583010089339382,target,Modulation,"{'n_gold_tokens': 11, 'k': 11}",xlmr
task2_plausibility,6b2fbda34a617d93,attnlrp,precision_at_k,0.18181818181818182,target,Syntactic Change,"{'n_gold_tokens': 11, 'k': 11}",xlmr
task2_plausibility,6b2fbda34a617d93,attnlrp,recall_at_k,0.18181818181818182,target,Syntactic Change,"{'n_gold_tokens': 11, 'k': 11}",xlmr
task2_plausibility,6b2fbda34a617d93,attnlrp,f1_at_k,0.18181818181818182,target,Syntactic Change,"{'n_gold_tokens': 11, 'k': 11}",xlmr
task2_plausibility,6b2fbda34a617d93,attnlrp,auprc,0.21388611883264289,target,Syntactic Change,"{'n_gold_tokens': 11, 'k': 11}",xlmr
task2_plausibility,6f26a2efe22881da,attnlrp,precision_at_k,0.3235294117647059,target,Synonymy,"{'n_gold_tokens': 34, 'k': 34}",xlmr
task2_plausibility,6f26a2efe22881da,attnlrp,recall_at_k,0.3235294117647059,target,Synonymy,"{'n_gold_tokens': 34, 'k': 34}",xlmr
task2_plausibility,6f26a2efe22881da,attnlrp,f1_at_k,0.3235294117647059,target,Synonymy,"{'n_gold_tokens': 34, 'k': 34}",xlmr
task2_plausibility,6f26a2efe22881da,attnlrp,auprc,0.3853836986559343,target,Synonymy,"{'n_gold_tokens': 34, 'k': 34}",xlmr
task2_plausibility,6f26a2efe22881da,attnlrp,precision_at_k,0.4117647058823529,target,Syntactic Change,"{'n_gold_tokens': 34, 'k': 34}",xlmr
task2_plausibility,6f26a2efe22881da,attnlrp,recall_at_k,0.4117647058823529,target,Syntactic Change,"{'n_gold_tokens': 34, 'k': 34}",xlmr
task2_plausibility,6f26a2efe22881da,attnlrp,f1_at_k,0.4117647058823529,target,Syntactic Change,"{'n_gold_tokens': 34, 'k': 34}",xlmr
task2_plausibility,6f26a2efe22881da,attnlrp,auprc,0.4387375692670657,target,Syntactic Change,"{'n_gold_tokens': 34, 'k': 34}",xlmr
task2_plausibility,6f50f4ce49ee5cd8,attnlrp,precision_at_k,0.2608695652173913,target,Synonymy,"{'n_gold_tokens': 23, 'k': 23}",xlmr
task2_plausibility,6f50f4ce49ee5cd8,attnlrp,recall_at_k,0.2608695652173913,target,Synonymy,"{'n_gold_tokens': 23, 'k': 23}",xlmr
task2_plausibility,6f50f4ce49ee5cd8,attnlrp,f1_at_k,0.2608695652173913,target,Synonymy,"{'n_gold_tokens': 23, 'k': 23}",xlmr
task2_plausibility,6f50f4ce49ee5cd8,attnlrp,auprc,0.2933077537714172,target,Synonymy,"{'n_gold_tokens': 23, 'k': 23}",xlmr
task2_plausibility,6f50f4ce49ee5cd8,attnlrp,precision_at_k,0.30434782608695654,target,Syntactic Change,"{'n_gold_tokens': 23, 'k': 23}",xlmr
task2_plausibility,6f50f4ce49ee5cd8,attnlrp,recall_at_k,0.30434782608695654,target,Syntactic Change,"{'n_gold_tokens': 23, 'k': 23}",xlmr
task2_plausibility,6f50f4ce49ee5cd8,attnlrp,f1_at_k,0.30434782608695654,target,Syntactic Change,"{'n_gold_tokens': 23, 'k': 23}",xlmr
task2_plausibility,6f50f4ce49ee5cd8,attnlrp,auprc,0.29912149835413465,target,Syntactic Change,"{'n_gold_tokens': 23, 'k': 23}",xlmr
task2_plausibility,770e9df185c636f9,attnlrp,precision_at_k,0.4375,target,Synonymy,"{'n_gold_tokens': 32, 'k': 32}",xlmr
task2_plausibility,770e9df185c636f9,attnlrp,recall_at_k,0.4375,target,Synonymy,"{'n_gold_tokens': 32, 'k': 32}",xlmr
task2_plausibility,770e9df185c636f9,attnlrp,f1_at_k,0.4375,target,Synonymy,"{'n_gold_tokens': 32, 'k': 32}",xlmr
task2_plausibility,770e9df185c636f9,attnlrp,auprc,0.550193576754513,target,Synonymy,"{'n_gold_tokens': 32, 'k': 32}",xlmr
task2_plausibility,770e9df185c636f9,attnlrp,precision_at_k,0.46875,target,Syntactic Change,"{'n_gold_tokens': 32, 'k': 32}",xlmr
task2_plausibility,770e9df185c636f9,attnlrp,recall_at_k,0.46875,target,Syntactic Change,"{'n_gold_tokens': 32, 'k': 32}",xlmr
task2_plausibility,770e9df185c636f9,attnlrp,f1_at_k,0.46875,target,Syntactic Change,"{'n_gold_tokens': 32, 'k': 32}",xlmr
task2_plausibility,770e9df185c636f9,attnlrp,auprc,0.5487855892860602,target,Syntactic Change,"{'n_gold_tokens': 32, 'k': 32}",xlmr
task2_plausibility,79845f9d594f4e7e,attnlrp,precision_at_k,0.07142857142857142,target,Synonymy,"{'n_gold_tokens': 14, 'k': 14}",xlmr
task2_plausibility,79845f9d594f4e7e,attnlrp,recall_at_k,0.07142857142857142,target,Synonymy,"{'n_gold_tokens': 14, 'k': 14}",xlmr
task2_plausibility,79845f9d594f4e7e,attnlrp,f1_at_k,0.07142857142857142,target,Synonymy,"{'n_gold_tokens': 14, 'k': 14}",xlmr
task2_plausibility,79845f9d594f4e7e,attnlrp,auprc,0.15382792010074503,target,Synonymy,"{'n_gold_tokens': 14, 'k': 14}",xlmr
task2_plausibility,79845f9d594f4e7e,attnlrp,precision_at_k,0.14285714285714285,target,Compression,"{'n_gold_tokens': 14, 'k': 14}",xlmr
task2_plausibility,79845f9d594f4e7e,attnlrp,recall_at_k,0.14285714285714285,target,Compression,"{'n_gold_tokens': 14, 'k': 14}",xlmr
task2_plausibility,79845f9d594f4e7e,attnlrp,f1_at_k,0.14285714285714285,target,Compression,"{'n_gold_tokens': 14, 'k': 14}",xlmr
task2_plausibility,79845f9d594f4e7e,attnlrp,auprc,0.18942891460889877,target,Compression,"{'n_gold_tokens': 14, 'k': 14}",xlmr
task2_plausibility,79845f9d594f4e7e,attnlrp,precision_at_k,0.14285714285714285,target,Syntactic Change,"{'n_gold_tokens': 14, 'k': 14}",xlmr
task2_plausibility,79845f9d594f4e7e,attnlrp,recall_at_k,0.14285714285714285,target,Syntactic Change,"{'n_gold_tokens': 14, 'k': 14}",xlmr
task2_plausibility,79845f9d594f4e7e,attnlrp,f1_at_k,0.14285714285714285,target,Syntactic Change,"{'n_gold_tokens': 14, 'k': 14}",xlmr
task2_plausibility,79845f9d594f4e7e,attnlrp,auprc,0.15106474966057226,target,Syntactic Change,"{'n_gold_tokens': 14, 'k': 14}",xlmr
task2_plausibility,7d9f42136cee261f,attnlrp,precision_at_k,0.4444444444444444,target,Synonymy,"{'n_gold_tokens': 9, 'k': 9}",xlmr
task2_plausibility,7d9f42136cee261f,attnlrp,recall_at_k,0.4444444444444444,target,Synonymy,"{'n_gold_tokens': 9, 'k': 9}",xlmr
task2_plausibility,7d9f42136cee261f,attnlrp,f1_at_k,0.4444444444444444,target,Synonymy,"{'n_gold_tokens': 9, 'k': 9}",xlmr
task2_plausibility,7d9f42136cee261f,attnlrp,auprc,0.5523450155634064,target,Synonymy,"{'n_gold_tokens': 9, 'k': 9}",xlmr
task2_plausibility,7d9f42136cee261f,attnlrp,precision_at_k,0.3333333333333333,target,Syntactic Change,"{'n_gold_tokens': 9, 'k': 9}",xlmr
task2_plausibility,7d9f42136cee261f,attnlrp,recall_at_k,0.3333333333333333,target,Syntactic Change,"{'n_gold_tokens': 9, 'k': 9}",xlmr
task2_plausibility,7d9f42136cee261f,attnlrp,f1_at_k,0.3333333333333333,target,Syntactic Change,"{'n_gold_tokens': 9, 'k': 9}",xlmr
task2_plausibility,7d9f42136cee261f,attnlrp,auprc,0.4627252828472341,target,Syntactic Change,"{'n_gold_tokens': 9, 'k': 9}",xlmr
task2_plausibility,7e3bbc0dd75d1cd2,attnlrp,precision_at_k,0.45,target,Synonymy,"{'n_gold_tokens': 20, 'k': 20}",xlmr
task2_plausibility,7e3bbc0dd75d1cd2,attnlrp,recall_at_k,0.45,target,Synonymy,"{'n_gold_tokens': 20, 'k': 20}",xlmr
task2_plausibility,7e3bbc0dd75d1cd2,attnlrp,f1_at_k,0.45,target,Synonymy,"{'n_gold_tokens': 20, 'k': 20}",xlmr
task2_plausibility,7e3bbc0dd75d1cd2,attnlrp,auprc,0.4757712943466927,target,Synonymy,"{'n_gold_tokens': 20, 'k': 20}",xlmr
task2_plausibility,7e3bbc0dd75d1cd2,attnlrp,precision_at_k,0.4,target,Compression,"{'n_gold_tokens': 20, 'k': 20}",xlmr
task2_plausibility,7e3bbc0dd75d1cd2,attnlrp,recall_at_k,0.4,target,Compression,"{'n_gold_tokens': 20, 'k': 20}",xlmr
task2_plausibility,7e3bbc0dd75d1cd2,attnlrp,f1_at_k,0.4000000000000001,target,Compression,"{'n_gold_tokens': 20, 'k': 20}",xlmr
task2_plausibility,7e3bbc0dd75d1cd2,attnlrp,auprc,0.4398589049154958,target,Compression,"{'n_gold_tokens': 20, 'k': 20}",xlmr
task2_plausibility,7e3bbc0dd75d1cd2,attnlrp,precision_at_k,0.45,target,Explanation,"{'n_gold_tokens': 20, 'k': 20}",xlmr
task2_plausibility,7e3bbc0dd75d1cd2,attnlrp,recall_at_k,0.45,target,Explanation,"{'n_gold_tokens': 20, 'k': 20}",xlmr
task2_plausibility,7e3bbc0dd75d1cd2,attnlrp,f1_at_k,0.45,target,Explanation,"{'n_gold_tokens': 20, 'k': 20}",xlmr
task2_plausibility,7e3bbc0dd75d1cd2,attnlrp,auprc,0.5107745265924329,target,Explanation,"{'n_gold_tokens': 20, 'k': 20}",xlmr
task2_plausibility,7e3bbc0dd75d1cd2,attnlrp,precision_at_k,0.3,target,Syntactic Change,"{'n_gold_tokens': 20, 'k': 20}",xlmr
task2_plausibility,7e3bbc0dd75d1cd2,attnlrp,recall_at_k,0.3,target,Syntactic Change,"{'n_gold_tokens': 20, 'k': 20}",xlmr
task2_plausibility,7e3bbc0dd75d1cd2,attnlrp,f1_at_k,0.3,target,Syntactic Change,"{'n_gold_tokens': 20, 'k': 20}",xlmr
task2_plausibility,7e3bbc0dd75d1cd2,attnlrp,auprc,0.39356136154945376,target,Syntactic Change,"{'n_gold_tokens': 20, 'k': 20}",xlmr
task2_plausibility,7ef6bd199098f408,attnlrp,precision_at_k,0.14285714285714285,target,Synonymy,"{'n_gold_tokens': 14, 'k': 14}",xlmr
task2_plausibility,7ef6bd199098f408,attnlrp,recall_at_k,0.14285714285714285,target,Synonymy,"{'n_gold_tokens': 14, 'k': 14}",xlmr
task2_plausibility,7ef6bd199098f408,attnlrp,f1_at_k,0.14285714285714285,target,Synonymy,"{'n_gold_tokens': 14, 'k': 14}",xlmr
task2_plausibility,7ef6bd199098f408,attnlrp,auprc,0.19021136106285602,target,Synonymy,"{'n_gold_tokens': 14, 'k': 14}",xlmr
task2_plausibility,7ef6bd199098f408,attnlrp,precision_at_k,0.14285714285714285,target,Syntactic Change,"{'n_gold_tokens': 14, 'k': 14}",xlmr
task2_plausibility,7ef6bd199098f408,attnlrp,recall_at_k,0.14285714285714285,target,Syntactic Change,"{'n_gold_tokens': 14, 'k': 14}",xlmr
task2_plausibility,7ef6bd199098f408,attnlrp,f1_at_k,0.14285714285714285,target,Syntactic Change,"{'n_gold_tokens': 14, 'k': 14}",xlmr
task2_plausibility,7ef6bd199098f408,attnlrp,auprc,0.1923974569293293,target,Syntactic Change,"{'n_gold_tokens': 14, 'k': 14}",xlmr
task2_plausibility,80a3f9978b10e58c,attnlrp,precision_at_k,0.4634146341463415,target,Synonymy,"{'n_gold_tokens': 41, 'k': 41}",xlmr
task2_plausibility,80a3f9978b10e58c,attnlrp,recall_at_k,0.4634146341463415,target,Synonymy,"{'n_gold_tokens': 41, 'k': 41}",xlmr
task2_plausibility,80a3f9978b10e58c,attnlrp,f1_at_k,0.4634146341463415,target,Synonymy,"{'n_gold_tokens': 41, 'k': 41}",xlmr
task2_plausibility,80a3f9978b10e58c,attnlrp,auprc,0.4810214761225718,target,Synonymy,"{'n_gold_tokens': 41, 'k': 41}",xlmr
task2_plausibility,80a3f9978b10e58c,attnlrp,precision_at_k,0.3902439024390244,target,Compression,"{'n_gold_tokens': 41, 'k': 41}",xlmr
task2_plausibility,80a3f9978b10e58c,attnlrp,recall_at_k,0.3902439024390244,target,Compression,"{'n_gold_tokens': 41, 'k': 41}",xlmr
task2_plausibility,80a3f9978b10e58c,attnlrp,f1_at_k,0.3902439024390244,target,Compression,"{'n_gold_tokens': 41, 'k': 41}",xlmr
task2_plausibility,80a3f9978b10e58c,attnlrp,auprc,0.40239218948805733,target,Compression,"{'n_gold_tokens': 41, 'k': 41}",xlmr
task2_plausibility,80a3f9978b10e58c,attnlrp,precision_at_k,0.4146341463414634,target,Syntactic Change,"{'n_gold_tokens': 41, 'k': 41}",xlmr
task2_plausibility,80a3f9978b10e58c,attnlrp,recall_at_k,0.4146341463414634,target,Syntactic Change,"{'n_gold_tokens': 41, 'k': 41}",xlmr
task2_plausibility,80a3f9978b10e58c,attnlrp,f1_at_k,0.4146341463414634,target,Syntactic Change,"{'n_gold_tokens': 41, 'k': 41}",xlmr
task2_plausibility,80a3f9978b10e58c,attnlrp,auprc,0.4465263817473662,target,Syntactic Change,"{'n_gold_tokens': 41, 'k': 41}",xlmr
task2_plausibility,847d2022b382a39e,attnlrp,precision_at_k,0.16666666666666666,target,Synonymy,"{'n_gold_tokens': 12, 'k': 12}",xlmr
task2_plausibility,847d2022b382a39e,attnlrp,recall_at_k,0.16666666666666666,target,Synonymy,"{'n_gold_tokens': 12, 'k': 12}",xlmr
task2_plausibility,847d2022b382a39e,attnlrp,f1_at_k,0.16666666666666666,target,Synonymy,"{'n_gold_tokens': 12, 'k': 12}",xlmr
task2_plausibility,847d2022b382a39e,attnlrp,auprc,0.2347078685080676,target,Synonymy,"{'n_gold_tokens': 12, 'k': 12}",xlmr
task2_plausibility,847d2022b382a39e,attnlrp,precision_at_k,0.16666666666666666,target,Syntactic Change,"{'n_gold_tokens': 12, 'k': 12}",xlmr
task2_plausibility,847d2022b382a39e,attnlrp,recall_at_k,0.16666666666666666,target,Syntactic Change,"{'n_gold_tokens': 12, 'k': 12}",xlmr
task2_plausibility,847d2022b382a39e,attnlrp,f1_at_k,0.16666666666666666,target,Syntactic Change,"{'n_gold_tokens': 12, 'k': 12}",xlmr
task2_plausibility,847d2022b382a39e,attnlrp,auprc,0.17811866231177376,target,Syntactic Change,"{'n_gold_tokens': 12, 'k': 12}",xlmr
task2_plausibility,8732c2dd45377ec9,attnlrp,precision_at_k,0.37735849056603776,target,Synonymy,"{'n_gold_tokens': 53, 'k': 53}",xlmr
task2_plausibility,8732c2dd45377ec9,attnlrp,recall_at_k,0.37735849056603776,target,Synonymy,"{'n_gold_tokens': 53, 'k': 53}",xlmr
task2_plausibility,8732c2dd45377ec9,attnlrp,f1_at_k,0.3773584905660377,target,Synonymy,"{'n_gold_tokens': 53, 'k': 53}",xlmr
task2_plausibility,8732c2dd45377ec9,attnlrp,auprc,0.30147627967832497,target,Synonymy,"{'n_gold_tokens': 53, 'k': 53}",xlmr
task2_plausibility,8732c2dd45377ec9,attnlrp,precision_at_k,0.22641509433962265,target,Modulation,"{'n_gold_tokens': 53, 'k': 53}",xlmr
task2_plausibility,8732c2dd45377ec9,attnlrp,recall_at_k,0.22641509433962265,target,Modulation,"{'n_gold_tokens': 53, 'k': 53}",xlmr
task2_plausibility,8732c2dd45377ec9,attnlrp,f1_at_k,0.22641509433962265,target,Modulation,"{'n_gold_tokens': 53, 'k': 53}",xlmr
task2_plausibility,8732c2dd45377ec9,attnlrp,auprc,0.25222422276978296,target,Modulation,"{'n_gold_tokens': 53, 'k': 53}",xlmr
task2_plausibility,8732c2dd45377ec9,attnlrp,precision_at_k,0.2641509433962264,target,Compression,"{'n_gold_tokens': 53, 'k': 53}",xlmr
task2_plausibility,8732c2dd45377ec9,attnlrp,recall_at_k,0.2641509433962264,target,Compression,"{'n_gold_tokens': 53, 'k': 53}",xlmr
task2_plausibility,8732c2dd45377ec9,attnlrp,f1_at_k,0.2641509433962264,target,Compression,"{'n_gold_tokens': 53, 'k': 53}",xlmr
task2_plausibility,8732c2dd45377ec9,attnlrp,auprc,0.274065084376491,target,Compression,"{'n_gold_tokens': 53, 'k': 53}",xlmr
task2_plausibility,8732c2dd45377ec9,attnlrp,precision_at_k,0.2830188679245283,target,Syntactic Change,"{'n_gold_tokens': 53, 'k': 53}",xlmr
task2_plausibility,8732c2dd45377ec9,attnlrp,recall_at_k,0.2830188679245283,target,Syntactic Change,"{'n_gold_tokens': 53, 'k': 53}",xlmr
task2_plausibility,8732c2dd45377ec9,attnlrp,f1_at_k,0.2830188679245283,target,Syntactic Change,"{'n_gold_tokens': 53, 'k': 53}",xlmr
task2_plausibility,8732c2dd45377ec9,attnlrp,auprc,0.27150834278841607,target,Syntactic Change,"{'n_gold_tokens': 53, 'k': 53}",xlmr
task2_plausibility,912f69180c3fd7a0,attnlrp,precision_at_k,0.38461538461538464,target,Synonymy,"{'n_gold_tokens': 13, 'k': 13}",xlmr
task2_plausibility,912f69180c3fd7a0,attnlrp,recall_at_k,0.38461538461538464,target,Synonymy,"{'n_gold_tokens': 13, 'k': 13}",xlmr
task2_plausibility,912f69180c3fd7a0,attnlrp,f1_at_k,0.38461538461538464,target,Synonymy,"{'n_gold_tokens': 13, 'k': 13}",xlmr
task2_plausibility,912f69180c3fd7a0,attnlrp,auprc,0.29567411281346245,target,Synonymy,"{'n_gold_tokens': 13, 'k': 13}",xlmr
task2_plausibility,912f69180c3fd7a0,attnlrp,precision_at_k,0.15384615384615385,target,Compression,"{'n_gold_tokens': 13, 'k': 13}",xlmr
task2_plausibility,912f69180c3fd7a0,attnlrp,recall_at_k,0.15384615384615385,target,Compression,"{'n_gold_tokens': 13, 'k': 13}",xlmr
task2_plausibility,912f69180c3fd7a0,attnlrp,f1_at_k,0.15384615384615385,target,Compression,"{'n_gold_tokens': 13, 'k': 13}",xlmr
task2_plausibility,912f69180c3fd7a0,attnlrp,auprc,0.16775197764774877,target,Compression,"{'n_gold_tokens': 13, 'k': 13}",xlmr
task2_plausibility,912f69180c3fd7a0,attnlrp,precision_at_k,0.15384615384615385,target,Syntactic Change,"{'n_gold_tokens': 13, 'k': 13}",xlmr
task2_plausibility,912f69180c3fd7a0,attnlrp,recall_at_k,0.15384615384615385,target,Syntactic Change,"{'n_gold_tokens': 13, 'k': 13}",xlmr
task2_plausibility,912f69180c3fd7a0,attnlrp,f1_at_k,0.15384615384615385,target,Syntactic Change,"{'n_gold_tokens': 13, 'k': 13}",xlmr
task2_plausibility,912f69180c3fd7a0,attnlrp,auprc,0.2045856493889458,target,Syntactic Change,"{'n_gold_tokens': 13, 'k': 13}",xlmr
task2_plausibility,9796ad923067ac5c,attnlrp,precision_at_k,0.4,target,Synonymy,"{'n_gold_tokens': 10, 'k': 10}",xlmr
task2_plausibility,9796ad923067ac5c,attnlrp,recall_at_k,0.4,target,Synonymy,"{'n_gold_tokens': 10, 'k': 10}",xlmr
task2_plausibility,9796ad923067ac5c,attnlrp,f1_at_k,0.4000000000000001,target,Synonymy,"{'n_gold_tokens': 10, 'k': 10}",xlmr
task2_plausibility,9796ad923067ac5c,attnlrp,auprc,0.3685063008983799,target,Synonymy,"{'n_gold_tokens': 10, 'k': 10}",xlmr
task2_plausibility,9796ad923067ac5c,attnlrp,precision_at_k,0.2,target,Compression,"{'n_gold_tokens': 10, 'k': 10}",xlmr
task2_plausibility,9796ad923067ac5c,attnlrp,recall_at_k,0.2,target,Compression,"{'n_gold_tokens': 10, 'k': 10}",xlmr
task2_plausibility,9796ad923067ac5c,attnlrp,f1_at_k,0.20000000000000004,target,Compression,"{'n_gold_tokens': 10, 'k': 10}",xlmr
task2_plausibility,9796ad923067ac5c,attnlrp,auprc,0.20246177862801573,target,Compression,"{'n_gold_tokens': 10, 'k': 10}",xlmr
task2_plausibility,9796ad923067ac5c,attnlrp,precision_at_k,0.2,target,Syntactic Change,"{'n_gold_tokens': 10, 'k': 10}",xlmr
task2_plausibility,9796ad923067ac5c,attnlrp,recall_at_k,0.2,target,Syntactic Change,"{'n_gold_tokens': 10, 'k': 10}",xlmr
task2_plausibility,9796ad923067ac5c,attnlrp,f1_at_k,0.20000000000000004,target,Syntactic Change,"{'n_gold_tokens': 10, 'k': 10}",xlmr
task2_plausibility,9796ad923067ac5c,attnlrp,auprc,0.19462730015513405,target,Syntactic Change,"{'n_gold_tokens': 10, 'k': 10}",xlmr
task2_plausibility,99548819543904d6,attnlrp,precision_at_k,0.2413793103448276,target,Synonymy,"{'n_gold_tokens': 29, 'k': 29}",xlmr
task2_plausibility,99548819543904d6,attnlrp,recall_at_k,0.2413793103448276,target,Synonymy,"{'n_gold_tokens': 29, 'k': 29}",xlmr
task2_plausibility,99548819543904d6,attnlrp,f1_at_k,0.2413793103448276,target,Synonymy,"{'n_gold_tokens': 29, 'k': 29}",xlmr
task2_plausibility,99548819543904d6,attnlrp,auprc,0.2188651274199218,target,Synonymy,"{'n_gold_tokens': 29, 'k': 29}",xlmr
task2_plausibility,99548819543904d6,attnlrp,precision_at_k,0.20689655172413793,target,Modulation,"{'n_gold_tokens': 29, 'k': 29}",xlmr
task2_plausibility,99548819543904d6,attnlrp,recall_at_k,0.20689655172413793,target,Modulation,"{'n_gold_tokens': 29, 'k': 29}",xlmr
task2_plausibility,99548819543904d6,attnlrp,f1_at_k,0.20689655172413793,target,Modulation,"{'n_gold_tokens': 29, 'k': 29}",xlmr
task2_plausibility,99548819543904d6,attnlrp,auprc,0.21931858967225304,target,Modulation,"{'n_gold_tokens': 29, 'k': 29}",xlmr
task2_plausibility,99548819543904d6,attnlrp,precision_at_k,0.13793103448275862,target,Compression,"{'n_gold_tokens': 29, 'k': 29}",xlmr
task2_plausibility,99548819543904d6,attnlrp,recall_at_k,0.13793103448275862,target,Compression,"{'n_gold_tokens': 29, 'k': 29}",xlmr
task2_plausibility,99548819543904d6,attnlrp,f1_at_k,0.13793103448275862,target,Compression,"{'n_gold_tokens': 29, 'k': 29}",xlmr
task2_plausibility,99548819543904d6,attnlrp,auprc,0.20350091651215782,target,Compression,"{'n_gold_tokens': 29, 'k': 29}",xlmr
task2_plausibility,99548819543904d6,attnlrp,precision_at_k,0.2413793103448276,target,Syntactic Change,"{'n_gold_tokens': 29, 'k': 29}",xlmr
task2_plausibility,99548819543904d6,attnlrp,recall_at_k,0.2413793103448276,target,Syntactic Change,"{'n_gold_tokens': 29, 'k': 29}",xlmr
task2_plausibility,99548819543904d6,attnlrp,f1_at_k,0.2413793103448276,target,Syntactic Change,"{'n_gold_tokens': 29, 'k': 29}",xlmr
task2_plausibility,99548819543904d6,attnlrp,auprc,0.2467928621853145,target,Syntactic Change,"{'n_gold_tokens': 29, 'k': 29}",xlmr
task2_plausibility,9a1b295b8d6f5476,attnlrp,precision_at_k,0.5333333333333333,target,Synonymy,"{'n_gold_tokens': 15, 'k': 15}",xlmr
task2_plausibility,9a1b295b8d6f5476,attnlrp,recall_at_k,0.5333333333333333,target,Synonymy,"{'n_gold_tokens': 15, 'k': 15}",xlmr
task2_plausibility,9a1b295b8d6f5476,attnlrp,f1_at_k,0.5333333333333333,target,Synonymy,"{'n_gold_tokens': 15, 'k': 15}",xlmr
task2_plausibility,9a1b295b8d6f5476,attnlrp,auprc,0.5248342461345558,target,Synonymy,"{'n_gold_tokens': 15, 'k': 15}",xlmr
task2_plausibility,9a1b295b8d6f5476,attnlrp,precision_at_k,0.4,target,Syntactic Change,"{'n_gold_tokens': 15, 'k': 15}",xlmr
task2_plausibility,9a1b295b8d6f5476,attnlrp,recall_at_k,0.4,target,Syntactic Change,"{'n_gold_tokens': 15, 'k': 15}",xlmr
task2_plausibility,9a1b295b8d6f5476,attnlrp,f1_at_k,0.4000000000000001,target,Syntactic Change,"{'n_gold_tokens': 15, 'k': 15}",xlmr
task2_plausibility,9a1b295b8d6f5476,attnlrp,auprc,0.5791727378406678,target,Syntactic Change,"{'n_gold_tokens': 15, 'k': 15}",xlmr
task2_plausibility,9a7141763dd6a5b2,attnlrp,precision_at_k,0.2,target,Synonymy,"{'n_gold_tokens': 20, 'k': 20}",xlmr
task2_plausibility,9a7141763dd6a5b2,attnlrp,recall_at_k,0.2,target,Synonymy,"{'n_gold_tokens': 20, 'k': 20}",xlmr
task2_plausibility,9a7141763dd6a5b2,attnlrp,f1_at_k,0.20000000000000004,target,Synonymy,"{'n_gold_tokens': 20, 'k': 20}",xlmr
task2_plausibility,9a7141763dd6a5b2,attnlrp,auprc,0.2406335929223229,target,Synonymy,"{'n_gold_tokens': 20, 'k': 20}",xlmr
task2_plausibility,9a7141763dd6a5b2,attnlrp,precision_at_k,0.3,target,Compression,"{'n_gold_tokens': 20, 'k': 20}",xlmr
task2_plausibility,9a7141763dd6a5b2,attnlrp,recall_at_k,0.3,target,Compression,"{'n_gold_tokens': 20, 'k': 20}",xlmr
task2_plausibility,9a7141763dd6a5b2,attnlrp,f1_at_k,0.3,target,Compression,"{'n_gold_tokens': 20, 'k': 20}",xlmr
task2_plausibility,9a7141763dd6a5b2,attnlrp,auprc,0.24222153224420126,target,Compression,"{'n_gold_tokens': 20, 'k': 20}",xlmr
task2_plausibility,9a7141763dd6a5b2,attnlrp,precision_at_k,0.35,target,Syntactic Change,"{'n_gold_tokens': 20, 'k': 20}",xlmr
task2_plausibility,9a7141763dd6a5b2,attnlrp,recall_at_k,0.35,target,Syntactic Change,"{'n_gold_tokens': 20, 'k': 20}",xlmr
task2_plausibility,9a7141763dd6a5b2,attnlrp,f1_at_k,0.35,target,Syntactic Change,"{'n_gold_tokens': 20, 'k': 20}",xlmr
task2_plausibility,9a7141763dd6a5b2,attnlrp,auprc,0.27787987608846126,target,Syntactic Change,"{'n_gold_tokens': 20, 'k': 20}",xlmr
task2_plausibility,9d3c49bbb2e29ede,attnlrp,precision_at_k,0.0,target,Synonymy,"{'n_gold_tokens': 9, 'k': 9}",xlmr
task2_plausibility,9d3c49bbb2e29ede,attnlrp,recall_at_k,0.0,target,Synonymy,"{'n_gold_tokens': 9, 'k': 9}",xlmr
task2_plausibility,9d3c49bbb2e29ede,attnlrp,f1_at_k,0.0,target,Synonymy,"{'n_gold_tokens': 9, 'k': 9}",xlmr
task2_plausibility,9d3c49bbb2e29ede,attnlrp,auprc,0.1816267874589591,target,Synonymy,"{'n_gold_tokens': 9, 'k': 9}",xlmr
task2_plausibility,9d3c49bbb2e29ede,attnlrp,precision_at_k,0.1111111111111111,target,Syntactic Change,"{'n_gold_tokens': 9, 'k': 9}",xlmr
task2_plausibility,9d3c49bbb2e29ede,attnlrp,recall_at_k,0.1111111111111111,target,Syntactic Change,"{'n_gold_tokens': 9, 'k': 9}",xlmr
task2_plausibility,9d3c49bbb2e29ede,attnlrp,f1_at_k,0.1111111111111111,target,Syntactic Change,"{'n_gold_tokens': 9, 'k': 9}",xlmr
task2_plausibility,9d3c49bbb2e29ede,attnlrp,auprc,0.19120727310096083,target,Syntactic Change,"{'n_gold_tokens': 9, 'k': 9}",xlmr
task2_plausibility,9df68823f08232f2,attnlrp,precision_at_k,0.15,target,Synonymy,"{'n_gold_tokens': 20, 'k': 20}",xlmr
task2_plausibility,9df68823f08232f2,attnlrp,recall_at_k,0.15,target,Synonymy,"{'n_gold_tokens': 20, 'k': 20}",xlmr
task2_plausibility,9df68823f08232f2,attnlrp,f1_at_k,0.15,target,Synonymy,"{'n_gold_tokens': 20, 'k': 20}",xlmr
task2_plausibility,9df68823f08232f2,attnlrp,auprc,0.22166989472995877,target,Synonymy,"{'n_gold_tokens': 20, 'k': 20}",xlmr
task2_plausibility,9df68823f08232f2,attnlrp,precision_at_k,0.2,target,Syntactic Change,"{'n_gold_tokens': 20, 'k': 20}",xlmr
task2_plausibility,9df68823f08232f2,attnlrp,recall_at_k,0.2,target,Syntactic Change,"{'n_gold_tokens': 20, 'k': 20}",xlmr
task2_plausibility,9df68823f08232f2,attnlrp,f1_at_k,0.20000000000000004,target,Syntactic Change,"{'n_gold_tokens': 20, 'k': 20}",xlmr
task2_plausibility,9df68823f08232f2,attnlrp,auprc,0.23496636360329443,target,Syntactic Change,"{'n_gold_tokens': 20, 'k': 20}",xlmr
task2_plausibility,a7b2c1533ccde303,attnlrp,precision_at_k,0.2,target,Synonymy,"{'n_gold_tokens': 5, 'k': 5}",xlmr
task2_plausibility,a7b2c1533ccde303,attnlrp,recall_at_k,0.2,target,Synonymy,"{'n_gold_tokens': 5, 'k': 5}",xlmr
task2_plausibility,a7b2c1533ccde303,attnlrp,f1_at_k,0.20000000000000004,target,Synonymy,"{'n_gold_tokens': 5, 'k': 5}",xlmr
task2_plausibility,a7b2c1533ccde303,attnlrp,auprc,0.26502164502164505,target,Synonymy,"{'n_gold_tokens': 5, 'k': 5}",xlmr
task2_plausibility,a80b19648fa6b232,attnlrp,precision_at_k,0.2777777777777778,target,Synonymy,"{'n_gold_tokens': 18, 'k': 18}",xlmr
task2_plausibility,a80b19648fa6b232,attnlrp,recall_at_k,0.2777777777777778,target,Synonymy,"{'n_gold_tokens': 18, 'k': 18}",xlmr
task2_plausibility,a80b19648fa6b232,attnlrp,f1_at_k,0.2777777777777778,target,Synonymy,"{'n_gold_tokens': 18, 'k': 18}",xlmr
task2_plausibility,a80b19648fa6b232,attnlrp,auprc,0.23186580479656813,target,Synonymy,"{'n_gold_tokens': 18, 'k': 18}",xlmr
task2_plausibility,a80b19648fa6b232,attnlrp,precision_at_k,0.05555555555555555,target,Modulation,"{'n_gold_tokens': 18, 'k': 18}",xlmr
task2_plausibility,a80b19648fa6b232,attnlrp,recall_at_k,0.05555555555555555,target,Modulation,"{'n_gold_tokens': 18, 'k': 18}",xlmr
task2_plausibility,a80b19648fa6b232,attnlrp,f1_at_k,0.05555555555555555,target,Modulation,"{'n_gold_tokens': 18, 'k': 18}",xlmr
task2_plausibility,a80b19648fa6b232,attnlrp,auprc,0.10244121765774136,target,Modulation,"{'n_gold_tokens': 18, 'k': 18}",xlmr
task2_plausibility,a80b19648fa6b232,attnlrp,precision_at_k,0.1111111111111111,target,Syntactic Change,"{'n_gold_tokens': 18, 'k': 18}",xlmr
task2_plausibility,a80b19648fa6b232,attnlrp,recall_at_k,0.1111111111111111,target,Syntactic Change,"{'n_gold_tokens': 18, 'k': 18}",xlmr
task2_plausibility,a80b19648fa6b232,attnlrp,f1_at_k,0.1111111111111111,target,Syntactic Change,"{'n_gold_tokens': 18, 'k': 18}",xlmr
task2_plausibility,a80b19648fa6b232,attnlrp,auprc,0.12918212808899687,target,Syntactic Change,"{'n_gold_tokens': 18, 'k': 18}",xlmr
task2_plausibility,b4236a414f314c1b,attnlrp,precision_at_k,0.0,target,Synonymy,"{'n_gold_tokens': 3, 'k': 3}",xlmr
task2_plausibility,b4236a414f314c1b,attnlrp,recall_at_k,0.0,target,Synonymy,"{'n_gold_tokens': 3, 'k': 3}",xlmr
task2_plausibility,b4236a414f314c1b,attnlrp,f1_at_k,0.0,target,Synonymy,"{'n_gold_tokens': 3, 'k': 3}",xlmr
task2_plausibility,b4236a414f314c1b,attnlrp,auprc,0.10202991452991453,target,Synonymy,"{'n_gold_tokens': 3, 'k': 3}",xlmr
task2_plausibility,b503ba1a697c47f3,attnlrp,precision_at_k,0.0,target,Synonymy,"{'n_gold_tokens': 5, 'k': 5}",xlmr
task2_plausibility,b503ba1a697c47f3,attnlrp,recall_at_k,0.0,target,Synonymy,"{'n_gold_tokens': 5, 'k': 5}",xlmr
task2_plausibility,b503ba1a697c47f3,attnlrp,f1_at_k,0.0,target,Synonymy,"{'n_gold_tokens': 5, 'k': 5}",xlmr
task2_plausibility,b503ba1a697c47f3,attnlrp,auprc,0.12518641023892335,target,Synonymy,"{'n_gold_tokens': 5, 'k': 5}",xlmr
task2_plausibility,b622444b6f79d82e,attnlrp,precision_at_k,0.1111111111111111,target,Synonymy,"{'n_gold_tokens': 9, 'k': 9}",xlmr
task2_plausibility,b622444b6f79d82e,attnlrp,recall_at_k,0.1111111111111111,target,Synonymy,"{'n_gold_tokens': 9, 'k': 9}",xlmr
task2_plausibility,b622444b6f79d82e,attnlrp,f1_at_k,0.1111111111111111,target,Synonymy,"{'n_gold_tokens': 9, 'k': 9}",xlmr
task2_plausibility,b622444b6f79d82e,attnlrp,auprc,0.12912177668983632,target,Synonymy,"{'n_gold_tokens': 9, 'k': 9}",xlmr
task2_plausibility,b622444b6f79d82e,attnlrp,precision_at_k,0.3333333333333333,target,Compression,"{'n_gold_tokens': 9, 'k': 9}",xlmr
task2_plausibility,b622444b6f79d82e,attnlrp,recall_at_k,0.3333333333333333,target,Compression,"{'n_gold_tokens': 9, 'k': 9}",xlmr
task2_plausibility,b622444b6f79d82e,attnlrp,f1_at_k,0.3333333333333333,target,Compression,"{'n_gold_tokens': 9, 'k': 9}",xlmr
task2_plausibility,b622444b6f79d82e,attnlrp,auprc,0.14097212560578626,target,Compression,"{'n_gold_tokens': 9, 'k': 9}",xlmr
task2_plausibility,b622444b6f79d82e,attnlrp,precision_at_k,0.0,target,Syntactic Change,"{'n_gold_tokens': 9, 'k': 9}",xlmr
task2_plausibility,b622444b6f79d82e,attnlrp,recall_at_k,0.0,target,Syntactic Change,"{'n_gold_tokens': 9, 'k': 9}",xlmr
task2_plausibility,b622444b6f79d82e,attnlrp,f1_at_k,0.0,target,Syntactic Change,"{'n_gold_tokens': 9, 'k': 9}",xlmr
task2_plausibility,b622444b6f79d82e,attnlrp,auprc,0.13735413268621288,target,Syntactic Change,"{'n_gold_tokens': 9, 'k': 9}",xlmr
task2_plausibility,b7cbb8a5076db458,attnlrp,precision_at_k,0.4666666666666667,target,Synonymy,"{'n_gold_tokens': 15, 'k': 15}",xlmr
task2_plausibility,b7cbb8a5076db458,attnlrp,recall_at_k,0.4666666666666667,target,Synonymy,"{'n_gold_tokens': 15, 'k': 15}",xlmr
task2_plausibility,b7cbb8a5076db458,attnlrp,f1_at_k,0.4666666666666667,target,Synonymy,"{'n_gold_tokens': 15, 'k': 15}",xlmr
task2_plausibility,b7cbb8a5076db458,attnlrp,auprc,0.41426569744835373,target,Synonymy,"{'n_gold_tokens': 15, 'k': 15}",xlmr
task2_plausibility,b7cbb8a5076db458,attnlrp,precision_at_k,0.4,target,Syntactic Change,"{'n_gold_tokens': 15, 'k': 15}",xlmr
task2_plausibility,b7cbb8a5076db458,attnlrp,recall_at_k,0.4,target,Syntactic Change,"{'n_gold_tokens': 15, 'k': 15}",xlmr
task2_plausibility,b7cbb8a5076db458,attnlrp,f1_at_k,0.4000000000000001,target,Syntactic Change,"{'n_gold_tokens': 15, 'k': 15}",xlmr
task2_plausibility,b7cbb8a5076db458,attnlrp,auprc,0.3532034512770371,target,Syntactic Change,"{'n_gold_tokens': 15, 'k': 15}",xlmr
task2_plausibility,bba056a52dda625b,attnlrp,precision_at_k,0.37142857142857144,target,Synonymy,"{'n_gold_tokens': 35, 'k': 35}",xlmr
task2_plausibility,bba056a52dda625b,attnlrp,recall_at_k,0.37142857142857144,target,Synonymy,"{'n_gold_tokens': 35, 'k': 35}",xlmr
task2_plausibility,bba056a52dda625b,attnlrp,f1_at_k,0.37142857142857144,target,Synonymy,"{'n_gold_tokens': 35, 'k': 35}",xlmr
task2_plausibility,bba056a52dda625b,attnlrp,auprc,0.42598649446477393,target,Synonymy,"{'n_gold_tokens': 35, 'k': 35}",xlmr
task2_plausibility,bba056a52dda625b,attnlrp,precision_at_k,0.45714285714285713,target,Syntactic Change,"{'n_gold_tokens': 35, 'k': 35}",xlmr
task2_plausibility,bba056a52dda625b,attnlrp,recall_at_k,0.45714285714285713,target,Syntactic Change,"{'n_gold_tokens': 35, 'k': 35}",xlmr
task2_plausibility,bba056a52dda625b,attnlrp,f1_at_k,0.45714285714285713,target,Syntactic Change,"{'n_gold_tokens': 35, 'k': 35}",xlmr
task2_plausibility,bba056a52dda625b,attnlrp,auprc,0.46969728523323295,target,Syntactic Change,"{'n_gold_tokens': 35, 'k': 35}",xlmr
task2_plausibility,bf92f3bdab1b8f54,attnlrp,precision_at_k,0.0,target,Synonymy,"{'n_gold_tokens': 3, 'k': 3}",xlmr
task2_plausibility,bf92f3bdab1b8f54,attnlrp,recall_at_k,0.0,target,Synonymy,"{'n_gold_tokens': 3, 'k': 3}",xlmr
task2_plausibility,bf92f3bdab1b8f54,attnlrp,f1_at_k,0.0,target,Synonymy,"{'n_gold_tokens': 3, 'k': 3}",xlmr
task2_plausibility,bf92f3bdab1b8f54,attnlrp,auprc,0.11675438596491228,target,Synonymy,"{'n_gold_tokens': 3, 'k': 3}",xlmr
task2_plausibility,c0309c04a6343fc0,attnlrp,precision_at_k,0.25,target,Synonymy,"{'n_gold_tokens': 28, 'k': 28}",xlmr
task2_plausibility,c0309c04a6343fc0,attnlrp,recall_at_k,0.25,target,Synonymy,"{'n_gold_tokens': 28, 'k': 28}",xlmr
task2_plausibility,c0309c04a6343fc0,attnlrp,f1_at_k,0.25,target,Synonymy,"{'n_gold_tokens': 28, 'k': 28}",xlmr
task2_plausibility,c0309c04a6343fc0,attnlrp,auprc,0.21848242931220163,target,Synonymy,"{'n_gold_tokens': 28, 'k': 28}",xlmr
task2_plausibility,c0309c04a6343fc0,attnlrp,precision_at_k,0.2857142857142857,target,Compression,"{'n_gold_tokens': 28, 'k': 28}",xlmr
task2_plausibility,c0309c04a6343fc0,attnlrp,recall_at_k,0.2857142857142857,target,Compression,"{'n_gold_tokens': 28, 'k': 28}",xlmr
task2_plausibility,c0309c04a6343fc0,attnlrp,f1_at_k,0.2857142857142857,target,Compression,"{'n_gold_tokens': 28, 'k': 28}",xlmr
task2_plausibility,c0309c04a6343fc0,attnlrp,auprc,0.2713607122539709,target,Compression,"{'n_gold_tokens': 28, 'k': 28}",xlmr
task2_plausibility,c0309c04a6343fc0,attnlrp,precision_at_k,0.32142857142857145,target,Syntactic Change,"{'n_gold_tokens': 28, 'k': 28}",xlmr
task2_plausibility,c0309c04a6343fc0,attnlrp,recall_at_k,0.32142857142857145,target,Syntactic Change,"{'n_gold_tokens': 28, 'k': 28}",xlmr
task2_plausibility,c0309c04a6343fc0,attnlrp,f1_at_k,0.32142857142857145,target,Syntactic Change,"{'n_gold_tokens': 28, 'k': 28}",xlmr
task2_plausibility,c0309c04a6343fc0,attnlrp,auprc,0.30085217351483096,target,Syntactic Change,"{'n_gold_tokens': 28, 'k': 28}",xlmr
task2_plausibility,c1556b5c141a8c40,attnlrp,precision_at_k,0.38095238095238093,target,Synonymy,"{'n_gold_tokens': 21, 'k': 21}",xlmr
task2_plausibility,c1556b5c141a8c40,attnlrp,recall_at_k,0.38095238095238093,target,Synonymy,"{'n_gold_tokens': 21, 'k': 21}",xlmr
task2_plausibility,c1556b5c141a8c40,attnlrp,f1_at_k,0.38095238095238093,target,Synonymy,"{'n_gold_tokens': 21, 'k': 21}",xlmr
task2_plausibility,c1556b5c141a8c40,attnlrp,auprc,0.3179873687735336,target,Synonymy,"{'n_gold_tokens': 21, 'k': 21}",xlmr
task2_plausibility,c1556b5c141a8c40,attnlrp,precision_at_k,0.14285714285714285,target,Syntactic Change,"{'n_gold_tokens': 21, 'k': 21}",xlmr
task2_plausibility,c1556b5c141a8c40,attnlrp,recall_at_k,0.14285714285714285,target,Syntactic Change,"{'n_gold_tokens': 21, 'k': 21}",xlmr
task2_plausibility,c1556b5c141a8c40,attnlrp,f1_at_k,0.14285714285714285,target,Syntactic Change,"{'n_gold_tokens': 21, 'k': 21}",xlmr
task2_plausibility,c1556b5c141a8c40,attnlrp,auprc,0.15893877333229955,target,Syntactic Change,"{'n_gold_tokens': 21, 'k': 21}",xlmr
task2_plausibility,c53b2ff9c6388d00,attnlrp,precision_at_k,0.15,target,Synonymy,"{'n_gold_tokens': 20, 'k': 20}",xlmr
task2_plausibility,c53b2ff9c6388d00,attnlrp,recall_at_k,0.15,target,Synonymy,"{'n_gold_tokens': 20, 'k': 20}",xlmr
task2_plausibility,c53b2ff9c6388d00,attnlrp,f1_at_k,0.15,target,Synonymy,"{'n_gold_tokens': 20, 'k': 20}",xlmr
task2_plausibility,c53b2ff9c6388d00,attnlrp,auprc,0.21289868920800128,target,Synonymy,"{'n_gold_tokens': 20, 'k': 20}",xlmr
task2_plausibility,c53b2ff9c6388d00,attnlrp,precision_at_k,0.2,target,Compression,"{'n_gold_tokens': 20, 'k': 20}",xlmr
task2_plausibility,c53b2ff9c6388d00,attnlrp,recall_at_k,0.2,target,Compression,"{'n_gold_tokens': 20, 'k': 20}",xlmr
task2_plausibility,c53b2ff9c6388d00,attnlrp,f1_at_k,0.20000000000000004,target,Compression,"{'n_gold_tokens': 20, 'k': 20}",xlmr
task2_plausibility,c53b2ff9c6388d00,attnlrp,auprc,0.22615579470548047,target,Compression,"{'n_gold_tokens': 20, 'k': 20}",xlmr
task2_plausibility,c53b2ff9c6388d00,attnlrp,precision_at_k,0.2,target,Syntactic Change,"{'n_gold_tokens': 20, 'k': 20}",xlmr
task2_plausibility,c53b2ff9c6388d00,attnlrp,recall_at_k,0.2,target,Syntactic Change,"{'n_gold_tokens': 20, 'k': 20}",xlmr
task2_plausibility,c53b2ff9c6388d00,attnlrp,f1_at_k,0.20000000000000004,target,Syntactic Change,"{'n_gold_tokens': 20, 'k': 20}",xlmr
task2_plausibility,c53b2ff9c6388d00,attnlrp,auprc,0.27798821551510994,target,Syntactic Change,"{'n_gold_tokens': 20, 'k': 20}",xlmr
task2_plausibility,c58680d79c5aa483,attnlrp,precision_at_k,0.5135135135135135,target,Synonymy,"{'n_gold_tokens': 37, 'k': 37}",xlmr
task2_plausibility,c58680d79c5aa483,attnlrp,recall_at_k,0.5135135135135135,target,Synonymy,"{'n_gold_tokens': 37, 'k': 37}",xlmr
task2_plausibility,c58680d79c5aa483,attnlrp,f1_at_k,0.5135135135135135,target,Synonymy,"{'n_gold_tokens': 37, 'k': 37}",xlmr
task2_plausibility,c58680d79c5aa483,attnlrp,auprc,0.5393564990543593,target,Synonymy,"{'n_gold_tokens': 37, 'k': 37}",xlmr
task2_plausibility,c58680d79c5aa483,attnlrp,precision_at_k,0.40540540540540543,target,Syntactic Change,"{'n_gold_tokens': 37, 'k': 37}",xlmr
task2_plausibility,c58680d79c5aa483,attnlrp,recall_at_k,0.40540540540540543,target,Syntactic Change,"{'n_gold_tokens': 37, 'k': 37}",xlmr
task2_plausibility,c58680d79c5aa483,attnlrp,f1_at_k,0.40540540540540543,target,Syntactic Change,"{'n_gold_tokens': 37, 'k': 37}",xlmr
task2_plausibility,c58680d79c5aa483,attnlrp,auprc,0.4106017962493341,target,Syntactic Change,"{'n_gold_tokens': 37, 'k': 37}",xlmr
task2_plausibility,c6c10c5f6795c740,attnlrp,precision_at_k,0.0,target,Synonymy,"{'n_gold_tokens': 1, 'k': 1}",xlmr
task2_plausibility,c6c10c5f6795c740,attnlrp,recall_at_k,0.0,target,Synonymy,"{'n_gold_tokens': 1, 'k': 1}",xlmr
task2_plausibility,c6c10c5f6795c740,attnlrp,f1_at_k,0.0,target,Synonymy,"{'n_gold_tokens': 1, 'k': 1}",xlmr
task2_plausibility,c6c10c5f6795c740,attnlrp,auprc,0.2,target,Synonymy,"{'n_gold_tokens': 1, 'k': 1}",xlmr
task2_plausibility,c7158b84f92491aa,attnlrp,precision_at_k,0.3448275862068966,target,Synonymy,"{'n_gold_tokens': 29, 'k': 29}",xlmr
task2_plausibility,c7158b84f92491aa,attnlrp,recall_at_k,0.3448275862068966,target,Synonymy,"{'n_gold_tokens': 29, 'k': 29}",xlmr
task2_plausibility,c7158b84f92491aa,attnlrp,f1_at_k,0.3448275862068966,target,Synonymy,"{'n_gold_tokens': 29, 'k': 29}",xlmr
task2_plausibility,c7158b84f92491aa,attnlrp,auprc,0.3677359599612878,target,Synonymy,"{'n_gold_tokens': 29, 'k': 29}",xlmr
task2_plausibility,c7158b84f92491aa,attnlrp,precision_at_k,0.27586206896551724,target,Compression,"{'n_gold_tokens': 29, 'k': 29}",xlmr
task2_plausibility,c7158b84f92491aa,attnlrp,recall_at_k,0.27586206896551724,target,Compression,"{'n_gold_tokens': 29, 'k': 29}",xlmr
task2_plausibility,c7158b84f92491aa,attnlrp,f1_at_k,0.27586206896551724,target,Compression,"{'n_gold_tokens': 29, 'k': 29}",xlmr
task2_plausibility,c7158b84f92491aa,attnlrp,auprc,0.3006455041439534,target,Compression,"{'n_gold_tokens': 29, 'k': 29}",xlmr
task2_plausibility,c7158b84f92491aa,attnlrp,precision_at_k,0.3103448275862069,target,Syntactic Change,"{'n_gold_tokens': 29, 'k': 29}",xlmr
task2_plausibility,c7158b84f92491aa,attnlrp,recall_at_k,0.3103448275862069,target,Syntactic Change,"{'n_gold_tokens': 29, 'k': 29}",xlmr
task2_plausibility,c7158b84f92491aa,attnlrp,f1_at_k,0.3103448275862069,target,Syntactic Change,"{'n_gold_tokens': 29, 'k': 29}",xlmr
task2_plausibility,c7158b84f92491aa,attnlrp,auprc,0.3036547186665513,target,Syntactic Change,"{'n_gold_tokens': 29, 'k': 29}",xlmr
task2_plausibility,c9fdb155bb221e62,attnlrp,precision_at_k,0.3333333333333333,target,Synonymy,"{'n_gold_tokens': 12, 'k': 12}",xlmr
task2_plausibility,c9fdb155bb221e62,attnlrp,recall_at_k,0.3333333333333333,target,Synonymy,"{'n_gold_tokens': 12, 'k': 12}",xlmr
task2_plausibility,c9fdb155bb221e62,attnlrp,f1_at_k,0.3333333333333333,target,Synonymy,"{'n_gold_tokens': 12, 'k': 12}",xlmr
task2_plausibility,c9fdb155bb221e62,attnlrp,auprc,0.28245190811045967,target,Synonymy,"{'n_gold_tokens': 12, 'k': 12}",xlmr
task2_plausibility,c9fdb155bb221e62,attnlrp,precision_at_k,0.16666666666666666,target,Syntactic Change,"{'n_gold_tokens': 12, 'k': 12}",xlmr
task2_plausibility,c9fdb155bb221e62,attnlrp,recall_at_k,0.16666666666666666,target,Syntactic Change,"{'n_gold_tokens': 12, 'k': 12}",xlmr
task2_plausibility,c9fdb155bb221e62,attnlrp,f1_at_k,0.16666666666666666,target,Syntactic Change,"{'n_gold_tokens': 12, 'k': 12}",xlmr
task2_plausibility,c9fdb155bb221e62,attnlrp,auprc,0.24106917482028992,target,Syntactic Change,"{'n_gold_tokens': 12, 'k': 12}",xlmr
task2_plausibility,cbd7be6dbd4e67bc,attnlrp,precision_at_k,0.23529411764705882,target,Synonymy,"{'n_gold_tokens': 17, 'k': 17}",xlmr
task2_plausibility,cbd7be6dbd4e67bc,attnlrp,recall_at_k,0.23529411764705882,target,Synonymy,"{'n_gold_tokens': 17, 'k': 17}",xlmr
task2_plausibility,cbd7be6dbd4e67bc,attnlrp,f1_at_k,0.23529411764705882,target,Synonymy,"{'n_gold_tokens': 17, 'k': 17}",xlmr
task2_plausibility,cbd7be6dbd4e67bc,attnlrp,auprc,0.24905064283135472,target,Synonymy,"{'n_gold_tokens': 17, 'k': 17}",xlmr
task2_plausibility,cbd7be6dbd4e67bc,attnlrp,precision_at_k,0.17647058823529413,target,Compression,"{'n_gold_tokens': 17, 'k': 17}",xlmr
task2_plausibility,cbd7be6dbd4e67bc,attnlrp,recall_at_k,0.17647058823529413,target,Compression,"{'n_gold_tokens': 17, 'k': 17}",xlmr
task2_plausibility,cbd7be6dbd4e67bc,attnlrp,f1_at_k,0.17647058823529413,target,Compression,"{'n_gold_tokens': 17, 'k': 17}",xlmr
task2_plausibility,cbd7be6dbd4e67bc,attnlrp,auprc,0.19341467491661446,target,Compression,"{'n_gold_tokens': 17, 'k': 17}",xlmr
task2_plausibility,cbd7be6dbd4e67bc,attnlrp,precision_at_k,0.17647058823529413,target,Syntactic Change,"{'n_gold_tokens': 17, 'k': 17}",xlmr
task2_plausibility,cbd7be6dbd4e67bc,attnlrp,recall_at_k,0.17647058823529413,target,Syntactic Change,"{'n_gold_tokens': 17, 'k': 17}",xlmr
task2_plausibility,cbd7be6dbd4e67bc,attnlrp,f1_at_k,0.17647058823529413,target,Syntactic Change,"{'n_gold_tokens': 17, 'k': 17}",xlmr
task2_plausibility,cbd7be6dbd4e67bc,attnlrp,auprc,0.19946172924780597,target,Syntactic Change,"{'n_gold_tokens': 17, 'k': 17}",xlmr
task2_plausibility,d67f9b45f3806dc8,attnlrp,precision_at_k,0.20588235294117646,target,Synonymy,"{'n_gold_tokens': 34, 'k': 34}",xlmr
task2_plausibility,d67f9b45f3806dc8,attnlrp,recall_at_k,0.20588235294117646,target,Synonymy,"{'n_gold_tokens': 34, 'k': 34}",xlmr
task2_plausibility,d67f9b45f3806dc8,attnlrp,f1_at_k,0.20588235294117646,target,Synonymy,"{'n_gold_tokens': 34, 'k': 34}",xlmr
task2_plausibility,d67f9b45f3806dc8,attnlrp,auprc,0.27458369354258855,target,Synonymy,"{'n_gold_tokens': 34, 'k': 34}",xlmr
task2_plausibility,d67f9b45f3806dc8,attnlrp,precision_at_k,0.3235294117647059,target,Syntactic Change,"{'n_gold_tokens': 34, 'k': 34}",xlmr
task2_plausibility,d67f9b45f3806dc8,attnlrp,recall_at_k,0.3235294117647059,target,Syntactic Change,"{'n_gold_tokens': 34, 'k': 34}",xlmr
task2_plausibility,d67f9b45f3806dc8,attnlrp,f1_at_k,0.3235294117647059,target,Syntactic Change,"{'n_gold_tokens': 34, 'k': 34}",xlmr
task2_plausibility,d67f9b45f3806dc8,attnlrp,auprc,0.3295178904028126,target,Syntactic Change,"{'n_gold_tokens': 34, 'k': 34}",xlmr
task2_plausibility,d8e7271475e17f54,attnlrp,precision_at_k,0.421875,target,Synonymy,"{'n_gold_tokens': 64, 'k': 64}",xlmr
task2_plausibility,d8e7271475e17f54,attnlrp,recall_at_k,0.421875,target,Synonymy,"{'n_gold_tokens': 64, 'k': 64}",xlmr
task2_plausibility,d8e7271475e17f54,attnlrp,f1_at_k,0.421875,target,Synonymy,"{'n_gold_tokens': 64, 'k': 64}",xlmr
task2_plausibility,d8e7271475e17f54,attnlrp,auprc,0.4846785592778613,target,Synonymy,"{'n_gold_tokens': 64, 'k': 64}",xlmr
task2_plausibility,d8e7271475e17f54,attnlrp,precision_at_k,0.390625,target,Compression,"{'n_gold_tokens': 64, 'k': 64}",xlmr
task2_plausibility,d8e7271475e17f54,attnlrp,recall_at_k,0.390625,target,Compression,"{'n_gold_tokens': 64, 'k': 64}",xlmr
task2_plausibility,d8e7271475e17f54,attnlrp,f1_at_k,0.390625,target,Compression,"{'n_gold_tokens': 64, 'k': 64}",xlmr
task2_plausibility,d8e7271475e17f54,attnlrp,auprc,0.43711015922942803,target,Compression,"{'n_gold_tokens': 64, 'k': 64}",xlmr
task2_plausibility,d8e7271475e17f54,attnlrp,precision_at_k,0.453125,target,Syntactic Change,"{'n_gold_tokens': 64, 'k': 64}",xlmr
task2_plausibility,d8e7271475e17f54,attnlrp,recall_at_k,0.453125,target,Syntactic Change,"{'n_gold_tokens': 64, 'k': 64}",xlmr
task2_plausibility,d8e7271475e17f54,attnlrp,f1_at_k,0.453125,target,Syntactic Change,"{'n_gold_tokens': 64, 'k': 64}",xlmr
task2_plausibility,d8e7271475e17f54,attnlrp,auprc,0.5700807001167156,target,Syntactic Change,"{'n_gold_tokens': 64, 'k': 64}",xlmr
task2_plausibility,da7beadf3e42cef3,attnlrp,precision_at_k,0.13333333333333333,target,Synonymy,"{'n_gold_tokens': 15, 'k': 15}",xlmr
task2_plausibility,da7beadf3e42cef3,attnlrp,recall_at_k,0.13333333333333333,target,Synonymy,"{'n_gold_tokens': 15, 'k': 15}",xlmr
task2_plausibility,da7beadf3e42cef3,attnlrp,f1_at_k,0.13333333333333333,target,Synonymy,"{'n_gold_tokens': 15, 'k': 15}",xlmr
task2_plausibility,da7beadf3e42cef3,attnlrp,auprc,0.1899163693814686,target,Synonymy,"{'n_gold_tokens': 15, 'k': 15}",xlmr
task2_plausibility,da7beadf3e42cef3,attnlrp,precision_at_k,0.06666666666666667,target,Syntactic Change,"{'n_gold_tokens': 15, 'k': 15}",xlmr
task2_plausibility,da7beadf3e42cef3,attnlrp,recall_at_k,0.06666666666666667,target,Syntactic Change,"{'n_gold_tokens': 15, 'k': 15}",xlmr
task2_plausibility,da7beadf3e42cef3,attnlrp,f1_at_k,0.06666666666666667,target,Syntactic Change,"{'n_gold_tokens': 15, 'k': 15}",xlmr
task2_plausibility,da7beadf3e42cef3,attnlrp,auprc,0.18010141611628025,target,Syntactic Change,"{'n_gold_tokens': 15, 'k': 15}",xlmr
task2_plausibility,dd463120bf4874eb,attnlrp,precision_at_k,0.1,target,Synonymy,"{'n_gold_tokens': 10, 'k': 10}",xlmr
task2_plausibility,dd463120bf4874eb,attnlrp,recall_at_k,0.1,target,Synonymy,"{'n_gold_tokens': 10, 'k': 10}",xlmr
task2_plausibility,dd463120bf4874eb,attnlrp,f1_at_k,0.10000000000000002,target,Synonymy,"{'n_gold_tokens': 10, 'k': 10}",xlmr
task2_plausibility,dd463120bf4874eb,attnlrp,auprc,0.19182127828138015,target,Synonymy,"{'n_gold_tokens': 10, 'k': 10}",xlmr
task2_plausibility,dd463120bf4874eb,attnlrp,precision_at_k,0.2,target,Syntactic Change,"{'n_gold_tokens': 10, 'k': 10}",xlmr
task2_plausibility,dd463120bf4874eb,attnlrp,recall_at_k,0.2,target,Syntactic Change,"{'n_gold_tokens': 10, 'k': 10}",xlmr
task2_plausibility,dd463120bf4874eb,attnlrp,f1_at_k,0.20000000000000004,target,Syntactic Change,"{'n_gold_tokens': 10, 'k': 10}",xlmr
task2_plausibility,dd463120bf4874eb,attnlrp,auprc,0.208896897957619,target,Syntactic Change,"{'n_gold_tokens': 10, 'k': 10}",xlmr
task2_plausibility,dedb5b63412b6f2e,attnlrp,precision_at_k,0.0,target,Synonymy,"{'n_gold_tokens': 8, 'k': 8}",xlmr
task2_plausibility,dedb5b63412b6f2e,attnlrp,recall_at_k,0.0,target,Synonymy,"{'n_gold_tokens': 8, 'k': 8}",xlmr
task2_plausibility,dedb5b63412b6f2e,attnlrp,f1_at_k,0.0,target,Synonymy,"{'n_gold_tokens': 8, 'k': 8}",xlmr
task2_plausibility,dedb5b63412b6f2e,attnlrp,auprc,0.16177129962442982,target,Synonymy,"{'n_gold_tokens': 8, 'k': 8}",xlmr
task2_plausibility,dedb5b63412b6f2e,attnlrp,precision_at_k,0.125,target,Syntactic Change,"{'n_gold_tokens': 8, 'k': 8}",xlmr
task2_plausibility,dedb5b63412b6f2e,attnlrp,recall_at_k,0.125,target,Syntactic Change,"{'n_gold_tokens': 8, 'k': 8}",xlmr
task2_plausibility,dedb5b63412b6f2e,attnlrp,f1_at_k,0.125,target,Syntactic Change,"{'n_gold_tokens': 8, 'k': 8}",xlmr
task2_plausibility,dedb5b63412b6f2e,attnlrp,auprc,0.1404534896256799,target,Syntactic Change,"{'n_gold_tokens': 8, 'k': 8}",xlmr
task2_plausibility,dfa7cda1ec850ec0,attnlrp,precision_at_k,0.25,target,Synonymy,"{'n_gold_tokens': 8, 'k': 8}",xlmr
task2_plausibility,dfa7cda1ec850ec0,attnlrp,recall_at_k,0.25,target,Synonymy,"{'n_gold_tokens': 8, 'k': 8}",xlmr
task2_plausibility,dfa7cda1ec850ec0,attnlrp,f1_at_k,0.25,target,Synonymy,"{'n_gold_tokens': 8, 'k': 8}",xlmr
task2_plausibility,dfa7cda1ec850ec0,attnlrp,auprc,0.3208054010364665,target,Synonymy,"{'n_gold_tokens': 8, 'k': 8}",xlmr
task2_plausibility,dfa7cda1ec850ec0,attnlrp,precision_at_k,0.125,target,Syntactic Change,"{'n_gold_tokens': 8, 'k': 8}",xlmr
task2_plausibility,dfa7cda1ec850ec0,attnlrp,recall_at_k,0.125,target,Syntactic Change,"{'n_gold_tokens': 8, 'k': 8}",xlmr
task2_plausibility,dfa7cda1ec850ec0,attnlrp,f1_at_k,0.125,target,Syntactic Change,"{'n_gold_tokens': 8, 'k': 8}",xlmr
task2_plausibility,dfa7cda1ec850ec0,attnlrp,auprc,0.17325621209785178,target,Syntactic Change,"{'n_gold_tokens': 8, 'k': 8}",xlmr
task2_plausibility,dfc219fff157e309,attnlrp,precision_at_k,0.0,target,Synonymy,"{'n_gold_tokens': 10, 'k': 10}",xlmr
task2_plausibility,dfc219fff157e309,attnlrp,recall_at_k,0.0,target,Synonymy,"{'n_gold_tokens': 10, 'k': 10}",xlmr
task2_plausibility,dfc219fff157e309,attnlrp,f1_at_k,0.0,target,Synonymy,"{'n_gold_tokens': 10, 'k': 10}",xlmr
task2_plausibility,dfc219fff157e309,attnlrp,auprc,0.08216989954584628,target,Synonymy,"{'n_gold_tokens': 10, 'k': 10}",xlmr
task2_plausibility,dfc219fff157e309,attnlrp,precision_at_k,0.0,target,Syntactic Change,"{'n_gold_tokens': 10, 'k': 10}",xlmr
task2_plausibility,dfc219fff157e309,attnlrp,recall_at_k,0.0,target,Syntactic Change,"{'n_gold_tokens': 10, 'k': 10}",xlmr
task2_plausibility,dfc219fff157e309,attnlrp,f1_at_k,0.0,target,Syntactic Change,"{'n_gold_tokens': 10, 'k': 10}",xlmr
task2_plausibility,dfc219fff157e309,attnlrp,auprc,0.09417374758811177,target,Syntactic Change,"{'n_gold_tokens': 10, 'k': 10}",xlmr
task2_plausibility,e24448fc633d99f2,attnlrp,precision_at_k,0.3191489361702128,target,Synonymy,"{'n_gold_tokens': 47, 'k': 47}",xlmr
task2_plausibility,e24448fc633d99f2,attnlrp,recall_at_k,0.3191489361702128,target,Synonymy,"{'n_gold_tokens': 47, 'k': 47}",xlmr
task2_plausibility,e24448fc633d99f2,attnlrp,f1_at_k,0.3191489361702128,target,Synonymy,"{'n_gold_tokens': 47, 'k': 47}",xlmr
task2_plausibility,e24448fc633d99f2,attnlrp,auprc,0.3898437239683028,target,Synonymy,"{'n_gold_tokens': 47, 'k': 47}",xlmr
task2_plausibility,e24448fc633d99f2,attnlrp,precision_at_k,0.2978723404255319,target,Compression,"{'n_gold_tokens': 47, 'k': 47}",xlmr
task2_plausibility,e24448fc633d99f2,attnlrp,recall_at_k,0.2978723404255319,target,Compression,"{'n_gold_tokens': 47, 'k': 47}",xlmr
task2_plausibility,e24448fc633d99f2,attnlrp,f1_at_k,0.2978723404255319,target,Compression,"{'n_gold_tokens': 47, 'k': 47}",xlmr
task2_plausibility,e24448fc633d99f2,attnlrp,auprc,0.37310164248660144,target,Compression,"{'n_gold_tokens': 47, 'k': 47}",xlmr
task2_plausibility,e24448fc633d99f2,attnlrp,precision_at_k,0.425531914893617,target,Explanation,"{'n_gold_tokens': 47, 'k': 47}",xlmr
task2_plausibility,e24448fc633d99f2,attnlrp,recall_at_k,0.425531914893617,target,Explanation,"{'n_gold_tokens': 47, 'k': 47}",xlmr
task2_plausibility,e24448fc633d99f2,attnlrp,f1_at_k,0.42553191489361697,target,Explanation,"{'n_gold_tokens': 47, 'k': 47}",xlmr
task2_plausibility,e24448fc633d99f2,attnlrp,auprc,0.43875075121818335,target,Explanation,"{'n_gold_tokens': 47, 'k': 47}",xlmr
task2_plausibility,e24448fc633d99f2,attnlrp,precision_at_k,0.3829787234042553,target,Syntactic Change,"{'n_gold_tokens': 47, 'k': 47}",xlmr
task2_plausibility,e24448fc633d99f2,attnlrp,recall_at_k,0.3829787234042553,target,Syntactic Change,"{'n_gold_tokens': 47, 'k': 47}",xlmr
task2_plausibility,e24448fc633d99f2,attnlrp,f1_at_k,0.38297872340425526,target,Syntactic Change,"{'n_gold_tokens': 47, 'k': 47}",xlmr
task2_plausibility,e24448fc633d99f2,attnlrp,auprc,0.3942831197242471,target,Syntactic Change,"{'n_gold_tokens': 47, 'k': 47}",xlmr
task2_plausibility,e55251ffe0c7e65f,attnlrp,precision_at_k,0.3684210526315789,target,Synonymy,"{'n_gold_tokens': 19, 'k': 19}",xlmr
task2_plausibility,e55251ffe0c7e65f,attnlrp,recall_at_k,0.3684210526315789,target,Synonymy,"{'n_gold_tokens': 19, 'k': 19}",xlmr
task2_plausibility,e55251ffe0c7e65f,attnlrp,f1_at_k,0.3684210526315789,target,Synonymy,"{'n_gold_tokens': 19, 'k': 19}",xlmr
task2_plausibility,e55251ffe0c7e65f,attnlrp,auprc,0.29866021122379294,target,Synonymy,"{'n_gold_tokens': 19, 'k': 19}",xlmr
task2_plausibility,e55251ffe0c7e65f,attnlrp,precision_at_k,0.21052631578947367,target,Syntactic Change,"{'n_gold_tokens': 19, 'k': 19}",xlmr
task2_plausibility,e55251ffe0c7e65f,attnlrp,recall_at_k,0.21052631578947367,target,Syntactic Change,"{'n_gold_tokens': 19, 'k': 19}",xlmr
task2_plausibility,e55251ffe0c7e65f,attnlrp,f1_at_k,0.21052631578947367,target,Syntactic Change,"{'n_gold_tokens': 19, 'k': 19}",xlmr
task2_plausibility,e55251ffe0c7e65f,attnlrp,auprc,0.24832389259848528,target,Syntactic Change,"{'n_gold_tokens': 19, 'k': 19}",xlmr
task2_plausibility,ea9717c2058bf632,attnlrp,precision_at_k,0.1111111111111111,target,Synonymy,"{'n_gold_tokens': 9, 'k': 9}",xlmr
task2_plausibility,ea9717c2058bf632,attnlrp,recall_at_k,0.1111111111111111,target,Synonymy,"{'n_gold_tokens': 9, 'k': 9}",xlmr
task2_plausibility,ea9717c2058bf632,attnlrp,f1_at_k,0.1111111111111111,target,Synonymy,"{'n_gold_tokens': 9, 'k': 9}",xlmr
task2_plausibility,ea9717c2058bf632,attnlrp,auprc,0.17846578497116133,target,Synonymy,"{'n_gold_tokens': 9, 'k': 9}",xlmr
task2_plausibility,ea9717c2058bf632,attnlrp,precision_at_k,0.0,target,Syntactic Change,"{'n_gold_tokens': 9, 'k': 9}",xlmr
task2_plausibility,ea9717c2058bf632,attnlrp,recall_at_k,0.0,target,Syntactic Change,"{'n_gold_tokens': 9, 'k': 9}",xlmr
task2_plausibility,ea9717c2058bf632,attnlrp,f1_at_k,0.0,target,Syntactic Change,"{'n_gold_tokens': 9, 'k': 9}",xlmr
task2_plausibility,ea9717c2058bf632,attnlrp,auprc,0.15961544245781972,target,Syntactic Change,"{'n_gold_tokens': 9, 'k': 9}",xlmr
task2_plausibility,ecc16088d9c74ebe,attnlrp,precision_at_k,0.3,target,Synonymy,"{'n_gold_tokens': 20, 'k': 20}",xlmr
task2_plausibility,ecc16088d9c74ebe,attnlrp,recall_at_k,0.3,target,Synonymy,"{'n_gold_tokens': 20, 'k': 20}",xlmr
task2_plausibility,ecc16088d9c74ebe,attnlrp,f1_at_k,0.3,target,Synonymy,"{'n_gold_tokens': 20, 'k': 20}",xlmr
task2_plausibility,ecc16088d9c74ebe,attnlrp,auprc,0.32987862717222965,target,Synonymy,"{'n_gold_tokens': 20, 'k': 20}",xlmr
task2_plausibility,ecc16088d9c74ebe,attnlrp,precision_at_k,0.25,target,Syntactic Change,"{'n_gold_tokens': 20, 'k': 20}",xlmr
task2_plausibility,ecc16088d9c74ebe,attnlrp,recall_at_k,0.25,target,Syntactic Change,"{'n_gold_tokens': 20, 'k': 20}",xlmr
task2_plausibility,ecc16088d9c74ebe,attnlrp,f1_at_k,0.25,target,Syntactic Change,"{'n_gold_tokens': 20, 'k': 20}",xlmr
task2_plausibility,ecc16088d9c74ebe,attnlrp,auprc,0.29413794260779613,target,Syntactic Change,"{'n_gold_tokens': 20, 'k': 20}",xlmr
task2_plausibility,edab78670491da4c,attnlrp,precision_at_k,0.2,target,Synonymy,"{'n_gold_tokens': 15, 'k': 15}",xlmr
task2_plausibility,edab78670491da4c,attnlrp,recall_at_k,0.2,target,Synonymy,"{'n_gold_tokens': 15, 'k': 15}",xlmr
task2_plausibility,edab78670491da4c,attnlrp,f1_at_k,0.20000000000000004,target,Synonymy,"{'n_gold_tokens': 15, 'k': 15}",xlmr
task2_plausibility,edab78670491da4c,attnlrp,auprc,0.2626656354917224,target,Synonymy,"{'n_gold_tokens': 15, 'k': 15}",xlmr
task2_plausibility,edab78670491da4c,attnlrp,precision_at_k,0.26666666666666666,target,Syntactic Change,"{'n_gold_tokens': 15, 'k': 15}",xlmr
task2_plausibility,edab78670491da4c,attnlrp,recall_at_k,0.26666666666666666,target,Syntactic Change,"{'n_gold_tokens': 15, 'k': 15}",xlmr
task2_plausibility,edab78670491da4c,attnlrp,f1_at_k,0.26666666666666666,target,Syntactic Change,"{'n_gold_tokens': 15, 'k': 15}",xlmr
task2_plausibility,edab78670491da4c,attnlrp,auprc,0.244823918334363,target,Syntactic Change,"{'n_gold_tokens': 15, 'k': 15}",xlmr
task2_plausibility,f530783c707037ed,attnlrp,precision_at_k,0.2,target,Synonymy,"{'n_gold_tokens': 35, 'k': 35}",xlmr
task2_plausibility,f530783c707037ed,attnlrp,recall_at_k,0.2,target,Synonymy,"{'n_gold_tokens': 35, 'k': 35}",xlmr
task2_plausibility,f530783c707037ed,attnlrp,f1_at_k,0.20000000000000004,target,Synonymy,"{'n_gold_tokens': 35, 'k': 35}",xlmr
task2_plausibility,f530783c707037ed,attnlrp,auprc,0.2525864658305154,target,Synonymy,"{'n_gold_tokens': 35, 'k': 35}",xlmr
task2_plausibility,f530783c707037ed,attnlrp,precision_at_k,0.2857142857142857,target,Syntactic Change,"{'n_gold_tokens': 35, 'k': 35}",xlmr
task2_plausibility,f530783c707037ed,attnlrp,recall_at_k,0.2857142857142857,target,Syntactic Change,"{'n_gold_tokens': 35, 'k': 35}",xlmr
task2_plausibility,f530783c707037ed,attnlrp,f1_at_k,0.2857142857142857,target,Syntactic Change,"{'n_gold_tokens': 35, 'k': 35}",xlmr
task2_plausibility,f530783c707037ed,attnlrp,auprc,0.3026633767927986,target,Syntactic Change,"{'n_gold_tokens': 35, 'k': 35}",xlmr
task2_plausibility,f8290277f12f9fad,attnlrp,precision_at_k,0.4642857142857143,target,Synonymy,"{'n_gold_tokens': 28, 'k': 28}",xlmr
task2_plausibility,f8290277f12f9fad,attnlrp,recall_at_k,0.4642857142857143,target,Synonymy,"{'n_gold_tokens': 28, 'k': 28}",xlmr
task2_plausibility,f8290277f12f9fad,attnlrp,f1_at_k,0.4642857142857143,target,Synonymy,"{'n_gold_tokens': 28, 'k': 28}",xlmr
task2_plausibility,f8290277f12f9fad,attnlrp,auprc,0.5243767911434888,target,Synonymy,"{'n_gold_tokens': 28, 'k': 28}",xlmr
task2_plausibility,f8290277f12f9fad,attnlrp,precision_at_k,0.5,target,Syntactic Change,"{'n_gold_tokens': 28, 'k': 28}",xlmr
task2_plausibility,f8290277f12f9fad,attnlrp,recall_at_k,0.5,target,Syntactic Change,"{'n_gold_tokens': 28, 'k': 28}",xlmr
task2_plausibility,f8290277f12f9fad,attnlrp,f1_at_k,0.5,target,Syntactic Change,"{'n_gold_tokens': 28, 'k': 28}",xlmr
task2_plausibility,f8290277f12f9fad,attnlrp,auprc,0.5730795965403379,target,Syntactic Change,"{'n_gold_tokens': 28, 'k': 28}",xlmr
task2_plausibility,f9081372398879bc,attnlrp,precision_at_k,0.3333333333333333,target,Synonymy,"{'n_gold_tokens': 3, 'k': 3}",xlmr
task2_plausibility,f9081372398879bc,attnlrp,recall_at_k,0.3333333333333333,target,Synonymy,"{'n_gold_tokens': 3, 'k': 3}",xlmr
task2_plausibility,f9081372398879bc,attnlrp,f1_at_k,0.3333333333333333,target,Synonymy,"{'n_gold_tokens': 3, 'k': 3}",xlmr
task2_plausibility,f9081372398879bc,attnlrp,auprc,0.4476190476190476,target,Synonymy,"{'n_gold_tokens': 3, 'k': 3}",xlmr
task2_plausibility,fa4105426b3b8ef7,attnlrp,precision_at_k,0.23076923076923078,target,Synonymy,"{'n_gold_tokens': 26, 'k': 26}",xlmr
task2_plausibility,fa4105426b3b8ef7,attnlrp,recall_at_k,0.23076923076923078,target,Synonymy,"{'n_gold_tokens': 26, 'k': 26}",xlmr
task2_plausibility,fa4105426b3b8ef7,attnlrp,f1_at_k,0.23076923076923078,target,Synonymy,"{'n_gold_tokens': 26, 'k': 26}",xlmr
task2_plausibility,fa4105426b3b8ef7,attnlrp,auprc,0.2735462241909079,target,Synonymy,"{'n_gold_tokens': 26, 'k': 26}",xlmr
task2_plausibility,fa4105426b3b8ef7,attnlrp,precision_at_k,0.23076923076923078,target,Syntactic Change,"{'n_gold_tokens': 26, 'k': 26}",xlmr
task2_plausibility,fa4105426b3b8ef7,attnlrp,recall_at_k,0.23076923076923078,target,Syntactic Change,"{'n_gold_tokens': 26, 'k': 26}",xlmr
task2_plausibility,fa4105426b3b8ef7,attnlrp,f1_at_k,0.23076923076923078,target,Syntactic Change,"{'n_gold_tokens': 26, 'k': 26}",xlmr
task2_plausibility,fa4105426b3b8ef7,attnlrp,auprc,0.24162530444114266,target,Syntactic Change,"{'n_gold_tokens': 26, 'k': 26}",xlmr
task2_plausibility,187732a6dead28fb,attnlrp,precision_at_k,0.3333333333333333,target,Explanation,"{'n_gold_tokens': 9, 'k': 9}",xlmr
task2_plausibility,187732a6dead28fb,attnlrp,recall_at_k,0.3333333333333333,target,Explanation,"{'n_gold_tokens': 9, 'k': 9}",xlmr
task2_plausibility,187732a6dead28fb,attnlrp,f1_at_k,0.3333333333333333,target,Explanation,"{'n_gold_tokens': 9, 'k': 9}",xlmr
task2_plausibility,187732a6dead28fb,attnlrp,auprc,0.38143642849525206,target,Explanation,"{'n_gold_tokens': 9, 'k': 9}",xlmr
task2_plausibility,1193f9cb35c45cdd,attnlrp,precision_at_k,0.4,target,Modulation,"{'n_gold_tokens': 10, 'k': 10}",xlmr
task2_plausibility,1193f9cb35c45cdd,attnlrp,recall_at_k,0.4,target,Modulation,"{'n_gold_tokens': 10, 'k': 10}",xlmr
task2_plausibility,1193f9cb35c45cdd,attnlrp,f1_at_k,0.4000000000000001,target,Modulation,"{'n_gold_tokens': 10, 'k': 10}",xlmr
task2_plausibility,1193f9cb35c45cdd,attnlrp,auprc,0.5191800356506239,target,Modulation,"{'n_gold_tokens': 10, 'k': 10}",xlmr
task2_plausibility,1193f9cb35c45cdd,attnlrp,precision_at_k,0.6,target,Explanation,"{'n_gold_tokens': 10, 'k': 10}",xlmr
task2_plausibility,1193f9cb35c45cdd,attnlrp,recall_at_k,0.6,target,Explanation,"{'n_gold_tokens': 10, 'k': 10}",xlmr
task2_plausibility,1193f9cb35c45cdd,attnlrp,f1_at_k,0.6,target,Explanation,"{'n_gold_tokens': 10, 'k': 10}",xlmr
task2_plausibility,1193f9cb35c45cdd,attnlrp,auprc,0.5707597574838954,target,Explanation,"{'n_gold_tokens': 10, 'k': 10}",xlmr
task2_plausibility,1193f9cb35c45cdd,attnlrp,precision_at_k,0.4,target,Syntactic Change,"{'n_gold_tokens': 10, 'k': 10}",xlmr
task2_plausibility,1193f9cb35c45cdd,attnlrp,recall_at_k,0.4,target,Syntactic Change,"{'n_gold_tokens': 10, 'k': 10}",xlmr
task2_plausibility,1193f9cb35c45cdd,attnlrp,f1_at_k,0.4000000000000001,target,Syntactic Change,"{'n_gold_tokens': 10, 'k': 10}",xlmr
task2_plausibility,1193f9cb35c45cdd,attnlrp,auprc,0.3722452433458126,target,Syntactic Change,"{'n_gold_tokens': 10, 'k': 10}",xlmr
task2_plausibility,9578c6cc75e52be2,attnlrp,precision_at_k,0.125,target,Explanation,"{'n_gold_tokens': 8, 'k': 8}",xlmr
task2_plausibility,9578c6cc75e52be2,attnlrp,recall_at_k,0.125,target,Explanation,"{'n_gold_tokens': 8, 'k': 8}",xlmr
task2_plausibility,9578c6cc75e52be2,attnlrp,f1_at_k,0.125,target,Explanation,"{'n_gold_tokens': 8, 'k': 8}",xlmr
task2_plausibility,9578c6cc75e52be2,attnlrp,auprc,0.1552145312457364,target,Explanation,"{'n_gold_tokens': 8, 'k': 8}",xlmr
task2_plausibility,9578c6cc75e52be2,attnlrp,precision_at_k,0.25,target,Syntactic Change,"{'n_gold_tokens': 8, 'k': 8}",xlmr
task2_plausibility,9578c6cc75e52be2,attnlrp,recall_at_k,0.25,target,Syntactic Change,"{'n_gold_tokens': 8, 'k': 8}",xlmr
task2_plausibility,9578c6cc75e52be2,attnlrp,f1_at_k,0.25,target,Syntactic Change,"{'n_gold_tokens': 8, 'k': 8}",xlmr
task2_plausibility,9578c6cc75e52be2,attnlrp,auprc,0.29664759887613884,target,Syntactic Change,"{'n_gold_tokens': 8, 'k': 8}",xlmr
task2_plausibility,e0636d666325d6ce,attnlrp,precision_at_k,0.2,target,Explanation,"{'n_gold_tokens': 10, 'k': 10}",xlmr
task2_plausibility,e0636d666325d6ce,attnlrp,recall_at_k,0.2,target,Explanation,"{'n_gold_tokens': 10, 'k': 10}",xlmr
task2_plausibility,e0636d666325d6ce,attnlrp,f1_at_k,0.20000000000000004,target,Explanation,"{'n_gold_tokens': 10, 'k': 10}",xlmr
task2_plausibility,e0636d666325d6ce,attnlrp,auprc,0.19448715691043061,target,Explanation,"{'n_gold_tokens': 10, 'k': 10}",xlmr
task2_plausibility,e0636d666325d6ce,attnlrp,precision_at_k,0.3,target,Syntactic Change,"{'n_gold_tokens': 10, 'k': 10}",xlmr
task2_plausibility,e0636d666325d6ce,attnlrp,recall_at_k,0.3,target,Syntactic Change,"{'n_gold_tokens': 10, 'k': 10}",xlmr
task2_plausibility,e0636d666325d6ce,attnlrp,f1_at_k,0.3,target,Syntactic Change,"{'n_gold_tokens': 10, 'k': 10}",xlmr
task2_plausibility,e0636d666325d6ce,attnlrp,auprc,0.27729643926128367,target,Syntactic Change,"{'n_gold_tokens': 10, 'k': 10}",xlmr
task2_plausibility,b8deb73c341bd4bd,attnlrp,precision_at_k,0.2222222222222222,target,Explanation,"{'n_gold_tokens': 9, 'k': 9}",xlmr
task2_plausibility,b8deb73c341bd4bd,attnlrp,recall_at_k,0.2222222222222222,target,Explanation,"{'n_gold_tokens': 9, 'k': 9}",xlmr
task2_plausibility,b8deb73c341bd4bd,attnlrp,f1_at_k,0.2222222222222222,target,Explanation,"{'n_gold_tokens': 9, 'k': 9}",xlmr
task2_plausibility,b8deb73c341bd4bd,attnlrp,auprc,0.4239082921767895,target,Explanation,"{'n_gold_tokens': 9, 'k': 9}",xlmr
task2_plausibility,e1a95c4a13d4a59a,attnlrp,precision_at_k,0.25,target,Explanation,"{'n_gold_tokens': 8, 'k': 8}",xlmr
task2_plausibility,e1a95c4a13d4a59a,attnlrp,recall_at_k,0.25,target,Explanation,"{'n_gold_tokens': 8, 'k': 8}",xlmr
task2_plausibility,e1a95c4a13d4a59a,attnlrp,f1_at_k,0.25,target,Explanation,"{'n_gold_tokens': 8, 'k': 8}",xlmr
task2_plausibility,e1a95c4a13d4a59a,attnlrp,auprc,0.5092242638682267,target,Explanation,"{'n_gold_tokens': 8, 'k': 8}",xlmr
task2_plausibility,fcceaf92df53c774,attnlrp,precision_at_k,0.3333333333333333,target,Explanation,"{'n_gold_tokens': 9, 'k': 9}",xlmr
task2_plausibility,fcceaf92df53c774,attnlrp,recall_at_k,0.3333333333333333,target,Explanation,"{'n_gold_tokens': 9, 'k': 9}",xlmr
task2_plausibility,fcceaf92df53c774,attnlrp,f1_at_k,0.3333333333333333,target,Explanation,"{'n_gold_tokens': 9, 'k': 9}",xlmr
task2_plausibility,fcceaf92df53c774,attnlrp,auprc,0.5153308446786707,target,Explanation,"{'n_gold_tokens': 9, 'k': 9}",xlmr
task2_plausibility,79d044757e2a0289,attnlrp,precision_at_k,0.2727272727272727,target,Modulation,"{'n_gold_tokens': 11, 'k': 11}",xlmr
task2_plausibility,79d044757e2a0289,attnlrp,recall_at_k,0.2727272727272727,target,Modulation,"{'n_gold_tokens': 11, 'k': 11}",xlmr
task2_plausibility,79d044757e2a0289,attnlrp,f1_at_k,0.2727272727272727,target,Modulation,"{'n_gold_tokens': 11, 'k': 11}",xlmr
task2_plausibility,79d044757e2a0289,attnlrp,auprc,0.41095776247071414,target,Modulation,"{'n_gold_tokens': 11, 'k': 11}",xlmr
task2_plausibility,79d044757e2a0289,attnlrp,precision_at_k,0.36363636363636365,target,Explanation,"{'n_gold_tokens': 11, 'k': 11}",xlmr
task2_plausibility,79d044757e2a0289,attnlrp,recall_at_k,0.36363636363636365,target,Explanation,"{'n_gold_tokens': 11, 'k': 11}",xlmr
task2_plausibility,79d044757e2a0289,attnlrp,f1_at_k,0.36363636363636365,target,Explanation,"{'n_gold_tokens': 11, 'k': 11}",xlmr
task2_plausibility,79d044757e2a0289,attnlrp,auprc,0.5224594276180036,target,Explanation,"{'n_gold_tokens': 11, 'k': 11}",xlmr
task2_plausibility,41711f05e2154f19,attnlrp,precision_at_k,0.6923076923076923,target,Explanation,"{'n_gold_tokens': 13, 'k': 13}",xlmr
task2_plausibility,41711f05e2154f19,attnlrp,recall_at_k,0.6923076923076923,target,Explanation,"{'n_gold_tokens': 13, 'k': 13}",xlmr
task2_plausibility,41711f05e2154f19,attnlrp,f1_at_k,0.6923076923076923,target,Explanation,"{'n_gold_tokens': 13, 'k': 13}",xlmr
task2_plausibility,41711f05e2154f19,attnlrp,auprc,0.7628263850844494,target,Explanation,"{'n_gold_tokens': 13, 'k': 13}",xlmr
task2_plausibility,d5f96b4d8357cc30,attnlrp,precision_at_k,0.2857142857142857,target,Explanation,"{'n_gold_tokens': 7, 'k': 7}",xlmr
task2_plausibility,d5f96b4d8357cc30,attnlrp,recall_at_k,0.2857142857142857,target,Explanation,"{'n_gold_tokens': 7, 'k': 7}",xlmr
task2_plausibility,d5f96b4d8357cc30,attnlrp,f1_at_k,0.2857142857142857,target,Explanation,"{'n_gold_tokens': 7, 'k': 7}",xlmr
task2_plausibility,d5f96b4d8357cc30,attnlrp,auprc,0.5082833832833833,target,Explanation,"{'n_gold_tokens': 7, 'k': 7}",xlmr
task2_plausibility,50536e22a817d894,attnlrp,precision_at_k,0.53125,target,Explanation,"{'n_gold_tokens': 32, 'k': 32}",xlmr
task2_plausibility,50536e22a817d894,attnlrp,recall_at_k,0.53125,target,Explanation,"{'n_gold_tokens': 32, 'k': 32}",xlmr
task2_plausibility,50536e22a817d894,attnlrp,f1_at_k,0.53125,target,Explanation,"{'n_gold_tokens': 32, 'k': 32}",xlmr
task2_plausibility,50536e22a817d894,attnlrp,auprc,0.5261760742567088,target,Explanation,"{'n_gold_tokens': 32, 'k': 32}",xlmr
task2_plausibility,50536e22a817d894,attnlrp,precision_at_k,0.625,target,Syntactic Change,"{'n_gold_tokens': 32, 'k': 32}",xlmr
task2_plausibility,50536e22a817d894,attnlrp,recall_at_k,0.625,target,Syntactic Change,"{'n_gold_tokens': 32, 'k': 32}",xlmr
task2_plausibility,50536e22a817d894,attnlrp,f1_at_k,0.625,target,Syntactic Change,"{'n_gold_tokens': 32, 'k': 32}",xlmr
task2_plausibility,50536e22a817d894,attnlrp,auprc,0.6549437062591117,target,Syntactic Change,"{'n_gold_tokens': 32, 'k': 32}",xlmr
task2_plausibility,cf15b919f0330f54,attnlrp,precision_at_k,0.47368421052631576,target,Explanation,"{'n_gold_tokens': 38, 'k': 38}",xlmr
task2_plausibility,cf15b919f0330f54,attnlrp,recall_at_k,0.47368421052631576,target,Explanation,"{'n_gold_tokens': 38, 'k': 38}",xlmr
task2_plausibility,cf15b919f0330f54,attnlrp,f1_at_k,0.47368421052631576,target,Explanation,"{'n_gold_tokens': 38, 'k': 38}",xlmr
task2_plausibility,cf15b919f0330f54,attnlrp,auprc,0.493214391298643,target,Explanation,"{'n_gold_tokens': 38, 'k': 38}",xlmr
task2_plausibility,cf15b919f0330f54,attnlrp,precision_at_k,0.3684210526315789,target,Syntactic Change,"{'n_gold_tokens': 38, 'k': 38}",xlmr
task2_plausibility,cf15b919f0330f54,attnlrp,recall_at_k,0.3684210526315789,target,Syntactic Change,"{'n_gold_tokens': 38, 'k': 38}",xlmr
task2_plausibility,cf15b919f0330f54,attnlrp,f1_at_k,0.3684210526315789,target,Syntactic Change,"{'n_gold_tokens': 38, 'k': 38}",xlmr
task2_plausibility,cf15b919f0330f54,attnlrp,auprc,0.4013870107176239,target,Syntactic Change,"{'n_gold_tokens': 38, 'k': 38}",xlmr
task2_plausibility,143449b49944481c,attnlrp,precision_at_k,0.1,target,Explanation,"{'n_gold_tokens': 10, 'k': 10}",xlmr
task2_plausibility,143449b49944481c,attnlrp,recall_at_k,0.1,target,Explanation,"{'n_gold_tokens': 10, 'k': 10}",xlmr
task2_plausibility,143449b49944481c,attnlrp,f1_at_k,0.10000000000000002,target,Explanation,"{'n_gold_tokens': 10, 'k': 10}",xlmr
task2_plausibility,143449b49944481c,attnlrp,auprc,0.29375103254748935,target,Explanation,"{'n_gold_tokens': 10, 'k': 10}",xlmr
task2_plausibility,6410da5aa153e7d3,attnlrp,precision_at_k,0.3333333333333333,target,Explanation,"{'n_gold_tokens': 6, 'k': 6}",xlmr
task2_plausibility,6410da5aa153e7d3,attnlrp,recall_at_k,0.3333333333333333,target,Explanation,"{'n_gold_tokens': 6, 'k': 6}",xlmr
task2_plausibility,6410da5aa153e7d3,attnlrp,f1_at_k,0.3333333333333333,target,Explanation,"{'n_gold_tokens': 6, 'k': 6}",xlmr
task2_plausibility,6410da5aa153e7d3,attnlrp,auprc,0.30150421310533854,target,Explanation,"{'n_gold_tokens': 6, 'k': 6}",xlmr
task2_plausibility,6410da5aa153e7d3,attnlrp,precision_at_k,0.5,target,Omission,"{'n_gold_tokens': 6, 'k': 6}",xlmr
task2_plausibility,6410da5aa153e7d3,attnlrp,recall_at_k,0.5,target,Omission,"{'n_gold_tokens': 6, 'k': 6}",xlmr
task2_plausibility,6410da5aa153e7d3,attnlrp,f1_at_k,0.5,target,Omission,"{'n_gold_tokens': 6, 'k': 6}",xlmr
task2_plausibility,6410da5aa153e7d3,attnlrp,auprc,0.4821804083952421,target,Omission,"{'n_gold_tokens': 6, 'k': 6}",xlmr
task2_plausibility,041eab3dbfd09cbb,attnlrp,precision_at_k,0.4166666666666667,target,Synonymy,"{'n_gold_tokens': 12, 'k': 12}",xlmr
task2_plausibility,041eab3dbfd09cbb,attnlrp,recall_at_k,0.4166666666666667,target,Synonymy,"{'n_gold_tokens': 12, 'k': 12}",xlmr
task2_plausibility,041eab3dbfd09cbb,attnlrp,f1_at_k,0.4166666666666667,target,Synonymy,"{'n_gold_tokens': 12, 'k': 12}",xlmr
task2_plausibility,041eab3dbfd09cbb,attnlrp,auprc,0.45640306317012874,target,Synonymy,"{'n_gold_tokens': 12, 'k': 12}",xlmr
task2_plausibility,041eab3dbfd09cbb,attnlrp,precision_at_k,0.3333333333333333,target,Modulation,"{'n_gold_tokens': 12, 'k': 12}",xlmr
task2_plausibility,041eab3dbfd09cbb,attnlrp,recall_at_k,0.3333333333333333,target,Modulation,"{'n_gold_tokens': 12, 'k': 12}",xlmr
task2_plausibility,041eab3dbfd09cbb,attnlrp,f1_at_k,0.3333333333333333,target,Modulation,"{'n_gold_tokens': 12, 'k': 12}",xlmr
task2_plausibility,041eab3dbfd09cbb,attnlrp,auprc,0.3550455830480341,target,Modulation,"{'n_gold_tokens': 12, 'k': 12}",xlmr
task2_plausibility,069832004c766da3,attnlrp,precision_at_k,0.0,target,Synonymy,"{'n_gold_tokens': 9, 'k': 9}",xlmr
task2_plausibility,069832004c766da3,attnlrp,recall_at_k,0.0,target,Synonymy,"{'n_gold_tokens': 9, 'k': 9}",xlmr
task2_plausibility,069832004c766da3,attnlrp,f1_at_k,0.0,target,Synonymy,"{'n_gold_tokens': 9, 'k': 9}",xlmr
task2_plausibility,069832004c766da3,attnlrp,auprc,0.1234122424277175,target,Synonymy,"{'n_gold_tokens': 9, 'k': 9}",xlmr
task2_plausibility,069832004c766da3,attnlrp,precision_at_k,0.0,target,Modulation,"{'n_gold_tokens': 9, 'k': 9}",xlmr
task2_plausibility,069832004c766da3,attnlrp,recall_at_k,0.0,target,Modulation,"{'n_gold_tokens': 9, 'k': 9}",xlmr
task2_plausibility,069832004c766da3,attnlrp,f1_at_k,0.0,target,Modulation,"{'n_gold_tokens': 9, 'k': 9}",xlmr
task2_plausibility,069832004c766da3,attnlrp,auprc,0.10475411205892664,target,Modulation,"{'n_gold_tokens': 9, 'k': 9}",xlmr
task2_plausibility,06c2b1a7c821347c,attnlrp,precision_at_k,0.24,target,Synonymy,"{'n_gold_tokens': 25, 'k': 25}",xlmr
task2_plausibility,06c2b1a7c821347c,attnlrp,recall_at_k,0.24,target,Synonymy,"{'n_gold_tokens': 25, 'k': 25}",xlmr
task2_plausibility,06c2b1a7c821347c,attnlrp,f1_at_k,0.24,target,Synonymy,"{'n_gold_tokens': 25, 'k': 25}",xlmr
task2_plausibility,06c2b1a7c821347c,attnlrp,auprc,0.2776663991527255,target,Synonymy,"{'n_gold_tokens': 25, 'k': 25}",xlmr
task2_plausibility,06c2b1a7c821347c,attnlrp,precision_at_k,0.2,target,Modulation,"{'n_gold_tokens': 25, 'k': 25}",xlmr
task2_plausibility,06c2b1a7c821347c,attnlrp,recall_at_k,0.2,target,Modulation,"{'n_gold_tokens': 25, 'k': 25}",xlmr
task2_plausibility,06c2b1a7c821347c,attnlrp,f1_at_k,0.20000000000000004,target,Modulation,"{'n_gold_tokens': 25, 'k': 25}",xlmr
task2_plausibility,06c2b1a7c821347c,attnlrp,auprc,0.2799917292011448,target,Modulation,"{'n_gold_tokens': 25, 'k': 25}",xlmr
task2_plausibility,071d5037c44a2142,attnlrp,precision_at_k,0.48,target,Synonymy,"{'n_gold_tokens': 25, 'k': 25}",xlmr
task2_plausibility,071d5037c44a2142,attnlrp,recall_at_k,0.48,target,Synonymy,"{'n_gold_tokens': 25, 'k': 25}",xlmr
task2_plausibility,071d5037c44a2142,attnlrp,f1_at_k,0.48,target,Synonymy,"{'n_gold_tokens': 25, 'k': 25}",xlmr
task2_plausibility,071d5037c44a2142,attnlrp,auprc,0.45277503656169826,target,Synonymy,"{'n_gold_tokens': 25, 'k': 25}",xlmr
task2_plausibility,071d5037c44a2142,attnlrp,precision_at_k,0.4,target,Modulation,"{'n_gold_tokens': 25, 'k': 25}",xlmr
task2_plausibility,071d5037c44a2142,attnlrp,recall_at_k,0.4,target,Modulation,"{'n_gold_tokens': 25, 'k': 25}",xlmr
task2_plausibility,071d5037c44a2142,attnlrp,f1_at_k,0.4000000000000001,target,Modulation,"{'n_gold_tokens': 25, 'k': 25}",xlmr
task2_plausibility,071d5037c44a2142,attnlrp,auprc,0.4810958497828154,target,Modulation,"{'n_gold_tokens': 25, 'k': 25}",xlmr
task2_plausibility,082abb8cd02a86d9,attnlrp,precision_at_k,0.22727272727272727,target,Synonymy,"{'n_gold_tokens': 22, 'k': 22}",xlmr
task2_plausibility,082abb8cd02a86d9,attnlrp,recall_at_k,0.22727272727272727,target,Synonymy,"{'n_gold_tokens': 22, 'k': 22}",xlmr
task2_plausibility,082abb8cd02a86d9,attnlrp,f1_at_k,0.22727272727272727,target,Synonymy,"{'n_gold_tokens': 22, 'k': 22}",xlmr
task2_plausibility,082abb8cd02a86d9,attnlrp,auprc,0.20483873546474007,target,Synonymy,"{'n_gold_tokens': 22, 'k': 22}",xlmr
task2_plausibility,082abb8cd02a86d9,attnlrp,precision_at_k,0.13636363636363635,target,Modulation,"{'n_gold_tokens': 22, 'k': 22}",xlmr
task2_plausibility,082abb8cd02a86d9,attnlrp,recall_at_k,0.13636363636363635,target,Modulation,"{'n_gold_tokens': 22, 'k': 22}",xlmr
task2_plausibility,082abb8cd02a86d9,attnlrp,f1_at_k,0.13636363636363635,target,Modulation,"{'n_gold_tokens': 22, 'k': 22}",xlmr
task2_plausibility,082abb8cd02a86d9,attnlrp,auprc,0.18683144036961608,target,Modulation,"{'n_gold_tokens': 22, 'k': 22}",xlmr
task2_plausibility,0c15ce3db61a3809,attnlrp,precision_at_k,0.0,target,Synonymy,"{'n_gold_tokens': 2, 'k': 2}",xlmr
task2_plausibility,0c15ce3db61a3809,attnlrp,recall_at_k,0.0,target,Synonymy,"{'n_gold_tokens': 2, 'k': 2}",xlmr
task2_plausibility,0c15ce3db61a3809,attnlrp,f1_at_k,0.0,target,Synonymy,"{'n_gold_tokens': 2, 'k': 2}",xlmr
task2_plausibility,0c15ce3db61a3809,attnlrp,auprc,0.1125,target,Synonymy,"{'n_gold_tokens': 2, 'k': 2}",xlmr
task2_plausibility,0c15ce3db61a3809,attnlrp,precision_at_k,0.0,target,Modulation,"{'n_gold_tokens': 2, 'k': 2}",xlmr
task2_plausibility,0c15ce3db61a3809,attnlrp,recall_at_k,0.0,target,Modulation,"{'n_gold_tokens': 2, 'k': 2}",xlmr
task2_plausibility,0c15ce3db61a3809,attnlrp,f1_at_k,0.0,target,Modulation,"{'n_gold_tokens': 2, 'k': 2}",xlmr
task2_plausibility,0c15ce3db61a3809,attnlrp,auprc,0.050505050505050504,target,Modulation,"{'n_gold_tokens': 2, 'k': 2}",xlmr
task2_plausibility,0c4914f09c292c23,attnlrp,precision_at_k,0.25,target,Synonymy,"{'n_gold_tokens': 20, 'k': 20}",xlmr
task2_plausibility,0c4914f09c292c23,attnlrp,recall_at_k,0.25,target,Synonymy,"{'n_gold_tokens': 20, 'k': 20}",xlmr
task2_plausibility,0c4914f09c292c23,attnlrp,f1_at_k,0.25,target,Synonymy,"{'n_gold_tokens': 20, 'k': 20}",xlmr
task2_plausibility,0c4914f09c292c23,attnlrp,auprc,0.2787189748462503,target,Synonymy,"{'n_gold_tokens': 20, 'k': 20}",xlmr
task2_plausibility,0c4914f09c292c23,attnlrp,precision_at_k,0.25,target,Modulation,"{'n_gold_tokens': 20, 'k': 20}",xlmr
task2_plausibility,0c4914f09c292c23,attnlrp,recall_at_k,0.25,target,Modulation,"{'n_gold_tokens': 20, 'k': 20}",xlmr
task2_plausibility,0c4914f09c292c23,attnlrp,f1_at_k,0.25,target,Modulation,"{'n_gold_tokens': 20, 'k': 20}",xlmr
task2_plausibility,0c4914f09c292c23,attnlrp,auprc,0.2601666663187339,target,Modulation,"{'n_gold_tokens': 20, 'k': 20}",xlmr
task2_plausibility,0d4e89d50990bccf,attnlrp,precision_at_k,0.125,target,Synonymy,"{'n_gold_tokens': 8, 'k': 8}",xlmr
task2_plausibility,0d4e89d50990bccf,attnlrp,recall_at_k,0.125,target,Synonymy,"{'n_gold_tokens': 8, 'k': 8}",xlmr
task2_plausibility,0d4e89d50990bccf,attnlrp,f1_at_k,0.125,target,Synonymy,"{'n_gold_tokens': 8, 'k': 8}",xlmr
task2_plausibility,0d4e89d50990bccf,attnlrp,auprc,0.20432630432630433,target,Synonymy,"{'n_gold_tokens': 8, 'k': 8}",xlmr
task2_plausibility,0d4e89d50990bccf,attnlrp,precision_at_k,0.25,target,Modulation,"{'n_gold_tokens': 8, 'k': 8}",xlmr
task2_plausibility,0d4e89d50990bccf,attnlrp,recall_at_k,0.25,target,Modulation,"{'n_gold_tokens': 8, 'k': 8}",xlmr
task2_plausibility,0d4e89d50990bccf,attnlrp,f1_at_k,0.25,target,Modulation,"{'n_gold_tokens': 8, 'k': 8}",xlmr
task2_plausibility,0d4e89d50990bccf,attnlrp,auprc,0.3185718201754386,target,Modulation,"{'n_gold_tokens': 8, 'k': 8}",xlmr
task2_plausibility,0fb32132e6a618e4,attnlrp,precision_at_k,0.375,target,Synonymy,"{'n_gold_tokens': 8, 'k': 8}",xlmr
task2_plausibility,0fb32132e6a618e4,attnlrp,recall_at_k,0.375,target,Synonymy,"{'n_gold_tokens': 8, 'k': 8}",xlmr
task2_plausibility,0fb32132e6a618e4,attnlrp,f1_at_k,0.375,target,Synonymy,"{'n_gold_tokens': 8, 'k': 8}",xlmr
task2_plausibility,0fb32132e6a618e4,attnlrp,auprc,0.46918436293436294,target,Synonymy,"{'n_gold_tokens': 8, 'k': 8}",xlmr
task2_plausibility,0fb32132e6a618e4,attnlrp,precision_at_k,0.25,target,Modulation,"{'n_gold_tokens': 8, 'k': 8}",xlmr
task2_plausibility,0fb32132e6a618e4,attnlrp,recall_at_k,0.25,target,Modulation,"{'n_gold_tokens': 8, 'k': 8}",xlmr
task2_plausibility,0fb32132e6a618e4,attnlrp,f1_at_k,0.25,target,Modulation,"{'n_gold_tokens': 8, 'k': 8}",xlmr
task2_plausibility,0fb32132e6a618e4,attnlrp,auprc,0.4303569334628786,target,Modulation,"{'n_gold_tokens': 8, 'k': 8}",xlmr
task2_plausibility,13934b46dc51117d,attnlrp,precision_at_k,0.3333333333333333,target,Synonymy,"{'n_gold_tokens': 33, 'k': 33}",xlmr
task2_plausibility,13934b46dc51117d,attnlrp,recall_at_k,0.3333333333333333,target,Synonymy,"{'n_gold_tokens': 33, 'k': 33}",xlmr
task2_plausibility,13934b46dc51117d,attnlrp,f1_at_k,0.3333333333333333,target,Synonymy,"{'n_gold_tokens': 33, 'k': 33}",xlmr
task2_plausibility,13934b46dc51117d,attnlrp,auprc,0.3592560501553237,target,Synonymy,"{'n_gold_tokens': 33, 'k': 33}",xlmr
task2_plausibility,13934b46dc51117d,attnlrp,precision_at_k,0.24242424242424243,target,Modulation,"{'n_gold_tokens': 33, 'k': 33}",xlmr
task2_plausibility,13934b46dc51117d,attnlrp,recall_at_k,0.24242424242424243,target,Modulation,"{'n_gold_tokens': 33, 'k': 33}",xlmr
task2_plausibility,13934b46dc51117d,attnlrp,f1_at_k,0.24242424242424243,target,Modulation,"{'n_gold_tokens': 33, 'k': 33}",xlmr
task2_plausibility,13934b46dc51117d,attnlrp,auprc,0.3409421713010466,target,Modulation,"{'n_gold_tokens': 33, 'k': 33}",xlmr
task2_plausibility,15617fbe9b414a10,attnlrp,precision_at_k,0.3695652173913043,target,Synonymy,"{'n_gold_tokens': 46, 'k': 46}",xlmr
task2_plausibility,15617fbe9b414a10,attnlrp,recall_at_k,0.3695652173913043,target,Synonymy,"{'n_gold_tokens': 46, 'k': 46}",xlmr
task2_plausibility,15617fbe9b414a10,attnlrp,f1_at_k,0.36956521739130427,target,Synonymy,"{'n_gold_tokens': 46, 'k': 46}",xlmr
task2_plausibility,15617fbe9b414a10,attnlrp,auprc,0.3721648873900881,target,Synonymy,"{'n_gold_tokens': 46, 'k': 46}",xlmr
task2_plausibility,15617fbe9b414a10,attnlrp,precision_at_k,0.3695652173913043,target,Modulation,"{'n_gold_tokens': 46, 'k': 46}",xlmr
task2_plausibility,15617fbe9b414a10,attnlrp,recall_at_k,0.3695652173913043,target,Modulation,"{'n_gold_tokens': 46, 'k': 46}",xlmr
task2_plausibility,15617fbe9b414a10,attnlrp,f1_at_k,0.36956521739130427,target,Modulation,"{'n_gold_tokens': 46, 'k': 46}",xlmr
task2_plausibility,15617fbe9b414a10,attnlrp,auprc,0.3790381733057895,target,Modulation,"{'n_gold_tokens': 46, 'k': 46}",xlmr
task2_plausibility,15f60dfdd12c9dd7,attnlrp,precision_at_k,0.42857142857142855,target,Synonymy,"{'n_gold_tokens': 21, 'k': 21}",xlmr
task2_plausibility,15f60dfdd12c9dd7,attnlrp,recall_at_k,0.42857142857142855,target,Synonymy,"{'n_gold_tokens': 21, 'k': 21}",xlmr
task2_plausibility,15f60dfdd12c9dd7,attnlrp,f1_at_k,0.42857142857142855,target,Synonymy,"{'n_gold_tokens': 21, 'k': 21}",xlmr
task2_plausibility,15f60dfdd12c9dd7,attnlrp,auprc,0.4913522828439954,target,Synonymy,"{'n_gold_tokens': 21, 'k': 21}",xlmr
task2_plausibility,15f60dfdd12c9dd7,attnlrp,precision_at_k,0.23809523809523808,target,Modulation,"{'n_gold_tokens': 21, 'k': 21}",xlmr
task2_plausibility,15f60dfdd12c9dd7,attnlrp,recall_at_k,0.23809523809523808,target,Modulation,"{'n_gold_tokens': 21, 'k': 21}",xlmr
task2_plausibility,15f60dfdd12c9dd7,attnlrp,f1_at_k,0.23809523809523808,target,Modulation,"{'n_gold_tokens': 21, 'k': 21}",xlmr
task2_plausibility,15f60dfdd12c9dd7,attnlrp,auprc,0.27986477853660435,target,Modulation,"{'n_gold_tokens': 21, 'k': 21}",xlmr
task2_plausibility,15f60dfdd12c9dd7,attnlrp,precision_at_k,0.19047619047619047,target,Explanation,"{'n_gold_tokens': 21, 'k': 21}",xlmr
task2_plausibility,15f60dfdd12c9dd7,attnlrp,recall_at_k,0.19047619047619047,target,Explanation,"{'n_gold_tokens': 21, 'k': 21}",xlmr
task2_plausibility,15f60dfdd12c9dd7,attnlrp,f1_at_k,0.19047619047619047,target,Explanation,"{'n_gold_tokens': 21, 'k': 21}",xlmr
task2_plausibility,15f60dfdd12c9dd7,attnlrp,auprc,0.27777781080709596,target,Explanation,"{'n_gold_tokens': 21, 'k': 21}",xlmr
task2_plausibility,1cdac17cdc95657a,attnlrp,precision_at_k,0.08333333333333333,target,Synonymy,"{'n_gold_tokens': 12, 'k': 12}",xlmr
task2_plausibility,1cdac17cdc95657a,attnlrp,recall_at_k,0.08333333333333333,target,Synonymy,"{'n_gold_tokens': 12, 'k': 12}",xlmr
task2_plausibility,1cdac17cdc95657a,attnlrp,f1_at_k,0.08333333333333333,target,Synonymy,"{'n_gold_tokens': 12, 'k': 12}",xlmr
task2_plausibility,1cdac17cdc95657a,attnlrp,auprc,0.22421624166384088,target,Synonymy,"{'n_gold_tokens': 12, 'k': 12}",xlmr
task2_plausibility,1cdac17cdc95657a,attnlrp,precision_at_k,0.08333333333333333,target,Modulation,"{'n_gold_tokens': 12, 'k': 12}",xlmr
task2_plausibility,1cdac17cdc95657a,attnlrp,recall_at_k,0.08333333333333333,target,Modulation,"{'n_gold_tokens': 12, 'k': 12}",xlmr
task2_plausibility,1cdac17cdc95657a,attnlrp,f1_at_k,0.08333333333333333,target,Modulation,"{'n_gold_tokens': 12, 'k': 12}",xlmr
task2_plausibility,1cdac17cdc95657a,attnlrp,auprc,0.21285098028982613,target,Modulation,"{'n_gold_tokens': 12, 'k': 12}",xlmr
task2_plausibility,1d1b04eb3e7ce11a,attnlrp,precision_at_k,0.42857142857142855,target,Synonymy,"{'n_gold_tokens': 35, 'k': 35}",xlmr
task2_plausibility,1d1b04eb3e7ce11a,attnlrp,recall_at_k,0.42857142857142855,target,Synonymy,"{'n_gold_tokens': 35, 'k': 35}",xlmr
task2_plausibility,1d1b04eb3e7ce11a,attnlrp,f1_at_k,0.42857142857142855,target,Synonymy,"{'n_gold_tokens': 35, 'k': 35}",xlmr
task2_plausibility,1d1b04eb3e7ce11a,attnlrp,auprc,0.5138005889392895,target,Synonymy,"{'n_gold_tokens': 35, 'k': 35}",xlmr
task2_plausibility,1d1b04eb3e7ce11a,attnlrp,precision_at_k,0.4,target,Modulation,"{'n_gold_tokens': 35, 'k': 35}",xlmr
task2_plausibility,1d1b04eb3e7ce11a,attnlrp,recall_at_k,0.4,target,Modulation,"{'n_gold_tokens': 35, 'k': 35}",xlmr
task2_plausibility,1d1b04eb3e7ce11a,attnlrp,f1_at_k,0.4000000000000001,target,Modulation,"{'n_gold_tokens': 35, 'k': 35}",xlmr
task2_plausibility,1d1b04eb3e7ce11a,attnlrp,auprc,0.41185906033203634,target,Modulation,"{'n_gold_tokens': 35, 'k': 35}",xlmr
task2_plausibility,1d47540a9967f1fc,attnlrp,precision_at_k,0.07692307692307693,target,Synonymy,"{'n_gold_tokens': 13, 'k': 13}",xlmr
task2_plausibility,1d47540a9967f1fc,attnlrp,recall_at_k,0.07692307692307693,target,Synonymy,"{'n_gold_tokens': 13, 'k': 13}",xlmr
task2_plausibility,1d47540a9967f1fc,attnlrp,f1_at_k,0.07692307692307693,target,Synonymy,"{'n_gold_tokens': 13, 'k': 13}",xlmr
task2_plausibility,1d47540a9967f1fc,attnlrp,auprc,0.1597093427286529,target,Synonymy,"{'n_gold_tokens': 13, 'k': 13}",xlmr
task2_plausibility,1d47540a9967f1fc,attnlrp,precision_at_k,0.0,target,Modulation,"{'n_gold_tokens': 13, 'k': 13}",xlmr
task2_plausibility,1d47540a9967f1fc,attnlrp,recall_at_k,0.0,target,Modulation,"{'n_gold_tokens': 13, 'k': 13}",xlmr
task2_plausibility,1d47540a9967f1fc,attnlrp,f1_at_k,0.0,target,Modulation,"{'n_gold_tokens': 13, 'k': 13}",xlmr
task2_plausibility,1d47540a9967f1fc,attnlrp,auprc,0.11914529607221078,target,Modulation,"{'n_gold_tokens': 13, 'k': 13}",xlmr
task2_plausibility,1f56c7f2a72ee164,attnlrp,precision_at_k,0.24489795918367346,target,Synonymy,"{'n_gold_tokens': 49, 'k': 49}",xlmr
task2_plausibility,1f56c7f2a72ee164,attnlrp,recall_at_k,0.24489795918367346,target,Synonymy,"{'n_gold_tokens': 49, 'k': 49}",xlmr
task2_plausibility,1f56c7f2a72ee164,attnlrp,f1_at_k,0.24489795918367346,target,Synonymy,"{'n_gold_tokens': 49, 'k': 49}",xlmr
task2_plausibility,1f56c7f2a72ee164,attnlrp,auprc,0.2648249973566601,target,Synonymy,"{'n_gold_tokens': 49, 'k': 49}",xlmr
task2_plausibility,1f56c7f2a72ee164,attnlrp,precision_at_k,0.1836734693877551,target,Modulation,"{'n_gold_tokens': 49, 'k': 49}",xlmr
task2_plausibility,1f56c7f2a72ee164,attnlrp,recall_at_k,0.1836734693877551,target,Modulation,"{'n_gold_tokens': 49, 'k': 49}",xlmr
task2_plausibility,1f56c7f2a72ee164,attnlrp,f1_at_k,0.18367346938775508,target,Modulation,"{'n_gold_tokens': 49, 'k': 49}",xlmr
task2_plausibility,1f56c7f2a72ee164,attnlrp,auprc,0.2536739158853364,target,Modulation,"{'n_gold_tokens': 49, 'k': 49}",xlmr
task2_plausibility,1f56c7f2a72ee164,attnlrp,precision_at_k,0.22448979591836735,target,Syntactic Change,"{'n_gold_tokens': 49, 'k': 49}",xlmr
task2_plausibility,1f56c7f2a72ee164,attnlrp,recall_at_k,0.22448979591836735,target,Syntactic Change,"{'n_gold_tokens': 49, 'k': 49}",xlmr
task2_plausibility,1f56c7f2a72ee164,attnlrp,f1_at_k,0.22448979591836735,target,Syntactic Change,"{'n_gold_tokens': 49, 'k': 49}",xlmr
task2_plausibility,1f56c7f2a72ee164,attnlrp,auprc,0.2861111415006038,target,Syntactic Change,"{'n_gold_tokens': 49, 'k': 49}",xlmr
task2_plausibility,2122f6c9ab4b63f3,attnlrp,precision_at_k,0.25,target,Synonymy,"{'n_gold_tokens': 28, 'k': 28}",xlmr
task2_plausibility,2122f6c9ab4b63f3,attnlrp,recall_at_k,0.25,target,Synonymy,"{'n_gold_tokens': 28, 'k': 28}",xlmr
task2_plausibility,2122f6c9ab4b63f3,attnlrp,f1_at_k,0.25,target,Synonymy,"{'n_gold_tokens': 28, 'k': 28}",xlmr
task2_plausibility,2122f6c9ab4b63f3,attnlrp,auprc,0.2495935763588416,target,Synonymy,"{'n_gold_tokens': 28, 'k': 28}",xlmr
task2_plausibility,2122f6c9ab4b63f3,attnlrp,precision_at_k,0.14285714285714285,target,Modulation,"{'n_gold_tokens': 28, 'k': 28}",xlmr
task2_plausibility,2122f6c9ab4b63f3,attnlrp,recall_at_k,0.14285714285714285,target,Modulation,"{'n_gold_tokens': 28, 'k': 28}",xlmr
task2_plausibility,2122f6c9ab4b63f3,attnlrp,f1_at_k,0.14285714285714285,target,Modulation,"{'n_gold_tokens': 28, 'k': 28}",xlmr
task2_plausibility,2122f6c9ab4b63f3,attnlrp,auprc,0.22328374255796862,target,Modulation,"{'n_gold_tokens': 28, 'k': 28}",xlmr
task2_plausibility,22c20b08963054b2,attnlrp,precision_at_k,0.1111111111111111,target,Synonymy,"{'n_gold_tokens': 9, 'k': 9}",xlmr
task2_plausibility,22c20b08963054b2,attnlrp,recall_at_k,0.1111111111111111,target,Synonymy,"{'n_gold_tokens': 9, 'k': 9}",xlmr
task2_plausibility,22c20b08963054b2,attnlrp,f1_at_k,0.1111111111111111,target,Synonymy,"{'n_gold_tokens': 9, 'k': 9}",xlmr
task2_plausibility,22c20b08963054b2,attnlrp,auprc,0.160483886148855,target,Synonymy,"{'n_gold_tokens': 9, 'k': 9}",xlmr
task2_plausibility,22c20b08963054b2,attnlrp,precision_at_k,0.1111111111111111,target,Modulation,"{'n_gold_tokens': 9, 'k': 9}",xlmr
task2_plausibility,22c20b08963054b2,attnlrp,recall_at_k,0.1111111111111111,target,Modulation,"{'n_gold_tokens': 9, 'k': 9}",xlmr
task2_plausibility,22c20b08963054b2,attnlrp,f1_at_k,0.1111111111111111,target,Modulation,"{'n_gold_tokens': 9, 'k': 9}",xlmr
task2_plausibility,22c20b08963054b2,attnlrp,auprc,0.16021491516493852,target,Modulation,"{'n_gold_tokens': 9, 'k': 9}",xlmr
task2_plausibility,2c8e30c6dff0f72c,attnlrp,precision_at_k,0.3,target,Synonymy,"{'n_gold_tokens': 20, 'k': 20}",xlmr
task2_plausibility,2c8e30c6dff0f72c,attnlrp,recall_at_k,0.3,target,Synonymy,"{'n_gold_tokens': 20, 'k': 20}",xlmr
task2_plausibility,2c8e30c6dff0f72c,attnlrp,f1_at_k,0.3,target,Synonymy,"{'n_gold_tokens': 20, 'k': 20}",xlmr
task2_plausibility,2c8e30c6dff0f72c,attnlrp,auprc,0.3390370778787502,target,Synonymy,"{'n_gold_tokens': 20, 'k': 20}",xlmr
task2_plausibility,2c8e30c6dff0f72c,attnlrp,precision_at_k,0.25,target,Modulation,"{'n_gold_tokens': 20, 'k': 20}",xlmr
task2_plausibility,2c8e30c6dff0f72c,attnlrp,recall_at_k,0.25,target,Modulation,"{'n_gold_tokens': 20, 'k': 20}",xlmr
task2_plausibility,2c8e30c6dff0f72c,attnlrp,f1_at_k,0.25,target,Modulation,"{'n_gold_tokens': 20, 'k': 20}",xlmr
task2_plausibility,2c8e30c6dff0f72c,attnlrp,auprc,0.33670212592042076,target,Modulation,"{'n_gold_tokens': 20, 'k': 20}",xlmr
task2_plausibility,2df005283aa2bf6b,attnlrp,precision_at_k,0.39473684210526316,target,Synonymy,"{'n_gold_tokens': 38, 'k': 38}",xlmr
task2_plausibility,2df005283aa2bf6b,attnlrp,recall_at_k,0.39473684210526316,target,Synonymy,"{'n_gold_tokens': 38, 'k': 38}",xlmr
task2_plausibility,2df005283aa2bf6b,attnlrp,f1_at_k,0.39473684210526316,target,Synonymy,"{'n_gold_tokens': 38, 'k': 38}",xlmr
task2_plausibility,2df005283aa2bf6b,attnlrp,auprc,0.5098547878287076,target,Synonymy,"{'n_gold_tokens': 38, 'k': 38}",xlmr
task2_plausibility,2df005283aa2bf6b,attnlrp,precision_at_k,0.2894736842105263,target,Modulation,"{'n_gold_tokens': 38, 'k': 38}",xlmr
task2_plausibility,2df005283aa2bf6b,attnlrp,recall_at_k,0.2894736842105263,target,Modulation,"{'n_gold_tokens': 38, 'k': 38}",xlmr
task2_plausibility,2df005283aa2bf6b,attnlrp,f1_at_k,0.2894736842105263,target,Modulation,"{'n_gold_tokens': 38, 'k': 38}",xlmr
task2_plausibility,2df005283aa2bf6b,attnlrp,auprc,0.38902169743837134,target,Modulation,"{'n_gold_tokens': 38, 'k': 38}",xlmr
task2_plausibility,2df005283aa2bf6b,attnlrp,precision_at_k,0.3684210526315789,target,Syntactic Change,"{'n_gold_tokens': 38, 'k': 38}",xlmr
task2_plausibility,2df005283aa2bf6b,attnlrp,recall_at_k,0.3684210526315789,target,Syntactic Change,"{'n_gold_tokens': 38, 'k': 38}",xlmr
task2_plausibility,2df005283aa2bf6b,attnlrp,f1_at_k,0.3684210526315789,target,Syntactic Change,"{'n_gold_tokens': 38, 'k': 38}",xlmr
task2_plausibility,2df005283aa2bf6b,attnlrp,auprc,0.4038241804188073,target,Syntactic Change,"{'n_gold_tokens': 38, 'k': 38}",xlmr
task2_plausibility,317034664215c9dc,attnlrp,precision_at_k,0.2,target,Synonymy,"{'n_gold_tokens': 10, 'k': 10}",xlmr
task2_plausibility,317034664215c9dc,attnlrp,recall_at_k,0.2,target,Synonymy,"{'n_gold_tokens': 10, 'k': 10}",xlmr
task2_plausibility,317034664215c9dc,attnlrp,f1_at_k,0.20000000000000004,target,Synonymy,"{'n_gold_tokens': 10, 'k': 10}",xlmr
task2_plausibility,317034664215c9dc,attnlrp,auprc,0.18017657455342206,target,Synonymy,"{'n_gold_tokens': 10, 'k': 10}",xlmr
task2_plausibility,317034664215c9dc,attnlrp,precision_at_k,0.1,target,Modulation,"{'n_gold_tokens': 10, 'k': 10}",xlmr
task2_plausibility,317034664215c9dc,attnlrp,recall_at_k,0.1,target,Modulation,"{'n_gold_tokens': 10, 'k': 10}",xlmr
task2_plausibility,317034664215c9dc,attnlrp,f1_at_k,0.10000000000000002,target,Modulation,"{'n_gold_tokens': 10, 'k': 10}",xlmr
task2_plausibility,317034664215c9dc,attnlrp,auprc,0.11416906857472153,target,Modulation,"{'n_gold_tokens': 10, 'k': 10}",xlmr
task2_plausibility,31fccd5f26935407,attnlrp,precision_at_k,0.375,target,Synonymy,"{'n_gold_tokens': 8, 'k': 8}",xlmr
task2_plausibility,31fccd5f26935407,attnlrp,recall_at_k,0.375,target,Synonymy,"{'n_gold_tokens': 8, 'k': 8}",xlmr
task2_plausibility,31fccd5f26935407,attnlrp,f1_at_k,0.375,target,Synonymy,"{'n_gold_tokens': 8, 'k': 8}",xlmr
task2_plausibility,31fccd5f26935407,attnlrp,auprc,0.5822916666666668,target,Synonymy,"{'n_gold_tokens': 8, 'k': 8}",xlmr
task2_plausibility,31fccd5f26935407,attnlrp,precision_at_k,0.375,target,Modulation,"{'n_gold_tokens': 8, 'k': 8}",xlmr
task2_plausibility,31fccd5f26935407,attnlrp,recall_at_k,0.375,target,Modulation,"{'n_gold_tokens': 8, 'k': 8}",xlmr
task2_plausibility,31fccd5f26935407,attnlrp,f1_at_k,0.375,target,Modulation,"{'n_gold_tokens': 8, 'k': 8}",xlmr
task2_plausibility,31fccd5f26935407,attnlrp,auprc,0.49285037878787874,target,Modulation,"{'n_gold_tokens': 8, 'k': 8}",xlmr
task2_plausibility,32e4e0a44d2567a0,attnlrp,precision_at_k,0.2777777777777778,target,Synonymy,"{'n_gold_tokens': 18, 'k': 18}",xlmr
task2_plausibility,32e4e0a44d2567a0,attnlrp,recall_at_k,0.2777777777777778,target,Synonymy,"{'n_gold_tokens': 18, 'k': 18}",xlmr
task2_plausibility,32e4e0a44d2567a0,attnlrp,f1_at_k,0.2777777777777778,target,Synonymy,"{'n_gold_tokens': 18, 'k': 18}",xlmr
task2_plausibility,32e4e0a44d2567a0,attnlrp,auprc,0.3423295210708933,target,Synonymy,"{'n_gold_tokens': 18, 'k': 18}",xlmr
task2_plausibility,32e4e0a44d2567a0,attnlrp,precision_at_k,0.2222222222222222,target,Modulation,"{'n_gold_tokens': 18, 'k': 18}",xlmr
task2_plausibility,32e4e0a44d2567a0,attnlrp,recall_at_k,0.2222222222222222,target,Modulation,"{'n_gold_tokens': 18, 'k': 18}",xlmr
task2_plausibility,32e4e0a44d2567a0,attnlrp,f1_at_k,0.2222222222222222,target,Modulation,"{'n_gold_tokens': 18, 'k': 18}",xlmr
task2_plausibility,32e4e0a44d2567a0,attnlrp,auprc,0.23169464901113562,target,Modulation,"{'n_gold_tokens': 18, 'k': 18}",xlmr
task2_plausibility,32e4e0a44d2567a0,attnlrp,precision_at_k,0.3333333333333333,target,Syntactic Change,"{'n_gold_tokens': 18, 'k': 18}",xlmr
task2_plausibility,32e4e0a44d2567a0,attnlrp,recall_at_k,0.3333333333333333,target,Syntactic Change,"{'n_gold_tokens': 18, 'k': 18}",xlmr
task2_plausibility,32e4e0a44d2567a0,attnlrp,f1_at_k,0.3333333333333333,target,Syntactic Change,"{'n_gold_tokens': 18, 'k': 18}",xlmr
task2_plausibility,32e4e0a44d2567a0,attnlrp,auprc,0.29506399856231846,target,Syntactic Change,"{'n_gold_tokens': 18, 'k': 18}",xlmr
task2_plausibility,378e7f4f603abab7,attnlrp,precision_at_k,0.34146341463414637,target,Synonymy,"{'n_gold_tokens': 41, 'k': 41}",xlmr
task2_plausibility,378e7f4f603abab7,attnlrp,recall_at_k,0.34146341463414637,target,Synonymy,"{'n_gold_tokens': 41, 'k': 41}",xlmr
task2_plausibility,378e7f4f603abab7,attnlrp,f1_at_k,0.34146341463414637,target,Synonymy,"{'n_gold_tokens': 41, 'k': 41}",xlmr
task2_plausibility,378e7f4f603abab7,attnlrp,auprc,0.3608736665371469,target,Synonymy,"{'n_gold_tokens': 41, 'k': 41}",xlmr
task2_plausibility,378e7f4f603abab7,attnlrp,precision_at_k,0.24390243902439024,target,Modulation,"{'n_gold_tokens': 41, 'k': 41}",xlmr
task2_plausibility,378e7f4f603abab7,attnlrp,recall_at_k,0.24390243902439024,target,Modulation,"{'n_gold_tokens': 41, 'k': 41}",xlmr
task2_plausibility,378e7f4f603abab7,attnlrp,f1_at_k,0.24390243902439024,target,Modulation,"{'n_gold_tokens': 41, 'k': 41}",xlmr
task2_plausibility,378e7f4f603abab7,attnlrp,auprc,0.2659983837094868,target,Modulation,"{'n_gold_tokens': 41, 'k': 41}",xlmr
task2_plausibility,378e7f4f603abab7,attnlrp,precision_at_k,0.2682926829268293,target,Explanation,"{'n_gold_tokens': 41, 'k': 41}",xlmr
task2_plausibility,378e7f4f603abab7,attnlrp,recall_at_k,0.2682926829268293,target,Explanation,"{'n_gold_tokens': 41, 'k': 41}",xlmr
task2_plausibility,378e7f4f603abab7,attnlrp,f1_at_k,0.2682926829268293,target,Explanation,"{'n_gold_tokens': 41, 'k': 41}",xlmr
task2_plausibility,378e7f4f603abab7,attnlrp,auprc,0.3277048974734368,target,Explanation,"{'n_gold_tokens': 41, 'k': 41}",xlmr
task2_plausibility,378e7f4f603abab7,attnlrp,precision_at_k,0.3902439024390244,target,Syntactic Change,"{'n_gold_tokens': 41, 'k': 41}",xlmr
task2_plausibility,378e7f4f603abab7,attnlrp,recall_at_k,0.3902439024390244,target,Syntactic Change,"{'n_gold_tokens': 41, 'k': 41}",xlmr
task2_plausibility,378e7f4f603abab7,attnlrp,f1_at_k,0.3902439024390244,target,Syntactic Change,"{'n_gold_tokens': 41, 'k': 41}",xlmr
task2_plausibility,378e7f4f603abab7,attnlrp,auprc,0.34596699868986436,target,Syntactic Change,"{'n_gold_tokens': 41, 'k': 41}",xlmr
task2_plausibility,3dc4665f2055c981,attnlrp,precision_at_k,0.25,target,Synonymy,"{'n_gold_tokens': 4, 'k': 4}",xlmr
task2_plausibility,3dc4665f2055c981,attnlrp,recall_at_k,0.25,target,Synonymy,"{'n_gold_tokens': 4, 'k': 4}",xlmr
task2_plausibility,3dc4665f2055c981,attnlrp,f1_at_k,0.25,target,Synonymy,"{'n_gold_tokens': 4, 'k': 4}",xlmr
task2_plausibility,3dc4665f2055c981,attnlrp,auprc,0.46096491228070174,target,Synonymy,"{'n_gold_tokens': 4, 'k': 4}",xlmr
task2_plausibility,3dc4665f2055c981,attnlrp,precision_at_k,0.25,target,Modulation,"{'n_gold_tokens': 4, 'k': 4}",xlmr
task2_plausibility,3dc4665f2055c981,attnlrp,recall_at_k,0.25,target,Modulation,"{'n_gold_tokens': 4, 'k': 4}",xlmr
task2_plausibility,3dc4665f2055c981,attnlrp,f1_at_k,0.25,target,Modulation,"{'n_gold_tokens': 4, 'k': 4}",xlmr
task2_plausibility,3dc4665f2055c981,attnlrp,auprc,0.3852107644677304,target,Modulation,"{'n_gold_tokens': 4, 'k': 4}",xlmr
task2_plausibility,3f83553be8513d61,attnlrp,precision_at_k,0.21052631578947367,target,Synonymy,"{'n_gold_tokens': 19, 'k': 19}",xlmr
task2_plausibility,3f83553be8513d61,attnlrp,recall_at_k,0.21052631578947367,target,Synonymy,"{'n_gold_tokens': 19, 'k': 19}",xlmr
task2_plausibility,3f83553be8513d61,attnlrp,f1_at_k,0.21052631578947367,target,Synonymy,"{'n_gold_tokens': 19, 'k': 19}",xlmr
task2_plausibility,3f83553be8513d61,attnlrp,auprc,0.26174408538419,target,Synonymy,"{'n_gold_tokens': 19, 'k': 19}",xlmr
task2_plausibility,3f83553be8513d61,attnlrp,precision_at_k,0.0,target,Modulation,"{'n_gold_tokens': 19, 'k': 19}",xlmr
task2_plausibility,3f83553be8513d61,attnlrp,recall_at_k,0.0,target,Modulation,"{'n_gold_tokens': 19, 'k': 19}",xlmr
task2_plausibility,3f83553be8513d61,attnlrp,f1_at_k,0.0,target,Modulation,"{'n_gold_tokens': 19, 'k': 19}",xlmr
task2_plausibility,3f83553be8513d61,attnlrp,auprc,0.17853878971559647,target,Modulation,"{'n_gold_tokens': 19, 'k': 19}",xlmr
task2_plausibility,41cea45706409c38,attnlrp,precision_at_k,0.18181818181818182,target,Synonymy,"{'n_gold_tokens': 11, 'k': 11}",xlmr
task2_plausibility,41cea45706409c38,attnlrp,recall_at_k,0.18181818181818182,target,Synonymy,"{'n_gold_tokens': 11, 'k': 11}",xlmr
task2_plausibility,41cea45706409c38,attnlrp,f1_at_k,0.18181818181818182,target,Synonymy,"{'n_gold_tokens': 11, 'k': 11}",xlmr
task2_plausibility,41cea45706409c38,attnlrp,auprc,0.20748594505197257,target,Synonymy,"{'n_gold_tokens': 11, 'k': 11}",xlmr
task2_plausibility,41cea45706409c38,attnlrp,precision_at_k,0.2727272727272727,target,Modulation,"{'n_gold_tokens': 11, 'k': 11}",xlmr
task2_plausibility,41cea45706409c38,attnlrp,recall_at_k,0.2727272727272727,target,Modulation,"{'n_gold_tokens': 11, 'k': 11}",xlmr
task2_plausibility,41cea45706409c38,attnlrp,f1_at_k,0.2727272727272727,target,Modulation,"{'n_gold_tokens': 11, 'k': 11}",xlmr
task2_plausibility,41cea45706409c38,attnlrp,auprc,0.20572269535381693,target,Modulation,"{'n_gold_tokens': 11, 'k': 11}",xlmr
task2_plausibility,42e8aa037421d076,attnlrp,precision_at_k,0.4166666666666667,target,Synonymy,"{'n_gold_tokens': 36, 'k': 36}",xlmr
task2_plausibility,42e8aa037421d076,attnlrp,recall_at_k,0.4166666666666667,target,Synonymy,"{'n_gold_tokens': 36, 'k': 36}",xlmr
task2_plausibility,42e8aa037421d076,attnlrp,f1_at_k,0.4166666666666667,target,Synonymy,"{'n_gold_tokens': 36, 'k': 36}",xlmr
task2_plausibility,42e8aa037421d076,attnlrp,auprc,0.45577152847262214,target,Synonymy,"{'n_gold_tokens': 36, 'k': 36}",xlmr
task2_plausibility,42e8aa037421d076,attnlrp,precision_at_k,0.3611111111111111,target,Modulation,"{'n_gold_tokens': 36, 'k': 36}",xlmr
task2_plausibility,42e8aa037421d076,attnlrp,recall_at_k,0.3611111111111111,target,Modulation,"{'n_gold_tokens': 36, 'k': 36}",xlmr
task2_plausibility,42e8aa037421d076,attnlrp,f1_at_k,0.3611111111111111,target,Modulation,"{'n_gold_tokens': 36, 'k': 36}",xlmr
task2_plausibility,42e8aa037421d076,attnlrp,auprc,0.4167784391603165,target,Modulation,"{'n_gold_tokens': 36, 'k': 36}",xlmr
task2_plausibility,42e8aa037421d076,attnlrp,precision_at_k,0.4166666666666667,target,Explanation,"{'n_gold_tokens': 36, 'k': 36}",xlmr
task2_plausibility,42e8aa037421d076,attnlrp,recall_at_k,0.4166666666666667,target,Explanation,"{'n_gold_tokens': 36, 'k': 36}",xlmr
task2_plausibility,42e8aa037421d076,attnlrp,f1_at_k,0.4166666666666667,target,Explanation,"{'n_gold_tokens': 36, 'k': 36}",xlmr
task2_plausibility,42e8aa037421d076,attnlrp,auprc,0.44297054647881484,target,Explanation,"{'n_gold_tokens': 36, 'k': 36}",xlmr
task2_plausibility,462fac739a2900aa,attnlrp,precision_at_k,0.3103448275862069,target,Synonymy,"{'n_gold_tokens': 29, 'k': 29}",xlmr
task2_plausibility,462fac739a2900aa,attnlrp,recall_at_k,0.3103448275862069,target,Synonymy,"{'n_gold_tokens': 29, 'k': 29}",xlmr
task2_plausibility,462fac739a2900aa,attnlrp,f1_at_k,0.3103448275862069,target,Synonymy,"{'n_gold_tokens': 29, 'k': 29}",xlmr
task2_plausibility,462fac739a2900aa,attnlrp,auprc,0.34532133365749557,target,Synonymy,"{'n_gold_tokens': 29, 'k': 29}",xlmr
task2_plausibility,462fac739a2900aa,attnlrp,precision_at_k,0.3103448275862069,target,Modulation,"{'n_gold_tokens': 29, 'k': 29}",xlmr
task2_plausibility,462fac739a2900aa,attnlrp,recall_at_k,0.3103448275862069,target,Modulation,"{'n_gold_tokens': 29, 'k': 29}",xlmr
task2_plausibility,462fac739a2900aa,attnlrp,f1_at_k,0.3103448275862069,target,Modulation,"{'n_gold_tokens': 29, 'k': 29}",xlmr
task2_plausibility,462fac739a2900aa,attnlrp,auprc,0.3150520223280013,target,Modulation,"{'n_gold_tokens': 29, 'k': 29}",xlmr
task2_plausibility,47364b7a5a5b5cbd,attnlrp,precision_at_k,0.0,target,Synonymy,"{'n_gold_tokens': 2, 'k': 2}",xlmr
task2_plausibility,47364b7a5a5b5cbd,attnlrp,recall_at_k,0.0,target,Synonymy,"{'n_gold_tokens': 2, 'k': 2}",xlmr
task2_plausibility,47364b7a5a5b5cbd,attnlrp,f1_at_k,0.0,target,Synonymy,"{'n_gold_tokens': 2, 'k': 2}",xlmr
task2_plausibility,47364b7a5a5b5cbd,attnlrp,auprc,0.06477732793522267,target,Synonymy,"{'n_gold_tokens': 2, 'k': 2}",xlmr
task2_plausibility,47364b7a5a5b5cbd,attnlrp,precision_at_k,0.0,target,Modulation,"{'n_gold_tokens': 2, 'k': 2}",xlmr
task2_plausibility,47364b7a5a5b5cbd,attnlrp,recall_at_k,0.0,target,Modulation,"{'n_gold_tokens': 2, 'k': 2}",xlmr
task2_plausibility,47364b7a5a5b5cbd,attnlrp,f1_at_k,0.0,target,Modulation,"{'n_gold_tokens': 2, 'k': 2}",xlmr
task2_plausibility,47364b7a5a5b5cbd,attnlrp,auprc,0.12037037037037036,target,Modulation,"{'n_gold_tokens': 2, 'k': 2}",xlmr
task2_plausibility,47cb636fc48fc4bd,attnlrp,precision_at_k,0.40540540540540543,target,Synonymy,"{'n_gold_tokens': 37, 'k': 37}",xlmr
task2_plausibility,47cb636fc48fc4bd,attnlrp,recall_at_k,0.40540540540540543,target,Synonymy,"{'n_gold_tokens': 37, 'k': 37}",xlmr
task2_plausibility,47cb636fc48fc4bd,attnlrp,f1_at_k,0.40540540540540543,target,Synonymy,"{'n_gold_tokens': 37, 'k': 37}",xlmr
task2_plausibility,47cb636fc48fc4bd,attnlrp,auprc,0.42093975127988814,target,Synonymy,"{'n_gold_tokens': 37, 'k': 37}",xlmr
task2_plausibility,47cb636fc48fc4bd,attnlrp,precision_at_k,0.40540540540540543,target,Modulation,"{'n_gold_tokens': 37, 'k': 37}",xlmr
task2_plausibility,47cb636fc48fc4bd,attnlrp,recall_at_k,0.40540540540540543,target,Modulation,"{'n_gold_tokens': 37, 'k': 37}",xlmr
task2_plausibility,47cb636fc48fc4bd,attnlrp,f1_at_k,0.40540540540540543,target,Modulation,"{'n_gold_tokens': 37, 'k': 37}",xlmr
task2_plausibility,47cb636fc48fc4bd,attnlrp,auprc,0.41547303465651014,target,Modulation,"{'n_gold_tokens': 37, 'k': 37}",xlmr
task2_plausibility,4c738baf46f3aea2,attnlrp,precision_at_k,0.5,target,Synonymy,"{'n_gold_tokens': 20, 'k': 20}",xlmr
task2_plausibility,4c738baf46f3aea2,attnlrp,recall_at_k,0.5,target,Synonymy,"{'n_gold_tokens': 20, 'k': 20}",xlmr
task2_plausibility,4c738baf46f3aea2,attnlrp,f1_at_k,0.5,target,Synonymy,"{'n_gold_tokens': 20, 'k': 20}",xlmr
task2_plausibility,4c738baf46f3aea2,attnlrp,auprc,0.6121047624151074,target,Synonymy,"{'n_gold_tokens': 20, 'k': 20}",xlmr
task2_plausibility,4c738baf46f3aea2,attnlrp,precision_at_k,0.6,target,Modulation,"{'n_gold_tokens': 20, 'k': 20}",xlmr
task2_plausibility,4c738baf46f3aea2,attnlrp,recall_at_k,0.6,target,Modulation,"{'n_gold_tokens': 20, 'k': 20}",xlmr
task2_plausibility,4c738baf46f3aea2,attnlrp,f1_at_k,0.6,target,Modulation,"{'n_gold_tokens': 20, 'k': 20}",xlmr
task2_plausibility,4c738baf46f3aea2,attnlrp,auprc,0.7414434906818994,target,Modulation,"{'n_gold_tokens': 20, 'k': 20}",xlmr
task2_plausibility,4d1749d72069551f,attnlrp,precision_at_k,0.38461538461538464,target,Synonymy,"{'n_gold_tokens': 26, 'k': 26}",xlmr
task2_plausibility,4d1749d72069551f,attnlrp,recall_at_k,0.38461538461538464,target,Synonymy,"{'n_gold_tokens': 26, 'k': 26}",xlmr
task2_plausibility,4d1749d72069551f,attnlrp,f1_at_k,0.38461538461538464,target,Synonymy,"{'n_gold_tokens': 26, 'k': 26}",xlmr
task2_plausibility,4d1749d72069551f,attnlrp,auprc,0.42475164685598027,target,Synonymy,"{'n_gold_tokens': 26, 'k': 26}",xlmr
task2_plausibility,4d1749d72069551f,attnlrp,precision_at_k,0.4230769230769231,target,Modulation,"{'n_gold_tokens': 26, 'k': 26}",xlmr
task2_plausibility,4d1749d72069551f,attnlrp,recall_at_k,0.4230769230769231,target,Modulation,"{'n_gold_tokens': 26, 'k': 26}",xlmr
task2_plausibility,4d1749d72069551f,attnlrp,f1_at_k,0.4230769230769231,target,Modulation,"{'n_gold_tokens': 26, 'k': 26}",xlmr
task2_plausibility,4d1749d72069551f,attnlrp,auprc,0.39162729773308363,target,Modulation,"{'n_gold_tokens': 26, 'k': 26}",xlmr
task2_plausibility,5033d490c3a4828f,attnlrp,precision_at_k,0.4444444444444444,target,Synonymy,"{'n_gold_tokens': 36, 'k': 36}",xlmr
task2_plausibility,5033d490c3a4828f,attnlrp,recall_at_k,0.4444444444444444,target,Synonymy,"{'n_gold_tokens': 36, 'k': 36}",xlmr
task2_plausibility,5033d490c3a4828f,attnlrp,f1_at_k,0.4444444444444444,target,Synonymy,"{'n_gold_tokens': 36, 'k': 36}",xlmr
task2_plausibility,5033d490c3a4828f,attnlrp,auprc,0.4558193960726399,target,Synonymy,"{'n_gold_tokens': 36, 'k': 36}",xlmr
task2_plausibility,5033d490c3a4828f,attnlrp,precision_at_k,0.4166666666666667,target,Modulation,"{'n_gold_tokens': 36, 'k': 36}",xlmr
task2_plausibility,5033d490c3a4828f,attnlrp,recall_at_k,0.4166666666666667,target,Modulation,"{'n_gold_tokens': 36, 'k': 36}",xlmr
task2_plausibility,5033d490c3a4828f,attnlrp,f1_at_k,0.4166666666666667,target,Modulation,"{'n_gold_tokens': 36, 'k': 36}",xlmr
task2_plausibility,5033d490c3a4828f,attnlrp,auprc,0.41588410132505244,target,Modulation,"{'n_gold_tokens': 36, 'k': 36}",xlmr
task2_plausibility,53c4d30896e1b63d,attnlrp,precision_at_k,0.22727272727272727,target,Synonymy,"{'n_gold_tokens': 22, 'k': 22}",xlmr
task2_plausibility,53c4d30896e1b63d,attnlrp,recall_at_k,0.22727272727272727,target,Synonymy,"{'n_gold_tokens': 22, 'k': 22}",xlmr
task2_plausibility,53c4d30896e1b63d,attnlrp,f1_at_k,0.22727272727272727,target,Synonymy,"{'n_gold_tokens': 22, 'k': 22}",xlmr
task2_plausibility,53c4d30896e1b63d,attnlrp,auprc,0.29224254765893765,target,Synonymy,"{'n_gold_tokens': 22, 'k': 22}",xlmr
task2_plausibility,53c4d30896e1b63d,attnlrp,precision_at_k,0.18181818181818182,target,Modulation,"{'n_gold_tokens': 22, 'k': 22}",xlmr
task2_plausibility,53c4d30896e1b63d,attnlrp,recall_at_k,0.18181818181818182,target,Modulation,"{'n_gold_tokens': 22, 'k': 22}",xlmr
task2_plausibility,53c4d30896e1b63d,attnlrp,f1_at_k,0.18181818181818182,target,Modulation,"{'n_gold_tokens': 22, 'k': 22}",xlmr
task2_plausibility,53c4d30896e1b63d,attnlrp,auprc,0.23586201850762967,target,Modulation,"{'n_gold_tokens': 22, 'k': 22}",xlmr
task2_plausibility,5586a72dadfe318f,attnlrp,precision_at_k,0.18181818181818182,target,Synonymy,"{'n_gold_tokens': 11, 'k': 11}",xlmr
task2_plausibility,5586a72dadfe318f,attnlrp,recall_at_k,0.18181818181818182,target,Synonymy,"{'n_gold_tokens': 11, 'k': 11}",xlmr
task2_plausibility,5586a72dadfe318f,attnlrp,f1_at_k,0.18181818181818182,target,Synonymy,"{'n_gold_tokens': 11, 'k': 11}",xlmr
task2_plausibility,5586a72dadfe318f,attnlrp,auprc,0.24154168423164354,target,Synonymy,"{'n_gold_tokens': 11, 'k': 11}",xlmr
task2_plausibility,5586a72dadfe318f,attnlrp,precision_at_k,0.18181818181818182,target,Modulation,"{'n_gold_tokens': 11, 'k': 11}",xlmr
task2_plausibility,5586a72dadfe318f,attnlrp,recall_at_k,0.18181818181818182,target,Modulation,"{'n_gold_tokens': 11, 'k': 11}",xlmr
task2_plausibility,5586a72dadfe318f,attnlrp,f1_at_k,0.18181818181818182,target,Modulation,"{'n_gold_tokens': 11, 'k': 11}",xlmr
task2_plausibility,5586a72dadfe318f,attnlrp,auprc,0.15942894716050077,target,Modulation,"{'n_gold_tokens': 11, 'k': 11}",xlmr
task2_plausibility,58d57524e3f5c2f2,attnlrp,precision_at_k,0.25925925925925924,target,Synonymy,"{'n_gold_tokens': 27, 'k': 27}",xlmr
task2_plausibility,58d57524e3f5c2f2,attnlrp,recall_at_k,0.25925925925925924,target,Synonymy,"{'n_gold_tokens': 27, 'k': 27}",xlmr
task2_plausibility,58d57524e3f5c2f2,attnlrp,f1_at_k,0.25925925925925924,target,Synonymy,"{'n_gold_tokens': 27, 'k': 27}",xlmr
task2_plausibility,58d57524e3f5c2f2,attnlrp,auprc,0.30728652523187283,target,Synonymy,"{'n_gold_tokens': 27, 'k': 27}",xlmr
task2_plausibility,58d57524e3f5c2f2,attnlrp,precision_at_k,0.48148148148148145,target,Modulation,"{'n_gold_tokens': 27, 'k': 27}",xlmr
task2_plausibility,58d57524e3f5c2f2,attnlrp,recall_at_k,0.48148148148148145,target,Modulation,"{'n_gold_tokens': 27, 'k': 27}",xlmr
task2_plausibility,58d57524e3f5c2f2,attnlrp,f1_at_k,0.48148148148148145,target,Modulation,"{'n_gold_tokens': 27, 'k': 27}",xlmr
task2_plausibility,58d57524e3f5c2f2,attnlrp,auprc,0.44856606827282536,target,Modulation,"{'n_gold_tokens': 27, 'k': 27}",xlmr
task2_plausibility,61830656b06634f1,attnlrp,precision_at_k,0.0,target,Synonymy,"{'n_gold_tokens': 4, 'k': 4}",xlmr
task2_plausibility,61830656b06634f1,attnlrp,recall_at_k,0.0,target,Synonymy,"{'n_gold_tokens': 4, 'k': 4}",xlmr
task2_plausibility,61830656b06634f1,attnlrp,f1_at_k,0.0,target,Synonymy,"{'n_gold_tokens': 4, 'k': 4}",xlmr
task2_plausibility,61830656b06634f1,attnlrp,auprc,0.11628787878787879,target,Synonymy,"{'n_gold_tokens': 4, 'k': 4}",xlmr
task2_plausibility,61830656b06634f1,attnlrp,precision_at_k,0.0,target,Modulation,"{'n_gold_tokens': 4, 'k': 4}",xlmr
task2_plausibility,61830656b06634f1,attnlrp,recall_at_k,0.0,target,Modulation,"{'n_gold_tokens': 4, 'k': 4}",xlmr
task2_plausibility,61830656b06634f1,attnlrp,f1_at_k,0.0,target,Modulation,"{'n_gold_tokens': 4, 'k': 4}",xlmr
task2_plausibility,61830656b06634f1,attnlrp,auprc,0.14973047785547786,target,Modulation,"{'n_gold_tokens': 4, 'k': 4}",xlmr
task2_plausibility,6a381fb5925d00cc,attnlrp,precision_at_k,0.2777777777777778,target,Synonymy,"{'n_gold_tokens': 18, 'k': 18}",xlmr
task2_plausibility,6a381fb5925d00cc,attnlrp,recall_at_k,0.2777777777777778,target,Synonymy,"{'n_gold_tokens': 18, 'k': 18}",xlmr
task2_plausibility,6a381fb5925d00cc,attnlrp,f1_at_k,0.2777777777777778,target,Synonymy,"{'n_gold_tokens': 18, 'k': 18}",xlmr
task2_plausibility,6a381fb5925d00cc,attnlrp,auprc,0.4309722148588695,target,Synonymy,"{'n_gold_tokens': 18, 'k': 18}",xlmr
task2_plausibility,6a381fb5925d00cc,attnlrp,precision_at_k,0.3333333333333333,target,Modulation,"{'n_gold_tokens': 18, 'k': 18}",xlmr
task2_plausibility,6a381fb5925d00cc,attnlrp,recall_at_k,0.3333333333333333,target,Modulation,"{'n_gold_tokens': 18, 'k': 18}",xlmr
task2_plausibility,6a381fb5925d00cc,attnlrp,f1_at_k,0.3333333333333333,target,Modulation,"{'n_gold_tokens': 18, 'k': 18}",xlmr
task2_plausibility,6a381fb5925d00cc,attnlrp,auprc,0.3407512803483256,target,Modulation,"{'n_gold_tokens': 18, 'k': 18}",xlmr
task2_plausibility,6fe673fecc6e400c,attnlrp,precision_at_k,0.2,target,Synonymy,"{'n_gold_tokens': 10, 'k': 10}",xlmr
task2_plausibility,6fe673fecc6e400c,attnlrp,recall_at_k,0.2,target,Synonymy,"{'n_gold_tokens': 10, 'k': 10}",xlmr
task2_plausibility,6fe673fecc6e400c,attnlrp,f1_at_k,0.20000000000000004,target,Synonymy,"{'n_gold_tokens': 10, 'k': 10}",xlmr
task2_plausibility,6fe673fecc6e400c,attnlrp,auprc,0.20316303693152787,target,Synonymy,"{'n_gold_tokens': 10, 'k': 10}",xlmr
task2_plausibility,6fe673fecc6e400c,attnlrp,precision_at_k,0.3,target,Modulation,"{'n_gold_tokens': 10, 'k': 10}",xlmr
task2_plausibility,6fe673fecc6e400c,attnlrp,recall_at_k,0.3,target,Modulation,"{'n_gold_tokens': 10, 'k': 10}",xlmr
task2_plausibility,6fe673fecc6e400c,attnlrp,f1_at_k,0.3,target,Modulation,"{'n_gold_tokens': 10, 'k': 10}",xlmr
task2_plausibility,6fe673fecc6e400c,attnlrp,auprc,0.20986407411583105,target,Modulation,"{'n_gold_tokens': 10, 'k': 10}",xlmr
task2_plausibility,769048676f87662d,attnlrp,precision_at_k,0.475,target,Synonymy,"{'n_gold_tokens': 40, 'k': 40}",xlmr
task2_plausibility,769048676f87662d,attnlrp,recall_at_k,0.475,target,Synonymy,"{'n_gold_tokens': 40, 'k': 40}",xlmr
task2_plausibility,769048676f87662d,attnlrp,f1_at_k,0.47500000000000003,target,Synonymy,"{'n_gold_tokens': 40, 'k': 40}",xlmr
task2_plausibility,769048676f87662d,attnlrp,auprc,0.5749735199008404,target,Synonymy,"{'n_gold_tokens': 40, 'k': 40}",xlmr
task2_plausibility,769048676f87662d,attnlrp,precision_at_k,0.425,target,Modulation,"{'n_gold_tokens': 40, 'k': 40}",xlmr
task2_plausibility,769048676f87662d,attnlrp,recall_at_k,0.425,target,Modulation,"{'n_gold_tokens': 40, 'k': 40}",xlmr
task2_plausibility,769048676f87662d,attnlrp,f1_at_k,0.425,target,Modulation,"{'n_gold_tokens': 40, 'k': 40}",xlmr
task2_plausibility,769048676f87662d,attnlrp,auprc,0.4704651480696132,target,Modulation,"{'n_gold_tokens': 40, 'k': 40}",xlmr
task2_plausibility,7be295f14f785425,attnlrp,precision_at_k,0.3,target,Synonymy,"{'n_gold_tokens': 10, 'k': 10}",xlmr
task2_plausibility,7be295f14f785425,attnlrp,recall_at_k,0.3,target,Synonymy,"{'n_gold_tokens': 10, 'k': 10}",xlmr
task2_plausibility,7be295f14f785425,attnlrp,f1_at_k,0.3,target,Synonymy,"{'n_gold_tokens': 10, 'k': 10}",xlmr
task2_plausibility,7be295f14f785425,attnlrp,auprc,0.2821375406202992,target,Synonymy,"{'n_gold_tokens': 10, 'k': 10}",xlmr
task2_plausibility,7be295f14f785425,attnlrp,precision_at_k,0.1,target,Modulation,"{'n_gold_tokens': 10, 'k': 10}",xlmr
task2_plausibility,7be295f14f785425,attnlrp,recall_at_k,0.1,target,Modulation,"{'n_gold_tokens': 10, 'k': 10}",xlmr
task2_plausibility,7be295f14f785425,attnlrp,f1_at_k,0.10000000000000002,target,Modulation,"{'n_gold_tokens': 10, 'k': 10}",xlmr
task2_plausibility,7be295f14f785425,attnlrp,auprc,0.20217995227731533,target,Modulation,"{'n_gold_tokens': 10, 'k': 10}",xlmr
task2_plausibility,7e42bb3d0d6c233d,attnlrp,precision_at_k,0.25,target,Synonymy,"{'n_gold_tokens': 20, 'k': 20}",xlmr
task2_plausibility,7e42bb3d0d6c233d,attnlrp,recall_at_k,0.25,target,Synonymy,"{'n_gold_tokens': 20, 'k': 20}",xlmr
task2_plausibility,7e42bb3d0d6c233d,attnlrp,f1_at_k,0.25,target,Synonymy,"{'n_gold_tokens': 20, 'k': 20}",xlmr
task2_plausibility,7e42bb3d0d6c233d,attnlrp,auprc,0.19933089012128843,target,Synonymy,"{'n_gold_tokens': 20, 'k': 20}",xlmr
task2_plausibility,7e42bb3d0d6c233d,attnlrp,precision_at_k,0.25,target,Modulation,"{'n_gold_tokens': 20, 'k': 20}",xlmr
task2_plausibility,7e42bb3d0d6c233d,attnlrp,recall_at_k,0.25,target,Modulation,"{'n_gold_tokens': 20, 'k': 20}",xlmr
task2_plausibility,7e42bb3d0d6c233d,attnlrp,f1_at_k,0.25,target,Modulation,"{'n_gold_tokens': 20, 'k': 20}",xlmr
task2_plausibility,7e42bb3d0d6c233d,attnlrp,auprc,0.2790238225583727,target,Modulation,"{'n_gold_tokens': 20, 'k': 20}",xlmr
task2_plausibility,7fab8bd42f1452d7,attnlrp,precision_at_k,0.37037037037037035,target,Synonymy,"{'n_gold_tokens': 27, 'k': 27}",xlmr
task2_plausibility,7fab8bd42f1452d7,attnlrp,recall_at_k,0.37037037037037035,target,Synonymy,"{'n_gold_tokens': 27, 'k': 27}",xlmr
task2_plausibility,7fab8bd42f1452d7,attnlrp,f1_at_k,0.37037037037037035,target,Synonymy,"{'n_gold_tokens': 27, 'k': 27}",xlmr
task2_plausibility,7fab8bd42f1452d7,attnlrp,auprc,0.4549801861975127,target,Synonymy,"{'n_gold_tokens': 27, 'k': 27}",xlmr
task2_plausibility,7fab8bd42f1452d7,attnlrp,precision_at_k,0.14814814814814814,target,Modulation,"{'n_gold_tokens': 27, 'k': 27}",xlmr
task2_plausibility,7fab8bd42f1452d7,attnlrp,recall_at_k,0.14814814814814814,target,Modulation,"{'n_gold_tokens': 27, 'k': 27}",xlmr
task2_plausibility,7fab8bd42f1452d7,attnlrp,f1_at_k,0.14814814814814814,target,Modulation,"{'n_gold_tokens': 27, 'k': 27}",xlmr
task2_plausibility,7fab8bd42f1452d7,attnlrp,auprc,0.20809428687133777,target,Modulation,"{'n_gold_tokens': 27, 'k': 27}",xlmr
task2_plausibility,887f05e8b71dd3ab,attnlrp,precision_at_k,0.2608695652173913,target,Synonymy,"{'n_gold_tokens': 23, 'k': 23}",xlmr
task2_plausibility,887f05e8b71dd3ab,attnlrp,recall_at_k,0.2608695652173913,target,Synonymy,"{'n_gold_tokens': 23, 'k': 23}",xlmr
task2_plausibility,887f05e8b71dd3ab,attnlrp,f1_at_k,0.2608695652173913,target,Synonymy,"{'n_gold_tokens': 23, 'k': 23}",xlmr
task2_plausibility,887f05e8b71dd3ab,attnlrp,auprc,0.290632100615853,target,Synonymy,"{'n_gold_tokens': 23, 'k': 23}",xlmr
task2_plausibility,887f05e8b71dd3ab,attnlrp,precision_at_k,0.34782608695652173,target,Modulation,"{'n_gold_tokens': 23, 'k': 23}",xlmr
task2_plausibility,887f05e8b71dd3ab,attnlrp,recall_at_k,0.34782608695652173,target,Modulation,"{'n_gold_tokens': 23, 'k': 23}",xlmr
task2_plausibility,887f05e8b71dd3ab,attnlrp,f1_at_k,0.34782608695652173,target,Modulation,"{'n_gold_tokens': 23, 'k': 23}",xlmr
task2_plausibility,887f05e8b71dd3ab,attnlrp,auprc,0.3620869692074051,target,Modulation,"{'n_gold_tokens': 23, 'k': 23}",xlmr
task2_plausibility,89d8d14da319ced8,attnlrp,precision_at_k,0.7647058823529411,target,Synonymy,"{'n_gold_tokens': 17, 'k': 17}",xlmr
task2_plausibility,89d8d14da319ced8,attnlrp,recall_at_k,0.7647058823529411,target,Synonymy,"{'n_gold_tokens': 17, 'k': 17}",xlmr
task2_plausibility,89d8d14da319ced8,attnlrp,f1_at_k,0.7647058823529412,target,Synonymy,"{'n_gold_tokens': 17, 'k': 17}",xlmr
task2_plausibility,89d8d14da319ced8,attnlrp,auprc,0.7194364727928741,target,Synonymy,"{'n_gold_tokens': 17, 'k': 17}",xlmr
task2_plausibility,89d8d14da319ced8,attnlrp,precision_at_k,0.4117647058823529,target,Modulation,"{'n_gold_tokens': 17, 'k': 17}",xlmr
task2_plausibility,89d8d14da319ced8,attnlrp,recall_at_k,0.4117647058823529,target,Modulation,"{'n_gold_tokens': 17, 'k': 17}",xlmr
task2_plausibility,89d8d14da319ced8,attnlrp,f1_at_k,0.4117647058823529,target,Modulation,"{'n_gold_tokens': 17, 'k': 17}",xlmr
task2_plausibility,89d8d14da319ced8,attnlrp,auprc,0.5874727039237633,target,Modulation,"{'n_gold_tokens': 17, 'k': 17}",xlmr
task2_plausibility,8a650a68aa08d2cc,attnlrp,precision_at_k,0.4583333333333333,target,Synonymy,"{'n_gold_tokens': 24, 'k': 24}",xlmr
task2_plausibility,8a650a68aa08d2cc,attnlrp,recall_at_k,0.4583333333333333,target,Synonymy,"{'n_gold_tokens': 24, 'k': 24}",xlmr
task2_plausibility,8a650a68aa08d2cc,attnlrp,f1_at_k,0.4583333333333333,target,Synonymy,"{'n_gold_tokens': 24, 'k': 24}",xlmr
task2_plausibility,8a650a68aa08d2cc,attnlrp,auprc,0.4974805015399417,target,Synonymy,"{'n_gold_tokens': 24, 'k': 24}",xlmr
task2_plausibility,8a650a68aa08d2cc,attnlrp,precision_at_k,0.25,target,Modulation,"{'n_gold_tokens': 24, 'k': 24}",xlmr
task2_plausibility,8a650a68aa08d2cc,attnlrp,recall_at_k,0.25,target,Modulation,"{'n_gold_tokens': 24, 'k': 24}",xlmr
task2_plausibility,8a650a68aa08d2cc,attnlrp,f1_at_k,0.25,target,Modulation,"{'n_gold_tokens': 24, 'k': 24}",xlmr
task2_plausibility,8a650a68aa08d2cc,attnlrp,auprc,0.34072068338947586,target,Modulation,"{'n_gold_tokens': 24, 'k': 24}",xlmr
task2_plausibility,8cba73e50098825a,attnlrp,precision_at_k,0.225,target,Synonymy,"{'n_gold_tokens': 40, 'k': 40}",xlmr
task2_plausibility,8cba73e50098825a,attnlrp,recall_at_k,0.225,target,Synonymy,"{'n_gold_tokens': 40, 'k': 40}",xlmr
task2_plausibility,8cba73e50098825a,attnlrp,f1_at_k,0.225,target,Synonymy,"{'n_gold_tokens': 40, 'k': 40}",xlmr
task2_plausibility,8cba73e50098825a,attnlrp,auprc,0.3339651156894695,target,Synonymy,"{'n_gold_tokens': 40, 'k': 40}",xlmr
task2_plausibility,8cba73e50098825a,attnlrp,precision_at_k,0.375,target,Modulation,"{'n_gold_tokens': 40, 'k': 40}",xlmr
task2_plausibility,8cba73e50098825a,attnlrp,recall_at_k,0.375,target,Modulation,"{'n_gold_tokens': 40, 'k': 40}",xlmr
task2_plausibility,8cba73e50098825a,attnlrp,f1_at_k,0.375,target,Modulation,"{'n_gold_tokens': 40, 'k': 40}",xlmr
task2_plausibility,8cba73e50098825a,attnlrp,auprc,0.36361739373386903,target,Modulation,"{'n_gold_tokens': 40, 'k': 40}",xlmr
task2_plausibility,919751b148c54518,attnlrp,precision_at_k,0.0,target,Synonymy,"{'n_gold_tokens': 11, 'k': 11}",xlmr
task2_plausibility,919751b148c54518,attnlrp,recall_at_k,0.0,target,Synonymy,"{'n_gold_tokens': 11, 'k': 11}",xlmr
task2_plausibility,919751b148c54518,attnlrp,f1_at_k,0.0,target,Synonymy,"{'n_gold_tokens': 11, 'k': 11}",xlmr
task2_plausibility,919751b148c54518,attnlrp,auprc,0.17747274306611394,target,Synonymy,"{'n_gold_tokens': 11, 'k': 11}",xlmr
task2_plausibility,919751b148c54518,attnlrp,precision_at_k,0.09090909090909091,target,Modulation,"{'n_gold_tokens': 11, 'k': 11}",xlmr
task2_plausibility,919751b148c54518,attnlrp,recall_at_k,0.09090909090909091,target,Modulation,"{'n_gold_tokens': 11, 'k': 11}",xlmr
task2_plausibility,919751b148c54518,attnlrp,f1_at_k,0.09090909090909091,target,Modulation,"{'n_gold_tokens': 11, 'k': 11}",xlmr
task2_plausibility,919751b148c54518,attnlrp,auprc,0.17753049397400417,target,Modulation,"{'n_gold_tokens': 11, 'k': 11}",xlmr
task2_plausibility,9343b98a90c34a2b,attnlrp,precision_at_k,0.3225806451612903,target,Synonymy,"{'n_gold_tokens': 31, 'k': 31}",xlmr
task2_plausibility,9343b98a90c34a2b,attnlrp,recall_at_k,0.3225806451612903,target,Synonymy,"{'n_gold_tokens': 31, 'k': 31}",xlmr
task2_plausibility,9343b98a90c34a2b,attnlrp,f1_at_k,0.3225806451612903,target,Synonymy,"{'n_gold_tokens': 31, 'k': 31}",xlmr
task2_plausibility,9343b98a90c34a2b,attnlrp,auprc,0.38633875991752686,target,Synonymy,"{'n_gold_tokens': 31, 'k': 31}",xlmr
task2_plausibility,9343b98a90c34a2b,attnlrp,precision_at_k,0.3225806451612903,target,Modulation,"{'n_gold_tokens': 31, 'k': 31}",xlmr
task2_plausibility,9343b98a90c34a2b,attnlrp,recall_at_k,0.3225806451612903,target,Modulation,"{'n_gold_tokens': 31, 'k': 31}",xlmr
task2_plausibility,9343b98a90c34a2b,attnlrp,f1_at_k,0.3225806451612903,target,Modulation,"{'n_gold_tokens': 31, 'k': 31}",xlmr
task2_plausibility,9343b98a90c34a2b,attnlrp,auprc,0.38360986371647776,target,Modulation,"{'n_gold_tokens': 31, 'k': 31}",xlmr
task2_plausibility,9f0cc06bb06a20ad,attnlrp,precision_at_k,0.25806451612903225,target,Synonymy,"{'n_gold_tokens': 31, 'k': 31}",xlmr
task2_plausibility,9f0cc06bb06a20ad,attnlrp,recall_at_k,0.25806451612903225,target,Synonymy,"{'n_gold_tokens': 31, 'k': 31}",xlmr
task2_plausibility,9f0cc06bb06a20ad,attnlrp,f1_at_k,0.25806451612903225,target,Synonymy,"{'n_gold_tokens': 31, 'k': 31}",xlmr
task2_plausibility,9f0cc06bb06a20ad,attnlrp,auprc,0.3200638491449955,target,Synonymy,"{'n_gold_tokens': 31, 'k': 31}",xlmr
task2_plausibility,9f0cc06bb06a20ad,attnlrp,precision_at_k,0.3225806451612903,target,Modulation,"{'n_gold_tokens': 31, 'k': 31}",xlmr
task2_plausibility,9f0cc06bb06a20ad,attnlrp,recall_at_k,0.3225806451612903,target,Modulation,"{'n_gold_tokens': 31, 'k': 31}",xlmr
task2_plausibility,9f0cc06bb06a20ad,attnlrp,f1_at_k,0.3225806451612903,target,Modulation,"{'n_gold_tokens': 31, 'k': 31}",xlmr
task2_plausibility,9f0cc06bb06a20ad,attnlrp,auprc,0.3670290159008942,target,Modulation,"{'n_gold_tokens': 31, 'k': 31}",xlmr
task2_plausibility,9f13c94af8c8dcb9,attnlrp,precision_at_k,0.4666666666666667,target,Synonymy,"{'n_gold_tokens': 30, 'k': 30}",xlmr
task2_plausibility,9f13c94af8c8dcb9,attnlrp,recall_at_k,0.4666666666666667,target,Synonymy,"{'n_gold_tokens': 30, 'k': 30}",xlmr
task2_plausibility,9f13c94af8c8dcb9,attnlrp,f1_at_k,0.4666666666666667,target,Synonymy,"{'n_gold_tokens': 30, 'k': 30}",xlmr
task2_plausibility,9f13c94af8c8dcb9,attnlrp,auprc,0.5017720558852596,target,Synonymy,"{'n_gold_tokens': 30, 'k': 30}",xlmr
task2_plausibility,9f13c94af8c8dcb9,attnlrp,precision_at_k,0.26666666666666666,target,Modulation,"{'n_gold_tokens': 30, 'k': 30}",xlmr
task2_plausibility,9f13c94af8c8dcb9,attnlrp,recall_at_k,0.26666666666666666,target,Modulation,"{'n_gold_tokens': 30, 'k': 30}",xlmr
task2_plausibility,9f13c94af8c8dcb9,attnlrp,f1_at_k,0.26666666666666666,target,Modulation,"{'n_gold_tokens': 30, 'k': 30}",xlmr
task2_plausibility,9f13c94af8c8dcb9,attnlrp,auprc,0.25976765496317056,target,Modulation,"{'n_gold_tokens': 30, 'k': 30}",xlmr
task2_plausibility,a31adca83e5d0797,attnlrp,precision_at_k,0.125,target,Synonymy,"{'n_gold_tokens': 32, 'k': 32}",xlmr
task2_plausibility,a31adca83e5d0797,attnlrp,recall_at_k,0.125,target,Synonymy,"{'n_gold_tokens': 32, 'k': 32}",xlmr
task2_plausibility,a31adca83e5d0797,attnlrp,f1_at_k,0.125,target,Synonymy,"{'n_gold_tokens': 32, 'k': 32}",xlmr
task2_plausibility,a31adca83e5d0797,attnlrp,auprc,0.23411529423313576,target,Synonymy,"{'n_gold_tokens': 32, 'k': 32}",xlmr
task2_plausibility,a31adca83e5d0797,attnlrp,precision_at_k,0.1875,target,Modulation,"{'n_gold_tokens': 32, 'k': 32}",xlmr
task2_plausibility,a31adca83e5d0797,attnlrp,recall_at_k,0.1875,target,Modulation,"{'n_gold_tokens': 32, 'k': 32}",xlmr
task2_plausibility,a31adca83e5d0797,attnlrp,f1_at_k,0.1875,target,Modulation,"{'n_gold_tokens': 32, 'k': 32}",xlmr
task2_plausibility,a31adca83e5d0797,attnlrp,auprc,0.2559180186330446,target,Modulation,"{'n_gold_tokens': 32, 'k': 32}",xlmr
task2_plausibility,a31adca83e5d0797,attnlrp,precision_at_k,0.25,target,Explanation,"{'n_gold_tokens': 32, 'k': 32}",xlmr
task2_plausibility,a31adca83e5d0797,attnlrp,recall_at_k,0.25,target,Explanation,"{'n_gold_tokens': 32, 'k': 32}",xlmr
task2_plausibility,a31adca83e5d0797,attnlrp,f1_at_k,0.25,target,Explanation,"{'n_gold_tokens': 32, 'k': 32}",xlmr
task2_plausibility,a31adca83e5d0797,attnlrp,auprc,0.2628962533717405,target,Explanation,"{'n_gold_tokens': 32, 'k': 32}",xlmr
task2_plausibility,a440ffc1899ac246,attnlrp,precision_at_k,0.0,target,Synonymy,"{'n_gold_tokens': 2, 'k': 2}",xlmr
task2_plausibility,a440ffc1899ac246,attnlrp,recall_at_k,0.0,target,Synonymy,"{'n_gold_tokens': 2, 'k': 2}",xlmr
task2_plausibility,a440ffc1899ac246,attnlrp,f1_at_k,0.0,target,Synonymy,"{'n_gold_tokens': 2, 'k': 2}",xlmr
task2_plausibility,a440ffc1899ac246,attnlrp,auprc,0.043156059285091544,target,Synonymy,"{'n_gold_tokens': 2, 'k': 2}",xlmr
task2_plausibility,a440ffc1899ac246,attnlrp,precision_at_k,0.0,target,Modulation,"{'n_gold_tokens': 2, 'k': 2}",xlmr
task2_plausibility,a440ffc1899ac246,attnlrp,recall_at_k,0.0,target,Modulation,"{'n_gold_tokens': 2, 'k': 2}",xlmr
task2_plausibility,a440ffc1899ac246,attnlrp,f1_at_k,0.0,target,Modulation,"{'n_gold_tokens': 2, 'k': 2}",xlmr
task2_plausibility,a440ffc1899ac246,attnlrp,auprc,0.04564102564102564,target,Modulation,"{'n_gold_tokens': 2, 'k': 2}",xlmr
task2_plausibility,a4b4c81ab3ff1c8a,attnlrp,precision_at_k,0.2875,target,Synonymy,"{'n_gold_tokens': 80, 'k': 80}",xlmr
task2_plausibility,a4b4c81ab3ff1c8a,attnlrp,recall_at_k,0.2875,target,Synonymy,"{'n_gold_tokens': 80, 'k': 80}",xlmr
task2_plausibility,a4b4c81ab3ff1c8a,attnlrp,f1_at_k,0.2875,target,Synonymy,"{'n_gold_tokens': 80, 'k': 80}",xlmr
task2_plausibility,a4b4c81ab3ff1c8a,attnlrp,auprc,0.30066256830253246,target,Synonymy,"{'n_gold_tokens': 80, 'k': 80}",xlmr
task2_plausibility,a4b4c81ab3ff1c8a,attnlrp,precision_at_k,0.2625,target,Modulation,"{'n_gold_tokens': 80, 'k': 80}",xlmr
task2_plausibility,a4b4c81ab3ff1c8a,attnlrp,recall_at_k,0.2625,target,Modulation,"{'n_gold_tokens': 80, 'k': 80}",xlmr
task2_plausibility,a4b4c81ab3ff1c8a,attnlrp,f1_at_k,0.2625,target,Modulation,"{'n_gold_tokens': 80, 'k': 80}",xlmr
task2_plausibility,a4b4c81ab3ff1c8a,attnlrp,auprc,0.33004992129701827,target,Modulation,"{'n_gold_tokens': 80, 'k': 80}",xlmr
task2_plausibility,acf669227b6d0c5e,attnlrp,precision_at_k,0.4074074074074074,target,Synonymy,"{'n_gold_tokens': 27, 'k': 27}",xlmr
task2_plausibility,acf669227b6d0c5e,attnlrp,recall_at_k,0.4074074074074074,target,Synonymy,"{'n_gold_tokens': 27, 'k': 27}",xlmr
task2_plausibility,acf669227b6d0c5e,attnlrp,f1_at_k,0.4074074074074074,target,Synonymy,"{'n_gold_tokens': 27, 'k': 27}",xlmr
task2_plausibility,acf669227b6d0c5e,attnlrp,auprc,0.4268413895328773,target,Synonymy,"{'n_gold_tokens': 27, 'k': 27}",xlmr
task2_plausibility,acf669227b6d0c5e,attnlrp,precision_at_k,0.4074074074074074,target,Modulation,"{'n_gold_tokens': 27, 'k': 27}",xlmr
task2_plausibility,acf669227b6d0c5e,attnlrp,recall_at_k,0.4074074074074074,target,Modulation,"{'n_gold_tokens': 27, 'k': 27}",xlmr
task2_plausibility,acf669227b6d0c5e,attnlrp,f1_at_k,0.4074074074074074,target,Modulation,"{'n_gold_tokens': 27, 'k': 27}",xlmr
task2_plausibility,acf669227b6d0c5e,attnlrp,auprc,0.3836274699855111,target,Modulation,"{'n_gold_tokens': 27, 'k': 27}",xlmr
task2_plausibility,ad30039ef6623faf,attnlrp,precision_at_k,0.16666666666666666,target,Synonymy,"{'n_gold_tokens': 12, 'k': 12}",xlmr
task2_plausibility,ad30039ef6623faf,attnlrp,recall_at_k,0.16666666666666666,target,Synonymy,"{'n_gold_tokens': 12, 'k': 12}",xlmr
task2_plausibility,ad30039ef6623faf,attnlrp,f1_at_k,0.16666666666666666,target,Synonymy,"{'n_gold_tokens': 12, 'k': 12}",xlmr
task2_plausibility,ad30039ef6623faf,attnlrp,auprc,0.18292154359692586,target,Synonymy,"{'n_gold_tokens': 12, 'k': 12}",xlmr
task2_plausibility,ad30039ef6623faf,attnlrp,precision_at_k,0.08333333333333333,target,Modulation,"{'n_gold_tokens': 12, 'k': 12}",xlmr
task2_plausibility,ad30039ef6623faf,attnlrp,recall_at_k,0.08333333333333333,target,Modulation,"{'n_gold_tokens': 12, 'k': 12}",xlmr
task2_plausibility,ad30039ef6623faf,attnlrp,f1_at_k,0.08333333333333333,target,Modulation,"{'n_gold_tokens': 12, 'k': 12}",xlmr
task2_plausibility,ad30039ef6623faf,attnlrp,auprc,0.1586475242297396,target,Modulation,"{'n_gold_tokens': 12, 'k': 12}",xlmr
task2_plausibility,b1ca764381c907f0,attnlrp,precision_at_k,0.16666666666666666,target,Synonymy,"{'n_gold_tokens': 6, 'k': 6}",xlmr
task2_plausibility,b1ca764381c907f0,attnlrp,recall_at_k,0.16666666666666666,target,Synonymy,"{'n_gold_tokens': 6, 'k': 6}",xlmr
task2_plausibility,b1ca764381c907f0,attnlrp,f1_at_k,0.16666666666666666,target,Synonymy,"{'n_gold_tokens': 6, 'k': 6}",xlmr
task2_plausibility,b1ca764381c907f0,attnlrp,auprc,0.1992063492063492,target,Synonymy,"{'n_gold_tokens': 6, 'k': 6}",xlmr
task2_plausibility,b1ca764381c907f0,attnlrp,precision_at_k,0.0,target,Modulation,"{'n_gold_tokens': 6, 'k': 6}",xlmr
task2_plausibility,b1ca764381c907f0,attnlrp,recall_at_k,0.0,target,Modulation,"{'n_gold_tokens': 6, 'k': 6}",xlmr
task2_plausibility,b1ca764381c907f0,attnlrp,f1_at_k,0.0,target,Modulation,"{'n_gold_tokens': 6, 'k': 6}",xlmr
task2_plausibility,b1ca764381c907f0,attnlrp,auprc,0.12845682832071215,target,Modulation,"{'n_gold_tokens': 6, 'k': 6}",xlmr
task2_plausibility,b455168ec6a07fe5,attnlrp,precision_at_k,0.18181818181818182,target,Synonymy,"{'n_gold_tokens': 11, 'k': 11}",xlmr
task2_plausibility,b455168ec6a07fe5,attnlrp,recall_at_k,0.18181818181818182,target,Synonymy,"{'n_gold_tokens': 11, 'k': 11}",xlmr
task2_plausibility,b455168ec6a07fe5,attnlrp,f1_at_k,0.18181818181818182,target,Synonymy,"{'n_gold_tokens': 11, 'k': 11}",xlmr
task2_plausibility,b455168ec6a07fe5,attnlrp,auprc,0.19590506817254338,target,Synonymy,"{'n_gold_tokens': 11, 'k': 11}",xlmr
task2_plausibility,b455168ec6a07fe5,attnlrp,precision_at_k,0.18181818181818182,target,Modulation,"{'n_gold_tokens': 11, 'k': 11}",xlmr
task2_plausibility,b455168ec6a07fe5,attnlrp,recall_at_k,0.18181818181818182,target,Modulation,"{'n_gold_tokens': 11, 'k': 11}",xlmr
task2_plausibility,b455168ec6a07fe5,attnlrp,f1_at_k,0.18181818181818182,target,Modulation,"{'n_gold_tokens': 11, 'k': 11}",xlmr
task2_plausibility,b455168ec6a07fe5,attnlrp,auprc,0.2142952843073921,target,Modulation,"{'n_gold_tokens': 11, 'k': 11}",xlmr
task2_plausibility,b49711b7a2a493e7,attnlrp,precision_at_k,0.23529411764705882,target,Synonymy,"{'n_gold_tokens': 17, 'k': 17}",xlmr
task2_plausibility,b49711b7a2a493e7,attnlrp,recall_at_k,0.23529411764705882,target,Synonymy,"{'n_gold_tokens': 17, 'k': 17}",xlmr
task2_plausibility,b49711b7a2a493e7,attnlrp,f1_at_k,0.23529411764705882,target,Synonymy,"{'n_gold_tokens': 17, 'k': 17}",xlmr
task2_plausibility,b49711b7a2a493e7,attnlrp,auprc,0.2858394162392744,target,Synonymy,"{'n_gold_tokens': 17, 'k': 17}",xlmr
task2_plausibility,b49711b7a2a493e7,attnlrp,precision_at_k,0.35294117647058826,target,Modulation,"{'n_gold_tokens': 17, 'k': 17}",xlmr
task2_plausibility,b49711b7a2a493e7,attnlrp,recall_at_k,0.35294117647058826,target,Modulation,"{'n_gold_tokens': 17, 'k': 17}",xlmr
task2_plausibility,b49711b7a2a493e7,attnlrp,f1_at_k,0.35294117647058826,target,Modulation,"{'n_gold_tokens': 17, 'k': 17}",xlmr
task2_plausibility,b49711b7a2a493e7,attnlrp,auprc,0.34778424949579106,target,Modulation,"{'n_gold_tokens': 17, 'k': 17}",xlmr
task2_plausibility,bb51e95a2fc7a8d3,attnlrp,precision_at_k,0.29411764705882354,target,Synonymy,"{'n_gold_tokens': 17, 'k': 17}",xlmr
task2_plausibility,bb51e95a2fc7a8d3,attnlrp,recall_at_k,0.29411764705882354,target,Synonymy,"{'n_gold_tokens': 17, 'k': 17}",xlmr
task2_plausibility,bb51e95a2fc7a8d3,attnlrp,f1_at_k,0.29411764705882354,target,Synonymy,"{'n_gold_tokens': 17, 'k': 17}",xlmr
task2_plausibility,bb51e95a2fc7a8d3,attnlrp,auprc,0.3036138186237289,target,Synonymy,"{'n_gold_tokens': 17, 'k': 17}",xlmr
task2_plausibility,bb51e95a2fc7a8d3,attnlrp,precision_at_k,0.11764705882352941,target,Modulation,"{'n_gold_tokens': 17, 'k': 17}",xlmr
task2_plausibility,bb51e95a2fc7a8d3,attnlrp,recall_at_k,0.11764705882352941,target,Modulation,"{'n_gold_tokens': 17, 'k': 17}",xlmr
task2_plausibility,bb51e95a2fc7a8d3,attnlrp,f1_at_k,0.11764705882352941,target,Modulation,"{'n_gold_tokens': 17, 'k': 17}",xlmr
task2_plausibility,bb51e95a2fc7a8d3,attnlrp,auprc,0.2388482069189602,target,Modulation,"{'n_gold_tokens': 17, 'k': 17}",xlmr
task2_plausibility,bc56b8afcd518452,attnlrp,precision_at_k,0.2692307692307692,target,Synonymy,"{'n_gold_tokens': 26, 'k': 26}",xlmr
task2_plausibility,bc56b8afcd518452,attnlrp,recall_at_k,0.2692307692307692,target,Synonymy,"{'n_gold_tokens': 26, 'k': 26}",xlmr
task2_plausibility,bc56b8afcd518452,attnlrp,f1_at_k,0.2692307692307692,target,Synonymy,"{'n_gold_tokens': 26, 'k': 26}",xlmr
task2_plausibility,bc56b8afcd518452,attnlrp,auprc,0.30639411171136827,target,Synonymy,"{'n_gold_tokens': 26, 'k': 26}",xlmr
task2_plausibility,bc56b8afcd518452,attnlrp,precision_at_k,0.2692307692307692,target,Modulation,"{'n_gold_tokens': 26, 'k': 26}",xlmr
task2_plausibility,bc56b8afcd518452,attnlrp,recall_at_k,0.2692307692307692,target,Modulation,"{'n_gold_tokens': 26, 'k': 26}",xlmr
task2_plausibility,bc56b8afcd518452,attnlrp,f1_at_k,0.2692307692307692,target,Modulation,"{'n_gold_tokens': 26, 'k': 26}",xlmr
task2_plausibility,bc56b8afcd518452,attnlrp,auprc,0.34005179533978214,target,Modulation,"{'n_gold_tokens': 26, 'k': 26}",xlmr
task2_plausibility,bc56b8afcd518452,attnlrp,precision_at_k,0.3076923076923077,target,Syntactic Change,"{'n_gold_tokens': 26, 'k': 26}",xlmr
task2_plausibility,bc56b8afcd518452,attnlrp,recall_at_k,0.3076923076923077,target,Syntactic Change,"{'n_gold_tokens': 26, 'k': 26}",xlmr
task2_plausibility,bc56b8afcd518452,attnlrp,f1_at_k,0.3076923076923077,target,Syntactic Change,"{'n_gold_tokens': 26, 'k': 26}",xlmr
task2_plausibility,bc56b8afcd518452,attnlrp,auprc,0.366886343539082,target,Syntactic Change,"{'n_gold_tokens': 26, 'k': 26}",xlmr
task2_plausibility,bcdbd65d3bb0c6f7,attnlrp,precision_at_k,0.3448275862068966,target,Synonymy,"{'n_gold_tokens': 29, 'k': 29}",xlmr
task2_plausibility,bcdbd65d3bb0c6f7,attnlrp,recall_at_k,0.3448275862068966,target,Synonymy,"{'n_gold_tokens': 29, 'k': 29}",xlmr
task2_plausibility,bcdbd65d3bb0c6f7,attnlrp,f1_at_k,0.3448275862068966,target,Synonymy,"{'n_gold_tokens': 29, 'k': 29}",xlmr
task2_plausibility,bcdbd65d3bb0c6f7,attnlrp,auprc,0.4051753757720331,target,Synonymy,"{'n_gold_tokens': 29, 'k': 29}",xlmr
task2_plausibility,bcdbd65d3bb0c6f7,attnlrp,precision_at_k,0.3793103448275862,target,Modulation,"{'n_gold_tokens': 29, 'k': 29}",xlmr
task2_plausibility,bcdbd65d3bb0c6f7,attnlrp,recall_at_k,0.3793103448275862,target,Modulation,"{'n_gold_tokens': 29, 'k': 29}",xlmr
task2_plausibility,bcdbd65d3bb0c6f7,attnlrp,f1_at_k,0.3793103448275862,target,Modulation,"{'n_gold_tokens': 29, 'k': 29}",xlmr
task2_plausibility,bcdbd65d3bb0c6f7,attnlrp,auprc,0.31474008002546666,target,Modulation,"{'n_gold_tokens': 29, 'k': 29}",xlmr
task2_plausibility,bd984f00893bbceb,attnlrp,precision_at_k,0.1875,target,Synonymy,"{'n_gold_tokens': 16, 'k': 16}",xlmr
task2_plausibility,bd984f00893bbceb,attnlrp,recall_at_k,0.1875,target,Synonymy,"{'n_gold_tokens': 16, 'k': 16}",xlmr
task2_plausibility,bd984f00893bbceb,attnlrp,f1_at_k,0.1875,target,Synonymy,"{'n_gold_tokens': 16, 'k': 16}",xlmr
task2_plausibility,bd984f00893bbceb,attnlrp,auprc,0.2357080822222558,target,Synonymy,"{'n_gold_tokens': 16, 'k': 16}",xlmr
task2_plausibility,bd984f00893bbceb,attnlrp,precision_at_k,0.1875,target,Modulation,"{'n_gold_tokens': 16, 'k': 16}",xlmr
task2_plausibility,bd984f00893bbceb,attnlrp,recall_at_k,0.1875,target,Modulation,"{'n_gold_tokens': 16, 'k': 16}",xlmr
task2_plausibility,bd984f00893bbceb,attnlrp,f1_at_k,0.1875,target,Modulation,"{'n_gold_tokens': 16, 'k': 16}",xlmr
task2_plausibility,bd984f00893bbceb,attnlrp,auprc,0.1955173914970315,target,Modulation,"{'n_gold_tokens': 16, 'k': 16}",xlmr
task2_plausibility,c2f95f39014f4f3b,attnlrp,precision_at_k,0.1875,target,Synonymy,"{'n_gold_tokens': 16, 'k': 16}",xlmr
task2_plausibility,c2f95f39014f4f3b,attnlrp,recall_at_k,0.1875,target,Synonymy,"{'n_gold_tokens': 16, 'k': 16}",xlmr
task2_plausibility,c2f95f39014f4f3b,attnlrp,f1_at_k,0.1875,target,Synonymy,"{'n_gold_tokens': 16, 'k': 16}",xlmr
task2_plausibility,c2f95f39014f4f3b,attnlrp,auprc,0.28643786165865703,target,Synonymy,"{'n_gold_tokens': 16, 'k': 16}",xlmr
task2_plausibility,c2f95f39014f4f3b,attnlrp,precision_at_k,0.0,target,Modulation,"{'n_gold_tokens': 16, 'k': 16}",xlmr
task2_plausibility,c2f95f39014f4f3b,attnlrp,recall_at_k,0.0,target,Modulation,"{'n_gold_tokens': 16, 'k': 16}",xlmr
task2_plausibility,c2f95f39014f4f3b,attnlrp,f1_at_k,0.0,target,Modulation,"{'n_gold_tokens': 16, 'k': 16}",xlmr
task2_plausibility,c2f95f39014f4f3b,attnlrp,auprc,0.14979576997663124,target,Modulation,"{'n_gold_tokens': 16, 'k': 16}",xlmr
task2_plausibility,c58ed41c5b381a18,attnlrp,precision_at_k,0.37142857142857144,target,Synonymy,"{'n_gold_tokens': 35, 'k': 35}",xlmr
task2_plausibility,c58ed41c5b381a18,attnlrp,recall_at_k,0.37142857142857144,target,Synonymy,"{'n_gold_tokens': 35, 'k': 35}",xlmr
task2_plausibility,c58ed41c5b381a18,attnlrp,f1_at_k,0.37142857142857144,target,Synonymy,"{'n_gold_tokens': 35, 'k': 35}",xlmr
task2_plausibility,c58ed41c5b381a18,attnlrp,auprc,0.32727142914539,target,Synonymy,"{'n_gold_tokens': 35, 'k': 35}",xlmr
task2_plausibility,c58ed41c5b381a18,attnlrp,precision_at_k,0.4,target,Modulation,"{'n_gold_tokens': 35, 'k': 35}",xlmr
task2_plausibility,c58ed41c5b381a18,attnlrp,recall_at_k,0.4,target,Modulation,"{'n_gold_tokens': 35, 'k': 35}",xlmr
task2_plausibility,c58ed41c5b381a18,attnlrp,f1_at_k,0.4000000000000001,target,Modulation,"{'n_gold_tokens': 35, 'k': 35}",xlmr
task2_plausibility,c58ed41c5b381a18,attnlrp,auprc,0.3772504515237683,target,Modulation,"{'n_gold_tokens': 35, 'k': 35}",xlmr
task2_plausibility,c7f805091a063b0f,attnlrp,precision_at_k,0.22857142857142856,target,Synonymy,"{'n_gold_tokens': 35, 'k': 35}",xlmr
task2_plausibility,c7f805091a063b0f,attnlrp,recall_at_k,0.22857142857142856,target,Synonymy,"{'n_gold_tokens': 35, 'k': 35}",xlmr
task2_plausibility,c7f805091a063b0f,attnlrp,f1_at_k,0.22857142857142856,target,Synonymy,"{'n_gold_tokens': 35, 'k': 35}",xlmr
task2_plausibility,c7f805091a063b0f,attnlrp,auprc,0.36923409026110354,target,Synonymy,"{'n_gold_tokens': 35, 'k': 35}",xlmr
task2_plausibility,c7f805091a063b0f,attnlrp,precision_at_k,0.3142857142857143,target,Modulation,"{'n_gold_tokens': 35, 'k': 35}",xlmr
task2_plausibility,c7f805091a063b0f,attnlrp,recall_at_k,0.3142857142857143,target,Modulation,"{'n_gold_tokens': 35, 'k': 35}",xlmr
task2_plausibility,c7f805091a063b0f,attnlrp,f1_at_k,0.3142857142857143,target,Modulation,"{'n_gold_tokens': 35, 'k': 35}",xlmr
task2_plausibility,c7f805091a063b0f,attnlrp,auprc,0.3987740166220567,target,Modulation,"{'n_gold_tokens': 35, 'k': 35}",xlmr
task2_plausibility,c7f805091a063b0f,attnlrp,precision_at_k,0.3142857142857143,target,Syntactic Change,"{'n_gold_tokens': 35, 'k': 35}",xlmr
task2_plausibility,c7f805091a063b0f,attnlrp,recall_at_k,0.3142857142857143,target,Syntactic Change,"{'n_gold_tokens': 35, 'k': 35}",xlmr
task2_plausibility,c7f805091a063b0f,attnlrp,f1_at_k,0.3142857142857143,target,Syntactic Change,"{'n_gold_tokens': 35, 'k': 35}",xlmr
task2_plausibility,c7f805091a063b0f,attnlrp,auprc,0.3621131059274979,target,Syntactic Change,"{'n_gold_tokens': 35, 'k': 35}",xlmr
task2_plausibility,ca574cd1c9e26b4e,attnlrp,precision_at_k,0.390625,target,Synonymy,"{'n_gold_tokens': 64, 'k': 64}",xlmr
task2_plausibility,ca574cd1c9e26b4e,attnlrp,recall_at_k,0.390625,target,Synonymy,"{'n_gold_tokens': 64, 'k': 64}",xlmr
task2_plausibility,ca574cd1c9e26b4e,attnlrp,f1_at_k,0.390625,target,Synonymy,"{'n_gold_tokens': 64, 'k': 64}",xlmr
task2_plausibility,ca574cd1c9e26b4e,attnlrp,auprc,0.419833154923979,target,Synonymy,"{'n_gold_tokens': 64, 'k': 64}",xlmr
task2_plausibility,ca574cd1c9e26b4e,attnlrp,precision_at_k,0.453125,target,Modulation,"{'n_gold_tokens': 64, 'k': 64}",xlmr
task2_plausibility,ca574cd1c9e26b4e,attnlrp,recall_at_k,0.453125,target,Modulation,"{'n_gold_tokens': 64, 'k': 64}",xlmr
task2_plausibility,ca574cd1c9e26b4e,attnlrp,f1_at_k,0.453125,target,Modulation,"{'n_gold_tokens': 64, 'k': 64}",xlmr
task2_plausibility,ca574cd1c9e26b4e,attnlrp,auprc,0.4229407297993743,target,Modulation,"{'n_gold_tokens': 64, 'k': 64}",xlmr
task2_plausibility,ca574cd1c9e26b4e,attnlrp,precision_at_k,0.359375,target,Explanation,"{'n_gold_tokens': 64, 'k': 64}",xlmr
task2_plausibility,ca574cd1c9e26b4e,attnlrp,recall_at_k,0.359375,target,Explanation,"{'n_gold_tokens': 64, 'k': 64}",xlmr
task2_plausibility,ca574cd1c9e26b4e,attnlrp,f1_at_k,0.359375,target,Explanation,"{'n_gold_tokens': 64, 'k': 64}",xlmr
task2_plausibility,ca574cd1c9e26b4e,attnlrp,auprc,0.4057415184253288,target,Explanation,"{'n_gold_tokens': 64, 'k': 64}",xlmr
task2_plausibility,ca574cd1c9e26b4e,attnlrp,precision_at_k,0.375,target,Syntactic Change,"{'n_gold_tokens': 64, 'k': 64}",xlmr
task2_plausibility,ca574cd1c9e26b4e,attnlrp,recall_at_k,0.375,target,Syntactic Change,"{'n_gold_tokens': 64, 'k': 64}",xlmr
task2_plausibility,ca574cd1c9e26b4e,attnlrp,f1_at_k,0.375,target,Syntactic Change,"{'n_gold_tokens': 64, 'k': 64}",xlmr
task2_plausibility,ca574cd1c9e26b4e,attnlrp,auprc,0.40217961165520233,target,Syntactic Change,"{'n_gold_tokens': 64, 'k': 64}",xlmr
task2_plausibility,d3818ad9e283c6fe,attnlrp,precision_at_k,0.25,target,Synonymy,"{'n_gold_tokens': 4, 'k': 4}",xlmr
task2_plausibility,d3818ad9e283c6fe,attnlrp,recall_at_k,0.25,target,Synonymy,"{'n_gold_tokens': 4, 'k': 4}",xlmr
task2_plausibility,d3818ad9e283c6fe,attnlrp,f1_at_k,0.25,target,Synonymy,"{'n_gold_tokens': 4, 'k': 4}",xlmr
task2_plausibility,d3818ad9e283c6fe,attnlrp,auprc,0.28968253968253965,target,Synonymy,"{'n_gold_tokens': 4, 'k': 4}",xlmr
task2_plausibility,d5f9facec09c0e1b,attnlrp,precision_at_k,0.1111111111111111,target,Synonymy,"{'n_gold_tokens': 9, 'k': 9}",xlmr
task2_plausibility,d5f9facec09c0e1b,attnlrp,recall_at_k,0.1111111111111111,target,Synonymy,"{'n_gold_tokens': 9, 'k': 9}",xlmr
task2_plausibility,d5f9facec09c0e1b,attnlrp,f1_at_k,0.1111111111111111,target,Synonymy,"{'n_gold_tokens': 9, 'k': 9}",xlmr
task2_plausibility,d5f9facec09c0e1b,attnlrp,auprc,0.24569690232034497,target,Synonymy,"{'n_gold_tokens': 9, 'k': 9}",xlmr
task2_plausibility,d5f9facec09c0e1b,attnlrp,precision_at_k,0.1111111111111111,target,Modulation,"{'n_gold_tokens': 9, 'k': 9}",xlmr
task2_plausibility,d5f9facec09c0e1b,attnlrp,recall_at_k,0.1111111111111111,target,Modulation,"{'n_gold_tokens': 9, 'k': 9}",xlmr
task2_plausibility,d5f9facec09c0e1b,attnlrp,f1_at_k,0.1111111111111111,target,Modulation,"{'n_gold_tokens': 9, 'k': 9}",xlmr
task2_plausibility,d5f9facec09c0e1b,attnlrp,auprc,0.20747739366915535,target,Modulation,"{'n_gold_tokens': 9, 'k': 9}",xlmr
task2_plausibility,e02841689d8dbd93,attnlrp,precision_at_k,0.23809523809523808,target,Synonymy,"{'n_gold_tokens': 21, 'k': 21}",xlmr
task2_plausibility,e02841689d8dbd93,attnlrp,recall_at_k,0.23809523809523808,target,Synonymy,"{'n_gold_tokens': 21, 'k': 21}",xlmr
task2_plausibility,e02841689d8dbd93,attnlrp,f1_at_k,0.23809523809523808,target,Synonymy,"{'n_gold_tokens': 21, 'k': 21}",xlmr
task2_plausibility,e02841689d8dbd93,attnlrp,auprc,0.25043658794058044,target,Synonymy,"{'n_gold_tokens': 21, 'k': 21}",xlmr
task2_plausibility,e02841689d8dbd93,attnlrp,precision_at_k,0.19047619047619047,target,Modulation,"{'n_gold_tokens': 21, 'k': 21}",xlmr
task2_plausibility,e02841689d8dbd93,attnlrp,recall_at_k,0.19047619047619047,target,Modulation,"{'n_gold_tokens': 21, 'k': 21}",xlmr
task2_plausibility,e02841689d8dbd93,attnlrp,f1_at_k,0.19047619047619047,target,Modulation,"{'n_gold_tokens': 21, 'k': 21}",xlmr
task2_plausibility,e02841689d8dbd93,attnlrp,auprc,0.250524727613505,target,Modulation,"{'n_gold_tokens': 21, 'k': 21}",xlmr
task2_plausibility,e02841689d8dbd93,attnlrp,precision_at_k,0.14285714285714285,target,Explanation,"{'n_gold_tokens': 21, 'k': 21}",xlmr
task2_plausibility,e02841689d8dbd93,attnlrp,recall_at_k,0.14285714285714285,target,Explanation,"{'n_gold_tokens': 21, 'k': 21}",xlmr
task2_plausibility,e02841689d8dbd93,attnlrp,f1_at_k,0.14285714285714285,target,Explanation,"{'n_gold_tokens': 21, 'k': 21}",xlmr
task2_plausibility,e02841689d8dbd93,attnlrp,auprc,0.234065811439697,target,Explanation,"{'n_gold_tokens': 21, 'k': 21}",xlmr
task2_plausibility,e02841689d8dbd93,attnlrp,precision_at_k,0.19047619047619047,target,Syntactic Change,"{'n_gold_tokens': 21, 'k': 21}",xlmr
task2_plausibility,e02841689d8dbd93,attnlrp,recall_at_k,0.19047619047619047,target,Syntactic Change,"{'n_gold_tokens': 21, 'k': 21}",xlmr
task2_plausibility,e02841689d8dbd93,attnlrp,f1_at_k,0.19047619047619047,target,Syntactic Change,"{'n_gold_tokens': 21, 'k': 21}",xlmr
task2_plausibility,e02841689d8dbd93,attnlrp,auprc,0.2076764512258769,target,Syntactic Change,"{'n_gold_tokens': 21, 'k': 21}",xlmr
task2_plausibility,ebc38fd5196585a4,attnlrp,precision_at_k,0.3333333333333333,target,Synonymy,"{'n_gold_tokens': 45, 'k': 45}",xlmr
task2_plausibility,ebc38fd5196585a4,attnlrp,recall_at_k,0.3333333333333333,target,Synonymy,"{'n_gold_tokens': 45, 'k': 45}",xlmr
task2_plausibility,ebc38fd5196585a4,attnlrp,f1_at_k,0.3333333333333333,target,Synonymy,"{'n_gold_tokens': 45, 'k': 45}",xlmr
task2_plausibility,ebc38fd5196585a4,attnlrp,auprc,0.3247745070783049,target,Synonymy,"{'n_gold_tokens': 45, 'k': 45}",xlmr
task2_plausibility,ebc38fd5196585a4,attnlrp,precision_at_k,0.2,target,Modulation,"{'n_gold_tokens': 45, 'k': 45}",xlmr
task2_plausibility,ebc38fd5196585a4,attnlrp,recall_at_k,0.2,target,Modulation,"{'n_gold_tokens': 45, 'k': 45}",xlmr
task2_plausibility,ebc38fd5196585a4,attnlrp,f1_at_k,0.20000000000000004,target,Modulation,"{'n_gold_tokens': 45, 'k': 45}",xlmr
task2_plausibility,ebc38fd5196585a4,attnlrp,auprc,0.2451747384169763,target,Modulation,"{'n_gold_tokens': 45, 'k': 45}",xlmr
task2_plausibility,ebc38fd5196585a4,attnlrp,precision_at_k,0.28888888888888886,target,Compression,"{'n_gold_tokens': 45, 'k': 45}",xlmr
task2_plausibility,ebc38fd5196585a4,attnlrp,recall_at_k,0.28888888888888886,target,Compression,"{'n_gold_tokens': 45, 'k': 45}",xlmr
task2_plausibility,ebc38fd5196585a4,attnlrp,f1_at_k,0.28888888888888886,target,Compression,"{'n_gold_tokens': 45, 'k': 45}",xlmr
task2_plausibility,ebc38fd5196585a4,attnlrp,auprc,0.28569927134859124,target,Compression,"{'n_gold_tokens': 45, 'k': 45}",xlmr
task2_plausibility,ebc38fd5196585a4,attnlrp,precision_at_k,0.3333333333333333,target,Explanation,"{'n_gold_tokens': 45, 'k': 45}",xlmr
task2_plausibility,ebc38fd5196585a4,attnlrp,recall_at_k,0.3333333333333333,target,Explanation,"{'n_gold_tokens': 45, 'k': 45}",xlmr
task2_plausibility,ebc38fd5196585a4,attnlrp,f1_at_k,0.3333333333333333,target,Explanation,"{'n_gold_tokens': 45, 'k': 45}",xlmr
task2_plausibility,ebc38fd5196585a4,attnlrp,auprc,0.3297497368218255,target,Explanation,"{'n_gold_tokens': 45, 'k': 45}",xlmr
task2_plausibility,ed97b738e6b56de0,attnlrp,precision_at_k,0.44,target,Synonymy,"{'n_gold_tokens': 25, 'k': 25}",xlmr
task2_plausibility,ed97b738e6b56de0,attnlrp,recall_at_k,0.44,target,Synonymy,"{'n_gold_tokens': 25, 'k': 25}",xlmr
task2_plausibility,ed97b738e6b56de0,attnlrp,f1_at_k,0.44,target,Synonymy,"{'n_gold_tokens': 25, 'k': 25}",xlmr
task2_plausibility,ed97b738e6b56de0,attnlrp,auprc,0.5277235544042895,target,Synonymy,"{'n_gold_tokens': 25, 'k': 25}",xlmr
task2_plausibility,ed97b738e6b56de0,attnlrp,precision_at_k,0.36,target,Modulation,"{'n_gold_tokens': 25, 'k': 25}",xlmr
task2_plausibility,ed97b738e6b56de0,attnlrp,recall_at_k,0.36,target,Modulation,"{'n_gold_tokens': 25, 'k': 25}",xlmr
task2_plausibility,ed97b738e6b56de0,attnlrp,f1_at_k,0.36,target,Modulation,"{'n_gold_tokens': 25, 'k': 25}",xlmr
task2_plausibility,ed97b738e6b56de0,attnlrp,auprc,0.5068112903054803,target,Modulation,"{'n_gold_tokens': 25, 'k': 25}",xlmr
task2_plausibility,f09dc1c9066ef363,attnlrp,precision_at_k,0.125,target,Synonymy,"{'n_gold_tokens': 16, 'k': 16}",xlmr
task2_plausibility,f09dc1c9066ef363,attnlrp,recall_at_k,0.125,target,Synonymy,"{'n_gold_tokens': 16, 'k': 16}",xlmr
task2_plausibility,f09dc1c9066ef363,attnlrp,f1_at_k,0.125,target,Synonymy,"{'n_gold_tokens': 16, 'k': 16}",xlmr
task2_plausibility,f09dc1c9066ef363,attnlrp,auprc,0.21090305084481054,target,Synonymy,"{'n_gold_tokens': 16, 'k': 16}",xlmr
task2_plausibility,f09dc1c9066ef363,attnlrp,precision_at_k,0.375,target,Modulation,"{'n_gold_tokens': 16, 'k': 16}",xlmr
task2_plausibility,f09dc1c9066ef363,attnlrp,recall_at_k,0.375,target,Modulation,"{'n_gold_tokens': 16, 'k': 16}",xlmr
task2_plausibility,f09dc1c9066ef363,attnlrp,f1_at_k,0.375,target,Modulation,"{'n_gold_tokens': 16, 'k': 16}",xlmr
task2_plausibility,f09dc1c9066ef363,attnlrp,auprc,0.33162837009620133,target,Modulation,"{'n_gold_tokens': 16, 'k': 16}",xlmr
task2_plausibility,f595dbe873610977,attnlrp,precision_at_k,0.375,target,Synonymy,"{'n_gold_tokens': 16, 'k': 16}",xlmr
task2_plausibility,f595dbe873610977,attnlrp,recall_at_k,0.375,target,Synonymy,"{'n_gold_tokens': 16, 'k': 16}",xlmr
task2_plausibility,f595dbe873610977,attnlrp,f1_at_k,0.375,target,Synonymy,"{'n_gold_tokens': 16, 'k': 16}",xlmr
task2_plausibility,f595dbe873610977,attnlrp,auprc,0.4327365786095013,target,Synonymy,"{'n_gold_tokens': 16, 'k': 16}",xlmr
task2_plausibility,f595dbe873610977,attnlrp,precision_at_k,0.25,target,Modulation,"{'n_gold_tokens': 16, 'k': 16}",xlmr
task2_plausibility,f595dbe873610977,attnlrp,recall_at_k,0.25,target,Modulation,"{'n_gold_tokens': 16, 'k': 16}",xlmr
task2_plausibility,f595dbe873610977,attnlrp,f1_at_k,0.25,target,Modulation,"{'n_gold_tokens': 16, 'k': 16}",xlmr
task2_plausibility,f595dbe873610977,attnlrp,auprc,0.2102122483015414,target,Modulation,"{'n_gold_tokens': 16, 'k': 16}",xlmr
task2_plausibility,f5fae2abe84040c6,attnlrp,precision_at_k,0.4166666666666667,target,Synonymy,"{'n_gold_tokens': 12, 'k': 12}",xlmr
task2_plausibility,f5fae2abe84040c6,attnlrp,recall_at_k,0.4166666666666667,target,Synonymy,"{'n_gold_tokens': 12, 'k': 12}",xlmr
task2_plausibility,f5fae2abe84040c6,attnlrp,f1_at_k,0.4166666666666667,target,Synonymy,"{'n_gold_tokens': 12, 'k': 12}",xlmr
task2_plausibility,f5fae2abe84040c6,attnlrp,auprc,0.35090888211359234,target,Synonymy,"{'n_gold_tokens': 12, 'k': 12}",xlmr
task2_plausibility,f5fae2abe84040c6,attnlrp,precision_at_k,0.25,target,Modulation,"{'n_gold_tokens': 12, 'k': 12}",xlmr
task2_plausibility,f5fae2abe84040c6,attnlrp,recall_at_k,0.25,target,Modulation,"{'n_gold_tokens': 12, 'k': 12}",xlmr
task2_plausibility,f5fae2abe84040c6,attnlrp,f1_at_k,0.25,target,Modulation,"{'n_gold_tokens': 12, 'k': 12}",xlmr
task2_plausibility,f5fae2abe84040c6,attnlrp,auprc,0.2500607629875923,target,Modulation,"{'n_gold_tokens': 12, 'k': 12}",xlmr
task2_plausibility,f5fae2abe84040c6,attnlrp,precision_at_k,0.5,target,Syntactic Change,"{'n_gold_tokens': 12, 'k': 12}",xlmr
task2_plausibility,f5fae2abe84040c6,attnlrp,recall_at_k,0.5,target,Syntactic Change,"{'n_gold_tokens': 12, 'k': 12}",xlmr
task2_plausibility,f5fae2abe84040c6,attnlrp,f1_at_k,0.5,target,Syntactic Change,"{'n_gold_tokens': 12, 'k': 12}",xlmr
task2_plausibility,f5fae2abe84040c6,attnlrp,auprc,0.4230060693970133,target,Syntactic Change,"{'n_gold_tokens': 12, 'k': 12}",xlmr
task2_plausibility,fb0854572fb09c00,attnlrp,precision_at_k,0.36363636363636365,target,Synonymy,"{'n_gold_tokens': 33, 'k': 33}",xlmr
task2_plausibility,fb0854572fb09c00,attnlrp,recall_at_k,0.36363636363636365,target,Synonymy,"{'n_gold_tokens': 33, 'k': 33}",xlmr
task2_plausibility,fb0854572fb09c00,attnlrp,f1_at_k,0.36363636363636365,target,Synonymy,"{'n_gold_tokens': 33, 'k': 33}",xlmr
task2_plausibility,fb0854572fb09c00,attnlrp,auprc,0.36201938368094766,target,Synonymy,"{'n_gold_tokens': 33, 'k': 33}",xlmr
task2_plausibility,fb0854572fb09c00,attnlrp,precision_at_k,0.24242424242424243,target,Modulation,"{'n_gold_tokens': 33, 'k': 33}",xlmr
task2_plausibility,fb0854572fb09c00,attnlrp,recall_at_k,0.24242424242424243,target,Modulation,"{'n_gold_tokens': 33, 'k': 33}",xlmr
task2_plausibility,fb0854572fb09c00,attnlrp,f1_at_k,0.24242424242424243,target,Modulation,"{'n_gold_tokens': 33, 'k': 33}",xlmr
task2_plausibility,fb0854572fb09c00,attnlrp,auprc,0.3059935134149949,target,Modulation,"{'n_gold_tokens': 33, 'k': 33}",xlmr
task2_plausibility,fb0854572fb09c00,attnlrp,precision_at_k,0.2727272727272727,target,Explanation,"{'n_gold_tokens': 33, 'k': 33}",xlmr
task2_plausibility,fb0854572fb09c00,attnlrp,recall_at_k,0.2727272727272727,target,Explanation,"{'n_gold_tokens': 33, 'k': 33}",xlmr
task2_plausibility,fb0854572fb09c00,attnlrp,f1_at_k,0.2727272727272727,target,Explanation,"{'n_gold_tokens': 33, 'k': 33}",xlmr
task2_plausibility,fb0854572fb09c00,attnlrp,auprc,0.277644078108525,target,Explanation,"{'n_gold_tokens': 33, 'k': 33}",xlmr
task2_plausibility,fcdca612e90d0d5a,attnlrp,precision_at_k,0.3125,target,Synonymy,"{'n_gold_tokens': 16, 'k': 16}",xlmr
task2_plausibility,fcdca612e90d0d5a,attnlrp,recall_at_k,0.3125,target,Synonymy,"{'n_gold_tokens': 16, 'k': 16}",xlmr
task2_plausibility,fcdca612e90d0d5a,attnlrp,f1_at_k,0.3125,target,Synonymy,"{'n_gold_tokens': 16, 'k': 16}",xlmr
task2_plausibility,fcdca612e90d0d5a,attnlrp,auprc,0.3288897575784003,target,Synonymy,"{'n_gold_tokens': 16, 'k': 16}",xlmr
task2_plausibility,fcdca612e90d0d5a,attnlrp,precision_at_k,0.4375,target,Modulation,"{'n_gold_tokens': 16, 'k': 16}",xlmr
task2_plausibility,fcdca612e90d0d5a,attnlrp,recall_at_k,0.4375,target,Modulation,"{'n_gold_tokens': 16, 'k': 16}",xlmr
task2_plausibility,fcdca612e90d0d5a,attnlrp,f1_at_k,0.4375,target,Modulation,"{'n_gold_tokens': 16, 'k': 16}",xlmr
task2_plausibility,fcdca612e90d0d5a,attnlrp,auprc,0.3832671899015848,target,Modulation,"{'n_gold_tokens': 16, 'k': 16}",xlmr
task2_plausibility,852e307c048eb4ff,attnlrp,precision_at_k,0.18181818181818182,target,Modulation,"{'n_gold_tokens': 11, 'k': 11}",xlmr
task2_plausibility,852e307c048eb4ff,attnlrp,recall_at_k,0.18181818181818182,target,Modulation,"{'n_gold_tokens': 11, 'k': 11}",xlmr
task2_plausibility,852e307c048eb4ff,attnlrp,f1_at_k,0.18181818181818182,target,Modulation,"{'n_gold_tokens': 11, 'k': 11}",xlmr
task2_plausibility,852e307c048eb4ff,attnlrp,auprc,0.2486821366233131,target,Modulation,"{'n_gold_tokens': 11, 'k': 11}",xlmr
task2_plausibility,852e307c048eb4ff,attnlrp,precision_at_k,0.2727272727272727,target,Explanation,"{'n_gold_tokens': 11, 'k': 11}",xlmr
task2_plausibility,852e307c048eb4ff,attnlrp,recall_at_k,0.2727272727272727,target,Explanation,"{'n_gold_tokens': 11, 'k': 11}",xlmr
task2_plausibility,852e307c048eb4ff,attnlrp,f1_at_k,0.2727272727272727,target,Explanation,"{'n_gold_tokens': 11, 'k': 11}",xlmr
task2_plausibility,852e307c048eb4ff,attnlrp,auprc,0.37825731909724003,target,Explanation,"{'n_gold_tokens': 11, 'k': 11}",xlmr
task2_plausibility,35654cc5a0362f73,attnlrp,precision_at_k,0.2608695652173913,target,Explanation,"{'n_gold_tokens': 23, 'k': 23}",xlmr
task2_plausibility,35654cc5a0362f73,attnlrp,recall_at_k,0.2608695652173913,target,Explanation,"{'n_gold_tokens': 23, 'k': 23}",xlmr
task2_plausibility,35654cc5a0362f73,attnlrp,f1_at_k,0.2608695652173913,target,Explanation,"{'n_gold_tokens': 23, 'k': 23}",xlmr
task2_plausibility,35654cc5a0362f73,attnlrp,auprc,0.3192619394895781,target,Explanation,"{'n_gold_tokens': 23, 'k': 23}",xlmr
task2_plausibility,35654cc5a0362f73,attnlrp,precision_at_k,0.2608695652173913,target,Syntactic Change,"{'n_gold_tokens': 23, 'k': 23}",xlmr
task2_plausibility,35654cc5a0362f73,attnlrp,recall_at_k,0.2608695652173913,target,Syntactic Change,"{'n_gold_tokens': 23, 'k': 23}",xlmr
task2_plausibility,35654cc5a0362f73,attnlrp,f1_at_k,0.2608695652173913,target,Syntactic Change,"{'n_gold_tokens': 23, 'k': 23}",xlmr
task2_plausibility,35654cc5a0362f73,attnlrp,auprc,0.2673060614182451,target,Syntactic Change,"{'n_gold_tokens': 23, 'k': 23}",xlmr
task2_plausibility,8f01554dcbf4fc96,attnlrp,precision_at_k,0.1111111111111111,target,Synonymy,"{'n_gold_tokens': 9, 'k': 9}",xlmr
task2_plausibility,8f01554dcbf4fc96,attnlrp,recall_at_k,0.1111111111111111,target,Synonymy,"{'n_gold_tokens': 9, 'k': 9}",xlmr
task2_plausibility,8f01554dcbf4fc96,attnlrp,f1_at_k,0.1111111111111111,target,Synonymy,"{'n_gold_tokens': 9, 'k': 9}",xlmr
task2_plausibility,8f01554dcbf4fc96,attnlrp,auprc,0.2393290360471135,target,Synonymy,"{'n_gold_tokens': 9, 'k': 9}",xlmr
task2_plausibility,8f01554dcbf4fc96,attnlrp,precision_at_k,0.3333333333333333,target,Explanation,"{'n_gold_tokens': 9, 'k': 9}",xlmr
task2_plausibility,8f01554dcbf4fc96,attnlrp,recall_at_k,0.3333333333333333,target,Explanation,"{'n_gold_tokens': 9, 'k': 9}",xlmr
task2_plausibility,8f01554dcbf4fc96,attnlrp,f1_at_k,0.3333333333333333,target,Explanation,"{'n_gold_tokens': 9, 'k': 9}",xlmr
task2_plausibility,8f01554dcbf4fc96,attnlrp,auprc,0.2518441119677266,target,Explanation,"{'n_gold_tokens': 9, 'k': 9}",xlmr
task2_plausibility,b5b875edf1cbdd7a,attnlrp,precision_at_k,0.0,target,Synonymy,"{'n_gold_tokens': 1, 'k': 1}",xlmr
task2_plausibility,b5b875edf1cbdd7a,attnlrp,recall_at_k,0.0,target,Synonymy,"{'n_gold_tokens': 1, 'k': 1}",xlmr
task2_plausibility,b5b875edf1cbdd7a,attnlrp,f1_at_k,0.0,target,Synonymy,"{'n_gold_tokens': 1, 'k': 1}",xlmr
task2_plausibility,b5b875edf1cbdd7a,attnlrp,auprc,0.2,target,Synonymy,"{'n_gold_tokens': 1, 'k': 1}",xlmr
task2_plausibility,b5b875edf1cbdd7a,attnlrp,precision_at_k,0.0,target,Explanation,"{'n_gold_tokens': 1, 'k': 1}",xlmr
task2_plausibility,b5b875edf1cbdd7a,attnlrp,recall_at_k,0.0,target,Explanation,"{'n_gold_tokens': 1, 'k': 1}",xlmr
task2_plausibility,b5b875edf1cbdd7a,attnlrp,f1_at_k,0.0,target,Explanation,"{'n_gold_tokens': 1, 'k': 1}",xlmr
task2_plausibility,b5b875edf1cbdd7a,attnlrp,auprc,0.25,target,Explanation,"{'n_gold_tokens': 1, 'k': 1}",xlmr
task2_plausibility,78ddd95ac6d81b86,attnlrp,precision_at_k,0.2857142857142857,target,Synonymy,"{'n_gold_tokens': 21, 'k': 21}",xlmr
task2_plausibility,78ddd95ac6d81b86,attnlrp,recall_at_k,0.2857142857142857,target,Synonymy,"{'n_gold_tokens': 21, 'k': 21}",xlmr
task2_plausibility,78ddd95ac6d81b86,attnlrp,f1_at_k,0.2857142857142857,target,Synonymy,"{'n_gold_tokens': 21, 'k': 21}",xlmr
task2_plausibility,78ddd95ac6d81b86,attnlrp,auprc,0.3177836749743327,target,Synonymy,"{'n_gold_tokens': 21, 'k': 21}",xlmr
task2_plausibility,78ddd95ac6d81b86,attnlrp,precision_at_k,0.3333333333333333,target,Explanation,"{'n_gold_tokens': 21, 'k': 21}",xlmr
task2_plausibility,78ddd95ac6d81b86,attnlrp,recall_at_k,0.3333333333333333,target,Explanation,"{'n_gold_tokens': 21, 'k': 21}",xlmr
task2_plausibility,78ddd95ac6d81b86,attnlrp,f1_at_k,0.3333333333333333,target,Explanation,"{'n_gold_tokens': 21, 'k': 21}",xlmr
task2_plausibility,78ddd95ac6d81b86,attnlrp,auprc,0.3430100703067902,target,Explanation,"{'n_gold_tokens': 21, 'k': 21}",xlmr
task2_plausibility,78ddd95ac6d81b86,attnlrp,precision_at_k,0.2857142857142857,target,Syntactic Change,"{'n_gold_tokens': 21, 'k': 21}",xlmr
task2_plausibility,78ddd95ac6d81b86,attnlrp,recall_at_k,0.2857142857142857,target,Syntactic Change,"{'n_gold_tokens': 21, 'k': 21}",xlmr
task2_plausibility,78ddd95ac6d81b86,attnlrp,f1_at_k,0.2857142857142857,target,Syntactic Change,"{'n_gold_tokens': 21, 'k': 21}",xlmr
task2_plausibility,78ddd95ac6d81b86,attnlrp,auprc,0.3794659809988024,target,Syntactic Change,"{'n_gold_tokens': 21, 'k': 21}",xlmr
task2_plausibility,6c4291a280bc701d,attnlrp,precision_at_k,0.2,target,Synonymy,"{'n_gold_tokens': 15, 'k': 15}",xlmr
task2_plausibility,6c4291a280bc701d,attnlrp,recall_at_k,0.2,target,Synonymy,"{'n_gold_tokens': 15, 'k': 15}",xlmr
task2_plausibility,6c4291a280bc701d,attnlrp,f1_at_k,0.20000000000000004,target,Synonymy,"{'n_gold_tokens': 15, 'k': 15}",xlmr
task2_plausibility,6c4291a280bc701d,attnlrp,auprc,0.2380077488381455,target,Synonymy,"{'n_gold_tokens': 15, 'k': 15}",xlmr
task2_plausibility,6c4291a280bc701d,attnlrp,precision_at_k,0.26666666666666666,target,Explanation,"{'n_gold_tokens': 15, 'k': 15}",xlmr
task2_plausibility,6c4291a280bc701d,attnlrp,recall_at_k,0.26666666666666666,target,Explanation,"{'n_gold_tokens': 15, 'k': 15}",xlmr
task2_plausibility,6c4291a280bc701d,attnlrp,f1_at_k,0.26666666666666666,target,Explanation,"{'n_gold_tokens': 15, 'k': 15}",xlmr
task2_plausibility,6c4291a280bc701d,attnlrp,auprc,0.30794326960875323,target,Explanation,"{'n_gold_tokens': 15, 'k': 15}",xlmr
task2_plausibility,cf47a8639d43e385,attnlrp,precision_at_k,0.2222222222222222,target,Explanation,"{'n_gold_tokens': 9, 'k': 9}",xlmr
task2_plausibility,cf47a8639d43e385,attnlrp,recall_at_k,0.2222222222222222,target,Explanation,"{'n_gold_tokens': 9, 'k': 9}",xlmr
task2_plausibility,cf47a8639d43e385,attnlrp,f1_at_k,0.2222222222222222,target,Explanation,"{'n_gold_tokens': 9, 'k': 9}",xlmr
task2_plausibility,cf47a8639d43e385,attnlrp,auprc,0.256411897305712,target,Explanation,"{'n_gold_tokens': 9, 'k': 9}",xlmr
task2_plausibility,cf47a8639d43e385,attnlrp,precision_at_k,0.1111111111111111,target,Syntactic Change,"{'n_gold_tokens': 9, 'k': 9}",xlmr
task2_plausibility,cf47a8639d43e385,attnlrp,recall_at_k,0.1111111111111111,target,Syntactic Change,"{'n_gold_tokens': 9, 'k': 9}",xlmr
task2_plausibility,cf47a8639d43e385,attnlrp,f1_at_k,0.1111111111111111,target,Syntactic Change,"{'n_gold_tokens': 9, 'k': 9}",xlmr
task2_plausibility,cf47a8639d43e385,attnlrp,auprc,0.18825504876229515,target,Syntactic Change,"{'n_gold_tokens': 9, 'k': 9}",xlmr
task2_plausibility,d7c3580bbee86abb,attnlrp,precision_at_k,0.5,target,Explanation,"{'n_gold_tokens': 32, 'k': 32}",xlmr
task2_plausibility,d7c3580bbee86abb,attnlrp,recall_at_k,0.5,target,Explanation,"{'n_gold_tokens': 32, 'k': 32}",xlmr
task2_plausibility,d7c3580bbee86abb,attnlrp,f1_at_k,0.5,target,Explanation,"{'n_gold_tokens': 32, 'k': 32}",xlmr
task2_plausibility,d7c3580bbee86abb,attnlrp,auprc,0.5461790585131772,target,Explanation,"{'n_gold_tokens': 32, 'k': 32}",xlmr
task2_plausibility,d7c3580bbee86abb,attnlrp,precision_at_k,0.46875,target,Syntactic Change,"{'n_gold_tokens': 32, 'k': 32}",xlmr
task2_plausibility,d7c3580bbee86abb,attnlrp,recall_at_k,0.46875,target,Syntactic Change,"{'n_gold_tokens': 32, 'k': 32}",xlmr
task2_plausibility,d7c3580bbee86abb,attnlrp,f1_at_k,0.46875,target,Syntactic Change,"{'n_gold_tokens': 32, 'k': 32}",xlmr
task2_plausibility,d7c3580bbee86abb,attnlrp,auprc,0.5030409792027928,target,Syntactic Change,"{'n_gold_tokens': 32, 'k': 32}",xlmr
task2_plausibility,0bee3c80b3f3a4e3,attnlrp,precision_at_k,0.2857142857142857,target,Synonymy,"{'n_gold_tokens': 21, 'k': 21}",xlmr
task2_plausibility,0bee3c80b3f3a4e3,attnlrp,recall_at_k,0.2857142857142857,target,Synonymy,"{'n_gold_tokens': 21, 'k': 21}",xlmr
task2_plausibility,0bee3c80b3f3a4e3,attnlrp,f1_at_k,0.2857142857142857,target,Synonymy,"{'n_gold_tokens': 21, 'k': 21}",xlmr
task2_plausibility,0bee3c80b3f3a4e3,attnlrp,auprc,0.2455956030255172,target,Synonymy,"{'n_gold_tokens': 21, 'k': 21}",xlmr
task2_plausibility,0bee3c80b3f3a4e3,attnlrp,precision_at_k,0.19047619047619047,target,Modulation,"{'n_gold_tokens': 21, 'k': 21}",xlmr
task2_plausibility,0bee3c80b3f3a4e3,attnlrp,recall_at_k,0.19047619047619047,target,Modulation,"{'n_gold_tokens': 21, 'k': 21}",xlmr
task2_plausibility,0bee3c80b3f3a4e3,attnlrp,f1_at_k,0.19047619047619047,target,Modulation,"{'n_gold_tokens': 21, 'k': 21}",xlmr
task2_plausibility,0bee3c80b3f3a4e3,attnlrp,auprc,0.24960106936505316,target,Modulation,"{'n_gold_tokens': 21, 'k': 21}",xlmr
task2_plausibility,0bee3c80b3f3a4e3,attnlrp,precision_at_k,0.14285714285714285,target,Explanation,"{'n_gold_tokens': 21, 'k': 21}",xlmr
task2_plausibility,0bee3c80b3f3a4e3,attnlrp,recall_at_k,0.14285714285714285,target,Explanation,"{'n_gold_tokens': 21, 'k': 21}",xlmr
task2_plausibility,0bee3c80b3f3a4e3,attnlrp,f1_at_k,0.14285714285714285,target,Explanation,"{'n_gold_tokens': 21, 'k': 21}",xlmr
task2_plausibility,0bee3c80b3f3a4e3,attnlrp,auprc,0.21631805854753333,target,Explanation,"{'n_gold_tokens': 21, 'k': 21}",xlmr
task2_plausibility,0bee3c80b3f3a4e3,attnlrp,precision_at_k,0.3333333333333333,target,Syntactic Change,"{'n_gold_tokens': 21, 'k': 21}",xlmr
task2_plausibility,0bee3c80b3f3a4e3,attnlrp,recall_at_k,0.3333333333333333,target,Syntactic Change,"{'n_gold_tokens': 21, 'k': 21}",xlmr
task2_plausibility,0bee3c80b3f3a4e3,attnlrp,f1_at_k,0.3333333333333333,target,Syntactic Change,"{'n_gold_tokens': 21, 'k': 21}",xlmr
task2_plausibility,0bee3c80b3f3a4e3,attnlrp,auprc,0.2864490863706055,target,Syntactic Change,"{'n_gold_tokens': 21, 'k': 21}",xlmr
task2_plausibility,60bd4a9b2a24cf24,attnlrp,precision_at_k,0.42857142857142855,target,Modulation,"{'n_gold_tokens': 7, 'k': 7}",xlmr
task2_plausibility,60bd4a9b2a24cf24,attnlrp,recall_at_k,0.42857142857142855,target,Modulation,"{'n_gold_tokens': 7, 'k': 7}",xlmr
task2_plausibility,60bd4a9b2a24cf24,attnlrp,f1_at_k,0.42857142857142855,target,Modulation,"{'n_gold_tokens': 7, 'k': 7}",xlmr
task2_plausibility,60bd4a9b2a24cf24,attnlrp,auprc,0.40080395794681506,target,Modulation,"{'n_gold_tokens': 7, 'k': 7}",xlmr
task2_plausibility,60bd4a9b2a24cf24,attnlrp,precision_at_k,0.42857142857142855,target,Explanation,"{'n_gold_tokens': 7, 'k': 7}",xlmr
task2_plausibility,60bd4a9b2a24cf24,attnlrp,recall_at_k,0.42857142857142855,target,Explanation,"{'n_gold_tokens': 7, 'k': 7}",xlmr
task2_plausibility,60bd4a9b2a24cf24,attnlrp,f1_at_k,0.42857142857142855,target,Explanation,"{'n_gold_tokens': 7, 'k': 7}",xlmr
task2_plausibility,60bd4a9b2a24cf24,attnlrp,auprc,0.5033293620478494,target,Explanation,"{'n_gold_tokens': 7, 'k': 7}",xlmr
task2_plausibility,cee27584b62acfdb,attnlrp,precision_at_k,0.41935483870967744,target,Synonymy,"{'n_gold_tokens': 31, 'k': 31}",xlmr
task2_plausibility,cee27584b62acfdb,attnlrp,recall_at_k,0.41935483870967744,target,Synonymy,"{'n_gold_tokens': 31, 'k': 31}",xlmr
task2_plausibility,cee27584b62acfdb,attnlrp,f1_at_k,0.41935483870967744,target,Synonymy,"{'n_gold_tokens': 31, 'k': 31}",xlmr
task2_plausibility,cee27584b62acfdb,attnlrp,auprc,0.4443035662854346,target,Synonymy,"{'n_gold_tokens': 31, 'k': 31}",xlmr
task2_plausibility,cee27584b62acfdb,attnlrp,precision_at_k,0.45161290322580644,target,Modulation,"{'n_gold_tokens': 31, 'k': 31}",xlmr
task2_plausibility,cee27584b62acfdb,attnlrp,recall_at_k,0.45161290322580644,target,Modulation,"{'n_gold_tokens': 31, 'k': 31}",xlmr
task2_plausibility,cee27584b62acfdb,attnlrp,f1_at_k,0.45161290322580644,target,Modulation,"{'n_gold_tokens': 31, 'k': 31}",xlmr
task2_plausibility,cee27584b62acfdb,attnlrp,auprc,0.48359201957743025,target,Modulation,"{'n_gold_tokens': 31, 'k': 31}",xlmr
task2_plausibility,cee27584b62acfdb,attnlrp,precision_at_k,0.41935483870967744,target,Explanation,"{'n_gold_tokens': 31, 'k': 31}",xlmr
task2_plausibility,cee27584b62acfdb,attnlrp,recall_at_k,0.41935483870967744,target,Explanation,"{'n_gold_tokens': 31, 'k': 31}",xlmr
task2_plausibility,cee27584b62acfdb,attnlrp,f1_at_k,0.41935483870967744,target,Explanation,"{'n_gold_tokens': 31, 'k': 31}",xlmr
task2_plausibility,cee27584b62acfdb,attnlrp,auprc,0.4459359828576487,target,Explanation,"{'n_gold_tokens': 31, 'k': 31}",xlmr
task2_plausibility,cee27584b62acfdb,attnlrp,precision_at_k,0.5161290322580645,target,Syntactic Change,"{'n_gold_tokens': 31, 'k': 31}",xlmr
task2_plausibility,cee27584b62acfdb,attnlrp,recall_at_k,0.5161290322580645,target,Syntactic Change,"{'n_gold_tokens': 31, 'k': 31}",xlmr
task2_plausibility,cee27584b62acfdb,attnlrp,f1_at_k,0.5161290322580645,target,Syntactic Change,"{'n_gold_tokens': 31, 'k': 31}",xlmr
task2_plausibility,cee27584b62acfdb,attnlrp,auprc,0.4815125277916058,target,Syntactic Change,"{'n_gold_tokens': 31, 'k': 31}",xlmr
task2_plausibility,70c01da3e31edc51,attnlrp,precision_at_k,0.4117647058823529,target,Explanation,"{'n_gold_tokens': 17, 'k': 17}",xlmr
task2_plausibility,70c01da3e31edc51,attnlrp,recall_at_k,0.4117647058823529,target,Explanation,"{'n_gold_tokens': 17, 'k': 17}",xlmr
task2_plausibility,70c01da3e31edc51,attnlrp,f1_at_k,0.4117647058823529,target,Explanation,"{'n_gold_tokens': 17, 'k': 17}",xlmr
task2_plausibility,70c01da3e31edc51,attnlrp,auprc,0.49756474342511986,target,Explanation,"{'n_gold_tokens': 17, 'k': 17}",xlmr
task2_plausibility,70c01da3e31edc51,attnlrp,precision_at_k,0.5882352941176471,target,Syntactic Change,"{'n_gold_tokens': 17, 'k': 17}",xlmr
task2_plausibility,70c01da3e31edc51,attnlrp,recall_at_k,0.5882352941176471,target,Syntactic Change,"{'n_gold_tokens': 17, 'k': 17}",xlmr
task2_plausibility,70c01da3e31edc51,attnlrp,f1_at_k,0.5882352941176471,target,Syntactic Change,"{'n_gold_tokens': 17, 'k': 17}",xlmr
task2_plausibility,70c01da3e31edc51,attnlrp,auprc,0.5074998874419423,target,Syntactic Change,"{'n_gold_tokens': 17, 'k': 17}",xlmr
task2_plausibility,c8a019be7dbf356f,attnlrp,precision_at_k,0.36363636363636365,target,Explanation,"{'n_gold_tokens': 22, 'k': 22}",xlmr
task2_plausibility,c8a019be7dbf356f,attnlrp,recall_at_k,0.36363636363636365,target,Explanation,"{'n_gold_tokens': 22, 'k': 22}",xlmr
task2_plausibility,c8a019be7dbf356f,attnlrp,f1_at_k,0.36363636363636365,target,Explanation,"{'n_gold_tokens': 22, 'k': 22}",xlmr
task2_plausibility,c8a019be7dbf356f,attnlrp,auprc,0.4191898160734022,target,Explanation,"{'n_gold_tokens': 22, 'k': 22}",xlmr
task2_plausibility,c96c7712b47dd5e5,attnlrp,precision_at_k,0.2413793103448276,target,Modulation,"{'n_gold_tokens': 29, 'k': 29}",xlmr
task2_plausibility,c96c7712b47dd5e5,attnlrp,recall_at_k,0.2413793103448276,target,Modulation,"{'n_gold_tokens': 29, 'k': 29}",xlmr
task2_plausibility,c96c7712b47dd5e5,attnlrp,f1_at_k,0.2413793103448276,target,Modulation,"{'n_gold_tokens': 29, 'k': 29}",xlmr
task2_plausibility,c96c7712b47dd5e5,attnlrp,auprc,0.3237524730438536,target,Modulation,"{'n_gold_tokens': 29, 'k': 29}",xlmr
task2_plausibility,c96c7712b47dd5e5,attnlrp,precision_at_k,0.3448275862068966,target,Explanation,"{'n_gold_tokens': 29, 'k': 29}",xlmr
task2_plausibility,c96c7712b47dd5e5,attnlrp,recall_at_k,0.3448275862068966,target,Explanation,"{'n_gold_tokens': 29, 'k': 29}",xlmr
task2_plausibility,c96c7712b47dd5e5,attnlrp,f1_at_k,0.3448275862068966,target,Explanation,"{'n_gold_tokens': 29, 'k': 29}",xlmr
task2_plausibility,c96c7712b47dd5e5,attnlrp,auprc,0.3409461135077998,target,Explanation,"{'n_gold_tokens': 29, 'k': 29}",xlmr
task2_plausibility,c96c7712b47dd5e5,attnlrp,precision_at_k,0.3793103448275862,target,Syntactic Change,"{'n_gold_tokens': 29, 'k': 29}",xlmr
task2_plausibility,c96c7712b47dd5e5,attnlrp,recall_at_k,0.3793103448275862,target,Syntactic Change,"{'n_gold_tokens': 29, 'k': 29}",xlmr
task2_plausibility,c96c7712b47dd5e5,attnlrp,f1_at_k,0.3793103448275862,target,Syntactic Change,"{'n_gold_tokens': 29, 'k': 29}",xlmr
task2_plausibility,c96c7712b47dd5e5,attnlrp,auprc,0.3755401431318454,target,Syntactic Change,"{'n_gold_tokens': 29, 'k': 29}",xlmr
task2_plausibility,dc467fa75f708da3,attnlrp,precision_at_k,0.0,target,Synonymy,"{'n_gold_tokens': 3, 'k': 3}",xlmr
task2_plausibility,dc467fa75f708da3,attnlrp,recall_at_k,0.0,target,Synonymy,"{'n_gold_tokens': 3, 'k': 3}",xlmr
task2_plausibility,dc467fa75f708da3,attnlrp,f1_at_k,0.0,target,Synonymy,"{'n_gold_tokens': 3, 'k': 3}",xlmr
task2_plausibility,dc467fa75f708da3,attnlrp,auprc,0.19120879120879122,target,Synonymy,"{'n_gold_tokens': 3, 'k': 3}",xlmr
task2_plausibility,8ed51d2e3ec945c2,attnlrp,precision_at_k,0.0,target,Explanation,"{'n_gold_tokens': 2, 'k': 2}",xlmr
task2_plausibility,8ed51d2e3ec945c2,attnlrp,recall_at_k,0.0,target,Explanation,"{'n_gold_tokens': 2, 'k': 2}",xlmr
task2_plausibility,8ed51d2e3ec945c2,attnlrp,f1_at_k,0.0,target,Explanation,"{'n_gold_tokens': 2, 'k': 2}",xlmr
task2_plausibility,8ed51d2e3ec945c2,attnlrp,auprc,0.18333333333333335,target,Explanation,"{'n_gold_tokens': 2, 'k': 2}",xlmr
task2_plausibility,8ed51d2e3ec945c2,attnlrp,precision_at_k,0.5,target,Syntactic Change,"{'n_gold_tokens': 2, 'k': 2}",xlmr
task2_plausibility,8ed51d2e3ec945c2,attnlrp,recall_at_k,0.5,target,Syntactic Change,"{'n_gold_tokens': 2, 'k': 2}",xlmr
task2_plausibility,8ed51d2e3ec945c2,attnlrp,f1_at_k,0.5,target,Syntactic Change,"{'n_gold_tokens': 2, 'k': 2}",xlmr
task2_plausibility,8ed51d2e3ec945c2,attnlrp,auprc,0.5357142857142857,target,Syntactic Change,"{'n_gold_tokens': 2, 'k': 2}",xlmr
task2_plausibility,e1b4cafdfad72c6c,attnlrp,precision_at_k,0.1724137931034483,target,Synonymy,"{'n_gold_tokens': 29, 'k': 29}",xlmr
task2_plausibility,e1b4cafdfad72c6c,attnlrp,recall_at_k,0.1724137931034483,target,Synonymy,"{'n_gold_tokens': 29, 'k': 29}",xlmr
task2_plausibility,e1b4cafdfad72c6c,attnlrp,f1_at_k,0.1724137931034483,target,Synonymy,"{'n_gold_tokens': 29, 'k': 29}",xlmr
task2_plausibility,e1b4cafdfad72c6c,attnlrp,auprc,0.25689853409983776,target,Synonymy,"{'n_gold_tokens': 29, 'k': 29}",xlmr
task2_plausibility,e1b4cafdfad72c6c,attnlrp,precision_at_k,0.13793103448275862,target,Modulation,"{'n_gold_tokens': 29, 'k': 29}",xlmr
task2_plausibility,e1b4cafdfad72c6c,attnlrp,recall_at_k,0.13793103448275862,target,Modulation,"{'n_gold_tokens': 29, 'k': 29}",xlmr
task2_plausibility,e1b4cafdfad72c6c,attnlrp,f1_at_k,0.13793103448275862,target,Modulation,"{'n_gold_tokens': 29, 'k': 29}",xlmr
task2_plausibility,e1b4cafdfad72c6c,attnlrp,auprc,0.23194969459043038,target,Modulation,"{'n_gold_tokens': 29, 'k': 29}",xlmr
task2_plausibility,e1b4cafdfad72c6c,attnlrp,precision_at_k,0.3448275862068966,target,Explanation,"{'n_gold_tokens': 29, 'k': 29}",xlmr
task2_plausibility,e1b4cafdfad72c6c,attnlrp,recall_at_k,0.3448275862068966,target,Explanation,"{'n_gold_tokens': 29, 'k': 29}",xlmr
task2_plausibility,e1b4cafdfad72c6c,attnlrp,f1_at_k,0.3448275862068966,target,Explanation,"{'n_gold_tokens': 29, 'k': 29}",xlmr
task2_plausibility,e1b4cafdfad72c6c,attnlrp,auprc,0.3096510081762539,target,Explanation,"{'n_gold_tokens': 29, 'k': 29}",xlmr
task2_plausibility,e1b4cafdfad72c6c,attnlrp,precision_at_k,0.20689655172413793,target,Syntactic Change,"{'n_gold_tokens': 29, 'k': 29}",xlmr
task2_plausibility,e1b4cafdfad72c6c,attnlrp,recall_at_k,0.20689655172413793,target,Syntactic Change,"{'n_gold_tokens': 29, 'k': 29}",xlmr
task2_plausibility,e1b4cafdfad72c6c,attnlrp,f1_at_k,0.20689655172413793,target,Syntactic Change,"{'n_gold_tokens': 29, 'k': 29}",xlmr
task2_plausibility,e1b4cafdfad72c6c,attnlrp,auprc,0.2964210495753415,target,Syntactic Change,"{'n_gold_tokens': 29, 'k': 29}",xlmr
task2_plausibility,5546c05a89c40191,attnlrp,precision_at_k,0.25,target,Synonymy,"{'n_gold_tokens': 16, 'k': 16}",xlmr
task2_plausibility,5546c05a89c40191,attnlrp,recall_at_k,0.25,target,Synonymy,"{'n_gold_tokens': 16, 'k': 16}",xlmr
task2_plausibility,5546c05a89c40191,attnlrp,f1_at_k,0.25,target,Synonymy,"{'n_gold_tokens': 16, 'k': 16}",xlmr
task2_plausibility,5546c05a89c40191,attnlrp,auprc,0.21352468784771297,target,Synonymy,"{'n_gold_tokens': 16, 'k': 16}",xlmr
task2_plausibility,5546c05a89c40191,attnlrp,precision_at_k,0.125,target,Compression,"{'n_gold_tokens': 16, 'k': 16}",xlmr
task2_plausibility,5546c05a89c40191,attnlrp,recall_at_k,0.125,target,Compression,"{'n_gold_tokens': 16, 'k': 16}",xlmr
task2_plausibility,5546c05a89c40191,attnlrp,f1_at_k,0.125,target,Compression,"{'n_gold_tokens': 16, 'k': 16}",xlmr
task2_plausibility,5546c05a89c40191,attnlrp,auprc,0.19975786079544383,target,Compression,"{'n_gold_tokens': 16, 'k': 16}",xlmr
task2_plausibility,5546c05a89c40191,attnlrp,precision_at_k,0.25,target,Explanation,"{'n_gold_tokens': 16, 'k': 16}",xlmr
task2_plausibility,5546c05a89c40191,attnlrp,recall_at_k,0.25,target,Explanation,"{'n_gold_tokens': 16, 'k': 16}",xlmr
task2_plausibility,5546c05a89c40191,attnlrp,f1_at_k,0.25,target,Explanation,"{'n_gold_tokens': 16, 'k': 16}",xlmr
task2_plausibility,5546c05a89c40191,attnlrp,auprc,0.2994301387798475,target,Explanation,"{'n_gold_tokens': 16, 'k': 16}",xlmr
task2_plausibility,5546c05a89c40191,attnlrp,precision_at_k,0.125,target,Syntactic Change,"{'n_gold_tokens': 16, 'k': 16}",xlmr
task2_plausibility,5546c05a89c40191,attnlrp,recall_at_k,0.125,target,Syntactic Change,"{'n_gold_tokens': 16, 'k': 16}",xlmr
task2_plausibility,5546c05a89c40191,attnlrp,f1_at_k,0.125,target,Syntactic Change,"{'n_gold_tokens': 16, 'k': 16}",xlmr
task2_plausibility,5546c05a89c40191,attnlrp,auprc,0.17612053373525383,target,Syntactic Change,"{'n_gold_tokens': 16, 'k': 16}",xlmr
task2_plausibility,7f9b3cb38ade349a,attnlrp,precision_at_k,0.4,target,Modulation,"{'n_gold_tokens': 5, 'k': 5}",xlmr
task2_plausibility,7f9b3cb38ade349a,attnlrp,recall_at_k,0.4,target,Modulation,"{'n_gold_tokens': 5, 'k': 5}",xlmr
task2_plausibility,7f9b3cb38ade349a,attnlrp,f1_at_k,0.4000000000000001,target,Modulation,"{'n_gold_tokens': 5, 'k': 5}",xlmr
task2_plausibility,7f9b3cb38ade349a,attnlrp,auprc,0.48596491228070177,target,Modulation,"{'n_gold_tokens': 5, 'k': 5}",xlmr
task2_plausibility,7f9b3cb38ade349a,attnlrp,precision_at_k,0.4,target,Explanation,"{'n_gold_tokens': 5, 'k': 5}",xlmr
task2_plausibility,7f9b3cb38ade349a,attnlrp,recall_at_k,0.4,target,Explanation,"{'n_gold_tokens': 5, 'k': 5}",xlmr
task2_plausibility,7f9b3cb38ade349a,attnlrp,f1_at_k,0.4000000000000001,target,Explanation,"{'n_gold_tokens': 5, 'k': 5}",xlmr
task2_plausibility,7f9b3cb38ade349a,attnlrp,auprc,0.3917748917748918,target,Explanation,"{'n_gold_tokens': 5, 'k': 5}",xlmr
task2_plausibility,5229de14db35a713,attnlrp,precision_at_k,0.3333333333333333,target,Synonymy,"{'n_gold_tokens': 18, 'k': 18}",xlmr
task2_plausibility,5229de14db35a713,attnlrp,recall_at_k,0.3333333333333333,target,Synonymy,"{'n_gold_tokens': 18, 'k': 18}",xlmr
task2_plausibility,5229de14db35a713,attnlrp,f1_at_k,0.3333333333333333,target,Synonymy,"{'n_gold_tokens': 18, 'k': 18}",xlmr
task2_plausibility,5229de14db35a713,attnlrp,auprc,0.30571978766553076,target,Synonymy,"{'n_gold_tokens': 18, 'k': 18}",xlmr
task2_plausibility,5229de14db35a713,attnlrp,precision_at_k,0.2222222222222222,target,Modulation,"{'n_gold_tokens': 18, 'k': 18}",xlmr
task2_plausibility,5229de14db35a713,attnlrp,recall_at_k,0.2222222222222222,target,Modulation,"{'n_gold_tokens': 18, 'k': 18}",xlmr
task2_plausibility,5229de14db35a713,attnlrp,f1_at_k,0.2222222222222222,target,Modulation,"{'n_gold_tokens': 18, 'k': 18}",xlmr
task2_plausibility,5229de14db35a713,attnlrp,auprc,0.2664249614502264,target,Modulation,"{'n_gold_tokens': 18, 'k': 18}",xlmr
task2_plausibility,5229de14db35a713,attnlrp,precision_at_k,0.2777777777777778,target,Compression,"{'n_gold_tokens': 18, 'k': 18}",xlmr
task2_plausibility,5229de14db35a713,attnlrp,recall_at_k,0.2777777777777778,target,Compression,"{'n_gold_tokens': 18, 'k': 18}",xlmr
task2_plausibility,5229de14db35a713,attnlrp,f1_at_k,0.2777777777777778,target,Compression,"{'n_gold_tokens': 18, 'k': 18}",xlmr
task2_plausibility,5229de14db35a713,attnlrp,auprc,0.2755374771112572,target,Compression,"{'n_gold_tokens': 18, 'k': 18}",xlmr
task2_plausibility,5229de14db35a713,attnlrp,precision_at_k,0.1111111111111111,target,Omission,"{'n_gold_tokens': 18, 'k': 18}",xlmr
task2_plausibility,5229de14db35a713,attnlrp,recall_at_k,0.1111111111111111,target,Omission,"{'n_gold_tokens': 18, 'k': 18}",xlmr
task2_plausibility,5229de14db35a713,attnlrp,f1_at_k,0.1111111111111111,target,Omission,"{'n_gold_tokens': 18, 'k': 18}",xlmr
task2_plausibility,5229de14db35a713,attnlrp,auprc,0.22006501531895328,target,Omission,"{'n_gold_tokens': 18, 'k': 18}",xlmr
task2_plausibility,0b13ef510cf62672,attnlrp,precision_at_k,0.0,target,Synonymy,"{'n_gold_tokens': 1, 'k': 1}",xlmr
task2_plausibility,0b13ef510cf62672,attnlrp,recall_at_k,0.0,target,Synonymy,"{'n_gold_tokens': 1, 'k': 1}",xlmr
task2_plausibility,0b13ef510cf62672,attnlrp,f1_at_k,0.0,target,Synonymy,"{'n_gold_tokens': 1, 'k': 1}",xlmr
task2_plausibility,0b13ef510cf62672,attnlrp,auprc,0.03225806451612903,target,Synonymy,"{'n_gold_tokens': 1, 'k': 1}",xlmr
task2_plausibility,0b13ef510cf62672,attnlrp,precision_at_k,1.0,target,Modulation,"{'n_gold_tokens': 1, 'k': 1}",xlmr
task2_plausibility,0b13ef510cf62672,attnlrp,recall_at_k,1.0,target,Modulation,"{'n_gold_tokens': 1, 'k': 1}",xlmr
task2_plausibility,0b13ef510cf62672,attnlrp,f1_at_k,1.0,target,Modulation,"{'n_gold_tokens': 1, 'k': 1}",xlmr
task2_plausibility,0b13ef510cf62672,attnlrp,auprc,1.0,target,Modulation,"{'n_gold_tokens': 1, 'k': 1}",xlmr
task2_plausibility,0d37251fcd910029,attnlrp,precision_at_k,0.3157894736842105,target,Synonymy,"{'n_gold_tokens': 38, 'k': 38}",xlmr
task2_plausibility,0d37251fcd910029,attnlrp,recall_at_k,0.3157894736842105,target,Synonymy,"{'n_gold_tokens': 38, 'k': 38}",xlmr
task2_plausibility,0d37251fcd910029,attnlrp,f1_at_k,0.3157894736842105,target,Synonymy,"{'n_gold_tokens': 38, 'k': 38}",xlmr
task2_plausibility,0d37251fcd910029,attnlrp,auprc,0.3829941104799566,target,Synonymy,"{'n_gold_tokens': 38, 'k': 38}",xlmr
task2_plausibility,0d37251fcd910029,attnlrp,precision_at_k,0.2894736842105263,target,Modulation,"{'n_gold_tokens': 38, 'k': 38}",xlmr
task2_plausibility,0d37251fcd910029,attnlrp,recall_at_k,0.2894736842105263,target,Modulation,"{'n_gold_tokens': 38, 'k': 38}",xlmr
task2_plausibility,0d37251fcd910029,attnlrp,f1_at_k,0.2894736842105263,target,Modulation,"{'n_gold_tokens': 38, 'k': 38}",xlmr
task2_plausibility,0d37251fcd910029,attnlrp,auprc,0.34113508963786426,target,Modulation,"{'n_gold_tokens': 38, 'k': 38}",xlmr
task2_plausibility,0d37251fcd910029,attnlrp,precision_at_k,0.3157894736842105,target,Compression,"{'n_gold_tokens': 38, 'k': 38}",xlmr
task2_plausibility,0d37251fcd910029,attnlrp,recall_at_k,0.3157894736842105,target,Compression,"{'n_gold_tokens': 38, 'k': 38}",xlmr
task2_plausibility,0d37251fcd910029,attnlrp,f1_at_k,0.3157894736842105,target,Compression,"{'n_gold_tokens': 38, 'k': 38}",xlmr
task2_plausibility,0d37251fcd910029,attnlrp,auprc,0.35504165096826534,target,Compression,"{'n_gold_tokens': 38, 'k': 38}",xlmr
task2_plausibility,0d37251fcd910029,attnlrp,precision_at_k,0.3157894736842105,target,Explanation,"{'n_gold_tokens': 38, 'k': 38}",xlmr
task2_plausibility,0d37251fcd910029,attnlrp,recall_at_k,0.3157894736842105,target,Explanation,"{'n_gold_tokens': 38, 'k': 38}",xlmr
task2_plausibility,0d37251fcd910029,attnlrp,f1_at_k,0.3157894736842105,target,Explanation,"{'n_gold_tokens': 38, 'k': 38}",xlmr
task2_plausibility,0d37251fcd910029,attnlrp,auprc,0.3509545733845263,target,Explanation,"{'n_gold_tokens': 38, 'k': 38}",xlmr
task2_plausibility,0d37251fcd910029,attnlrp,precision_at_k,0.3684210526315789,target,Syntactic Change,"{'n_gold_tokens': 38, 'k': 38}",xlmr
task2_plausibility,0d37251fcd910029,attnlrp,recall_at_k,0.3684210526315789,target,Syntactic Change,"{'n_gold_tokens': 38, 'k': 38}",xlmr
task2_plausibility,0d37251fcd910029,attnlrp,f1_at_k,0.3684210526315789,target,Syntactic Change,"{'n_gold_tokens': 38, 'k': 38}",xlmr
task2_plausibility,0d37251fcd910029,attnlrp,auprc,0.3654190098360719,target,Syntactic Change,"{'n_gold_tokens': 38, 'k': 38}",xlmr
task2_plausibility,0d37251fcd910029,attnlrp,precision_at_k,0.3157894736842105,target,Omission,"{'n_gold_tokens': 38, 'k': 38}",xlmr
task2_plausibility,0d37251fcd910029,attnlrp,recall_at_k,0.3157894736842105,target,Omission,"{'n_gold_tokens': 38, 'k': 38}",xlmr
task2_plausibility,0d37251fcd910029,attnlrp,f1_at_k,0.3157894736842105,target,Omission,"{'n_gold_tokens': 38, 'k': 38}",xlmr
task2_plausibility,0d37251fcd910029,attnlrp,auprc,0.3468433398590949,target,Omission,"{'n_gold_tokens': 38, 'k': 38}",xlmr
task2_plausibility,196c5fc88b6d8d1a,attnlrp,precision_at_k,0.0,target,Synonymy,"{'n_gold_tokens': 1, 'k': 1}",xlmr
task2_plausibility,196c5fc88b6d8d1a,attnlrp,recall_at_k,0.0,target,Synonymy,"{'n_gold_tokens': 1, 'k': 1}",xlmr
task2_plausibility,196c5fc88b6d8d1a,attnlrp,f1_at_k,0.0,target,Synonymy,"{'n_gold_tokens': 1, 'k': 1}",xlmr
task2_plausibility,196c5fc88b6d8d1a,attnlrp,auprc,0.125,target,Synonymy,"{'n_gold_tokens': 1, 'k': 1}",xlmr
task2_plausibility,19773470d2987b8c,attnlrp,precision_at_k,0.0,target,Synonymy,"{'n_gold_tokens': 2, 'k': 2}",xlmr
task2_plausibility,19773470d2987b8c,attnlrp,recall_at_k,0.0,target,Synonymy,"{'n_gold_tokens': 2, 'k': 2}",xlmr
task2_plausibility,19773470d2987b8c,attnlrp,f1_at_k,0.0,target,Synonymy,"{'n_gold_tokens': 2, 'k': 2}",xlmr
task2_plausibility,19773470d2987b8c,attnlrp,auprc,0.051587301587301584,target,Synonymy,"{'n_gold_tokens': 2, 'k': 2}",xlmr
task2_plausibility,19773470d2987b8c,attnlrp,precision_at_k,0.0,target,Modulation,"{'n_gold_tokens': 2, 'k': 2}",xlmr
task2_plausibility,19773470d2987b8c,attnlrp,recall_at_k,0.0,target,Modulation,"{'n_gold_tokens': 2, 'k': 2}",xlmr
task2_plausibility,19773470d2987b8c,attnlrp,f1_at_k,0.0,target,Modulation,"{'n_gold_tokens': 2, 'k': 2}",xlmr
task2_plausibility,19773470d2987b8c,attnlrp,auprc,0.16346153846153846,target,Modulation,"{'n_gold_tokens': 2, 'k': 2}",xlmr
task2_plausibility,19773470d2987b8c,attnlrp,precision_at_k,0.0,target,Compression,"{'n_gold_tokens': 2, 'k': 2}",xlmr
task2_plausibility,19773470d2987b8c,attnlrp,recall_at_k,0.0,target,Compression,"{'n_gold_tokens': 2, 'k': 2}",xlmr
task2_plausibility,19773470d2987b8c,attnlrp,f1_at_k,0.0,target,Compression,"{'n_gold_tokens': 2, 'k': 2}",xlmr
task2_plausibility,19773470d2987b8c,attnlrp,auprc,0.11142857142857143,target,Compression,"{'n_gold_tokens': 2, 'k': 2}",xlmr
task2_plausibility,19773470d2987b8c,attnlrp,precision_at_k,0.0,target,Omission,"{'n_gold_tokens': 2, 'k': 2}",xlmr
task2_plausibility,19773470d2987b8c,attnlrp,recall_at_k,0.0,target,Omission,"{'n_gold_tokens': 2, 'k': 2}",xlmr
task2_plausibility,19773470d2987b8c,attnlrp,f1_at_k,0.0,target,Omission,"{'n_gold_tokens': 2, 'k': 2}",xlmr
task2_plausibility,19773470d2987b8c,attnlrp,auprc,0.15555555555555556,target,Omission,"{'n_gold_tokens': 2, 'k': 2}",xlmr
task2_plausibility,1a408162a7e9e7a1,attnlrp,precision_at_k,0.2777777777777778,target,Synonymy,"{'n_gold_tokens': 18, 'k': 18}",xlmr
task2_plausibility,1a408162a7e9e7a1,attnlrp,recall_at_k,0.2777777777777778,target,Synonymy,"{'n_gold_tokens': 18, 'k': 18}",xlmr
task2_plausibility,1a408162a7e9e7a1,attnlrp,f1_at_k,0.2777777777777778,target,Synonymy,"{'n_gold_tokens': 18, 'k': 18}",xlmr
task2_plausibility,1a408162a7e9e7a1,attnlrp,auprc,0.2780916991814779,target,Synonymy,"{'n_gold_tokens': 18, 'k': 18}",xlmr
task2_plausibility,1a408162a7e9e7a1,attnlrp,precision_at_k,0.4444444444444444,target,Modulation,"{'n_gold_tokens': 18, 'k': 18}",xlmr
task2_plausibility,1a408162a7e9e7a1,attnlrp,recall_at_k,0.4444444444444444,target,Modulation,"{'n_gold_tokens': 18, 'k': 18}",xlmr
task2_plausibility,1a408162a7e9e7a1,attnlrp,f1_at_k,0.4444444444444444,target,Modulation,"{'n_gold_tokens': 18, 'k': 18}",xlmr
task2_plausibility,1a408162a7e9e7a1,attnlrp,auprc,0.39399693623459553,target,Modulation,"{'n_gold_tokens': 18, 'k': 18}",xlmr
task2_plausibility,1a408162a7e9e7a1,attnlrp,precision_at_k,0.5555555555555556,target,Compression,"{'n_gold_tokens': 18, 'k': 18}",xlmr
task2_plausibility,1a408162a7e9e7a1,attnlrp,recall_at_k,0.5555555555555556,target,Compression,"{'n_gold_tokens': 18, 'k': 18}",xlmr
task2_plausibility,1a408162a7e9e7a1,attnlrp,f1_at_k,0.5555555555555556,target,Compression,"{'n_gold_tokens': 18, 'k': 18}",xlmr
task2_plausibility,1a408162a7e9e7a1,attnlrp,auprc,0.5008989891021438,target,Compression,"{'n_gold_tokens': 18, 'k': 18}",xlmr
task2_plausibility,1a408162a7e9e7a1,attnlrp,precision_at_k,0.3333333333333333,target,Explanation,"{'n_gold_tokens': 18, 'k': 18}",xlmr
task2_plausibility,1a408162a7e9e7a1,attnlrp,recall_at_k,0.3333333333333333,target,Explanation,"{'n_gold_tokens': 18, 'k': 18}",xlmr
task2_plausibility,1a408162a7e9e7a1,attnlrp,f1_at_k,0.3333333333333333,target,Explanation,"{'n_gold_tokens': 18, 'k': 18}",xlmr
task2_plausibility,1a408162a7e9e7a1,attnlrp,auprc,0.3600393647533312,target,Explanation,"{'n_gold_tokens': 18, 'k': 18}",xlmr
task2_plausibility,1a408162a7e9e7a1,attnlrp,precision_at_k,0.2222222222222222,target,Syntactic Change,"{'n_gold_tokens': 18, 'k': 18}",xlmr
task2_plausibility,1a408162a7e9e7a1,attnlrp,recall_at_k,0.2222222222222222,target,Syntactic Change,"{'n_gold_tokens': 18, 'k': 18}",xlmr
task2_plausibility,1a408162a7e9e7a1,attnlrp,f1_at_k,0.2222222222222222,target,Syntactic Change,"{'n_gold_tokens': 18, 'k': 18}",xlmr
task2_plausibility,1a408162a7e9e7a1,attnlrp,auprc,0.3360701736965963,target,Syntactic Change,"{'n_gold_tokens': 18, 'k': 18}",xlmr
task2_plausibility,1a408162a7e9e7a1,attnlrp,precision_at_k,0.5,target,Omission,"{'n_gold_tokens': 18, 'k': 18}",xlmr
task2_plausibility,1a408162a7e9e7a1,attnlrp,recall_at_k,0.5,target,Omission,"{'n_gold_tokens': 18, 'k': 18}",xlmr
task2_plausibility,1a408162a7e9e7a1,attnlrp,f1_at_k,0.5,target,Omission,"{'n_gold_tokens': 18, 'k': 18}",xlmr
task2_plausibility,1a408162a7e9e7a1,attnlrp,auprc,0.5426710510019499,target,Omission,"{'n_gold_tokens': 18, 'k': 18}",xlmr
task2_plausibility,385eb3628ca82dc9,attnlrp,precision_at_k,0.2631578947368421,target,Synonymy,"{'n_gold_tokens': 19, 'k': 19}",xlmr
task2_plausibility,385eb3628ca82dc9,attnlrp,recall_at_k,0.2631578947368421,target,Synonymy,"{'n_gold_tokens': 19, 'k': 19}",xlmr
task2_plausibility,385eb3628ca82dc9,attnlrp,f1_at_k,0.2631578947368421,target,Synonymy,"{'n_gold_tokens': 19, 'k': 19}",xlmr
task2_plausibility,385eb3628ca82dc9,attnlrp,auprc,0.32886982423146294,target,Synonymy,"{'n_gold_tokens': 19, 'k': 19}",xlmr
task2_plausibility,385eb3628ca82dc9,attnlrp,precision_at_k,0.2631578947368421,target,Modulation,"{'n_gold_tokens': 19, 'k': 19}",xlmr
task2_plausibility,385eb3628ca82dc9,attnlrp,recall_at_k,0.2631578947368421,target,Modulation,"{'n_gold_tokens': 19, 'k': 19}",xlmr
task2_plausibility,385eb3628ca82dc9,attnlrp,f1_at_k,0.2631578947368421,target,Modulation,"{'n_gold_tokens': 19, 'k': 19}",xlmr
task2_plausibility,385eb3628ca82dc9,attnlrp,auprc,0.3322955450167716,target,Modulation,"{'n_gold_tokens': 19, 'k': 19}",xlmr
task2_plausibility,385eb3628ca82dc9,attnlrp,precision_at_k,0.3684210526315789,target,Compression,"{'n_gold_tokens': 19, 'k': 19}",xlmr
task2_plausibility,385eb3628ca82dc9,attnlrp,recall_at_k,0.3684210526315789,target,Compression,"{'n_gold_tokens': 19, 'k': 19}",xlmr
task2_plausibility,385eb3628ca82dc9,attnlrp,f1_at_k,0.3684210526315789,target,Compression,"{'n_gold_tokens': 19, 'k': 19}",xlmr
task2_plausibility,385eb3628ca82dc9,attnlrp,auprc,0.33686894307887905,target,Compression,"{'n_gold_tokens': 19, 'k': 19}",xlmr
task2_plausibility,385eb3628ca82dc9,attnlrp,precision_at_k,0.3157894736842105,target,Omission,"{'n_gold_tokens': 19, 'k': 19}",xlmr
task2_plausibility,385eb3628ca82dc9,attnlrp,recall_at_k,0.3157894736842105,target,Omission,"{'n_gold_tokens': 19, 'k': 19}",xlmr
task2_plausibility,385eb3628ca82dc9,attnlrp,f1_at_k,0.3157894736842105,target,Omission,"{'n_gold_tokens': 19, 'k': 19}",xlmr
task2_plausibility,385eb3628ca82dc9,attnlrp,auprc,0.3288553533896037,target,Omission,"{'n_gold_tokens': 19, 'k': 19}",xlmr
task2_plausibility,467d362e647d1b0b,attnlrp,precision_at_k,0.47058823529411764,target,Synonymy,"{'n_gold_tokens': 17, 'k': 17}",xlmr
task2_plausibility,467d362e647d1b0b,attnlrp,recall_at_k,0.47058823529411764,target,Synonymy,"{'n_gold_tokens': 17, 'k': 17}",xlmr
task2_plausibility,467d362e647d1b0b,attnlrp,f1_at_k,0.47058823529411764,target,Synonymy,"{'n_gold_tokens': 17, 'k': 17}",xlmr
task2_plausibility,467d362e647d1b0b,attnlrp,auprc,0.4273065554858033,target,Synonymy,"{'n_gold_tokens': 17, 'k': 17}",xlmr
task2_plausibility,467d362e647d1b0b,attnlrp,precision_at_k,0.47058823529411764,target,Modulation,"{'n_gold_tokens': 17, 'k': 17}",xlmr
task2_plausibility,467d362e647d1b0b,attnlrp,recall_at_k,0.47058823529411764,target,Modulation,"{'n_gold_tokens': 17, 'k': 17}",xlmr
task2_plausibility,467d362e647d1b0b,attnlrp,f1_at_k,0.47058823529411764,target,Modulation,"{'n_gold_tokens': 17, 'k': 17}",xlmr
task2_plausibility,467d362e647d1b0b,attnlrp,auprc,0.4427057504136611,target,Modulation,"{'n_gold_tokens': 17, 'k': 17}",xlmr
task2_plausibility,467d362e647d1b0b,attnlrp,precision_at_k,0.29411764705882354,target,Compression,"{'n_gold_tokens': 17, 'k': 17}",xlmr
task2_plausibility,467d362e647d1b0b,attnlrp,recall_at_k,0.29411764705882354,target,Compression,"{'n_gold_tokens': 17, 'k': 17}",xlmr
task2_plausibility,467d362e647d1b0b,attnlrp,f1_at_k,0.29411764705882354,target,Compression,"{'n_gold_tokens': 17, 'k': 17}",xlmr
task2_plausibility,467d362e647d1b0b,attnlrp,auprc,0.36789976806456415,target,Compression,"{'n_gold_tokens': 17, 'k': 17}",xlmr
task2_plausibility,467d362e647d1b0b,attnlrp,precision_at_k,0.4117647058823529,target,Syntactic Change,"{'n_gold_tokens': 17, 'k': 17}",xlmr
task2_plausibility,467d362e647d1b0b,attnlrp,recall_at_k,0.4117647058823529,target,Syntactic Change,"{'n_gold_tokens': 17, 'k': 17}",xlmr
task2_plausibility,467d362e647d1b0b,attnlrp,f1_at_k,0.4117647058823529,target,Syntactic Change,"{'n_gold_tokens': 17, 'k': 17}",xlmr
task2_plausibility,467d362e647d1b0b,attnlrp,auprc,0.46663630971622905,target,Syntactic Change,"{'n_gold_tokens': 17, 'k': 17}",xlmr
task2_plausibility,467d362e647d1b0b,attnlrp,precision_at_k,0.29411764705882354,target,Omission,"{'n_gold_tokens': 17, 'k': 17}",xlmr
task2_plausibility,467d362e647d1b0b,attnlrp,recall_at_k,0.29411764705882354,target,Omission,"{'n_gold_tokens': 17, 'k': 17}",xlmr
task2_plausibility,467d362e647d1b0b,attnlrp,f1_at_k,0.29411764705882354,target,Omission,"{'n_gold_tokens': 17, 'k': 17}",xlmr
task2_plausibility,467d362e647d1b0b,attnlrp,auprc,0.33781487684525957,target,Omission,"{'n_gold_tokens': 17, 'k': 17}",xlmr
task2_plausibility,4a3b8751b4125005,attnlrp,precision_at_k,0.3333333333333333,target,Synonymy,"{'n_gold_tokens': 18, 'k': 18}",xlmr
task2_plausibility,4a3b8751b4125005,attnlrp,recall_at_k,0.3333333333333333,target,Synonymy,"{'n_gold_tokens': 18, 'k': 18}",xlmr
task2_plausibility,4a3b8751b4125005,attnlrp,f1_at_k,0.3333333333333333,target,Synonymy,"{'n_gold_tokens': 18, 'k': 18}",xlmr
task2_plausibility,4a3b8751b4125005,attnlrp,auprc,0.4658721084235067,target,Synonymy,"{'n_gold_tokens': 18, 'k': 18}",xlmr
task2_plausibility,4a3b8751b4125005,attnlrp,precision_at_k,0.4444444444444444,target,Modulation,"{'n_gold_tokens': 18, 'k': 18}",xlmr
task2_plausibility,4a3b8751b4125005,attnlrp,recall_at_k,0.4444444444444444,target,Modulation,"{'n_gold_tokens': 18, 'k': 18}",xlmr
task2_plausibility,4a3b8751b4125005,attnlrp,f1_at_k,0.4444444444444444,target,Modulation,"{'n_gold_tokens': 18, 'k': 18}",xlmr
task2_plausibility,4a3b8751b4125005,attnlrp,auprc,0.4745492363212609,target,Modulation,"{'n_gold_tokens': 18, 'k': 18}",xlmr
task2_plausibility,4a3b8751b4125005,attnlrp,precision_at_k,0.3888888888888889,target,Compression,"{'n_gold_tokens': 18, 'k': 18}",xlmr
task2_plausibility,4a3b8751b4125005,attnlrp,recall_at_k,0.3888888888888889,target,Compression,"{'n_gold_tokens': 18, 'k': 18}",xlmr
task2_plausibility,4a3b8751b4125005,attnlrp,f1_at_k,0.3888888888888889,target,Compression,"{'n_gold_tokens': 18, 'k': 18}",xlmr
task2_plausibility,4a3b8751b4125005,attnlrp,auprc,0.33497996615176356,target,Compression,"{'n_gold_tokens': 18, 'k': 18}",xlmr
task2_plausibility,4a3b8751b4125005,attnlrp,precision_at_k,0.4444444444444444,target,Syntactic Change,"{'n_gold_tokens': 18, 'k': 18}",xlmr
task2_plausibility,4a3b8751b4125005,attnlrp,recall_at_k,0.4444444444444444,target,Syntactic Change,"{'n_gold_tokens': 18, 'k': 18}",xlmr
task2_plausibility,4a3b8751b4125005,attnlrp,f1_at_k,0.4444444444444444,target,Syntactic Change,"{'n_gold_tokens': 18, 'k': 18}",xlmr
task2_plausibility,4a3b8751b4125005,attnlrp,auprc,0.4407320446680867,target,Syntactic Change,"{'n_gold_tokens': 18, 'k': 18}",xlmr
task2_plausibility,4a3b8751b4125005,attnlrp,precision_at_k,0.2777777777777778,target,Omission,"{'n_gold_tokens': 18, 'k': 18}",xlmr
task2_plausibility,4a3b8751b4125005,attnlrp,recall_at_k,0.2777777777777778,target,Omission,"{'n_gold_tokens': 18, 'k': 18}",xlmr
task2_plausibility,4a3b8751b4125005,attnlrp,f1_at_k,0.2777777777777778,target,Omission,"{'n_gold_tokens': 18, 'k': 18}",xlmr
task2_plausibility,4a3b8751b4125005,attnlrp,auprc,0.3569566496813529,target,Omission,"{'n_gold_tokens': 18, 'k': 18}",xlmr
task2_plausibility,5074919f86c4fc4e,attnlrp,precision_at_k,0.2222222222222222,target,Synonymy,"{'n_gold_tokens': 9, 'k': 9}",xlmr
task2_plausibility,5074919f86c4fc4e,attnlrp,recall_at_k,0.2222222222222222,target,Synonymy,"{'n_gold_tokens': 9, 'k': 9}",xlmr
task2_plausibility,5074919f86c4fc4e,attnlrp,f1_at_k,0.2222222222222222,target,Synonymy,"{'n_gold_tokens': 9, 'k': 9}",xlmr
task2_plausibility,5074919f86c4fc4e,attnlrp,auprc,0.13000982457145333,target,Synonymy,"{'n_gold_tokens': 9, 'k': 9}",xlmr
task2_plausibility,5074919f86c4fc4e,attnlrp,precision_at_k,0.3333333333333333,target,Modulation,"{'n_gold_tokens': 9, 'k': 9}",xlmr
task2_plausibility,5074919f86c4fc4e,attnlrp,recall_at_k,0.3333333333333333,target,Modulation,"{'n_gold_tokens': 9, 'k': 9}",xlmr
task2_plausibility,5074919f86c4fc4e,attnlrp,f1_at_k,0.3333333333333333,target,Modulation,"{'n_gold_tokens': 9, 'k': 9}",xlmr
task2_plausibility,5074919f86c4fc4e,attnlrp,auprc,0.25370078992970013,target,Modulation,"{'n_gold_tokens': 9, 'k': 9}",xlmr
task2_plausibility,5074919f86c4fc4e,attnlrp,precision_at_k,0.3333333333333333,target,Compression,"{'n_gold_tokens': 9, 'k': 9}",xlmr
task2_plausibility,5074919f86c4fc4e,attnlrp,recall_at_k,0.3333333333333333,target,Compression,"{'n_gold_tokens': 9, 'k': 9}",xlmr
task2_plausibility,5074919f86c4fc4e,attnlrp,f1_at_k,0.3333333333333333,target,Compression,"{'n_gold_tokens': 9, 'k': 9}",xlmr
task2_plausibility,5074919f86c4fc4e,attnlrp,auprc,0.3441875402538609,target,Compression,"{'n_gold_tokens': 9, 'k': 9}",xlmr
task2_plausibility,5074919f86c4fc4e,attnlrp,precision_at_k,0.2222222222222222,target,Explanation,"{'n_gold_tokens': 9, 'k': 9}",xlmr
task2_plausibility,5074919f86c4fc4e,attnlrp,recall_at_k,0.2222222222222222,target,Explanation,"{'n_gold_tokens': 9, 'k': 9}",xlmr
task2_plausibility,5074919f86c4fc4e,attnlrp,f1_at_k,0.2222222222222222,target,Explanation,"{'n_gold_tokens': 9, 'k': 9}",xlmr
task2_plausibility,5074919f86c4fc4e,attnlrp,auprc,0.14513928310342225,target,Explanation,"{'n_gold_tokens': 9, 'k': 9}",xlmr
task2_plausibility,5074919f86c4fc4e,attnlrp,precision_at_k,0.1111111111111111,target,Syntactic Change,"{'n_gold_tokens': 9, 'k': 9}",xlmr
task2_plausibility,5074919f86c4fc4e,attnlrp,recall_at_k,0.1111111111111111,target,Syntactic Change,"{'n_gold_tokens': 9, 'k': 9}",xlmr
task2_plausibility,5074919f86c4fc4e,attnlrp,f1_at_k,0.1111111111111111,target,Syntactic Change,"{'n_gold_tokens': 9, 'k': 9}",xlmr
task2_plausibility,5074919f86c4fc4e,attnlrp,auprc,0.12024845162100063,target,Syntactic Change,"{'n_gold_tokens': 9, 'k': 9}",xlmr
task2_plausibility,5074919f86c4fc4e,attnlrp,precision_at_k,0.2222222222222222,target,Omission,"{'n_gold_tokens': 9, 'k': 9}",xlmr
task2_plausibility,5074919f86c4fc4e,attnlrp,recall_at_k,0.2222222222222222,target,Omission,"{'n_gold_tokens': 9, 'k': 9}",xlmr
task2_plausibility,5074919f86c4fc4e,attnlrp,f1_at_k,0.2222222222222222,target,Omission,"{'n_gold_tokens': 9, 'k': 9}",xlmr
task2_plausibility,5074919f86c4fc4e,attnlrp,auprc,0.3375729825535382,target,Omission,"{'n_gold_tokens': 9, 'k': 9}",xlmr
task2_plausibility,68fcbd3c26b53cfa,attnlrp,precision_at_k,0.37037037037037035,target,Synonymy,"{'n_gold_tokens': 27, 'k': 27}",xlmr
task2_plausibility,68fcbd3c26b53cfa,attnlrp,recall_at_k,0.37037037037037035,target,Synonymy,"{'n_gold_tokens': 27, 'k': 27}",xlmr
task2_plausibility,68fcbd3c26b53cfa,attnlrp,f1_at_k,0.37037037037037035,target,Synonymy,"{'n_gold_tokens': 27, 'k': 27}",xlmr
task2_plausibility,68fcbd3c26b53cfa,attnlrp,auprc,0.30374057609227867,target,Synonymy,"{'n_gold_tokens': 27, 'k': 27}",xlmr
task2_plausibility,68fcbd3c26b53cfa,attnlrp,precision_at_k,0.2962962962962963,target,Modulation,"{'n_gold_tokens': 27, 'k': 27}",xlmr
task2_plausibility,68fcbd3c26b53cfa,attnlrp,recall_at_k,0.2962962962962963,target,Modulation,"{'n_gold_tokens': 27, 'k': 27}",xlmr
task2_plausibility,68fcbd3c26b53cfa,attnlrp,f1_at_k,0.2962962962962963,target,Modulation,"{'n_gold_tokens': 27, 'k': 27}",xlmr
task2_plausibility,68fcbd3c26b53cfa,attnlrp,auprc,0.3483285767319634,target,Modulation,"{'n_gold_tokens': 27, 'k': 27}",xlmr
task2_plausibility,68fcbd3c26b53cfa,attnlrp,precision_at_k,0.37037037037037035,target,Compression,"{'n_gold_tokens': 27, 'k': 27}",xlmr
task2_plausibility,68fcbd3c26b53cfa,attnlrp,recall_at_k,0.37037037037037035,target,Compression,"{'n_gold_tokens': 27, 'k': 27}",xlmr
task2_plausibility,68fcbd3c26b53cfa,attnlrp,f1_at_k,0.37037037037037035,target,Compression,"{'n_gold_tokens': 27, 'k': 27}",xlmr
task2_plausibility,68fcbd3c26b53cfa,attnlrp,auprc,0.316796163605405,target,Compression,"{'n_gold_tokens': 27, 'k': 27}",xlmr
task2_plausibility,68fcbd3c26b53cfa,attnlrp,precision_at_k,0.25925925925925924,target,Syntactic Change,"{'n_gold_tokens': 27, 'k': 27}",xlmr
task2_plausibility,68fcbd3c26b53cfa,attnlrp,recall_at_k,0.25925925925925924,target,Syntactic Change,"{'n_gold_tokens': 27, 'k': 27}",xlmr
task2_plausibility,68fcbd3c26b53cfa,attnlrp,f1_at_k,0.25925925925925924,target,Syntactic Change,"{'n_gold_tokens': 27, 'k': 27}",xlmr
task2_plausibility,68fcbd3c26b53cfa,attnlrp,auprc,0.31656905893567633,target,Syntactic Change,"{'n_gold_tokens': 27, 'k': 27}",xlmr
task2_plausibility,68fcbd3c26b53cfa,attnlrp,precision_at_k,0.2962962962962963,target,Omission,"{'n_gold_tokens': 27, 'k': 27}",xlmr
task2_plausibility,68fcbd3c26b53cfa,attnlrp,recall_at_k,0.2962962962962963,target,Omission,"{'n_gold_tokens': 27, 'k': 27}",xlmr
task2_plausibility,68fcbd3c26b53cfa,attnlrp,f1_at_k,0.2962962962962963,target,Omission,"{'n_gold_tokens': 27, 'k': 27}",xlmr
task2_plausibility,68fcbd3c26b53cfa,attnlrp,auprc,0.29273622769613317,target,Omission,"{'n_gold_tokens': 27, 'k': 27}",xlmr
task2_plausibility,7d686d6c59438eee,attnlrp,precision_at_k,0.3076923076923077,target,Synonymy,"{'n_gold_tokens': 13, 'k': 13}",xlmr
task2_plausibility,7d686d6c59438eee,attnlrp,recall_at_k,0.3076923076923077,target,Synonymy,"{'n_gold_tokens': 13, 'k': 13}",xlmr
task2_plausibility,7d686d6c59438eee,attnlrp,f1_at_k,0.3076923076923077,target,Synonymy,"{'n_gold_tokens': 13, 'k': 13}",xlmr
task2_plausibility,7d686d6c59438eee,attnlrp,auprc,0.34137062288489584,target,Synonymy,"{'n_gold_tokens': 13, 'k': 13}",xlmr
task2_plausibility,7d686d6c59438eee,attnlrp,precision_at_k,0.46153846153846156,target,Modulation,"{'n_gold_tokens': 13, 'k': 13}",xlmr
task2_plausibility,7d686d6c59438eee,attnlrp,recall_at_k,0.46153846153846156,target,Modulation,"{'n_gold_tokens': 13, 'k': 13}",xlmr
task2_plausibility,7d686d6c59438eee,attnlrp,f1_at_k,0.46153846153846156,target,Modulation,"{'n_gold_tokens': 13, 'k': 13}",xlmr
task2_plausibility,7d686d6c59438eee,attnlrp,auprc,0.4471413899842161,target,Modulation,"{'n_gold_tokens': 13, 'k': 13}",xlmr
task2_plausibility,7d686d6c59438eee,attnlrp,precision_at_k,0.46153846153846156,target,Compression,"{'n_gold_tokens': 13, 'k': 13}",xlmr
task2_plausibility,7d686d6c59438eee,attnlrp,recall_at_k,0.46153846153846156,target,Compression,"{'n_gold_tokens': 13, 'k': 13}",xlmr
task2_plausibility,7d686d6c59438eee,attnlrp,f1_at_k,0.46153846153846156,target,Compression,"{'n_gold_tokens': 13, 'k': 13}",xlmr
task2_plausibility,7d686d6c59438eee,attnlrp,auprc,0.5357008100920873,target,Compression,"{'n_gold_tokens': 13, 'k': 13}",xlmr
task2_plausibility,7d686d6c59438eee,attnlrp,precision_at_k,0.38461538461538464,target,Syntactic Change,"{'n_gold_tokens': 13, 'k': 13}",xlmr
task2_plausibility,7d686d6c59438eee,attnlrp,recall_at_k,0.38461538461538464,target,Syntactic Change,"{'n_gold_tokens': 13, 'k': 13}",xlmr
task2_plausibility,7d686d6c59438eee,attnlrp,f1_at_k,0.38461538461538464,target,Syntactic Change,"{'n_gold_tokens': 13, 'k': 13}",xlmr
task2_plausibility,7d686d6c59438eee,attnlrp,auprc,0.4255705952022771,target,Syntactic Change,"{'n_gold_tokens': 13, 'k': 13}",xlmr
task2_plausibility,7e1411eb93b6764f,attnlrp,precision_at_k,0.0,target,Synonymy,"{'n_gold_tokens': 6, 'k': 6}",xlmr
task2_plausibility,7e1411eb93b6764f,attnlrp,recall_at_k,0.0,target,Synonymy,"{'n_gold_tokens': 6, 'k': 6}",xlmr
task2_plausibility,7e1411eb93b6764f,attnlrp,f1_at_k,0.0,target,Synonymy,"{'n_gold_tokens': 6, 'k': 6}",xlmr
task2_plausibility,7e1411eb93b6764f,attnlrp,auprc,0.21669724245943756,target,Synonymy,"{'n_gold_tokens': 6, 'k': 6}",xlmr
task2_plausibility,7e1411eb93b6764f,attnlrp,precision_at_k,0.3333333333333333,target,Modulation,"{'n_gold_tokens': 6, 'k': 6}",xlmr
task2_plausibility,7e1411eb93b6764f,attnlrp,recall_at_k,0.3333333333333333,target,Modulation,"{'n_gold_tokens': 6, 'k': 6}",xlmr
task2_plausibility,7e1411eb93b6764f,attnlrp,f1_at_k,0.3333333333333333,target,Modulation,"{'n_gold_tokens': 6, 'k': 6}",xlmr
task2_plausibility,7e1411eb93b6764f,attnlrp,auprc,0.4358621593291404,target,Modulation,"{'n_gold_tokens': 6, 'k': 6}",xlmr
task2_plausibility,7e1411eb93b6764f,attnlrp,precision_at_k,0.3333333333333333,target,Compression,"{'n_gold_tokens': 6, 'k': 6}",xlmr
task2_plausibility,7e1411eb93b6764f,attnlrp,recall_at_k,0.3333333333333333,target,Compression,"{'n_gold_tokens': 6, 'k': 6}",xlmr
task2_plausibility,7e1411eb93b6764f,attnlrp,f1_at_k,0.3333333333333333,target,Compression,"{'n_gold_tokens': 6, 'k': 6}",xlmr
task2_plausibility,7e1411eb93b6764f,attnlrp,auprc,0.3837447478991597,target,Compression,"{'n_gold_tokens': 6, 'k': 6}",xlmr
task2_plausibility,7e1411eb93b6764f,attnlrp,precision_at_k,0.16666666666666666,target,Syntactic Change,"{'n_gold_tokens': 6, 'k': 6}",xlmr
task2_plausibility,7e1411eb93b6764f,attnlrp,recall_at_k,0.16666666666666666,target,Syntactic Change,"{'n_gold_tokens': 6, 'k': 6}",xlmr
task2_plausibility,7e1411eb93b6764f,attnlrp,f1_at_k,0.16666666666666666,target,Syntactic Change,"{'n_gold_tokens': 6, 'k': 6}",xlmr
task2_plausibility,7e1411eb93b6764f,attnlrp,auprc,0.12640774258421317,target,Syntactic Change,"{'n_gold_tokens': 6, 'k': 6}",xlmr
task2_plausibility,7e1411eb93b6764f,attnlrp,precision_at_k,0.3333333333333333,target,Omission,"{'n_gold_tokens': 6, 'k': 6}",xlmr
task2_plausibility,7e1411eb93b6764f,attnlrp,recall_at_k,0.3333333333333333,target,Omission,"{'n_gold_tokens': 6, 'k': 6}",xlmr
task2_plausibility,7e1411eb93b6764f,attnlrp,f1_at_k,0.3333333333333333,target,Omission,"{'n_gold_tokens': 6, 'k': 6}",xlmr
task2_plausibility,7e1411eb93b6764f,attnlrp,auprc,0.3754443722214197,target,Omission,"{'n_gold_tokens': 6, 'k': 6}",xlmr
task2_plausibility,845f231d95d5cc72,attnlrp,precision_at_k,0.46875,target,Synonymy,"{'n_gold_tokens': 32, 'k': 32}",xlmr
task2_plausibility,845f231d95d5cc72,attnlrp,recall_at_k,0.46875,target,Synonymy,"{'n_gold_tokens': 32, 'k': 32}",xlmr
task2_plausibility,845f231d95d5cc72,attnlrp,f1_at_k,0.46875,target,Synonymy,"{'n_gold_tokens': 32, 'k': 32}",xlmr
task2_plausibility,845f231d95d5cc72,attnlrp,auprc,0.417315191065768,target,Synonymy,"{'n_gold_tokens': 32, 'k': 32}",xlmr
task2_plausibility,845f231d95d5cc72,attnlrp,precision_at_k,0.4375,target,Modulation,"{'n_gold_tokens': 32, 'k': 32}",xlmr
task2_plausibility,845f231d95d5cc72,attnlrp,recall_at_k,0.4375,target,Modulation,"{'n_gold_tokens': 32, 'k': 32}",xlmr
task2_plausibility,845f231d95d5cc72,attnlrp,f1_at_k,0.4375,target,Modulation,"{'n_gold_tokens': 32, 'k': 32}",xlmr
task2_plausibility,845f231d95d5cc72,attnlrp,auprc,0.49081020795085967,target,Modulation,"{'n_gold_tokens': 32, 'k': 32}",xlmr
task2_plausibility,845f231d95d5cc72,attnlrp,precision_at_k,0.34375,target,Compression,"{'n_gold_tokens': 32, 'k': 32}",xlmr
task2_plausibility,845f231d95d5cc72,attnlrp,recall_at_k,0.34375,target,Compression,"{'n_gold_tokens': 32, 'k': 32}",xlmr
task2_plausibility,845f231d95d5cc72,attnlrp,f1_at_k,0.34375,target,Compression,"{'n_gold_tokens': 32, 'k': 32}",xlmr
task2_plausibility,845f231d95d5cc72,attnlrp,auprc,0.43483753622559607,target,Compression,"{'n_gold_tokens': 32, 'k': 32}",xlmr
task2_plausibility,845f231d95d5cc72,attnlrp,precision_at_k,0.375,target,Explanation,"{'n_gold_tokens': 32, 'k': 32}",xlmr
task2_plausibility,845f231d95d5cc72,attnlrp,recall_at_k,0.375,target,Explanation,"{'n_gold_tokens': 32, 'k': 32}",xlmr
task2_plausibility,845f231d95d5cc72,attnlrp,f1_at_k,0.375,target,Explanation,"{'n_gold_tokens': 32, 'k': 32}",xlmr
task2_plausibility,845f231d95d5cc72,attnlrp,auprc,0.3750238738783323,target,Explanation,"{'n_gold_tokens': 32, 'k': 32}",xlmr
task2_plausibility,845f231d95d5cc72,attnlrp,precision_at_k,0.40625,target,Syntactic Change,"{'n_gold_tokens': 32, 'k': 32}",xlmr
task2_plausibility,845f231d95d5cc72,attnlrp,recall_at_k,0.40625,target,Syntactic Change,"{'n_gold_tokens': 32, 'k': 32}",xlmr
task2_plausibility,845f231d95d5cc72,attnlrp,f1_at_k,0.40625,target,Syntactic Change,"{'n_gold_tokens': 32, 'k': 32}",xlmr
task2_plausibility,845f231d95d5cc72,attnlrp,auprc,0.37677820143410684,target,Syntactic Change,"{'n_gold_tokens': 32, 'k': 32}",xlmr
task2_plausibility,845f231d95d5cc72,attnlrp,precision_at_k,0.34375,target,Omission,"{'n_gold_tokens': 32, 'k': 32}",xlmr
task2_plausibility,845f231d95d5cc72,attnlrp,recall_at_k,0.34375,target,Omission,"{'n_gold_tokens': 32, 'k': 32}",xlmr
task2_plausibility,845f231d95d5cc72,attnlrp,f1_at_k,0.34375,target,Omission,"{'n_gold_tokens': 32, 'k': 32}",xlmr
task2_plausibility,845f231d95d5cc72,attnlrp,auprc,0.3176704752663653,target,Omission,"{'n_gold_tokens': 32, 'k': 32}",xlmr
task2_plausibility,90d2c76b0f165f7f,attnlrp,precision_at_k,0.4444444444444444,target,Synonymy,"{'n_gold_tokens': 36, 'k': 36}",xlmr
task2_plausibility,90d2c76b0f165f7f,attnlrp,recall_at_k,0.4444444444444444,target,Synonymy,"{'n_gold_tokens': 36, 'k': 36}",xlmr
task2_plausibility,90d2c76b0f165f7f,attnlrp,f1_at_k,0.4444444444444444,target,Synonymy,"{'n_gold_tokens': 36, 'k': 36}",xlmr
task2_plausibility,90d2c76b0f165f7f,attnlrp,auprc,0.406677934104726,target,Synonymy,"{'n_gold_tokens': 36, 'k': 36}",xlmr
task2_plausibility,90d2c76b0f165f7f,attnlrp,precision_at_k,0.2777777777777778,target,Modulation,"{'n_gold_tokens': 36, 'k': 36}",xlmr
task2_plausibility,90d2c76b0f165f7f,attnlrp,recall_at_k,0.2777777777777778,target,Modulation,"{'n_gold_tokens': 36, 'k': 36}",xlmr
task2_plausibility,90d2c76b0f165f7f,attnlrp,f1_at_k,0.2777777777777778,target,Modulation,"{'n_gold_tokens': 36, 'k': 36}",xlmr
task2_plausibility,90d2c76b0f165f7f,attnlrp,auprc,0.3224223216559381,target,Modulation,"{'n_gold_tokens': 36, 'k': 36}",xlmr
task2_plausibility,90d2c76b0f165f7f,attnlrp,precision_at_k,0.4444444444444444,target,Compression,"{'n_gold_tokens': 36, 'k': 36}",xlmr
task2_plausibility,90d2c76b0f165f7f,attnlrp,recall_at_k,0.4444444444444444,target,Compression,"{'n_gold_tokens': 36, 'k': 36}",xlmr
task2_plausibility,90d2c76b0f165f7f,attnlrp,f1_at_k,0.4444444444444444,target,Compression,"{'n_gold_tokens': 36, 'k': 36}",xlmr
task2_plausibility,90d2c76b0f165f7f,attnlrp,auprc,0.4443935312246193,target,Compression,"{'n_gold_tokens': 36, 'k': 36}",xlmr
task2_plausibility,90d2c76b0f165f7f,attnlrp,precision_at_k,0.4444444444444444,target,Explanation,"{'n_gold_tokens': 36, 'k': 36}",xlmr
task2_plausibility,90d2c76b0f165f7f,attnlrp,recall_at_k,0.4444444444444444,target,Explanation,"{'n_gold_tokens': 36, 'k': 36}",xlmr
task2_plausibility,90d2c76b0f165f7f,attnlrp,f1_at_k,0.4444444444444444,target,Explanation,"{'n_gold_tokens': 36, 'k': 36}",xlmr
task2_plausibility,90d2c76b0f165f7f,attnlrp,auprc,0.49555838656050966,target,Explanation,"{'n_gold_tokens': 36, 'k': 36}",xlmr
task2_plausibility,90d2c76b0f165f7f,attnlrp,precision_at_k,0.4166666666666667,target,Syntactic Change,"{'n_gold_tokens': 36, 'k': 36}",xlmr
task2_plausibility,90d2c76b0f165f7f,attnlrp,recall_at_k,0.4166666666666667,target,Syntactic Change,"{'n_gold_tokens': 36, 'k': 36}",xlmr
task2_plausibility,90d2c76b0f165f7f,attnlrp,f1_at_k,0.4166666666666667,target,Syntactic Change,"{'n_gold_tokens': 36, 'k': 36}",xlmr
task2_plausibility,90d2c76b0f165f7f,attnlrp,auprc,0.35860081975829394,target,Syntactic Change,"{'n_gold_tokens': 36, 'k': 36}",xlmr
task2_plausibility,90d2c76b0f165f7f,attnlrp,precision_at_k,0.4444444444444444,target,Omission,"{'n_gold_tokens': 36, 'k': 36}",xlmr
task2_plausibility,90d2c76b0f165f7f,attnlrp,recall_at_k,0.4444444444444444,target,Omission,"{'n_gold_tokens': 36, 'k': 36}",xlmr
task2_plausibility,90d2c76b0f165f7f,attnlrp,f1_at_k,0.4444444444444444,target,Omission,"{'n_gold_tokens': 36, 'k': 36}",xlmr
task2_plausibility,90d2c76b0f165f7f,attnlrp,auprc,0.3931816629999793,target,Omission,"{'n_gold_tokens': 36, 'k': 36}",xlmr
task2_plausibility,9f53b3d5371489c1,attnlrp,precision_at_k,0.2222222222222222,target,Synonymy,"{'n_gold_tokens': 27, 'k': 27}",xlmr
task2_plausibility,9f53b3d5371489c1,attnlrp,recall_at_k,0.2222222222222222,target,Synonymy,"{'n_gold_tokens': 27, 'k': 27}",xlmr
task2_plausibility,9f53b3d5371489c1,attnlrp,f1_at_k,0.2222222222222222,target,Synonymy,"{'n_gold_tokens': 27, 'k': 27}",xlmr
task2_plausibility,9f53b3d5371489c1,attnlrp,auprc,0.339837557302201,target,Synonymy,"{'n_gold_tokens': 27, 'k': 27}",xlmr
task2_plausibility,9f53b3d5371489c1,attnlrp,precision_at_k,0.25925925925925924,target,Modulation,"{'n_gold_tokens': 27, 'k': 27}",xlmr
task2_plausibility,9f53b3d5371489c1,attnlrp,recall_at_k,0.25925925925925924,target,Modulation,"{'n_gold_tokens': 27, 'k': 27}",xlmr
task2_plausibility,9f53b3d5371489c1,attnlrp,f1_at_k,0.25925925925925924,target,Modulation,"{'n_gold_tokens': 27, 'k': 27}",xlmr
task2_plausibility,9f53b3d5371489c1,attnlrp,auprc,0.32429247252104976,target,Modulation,"{'n_gold_tokens': 27, 'k': 27}",xlmr
task2_plausibility,9f53b3d5371489c1,attnlrp,precision_at_k,0.2962962962962963,target,Compression,"{'n_gold_tokens': 27, 'k': 27}",xlmr
task2_plausibility,9f53b3d5371489c1,attnlrp,recall_at_k,0.2962962962962963,target,Compression,"{'n_gold_tokens': 27, 'k': 27}",xlmr
task2_plausibility,9f53b3d5371489c1,attnlrp,f1_at_k,0.2962962962962963,target,Compression,"{'n_gold_tokens': 27, 'k': 27}",xlmr
task2_plausibility,9f53b3d5371489c1,attnlrp,auprc,0.3255026772063024,target,Compression,"{'n_gold_tokens': 27, 'k': 27}",xlmr
task2_plausibility,9f53b3d5371489c1,attnlrp,precision_at_k,0.3333333333333333,target,Syntactic Change,"{'n_gold_tokens': 27, 'k': 27}",xlmr
task2_plausibility,9f53b3d5371489c1,attnlrp,recall_at_k,0.3333333333333333,target,Syntactic Change,"{'n_gold_tokens': 27, 'k': 27}",xlmr
task2_plausibility,9f53b3d5371489c1,attnlrp,f1_at_k,0.3333333333333333,target,Syntactic Change,"{'n_gold_tokens': 27, 'k': 27}",xlmr
task2_plausibility,9f53b3d5371489c1,attnlrp,auprc,0.3049847468349704,target,Syntactic Change,"{'n_gold_tokens': 27, 'k': 27}",xlmr
task2_plausibility,9f53b3d5371489c1,attnlrp,precision_at_k,0.2222222222222222,target,Omission,"{'n_gold_tokens': 27, 'k': 27}",xlmr
task2_plausibility,9f53b3d5371489c1,attnlrp,recall_at_k,0.2222222222222222,target,Omission,"{'n_gold_tokens': 27, 'k': 27}",xlmr
task2_plausibility,9f53b3d5371489c1,attnlrp,f1_at_k,0.2222222222222222,target,Omission,"{'n_gold_tokens': 27, 'k': 27}",xlmr
task2_plausibility,9f53b3d5371489c1,attnlrp,auprc,0.2518587240513153,target,Omission,"{'n_gold_tokens': 27, 'k': 27}",xlmr
task2_plausibility,ae611fb0737a6e18,attnlrp,precision_at_k,0.3333333333333333,target,Synonymy,"{'n_gold_tokens': 6, 'k': 6}",xlmr
task2_plausibility,ae611fb0737a6e18,attnlrp,recall_at_k,0.3333333333333333,target,Synonymy,"{'n_gold_tokens': 6, 'k': 6}",xlmr
task2_plausibility,ae611fb0737a6e18,attnlrp,f1_at_k,0.3333333333333333,target,Synonymy,"{'n_gold_tokens': 6, 'k': 6}",xlmr
task2_plausibility,ae611fb0737a6e18,attnlrp,auprc,0.3461371961371962,target,Synonymy,"{'n_gold_tokens': 6, 'k': 6}",xlmr
task2_plausibility,ae611fb0737a6e18,attnlrp,precision_at_k,0.5,target,Modulation,"{'n_gold_tokens': 6, 'k': 6}",xlmr
task2_plausibility,ae611fb0737a6e18,attnlrp,recall_at_k,0.5,target,Modulation,"{'n_gold_tokens': 6, 'k': 6}",xlmr
task2_plausibility,ae611fb0737a6e18,attnlrp,f1_at_k,0.5,target,Modulation,"{'n_gold_tokens': 6, 'k': 6}",xlmr
task2_plausibility,ae611fb0737a6e18,attnlrp,auprc,0.48771367521367526,target,Modulation,"{'n_gold_tokens': 6, 'k': 6}",xlmr
task2_plausibility,c8ec09f4bdb89da4,attnlrp,precision_at_k,0.0,target,Synonymy,"{'n_gold_tokens': 5, 'k': 5}",xlmr
task2_plausibility,c8ec09f4bdb89da4,attnlrp,recall_at_k,0.0,target,Synonymy,"{'n_gold_tokens': 5, 'k': 5}",xlmr
task2_plausibility,c8ec09f4bdb89da4,attnlrp,f1_at_k,0.0,target,Synonymy,"{'n_gold_tokens': 5, 'k': 5}",xlmr
task2_plausibility,c8ec09f4bdb89da4,attnlrp,auprc,0.19250618593142454,target,Synonymy,"{'n_gold_tokens': 5, 'k': 5}",xlmr
task2_plausibility,c8ec09f4bdb89da4,attnlrp,precision_at_k,0.0,target,Modulation,"{'n_gold_tokens': 5, 'k': 5}",xlmr
task2_plausibility,c8ec09f4bdb89da4,attnlrp,recall_at_k,0.0,target,Modulation,"{'n_gold_tokens': 5, 'k': 5}",xlmr
task2_plausibility,c8ec09f4bdb89da4,attnlrp,f1_at_k,0.0,target,Modulation,"{'n_gold_tokens': 5, 'k': 5}",xlmr
task2_plausibility,c8ec09f4bdb89da4,attnlrp,auprc,0.2105982905982906,target,Modulation,"{'n_gold_tokens': 5, 'k': 5}",xlmr
task2_plausibility,c8ec09f4bdb89da4,attnlrp,precision_at_k,0.0,target,Compression,"{'n_gold_tokens': 5, 'k': 5}",xlmr
task2_plausibility,c8ec09f4bdb89da4,attnlrp,recall_at_k,0.0,target,Compression,"{'n_gold_tokens': 5, 'k': 5}",xlmr
task2_plausibility,c8ec09f4bdb89da4,attnlrp,f1_at_k,0.0,target,Compression,"{'n_gold_tokens': 5, 'k': 5}",xlmr
task2_plausibility,c8ec09f4bdb89da4,attnlrp,auprc,0.11148740599960114,target,Compression,"{'n_gold_tokens': 5, 'k': 5}",xlmr
task2_plausibility,c8ec09f4bdb89da4,attnlrp,precision_at_k,0.0,target,Syntactic Change,"{'n_gold_tokens': 5, 'k': 5}",xlmr
task2_plausibility,c8ec09f4bdb89da4,attnlrp,recall_at_k,0.0,target,Syntactic Change,"{'n_gold_tokens': 5, 'k': 5}",xlmr
task2_plausibility,c8ec09f4bdb89da4,attnlrp,f1_at_k,0.0,target,Syntactic Change,"{'n_gold_tokens': 5, 'k': 5}",xlmr
task2_plausibility,c8ec09f4bdb89da4,attnlrp,auprc,0.1626680337206653,target,Syntactic Change,"{'n_gold_tokens': 5, 'k': 5}",xlmr
task2_plausibility,d71f511788d7755a,attnlrp,precision_at_k,0.5423728813559322,target,Synonymy,"{'n_gold_tokens': 59, 'k': 59}",xlmr
task2_plausibility,d71f511788d7755a,attnlrp,recall_at_k,0.5423728813559322,target,Synonymy,"{'n_gold_tokens': 59, 'k': 59}",xlmr
task2_plausibility,d71f511788d7755a,attnlrp,f1_at_k,0.5423728813559322,target,Synonymy,"{'n_gold_tokens': 59, 'k': 59}",xlmr
task2_plausibility,d71f511788d7755a,attnlrp,auprc,0.5545985214856266,target,Synonymy,"{'n_gold_tokens': 59, 'k': 59}",xlmr
task2_plausibility,d71f511788d7755a,attnlrp,precision_at_k,0.4067796610169492,target,Modulation,"{'n_gold_tokens': 59, 'k': 59}",xlmr
task2_plausibility,d71f511788d7755a,attnlrp,recall_at_k,0.4067796610169492,target,Modulation,"{'n_gold_tokens': 59, 'k': 59}",xlmr
task2_plausibility,d71f511788d7755a,attnlrp,f1_at_k,0.40677966101694923,target,Modulation,"{'n_gold_tokens': 59, 'k': 59}",xlmr
task2_plausibility,d71f511788d7755a,attnlrp,auprc,0.500789231610433,target,Modulation,"{'n_gold_tokens': 59, 'k': 59}",xlmr
task2_plausibility,d71f511788d7755a,attnlrp,precision_at_k,0.423728813559322,target,Compression,"{'n_gold_tokens': 59, 'k': 59}",xlmr
task2_plausibility,d71f511788d7755a,attnlrp,recall_at_k,0.423728813559322,target,Compression,"{'n_gold_tokens': 59, 'k': 59}",xlmr
task2_plausibility,d71f511788d7755a,attnlrp,f1_at_k,0.423728813559322,target,Compression,"{'n_gold_tokens': 59, 'k': 59}",xlmr
task2_plausibility,d71f511788d7755a,attnlrp,auprc,0.46856419689555007,target,Compression,"{'n_gold_tokens': 59, 'k': 59}",xlmr
task2_plausibility,d71f511788d7755a,attnlrp,precision_at_k,0.423728813559322,target,Explanation,"{'n_gold_tokens': 59, 'k': 59}",xlmr
task2_plausibility,d71f511788d7755a,attnlrp,recall_at_k,0.423728813559322,target,Explanation,"{'n_gold_tokens': 59, 'k': 59}",xlmr
task2_plausibility,d71f511788d7755a,attnlrp,f1_at_k,0.423728813559322,target,Explanation,"{'n_gold_tokens': 59, 'k': 59}",xlmr
task2_plausibility,d71f511788d7755a,attnlrp,auprc,0.43863799686091687,target,Explanation,"{'n_gold_tokens': 59, 'k': 59}",xlmr
task2_plausibility,d71f511788d7755a,attnlrp,precision_at_k,0.423728813559322,target,Syntactic Change,"{'n_gold_tokens': 59, 'k': 59}",xlmr
task2_plausibility,d71f511788d7755a,attnlrp,recall_at_k,0.423728813559322,target,Syntactic Change,"{'n_gold_tokens': 59, 'k': 59}",xlmr
task2_plausibility,d71f511788d7755a,attnlrp,f1_at_k,0.423728813559322,target,Syntactic Change,"{'n_gold_tokens': 59, 'k': 59}",xlmr
task2_plausibility,d71f511788d7755a,attnlrp,auprc,0.45465422440894854,target,Syntactic Change,"{'n_gold_tokens': 59, 'k': 59}",xlmr
task2_plausibility,d71f511788d7755a,attnlrp,precision_at_k,0.3898305084745763,target,Omission,"{'n_gold_tokens': 59, 'k': 59}",xlmr
task2_plausibility,d71f511788d7755a,attnlrp,recall_at_k,0.3898305084745763,target,Omission,"{'n_gold_tokens': 59, 'k': 59}",xlmr
task2_plausibility,d71f511788d7755a,attnlrp,f1_at_k,0.3898305084745763,target,Omission,"{'n_gold_tokens': 59, 'k': 59}",xlmr
task2_plausibility,d71f511788d7755a,attnlrp,auprc,0.4425997648648021,target,Omission,"{'n_gold_tokens': 59, 'k': 59}",xlmr
task2_plausibility,d8eef360c7b226f8,attnlrp,precision_at_k,0.28125,target,Synonymy,"{'n_gold_tokens': 32, 'k': 32}",xlmr
task2_plausibility,d8eef360c7b226f8,attnlrp,recall_at_k,0.28125,target,Synonymy,"{'n_gold_tokens': 32, 'k': 32}",xlmr
task2_plausibility,d8eef360c7b226f8,attnlrp,f1_at_k,0.28125,target,Synonymy,"{'n_gold_tokens': 32, 'k': 32}",xlmr
task2_plausibility,d8eef360c7b226f8,attnlrp,auprc,0.31713572751975155,target,Synonymy,"{'n_gold_tokens': 32, 'k': 32}",xlmr
task2_plausibility,d8eef360c7b226f8,attnlrp,precision_at_k,0.34375,target,Modulation,"{'n_gold_tokens': 32, 'k': 32}",xlmr
task2_plausibility,d8eef360c7b226f8,attnlrp,recall_at_k,0.34375,target,Modulation,"{'n_gold_tokens': 32, 'k': 32}",xlmr
task2_plausibility,d8eef360c7b226f8,attnlrp,f1_at_k,0.34375,target,Modulation,"{'n_gold_tokens': 32, 'k': 32}",xlmr
task2_plausibility,d8eef360c7b226f8,attnlrp,auprc,0.3319110066461475,target,Modulation,"{'n_gold_tokens': 32, 'k': 32}",xlmr
task2_plausibility,d8eef360c7b226f8,attnlrp,precision_at_k,0.4375,target,Compression,"{'n_gold_tokens': 32, 'k': 32}",xlmr
task2_plausibility,d8eef360c7b226f8,attnlrp,recall_at_k,0.4375,target,Compression,"{'n_gold_tokens': 32, 'k': 32}",xlmr
task2_plausibility,d8eef360c7b226f8,attnlrp,f1_at_k,0.4375,target,Compression,"{'n_gold_tokens': 32, 'k': 32}",xlmr
task2_plausibility,d8eef360c7b226f8,attnlrp,auprc,0.4131941239596208,target,Compression,"{'n_gold_tokens': 32, 'k': 32}",xlmr
task2_plausibility,d8eef360c7b226f8,attnlrp,precision_at_k,0.46875,target,Explanation,"{'n_gold_tokens': 32, 'k': 32}",xlmr
task2_plausibility,d8eef360c7b226f8,attnlrp,recall_at_k,0.46875,target,Explanation,"{'n_gold_tokens': 32, 'k': 32}",xlmr
task2_plausibility,d8eef360c7b226f8,attnlrp,f1_at_k,0.46875,target,Explanation,"{'n_gold_tokens': 32, 'k': 32}",xlmr
task2_plausibility,d8eef360c7b226f8,attnlrp,auprc,0.498842313767626,target,Explanation,"{'n_gold_tokens': 32, 'k': 32}",xlmr
task2_plausibility,d8eef360c7b226f8,attnlrp,precision_at_k,0.34375,target,Syntactic Change,"{'n_gold_tokens': 32, 'k': 32}",xlmr
task2_plausibility,d8eef360c7b226f8,attnlrp,recall_at_k,0.34375,target,Syntactic Change,"{'n_gold_tokens': 32, 'k': 32}",xlmr
task2_plausibility,d8eef360c7b226f8,attnlrp,f1_at_k,0.34375,target,Syntactic Change,"{'n_gold_tokens': 32, 'k': 32}",xlmr
task2_plausibility,d8eef360c7b226f8,attnlrp,auprc,0.36789797372165334,target,Syntactic Change,"{'n_gold_tokens': 32, 'k': 32}",xlmr
task2_plausibility,d8eef360c7b226f8,attnlrp,precision_at_k,0.34375,target,Omission,"{'n_gold_tokens': 32, 'k': 32}",xlmr
task2_plausibility,d8eef360c7b226f8,attnlrp,recall_at_k,0.34375,target,Omission,"{'n_gold_tokens': 32, 'k': 32}",xlmr
task2_plausibility,d8eef360c7b226f8,attnlrp,f1_at_k,0.34375,target,Omission,"{'n_gold_tokens': 32, 'k': 32}",xlmr
task2_plausibility,d8eef360c7b226f8,attnlrp,auprc,0.35160661495155754,target,Omission,"{'n_gold_tokens': 32, 'k': 32}",xlmr
task2_plausibility,db9d242ec7c52178,attnlrp,precision_at_k,0.3333333333333333,target,Synonymy,"{'n_gold_tokens': 15, 'k': 15}",xlmr
task2_plausibility,db9d242ec7c52178,attnlrp,recall_at_k,0.3333333333333333,target,Synonymy,"{'n_gold_tokens': 15, 'k': 15}",xlmr
task2_plausibility,db9d242ec7c52178,attnlrp,f1_at_k,0.3333333333333333,target,Synonymy,"{'n_gold_tokens': 15, 'k': 15}",xlmr
task2_plausibility,db9d242ec7c52178,attnlrp,auprc,0.40894454655041246,target,Synonymy,"{'n_gold_tokens': 15, 'k': 15}",xlmr
task2_plausibility,db9d242ec7c52178,attnlrp,precision_at_k,0.3333333333333333,target,Modulation,"{'n_gold_tokens': 15, 'k': 15}",xlmr
task2_plausibility,db9d242ec7c52178,attnlrp,recall_at_k,0.3333333333333333,target,Modulation,"{'n_gold_tokens': 15, 'k': 15}",xlmr
task2_plausibility,db9d242ec7c52178,attnlrp,f1_at_k,0.3333333333333333,target,Modulation,"{'n_gold_tokens': 15, 'k': 15}",xlmr
task2_plausibility,db9d242ec7c52178,attnlrp,auprc,0.3530220945646895,target,Modulation,"{'n_gold_tokens': 15, 'k': 15}",xlmr
task2_plausibility,db9d242ec7c52178,attnlrp,precision_at_k,0.3333333333333333,target,Compression,"{'n_gold_tokens': 15, 'k': 15}",xlmr
task2_plausibility,db9d242ec7c52178,attnlrp,recall_at_k,0.3333333333333333,target,Compression,"{'n_gold_tokens': 15, 'k': 15}",xlmr
task2_plausibility,db9d242ec7c52178,attnlrp,f1_at_k,0.3333333333333333,target,Compression,"{'n_gold_tokens': 15, 'k': 15}",xlmr
task2_plausibility,db9d242ec7c52178,attnlrp,auprc,0.291567966273387,target,Compression,"{'n_gold_tokens': 15, 'k': 15}",xlmr
task2_plausibility,db9d242ec7c52178,attnlrp,precision_at_k,0.3333333333333333,target,Syntactic Change,"{'n_gold_tokens': 15, 'k': 15}",xlmr
task2_plausibility,db9d242ec7c52178,attnlrp,recall_at_k,0.3333333333333333,target,Syntactic Change,"{'n_gold_tokens': 15, 'k': 15}",xlmr
task2_plausibility,db9d242ec7c52178,attnlrp,f1_at_k,0.3333333333333333,target,Syntactic Change,"{'n_gold_tokens': 15, 'k': 15}",xlmr
task2_plausibility,db9d242ec7c52178,attnlrp,auprc,0.32543923874110714,target,Syntactic Change,"{'n_gold_tokens': 15, 'k': 15}",xlmr
task2_plausibility,db9d242ec7c52178,attnlrp,precision_at_k,0.2,target,Omission,"{'n_gold_tokens': 15, 'k': 15}",xlmr
task2_plausibility,db9d242ec7c52178,attnlrp,recall_at_k,0.2,target,Omission,"{'n_gold_tokens': 15, 'k': 15}",xlmr
task2_plausibility,db9d242ec7c52178,attnlrp,f1_at_k,0.20000000000000004,target,Omission,"{'n_gold_tokens': 15, 'k': 15}",xlmr
task2_plausibility,db9d242ec7c52178,attnlrp,auprc,0.22558557047316227,target,Omission,"{'n_gold_tokens': 15, 'k': 15}",xlmr
task2_plausibility,e5bc02d62cc000ba,attnlrp,precision_at_k,0.2682926829268293,target,Synonymy,"{'n_gold_tokens': 41, 'k': 41}",xlmr
task2_plausibility,e5bc02d62cc000ba,attnlrp,recall_at_k,0.2682926829268293,target,Synonymy,"{'n_gold_tokens': 41, 'k': 41}",xlmr
task2_plausibility,e5bc02d62cc000ba,attnlrp,f1_at_k,0.2682926829268293,target,Synonymy,"{'n_gold_tokens': 41, 'k': 41}",xlmr
task2_plausibility,e5bc02d62cc000ba,attnlrp,auprc,0.29021114173034734,target,Synonymy,"{'n_gold_tokens': 41, 'k': 41}",xlmr
task2_plausibility,e5bc02d62cc000ba,attnlrp,precision_at_k,0.2682926829268293,target,Modulation,"{'n_gold_tokens': 41, 'k': 41}",xlmr
task2_plausibility,e5bc02d62cc000ba,attnlrp,recall_at_k,0.2682926829268293,target,Modulation,"{'n_gold_tokens': 41, 'k': 41}",xlmr
task2_plausibility,e5bc02d62cc000ba,attnlrp,f1_at_k,0.2682926829268293,target,Modulation,"{'n_gold_tokens': 41, 'k': 41}",xlmr
task2_plausibility,e5bc02d62cc000ba,attnlrp,auprc,0.29831903132820087,target,Modulation,"{'n_gold_tokens': 41, 'k': 41}",xlmr
task2_plausibility,e5bc02d62cc000ba,attnlrp,precision_at_k,0.2926829268292683,target,Compression,"{'n_gold_tokens': 41, 'k': 41}",xlmr
task2_plausibility,e5bc02d62cc000ba,attnlrp,recall_at_k,0.2926829268292683,target,Compression,"{'n_gold_tokens': 41, 'k': 41}",xlmr
task2_plausibility,e5bc02d62cc000ba,attnlrp,f1_at_k,0.2926829268292683,target,Compression,"{'n_gold_tokens': 41, 'k': 41}",xlmr
task2_plausibility,e5bc02d62cc000ba,attnlrp,auprc,0.3226869246521073,target,Compression,"{'n_gold_tokens': 41, 'k': 41}",xlmr
task2_plausibility,e5bc02d62cc000ba,attnlrp,precision_at_k,0.2926829268292683,target,Explanation,"{'n_gold_tokens': 41, 'k': 41}",xlmr
task2_plausibility,e5bc02d62cc000ba,attnlrp,recall_at_k,0.2926829268292683,target,Explanation,"{'n_gold_tokens': 41, 'k': 41}",xlmr
task2_plausibility,e5bc02d62cc000ba,attnlrp,f1_at_k,0.2926829268292683,target,Explanation,"{'n_gold_tokens': 41, 'k': 41}",xlmr
task2_plausibility,e5bc02d62cc000ba,attnlrp,auprc,0.28328530338125113,target,Explanation,"{'n_gold_tokens': 41, 'k': 41}",xlmr
task2_plausibility,e5bc02d62cc000ba,attnlrp,precision_at_k,0.34146341463414637,target,Syntactic Change,"{'n_gold_tokens': 41, 'k': 41}",xlmr
task2_plausibility,e5bc02d62cc000ba,attnlrp,recall_at_k,0.34146341463414637,target,Syntactic Change,"{'n_gold_tokens': 41, 'k': 41}",xlmr
task2_plausibility,e5bc02d62cc000ba,attnlrp,f1_at_k,0.34146341463414637,target,Syntactic Change,"{'n_gold_tokens': 41, 'k': 41}",xlmr
task2_plausibility,e5bc02d62cc000ba,attnlrp,auprc,0.327415671823172,target,Syntactic Change,"{'n_gold_tokens': 41, 'k': 41}",xlmr
task2_plausibility,e5bc02d62cc000ba,attnlrp,precision_at_k,0.2926829268292683,target,Omission,"{'n_gold_tokens': 41, 'k': 41}",xlmr
task2_plausibility,e5bc02d62cc000ba,attnlrp,recall_at_k,0.2926829268292683,target,Omission,"{'n_gold_tokens': 41, 'k': 41}",xlmr
task2_plausibility,e5bc02d62cc000ba,attnlrp,f1_at_k,0.2926829268292683,target,Omission,"{'n_gold_tokens': 41, 'k': 41}",xlmr
task2_plausibility,e5bc02d62cc000ba,attnlrp,auprc,0.2946303084735582,target,Omission,"{'n_gold_tokens': 41, 'k': 41}",xlmr
task2_plausibility,ecab5677bc5ae164,attnlrp,precision_at_k,0.42857142857142855,target,Synonymy,"{'n_gold_tokens': 7, 'k': 7}",xlmr
task2_plausibility,ecab5677bc5ae164,attnlrp,recall_at_k,0.42857142857142855,target,Synonymy,"{'n_gold_tokens': 7, 'k': 7}",xlmr
task2_plausibility,ecab5677bc5ae164,attnlrp,f1_at_k,0.42857142857142855,target,Synonymy,"{'n_gold_tokens': 7, 'k': 7}",xlmr
task2_plausibility,ecab5677bc5ae164,attnlrp,auprc,0.4660714285714285,target,Synonymy,"{'n_gold_tokens': 7, 'k': 7}",xlmr
task2_plausibility,ecab5677bc5ae164,attnlrp,precision_at_k,0.42857142857142855,target,Modulation,"{'n_gold_tokens': 7, 'k': 7}",xlmr
task2_plausibility,ecab5677bc5ae164,attnlrp,recall_at_k,0.42857142857142855,target,Modulation,"{'n_gold_tokens': 7, 'k': 7}",xlmr
task2_plausibility,ecab5677bc5ae164,attnlrp,f1_at_k,0.42857142857142855,target,Modulation,"{'n_gold_tokens': 7, 'k': 7}",xlmr
task2_plausibility,ecab5677bc5ae164,attnlrp,auprc,0.5972222222222222,target,Modulation,"{'n_gold_tokens': 7, 'k': 7}",xlmr
task2_plausibility,f716126e55aeccd5,attnlrp,precision_at_k,0.3333333333333333,target,Synonymy,"{'n_gold_tokens': 27, 'k': 27}",xlmr
task2_plausibility,f716126e55aeccd5,attnlrp,recall_at_k,0.3333333333333333,target,Synonymy,"{'n_gold_tokens': 27, 'k': 27}",xlmr
task2_plausibility,f716126e55aeccd5,attnlrp,f1_at_k,0.3333333333333333,target,Synonymy,"{'n_gold_tokens': 27, 'k': 27}",xlmr
task2_plausibility,f716126e55aeccd5,attnlrp,auprc,0.3445987947885415,target,Synonymy,"{'n_gold_tokens': 27, 'k': 27}",xlmr
task2_plausibility,f716126e55aeccd5,attnlrp,precision_at_k,0.3333333333333333,target,Modulation,"{'n_gold_tokens': 27, 'k': 27}",xlmr
task2_plausibility,f716126e55aeccd5,attnlrp,recall_at_k,0.3333333333333333,target,Modulation,"{'n_gold_tokens': 27, 'k': 27}",xlmr
task2_plausibility,f716126e55aeccd5,attnlrp,f1_at_k,0.3333333333333333,target,Modulation,"{'n_gold_tokens': 27, 'k': 27}",xlmr
task2_plausibility,f716126e55aeccd5,attnlrp,auprc,0.3328892754799645,target,Modulation,"{'n_gold_tokens': 27, 'k': 27}",xlmr
task2_plausibility,f716126e55aeccd5,attnlrp,precision_at_k,0.3333333333333333,target,Compression,"{'n_gold_tokens': 27, 'k': 27}",xlmr
task2_plausibility,f716126e55aeccd5,attnlrp,recall_at_k,0.3333333333333333,target,Compression,"{'n_gold_tokens': 27, 'k': 27}",xlmr
task2_plausibility,f716126e55aeccd5,attnlrp,f1_at_k,0.3333333333333333,target,Compression,"{'n_gold_tokens': 27, 'k': 27}",xlmr
task2_plausibility,f716126e55aeccd5,attnlrp,auprc,0.35842620449159523,target,Compression,"{'n_gold_tokens': 27, 'k': 27}",xlmr
task2_plausibility,f716126e55aeccd5,attnlrp,precision_at_k,0.3333333333333333,target,Syntactic Change,"{'n_gold_tokens': 27, 'k': 27}",xlmr
task2_plausibility,f716126e55aeccd5,attnlrp,recall_at_k,0.3333333333333333,target,Syntactic Change,"{'n_gold_tokens': 27, 'k': 27}",xlmr
task2_plausibility,f716126e55aeccd5,attnlrp,f1_at_k,0.3333333333333333,target,Syntactic Change,"{'n_gold_tokens': 27, 'k': 27}",xlmr
task2_plausibility,f716126e55aeccd5,attnlrp,auprc,0.34239656131466056,target,Syntactic Change,"{'n_gold_tokens': 27, 'k': 27}",xlmr
task2_plausibility,f716126e55aeccd5,attnlrp,precision_at_k,0.3333333333333333,target,Omission,"{'n_gold_tokens': 27, 'k': 27}",xlmr
task2_plausibility,f716126e55aeccd5,attnlrp,recall_at_k,0.3333333333333333,target,Omission,"{'n_gold_tokens': 27, 'k': 27}",xlmr
task2_plausibility,f716126e55aeccd5,attnlrp,f1_at_k,0.3333333333333333,target,Omission,"{'n_gold_tokens': 27, 'k': 27}",xlmr
task2_plausibility,f716126e55aeccd5,attnlrp,auprc,0.42125307176281296,target,Omission,"{'n_gold_tokens': 27, 'k': 27}",xlmr
task2_plausibility,fbe2e558b7326293,attnlrp,precision_at_k,0.3611111111111111,target,Synonymy,"{'n_gold_tokens': 36, 'k': 36}",xlmr
task2_plausibility,fbe2e558b7326293,attnlrp,recall_at_k,0.3611111111111111,target,Synonymy,"{'n_gold_tokens': 36, 'k': 36}",xlmr
task2_plausibility,fbe2e558b7326293,attnlrp,f1_at_k,0.3611111111111111,target,Synonymy,"{'n_gold_tokens': 36, 'k': 36}",xlmr
task2_plausibility,fbe2e558b7326293,attnlrp,auprc,0.3573732283828827,target,Synonymy,"{'n_gold_tokens': 36, 'k': 36}",xlmr
task2_plausibility,fbe2e558b7326293,attnlrp,precision_at_k,0.3611111111111111,target,Modulation,"{'n_gold_tokens': 36, 'k': 36}",xlmr
task2_plausibility,fbe2e558b7326293,attnlrp,recall_at_k,0.3611111111111111,target,Modulation,"{'n_gold_tokens': 36, 'k': 36}",xlmr
task2_plausibility,fbe2e558b7326293,attnlrp,f1_at_k,0.3611111111111111,target,Modulation,"{'n_gold_tokens': 36, 'k': 36}",xlmr
task2_plausibility,fbe2e558b7326293,attnlrp,auprc,0.3733365682529704,target,Modulation,"{'n_gold_tokens': 36, 'k': 36}",xlmr
task2_plausibility,fbe2e558b7326293,attnlrp,precision_at_k,0.2777777777777778,target,Compression,"{'n_gold_tokens': 36, 'k': 36}",xlmr
task2_plausibility,fbe2e558b7326293,attnlrp,recall_at_k,0.2777777777777778,target,Compression,"{'n_gold_tokens': 36, 'k': 36}",xlmr
task2_plausibility,fbe2e558b7326293,attnlrp,f1_at_k,0.2777777777777778,target,Compression,"{'n_gold_tokens': 36, 'k': 36}",xlmr
task2_plausibility,fbe2e558b7326293,attnlrp,auprc,0.2913289651172755,target,Compression,"{'n_gold_tokens': 36, 'k': 36}",xlmr
task2_plausibility,fbe2e558b7326293,attnlrp,precision_at_k,0.25,target,Explanation,"{'n_gold_tokens': 36, 'k': 36}",xlmr
task2_plausibility,fbe2e558b7326293,attnlrp,recall_at_k,0.25,target,Explanation,"{'n_gold_tokens': 36, 'k': 36}",xlmr
task2_plausibility,fbe2e558b7326293,attnlrp,f1_at_k,0.25,target,Explanation,"{'n_gold_tokens': 36, 'k': 36}",xlmr
task2_plausibility,fbe2e558b7326293,attnlrp,auprc,0.28415608621894284,target,Explanation,"{'n_gold_tokens': 36, 'k': 36}",xlmr
task2_plausibility,fbe2e558b7326293,attnlrp,precision_at_k,0.4444444444444444,target,Syntactic Change,"{'n_gold_tokens': 36, 'k': 36}",xlmr
task2_plausibility,fbe2e558b7326293,attnlrp,recall_at_k,0.4444444444444444,target,Syntactic Change,"{'n_gold_tokens': 36, 'k': 36}",xlmr
task2_plausibility,fbe2e558b7326293,attnlrp,f1_at_k,0.4444444444444444,target,Syntactic Change,"{'n_gold_tokens': 36, 'k': 36}",xlmr
task2_plausibility,fbe2e558b7326293,attnlrp,auprc,0.40392977782496925,target,Syntactic Change,"{'n_gold_tokens': 36, 'k': 36}",xlmr
task2_plausibility,fbe2e558b7326293,attnlrp,precision_at_k,0.3055555555555556,target,Omission,"{'n_gold_tokens': 36, 'k': 36}",xlmr
task2_plausibility,fbe2e558b7326293,attnlrp,recall_at_k,0.3055555555555556,target,Omission,"{'n_gold_tokens': 36, 'k': 36}",xlmr
task2_plausibility,fbe2e558b7326293,attnlrp,f1_at_k,0.3055555555555556,target,Omission,"{'n_gold_tokens': 36, 'k': 36}",xlmr
task2_plausibility,fbe2e558b7326293,attnlrp,auprc,0.31471305244960257,target,Omission,"{'n_gold_tokens': 36, 'k': 36}",xlmr
task2_plausibility,0d8ed1fae1326a38,attnlrp,precision_at_k,0.4358974358974359,target,Synonymy,"{'n_gold_tokens': 39, 'k': 39}",xlmr
task2_plausibility,0d8ed1fae1326a38,attnlrp,recall_at_k,0.4358974358974359,target,Synonymy,"{'n_gold_tokens': 39, 'k': 39}",xlmr
task2_plausibility,0d8ed1fae1326a38,attnlrp,f1_at_k,0.4358974358974359,target,Synonymy,"{'n_gold_tokens': 39, 'k': 39}",xlmr
task2_plausibility,0d8ed1fae1326a38,attnlrp,auprc,0.5097188401037409,target,Synonymy,"{'n_gold_tokens': 39, 'k': 39}",xlmr
task2_plausibility,0d8ed1fae1326a38,attnlrp,precision_at_k,0.48717948717948717,target,Modulation,"{'n_gold_tokens': 39, 'k': 39}",xlmr
task2_plausibility,0d8ed1fae1326a38,attnlrp,recall_at_k,0.48717948717948717,target,Modulation,"{'n_gold_tokens': 39, 'k': 39}",xlmr
task2_plausibility,0d8ed1fae1326a38,attnlrp,f1_at_k,0.48717948717948717,target,Modulation,"{'n_gold_tokens': 39, 'k': 39}",xlmr
task2_plausibility,0d8ed1fae1326a38,attnlrp,auprc,0.5147314089521824,target,Modulation,"{'n_gold_tokens': 39, 'k': 39}",xlmr
task2_plausibility,0d8ed1fae1326a38,attnlrp,precision_at_k,0.46153846153846156,target,Compression,"{'n_gold_tokens': 39, 'k': 39}",xlmr
task2_plausibility,0d8ed1fae1326a38,attnlrp,recall_at_k,0.46153846153846156,target,Compression,"{'n_gold_tokens': 39, 'k': 39}",xlmr
task2_plausibility,0d8ed1fae1326a38,attnlrp,f1_at_k,0.46153846153846156,target,Compression,"{'n_gold_tokens': 39, 'k': 39}",xlmr
task2_plausibility,0d8ed1fae1326a38,attnlrp,auprc,0.46165130250705627,target,Compression,"{'n_gold_tokens': 39, 'k': 39}",xlmr
task2_plausibility,0d8ed1fae1326a38,attnlrp,precision_at_k,0.358974358974359,target,Explanation,"{'n_gold_tokens': 39, 'k': 39}",xlmr
task2_plausibility,0d8ed1fae1326a38,attnlrp,recall_at_k,0.358974358974359,target,Explanation,"{'n_gold_tokens': 39, 'k': 39}",xlmr
task2_plausibility,0d8ed1fae1326a38,attnlrp,f1_at_k,0.358974358974359,target,Explanation,"{'n_gold_tokens': 39, 'k': 39}",xlmr
task2_plausibility,0d8ed1fae1326a38,attnlrp,auprc,0.456666530927019,target,Explanation,"{'n_gold_tokens': 39, 'k': 39}",xlmr
task2_plausibility,0d8ed1fae1326a38,attnlrp,precision_at_k,0.5128205128205128,target,Syntactic Change,"{'n_gold_tokens': 39, 'k': 39}",xlmr
task2_plausibility,0d8ed1fae1326a38,attnlrp,recall_at_k,0.5128205128205128,target,Syntactic Change,"{'n_gold_tokens': 39, 'k': 39}",xlmr
task2_plausibility,0d8ed1fae1326a38,attnlrp,f1_at_k,0.5128205128205128,target,Syntactic Change,"{'n_gold_tokens': 39, 'k': 39}",xlmr
task2_plausibility,0d8ed1fae1326a38,attnlrp,auprc,0.5382304535827293,target,Syntactic Change,"{'n_gold_tokens': 39, 'k': 39}",xlmr
task2_plausibility,0d8ed1fae1326a38,attnlrp,precision_at_k,0.4358974358974359,target,Omission,"{'n_gold_tokens': 39, 'k': 39}",xlmr
task2_plausibility,0d8ed1fae1326a38,attnlrp,recall_at_k,0.4358974358974359,target,Omission,"{'n_gold_tokens': 39, 'k': 39}",xlmr
task2_plausibility,0d8ed1fae1326a38,attnlrp,f1_at_k,0.4358974358974359,target,Omission,"{'n_gold_tokens': 39, 'k': 39}",xlmr
task2_plausibility,0d8ed1fae1326a38,attnlrp,auprc,0.5213001208166308,target,Omission,"{'n_gold_tokens': 39, 'k': 39}",xlmr
task2_plausibility,161a615d7857bc73,attnlrp,precision_at_k,0.6666666666666666,target,Synonymy,"{'n_gold_tokens': 6, 'k': 6}",xlmr
task2_plausibility,161a615d7857bc73,attnlrp,recall_at_k,0.6666666666666666,target,Synonymy,"{'n_gold_tokens': 6, 'k': 6}",xlmr
task2_plausibility,161a615d7857bc73,attnlrp,f1_at_k,0.6666666666666666,target,Synonymy,"{'n_gold_tokens': 6, 'k': 6}",xlmr
task2_plausibility,161a615d7857bc73,attnlrp,auprc,0.6968253968253968,target,Synonymy,"{'n_gold_tokens': 6, 'k': 6}",xlmr
task2_plausibility,161a615d7857bc73,attnlrp,precision_at_k,0.5,target,Modulation,"{'n_gold_tokens': 6, 'k': 6}",xlmr
task2_plausibility,161a615d7857bc73,attnlrp,recall_at_k,0.5,target,Modulation,"{'n_gold_tokens': 6, 'k': 6}",xlmr
task2_plausibility,161a615d7857bc73,attnlrp,f1_at_k,0.5,target,Modulation,"{'n_gold_tokens': 6, 'k': 6}",xlmr
task2_plausibility,161a615d7857bc73,attnlrp,auprc,0.494746103569633,target,Modulation,"{'n_gold_tokens': 6, 'k': 6}",xlmr
task2_plausibility,161a615d7857bc73,attnlrp,precision_at_k,0.3333333333333333,target,Omission,"{'n_gold_tokens': 6, 'k': 6}",xlmr
task2_plausibility,161a615d7857bc73,attnlrp,recall_at_k,0.3333333333333333,target,Omission,"{'n_gold_tokens': 6, 'k': 6}",xlmr
task2_plausibility,161a615d7857bc73,attnlrp,f1_at_k,0.3333333333333333,target,Omission,"{'n_gold_tokens': 6, 'k': 6}",xlmr
task2_plausibility,161a615d7857bc73,attnlrp,auprc,0.4587481962481963,target,Omission,"{'n_gold_tokens': 6, 'k': 6}",xlmr
task2_plausibility,1af07aee67fb8b34,attnlrp,precision_at_k,0.2608695652173913,target,Synonymy,"{'n_gold_tokens': 23, 'k': 23}",xlmr
task2_plausibility,1af07aee67fb8b34,attnlrp,recall_at_k,0.2608695652173913,target,Synonymy,"{'n_gold_tokens': 23, 'k': 23}",xlmr
task2_plausibility,1af07aee67fb8b34,attnlrp,f1_at_k,0.2608695652173913,target,Synonymy,"{'n_gold_tokens': 23, 'k': 23}",xlmr
task2_plausibility,1af07aee67fb8b34,attnlrp,auprc,0.3538778438995954,target,Synonymy,"{'n_gold_tokens': 23, 'k': 23}",xlmr
task2_plausibility,1af07aee67fb8b34,attnlrp,precision_at_k,0.43478260869565216,target,Modulation,"{'n_gold_tokens': 23, 'k': 23}",xlmr
task2_plausibility,1af07aee67fb8b34,attnlrp,recall_at_k,0.43478260869565216,target,Modulation,"{'n_gold_tokens': 23, 'k': 23}",xlmr
task2_plausibility,1af07aee67fb8b34,attnlrp,f1_at_k,0.43478260869565216,target,Modulation,"{'n_gold_tokens': 23, 'k': 23}",xlmr
task2_plausibility,1af07aee67fb8b34,attnlrp,auprc,0.43306644740978006,target,Modulation,"{'n_gold_tokens': 23, 'k': 23}",xlmr
task2_plausibility,1af07aee67fb8b34,attnlrp,precision_at_k,0.43478260869565216,target,Compression,"{'n_gold_tokens': 23, 'k': 23}",xlmr
task2_plausibility,1af07aee67fb8b34,attnlrp,recall_at_k,0.43478260869565216,target,Compression,"{'n_gold_tokens': 23, 'k': 23}",xlmr
task2_plausibility,1af07aee67fb8b34,attnlrp,f1_at_k,0.43478260869565216,target,Compression,"{'n_gold_tokens': 23, 'k': 23}",xlmr
task2_plausibility,1af07aee67fb8b34,attnlrp,auprc,0.4504553196117166,target,Compression,"{'n_gold_tokens': 23, 'k': 23}",xlmr
task2_plausibility,1af07aee67fb8b34,attnlrp,precision_at_k,0.30434782608695654,target,Omission,"{'n_gold_tokens': 23, 'k': 23}",xlmr
task2_plausibility,1af07aee67fb8b34,attnlrp,recall_at_k,0.30434782608695654,target,Omission,"{'n_gold_tokens': 23, 'k': 23}",xlmr
task2_plausibility,1af07aee67fb8b34,attnlrp,f1_at_k,0.30434782608695654,target,Omission,"{'n_gold_tokens': 23, 'k': 23}",xlmr
task2_plausibility,1af07aee67fb8b34,attnlrp,auprc,0.3499483938605778,target,Omission,"{'n_gold_tokens': 23, 'k': 23}",xlmr
task2_plausibility,1e28d65b0fd66a9b,attnlrp,precision_at_k,0.5333333333333333,target,Synonymy,"{'n_gold_tokens': 30, 'k': 30}",xlmr
task2_plausibility,1e28d65b0fd66a9b,attnlrp,recall_at_k,0.5333333333333333,target,Synonymy,"{'n_gold_tokens': 30, 'k': 30}",xlmr
task2_plausibility,1e28d65b0fd66a9b,attnlrp,f1_at_k,0.5333333333333333,target,Synonymy,"{'n_gold_tokens': 30, 'k': 30}",xlmr
task2_plausibility,1e28d65b0fd66a9b,attnlrp,auprc,0.5823737503873101,target,Synonymy,"{'n_gold_tokens': 30, 'k': 30}",xlmr
task2_plausibility,1e28d65b0fd66a9b,attnlrp,precision_at_k,0.5,target,Modulation,"{'n_gold_tokens': 30, 'k': 30}",xlmr
task2_plausibility,1e28d65b0fd66a9b,attnlrp,recall_at_k,0.5,target,Modulation,"{'n_gold_tokens': 30, 'k': 30}",xlmr
task2_plausibility,1e28d65b0fd66a9b,attnlrp,f1_at_k,0.5,target,Modulation,"{'n_gold_tokens': 30, 'k': 30}",xlmr
task2_plausibility,1e28d65b0fd66a9b,attnlrp,auprc,0.5112698263577936,target,Modulation,"{'n_gold_tokens': 30, 'k': 30}",xlmr
task2_plausibility,1e28d65b0fd66a9b,attnlrp,precision_at_k,0.4,target,Compression,"{'n_gold_tokens': 30, 'k': 30}",xlmr
task2_plausibility,1e28d65b0fd66a9b,attnlrp,recall_at_k,0.4,target,Compression,"{'n_gold_tokens': 30, 'k': 30}",xlmr
task2_plausibility,1e28d65b0fd66a9b,attnlrp,f1_at_k,0.4000000000000001,target,Compression,"{'n_gold_tokens': 30, 'k': 30}",xlmr
task2_plausibility,1e28d65b0fd66a9b,attnlrp,auprc,0.5747885487732691,target,Compression,"{'n_gold_tokens': 30, 'k': 30}",xlmr
task2_plausibility,1e28d65b0fd66a9b,attnlrp,precision_at_k,0.5,target,Syntactic Change,"{'n_gold_tokens': 30, 'k': 30}",xlmr
task2_plausibility,1e28d65b0fd66a9b,attnlrp,recall_at_k,0.5,target,Syntactic Change,"{'n_gold_tokens': 30, 'k': 30}",xlmr
task2_plausibility,1e28d65b0fd66a9b,attnlrp,f1_at_k,0.5,target,Syntactic Change,"{'n_gold_tokens': 30, 'k': 30}",xlmr
task2_plausibility,1e28d65b0fd66a9b,attnlrp,auprc,0.5740363868650638,target,Syntactic Change,"{'n_gold_tokens': 30, 'k': 30}",xlmr
task2_plausibility,1e28d65b0fd66a9b,attnlrp,precision_at_k,0.4666666666666667,target,Omission,"{'n_gold_tokens': 30, 'k': 30}",xlmr
task2_plausibility,1e28d65b0fd66a9b,attnlrp,recall_at_k,0.4666666666666667,target,Omission,"{'n_gold_tokens': 30, 'k': 30}",xlmr
task2_plausibility,1e28d65b0fd66a9b,attnlrp,f1_at_k,0.4666666666666667,target,Omission,"{'n_gold_tokens': 30, 'k': 30}",xlmr
task2_plausibility,1e28d65b0fd66a9b,attnlrp,auprc,0.5165958731814481,target,Omission,"{'n_gold_tokens': 30, 'k': 30}",xlmr
task2_plausibility,22af842e96b28157,attnlrp,precision_at_k,0.6666666666666666,target,Synonymy,"{'n_gold_tokens': 12, 'k': 12}",xlmr
task2_plausibility,22af842e96b28157,attnlrp,recall_at_k,0.6666666666666666,target,Synonymy,"{'n_gold_tokens': 12, 'k': 12}",xlmr
task2_plausibility,22af842e96b28157,attnlrp,f1_at_k,0.6666666666666666,target,Synonymy,"{'n_gold_tokens': 12, 'k': 12}",xlmr
task2_plausibility,22af842e96b28157,attnlrp,auprc,0.6518761778842425,target,Synonymy,"{'n_gold_tokens': 12, 'k': 12}",xlmr
task2_plausibility,22af842e96b28157,attnlrp,precision_at_k,0.5833333333333334,target,Modulation,"{'n_gold_tokens': 12, 'k': 12}",xlmr
task2_plausibility,22af842e96b28157,attnlrp,recall_at_k,0.5833333333333334,target,Modulation,"{'n_gold_tokens': 12, 'k': 12}",xlmr
task2_plausibility,22af842e96b28157,attnlrp,f1_at_k,0.5833333333333334,target,Modulation,"{'n_gold_tokens': 12, 'k': 12}",xlmr
task2_plausibility,22af842e96b28157,attnlrp,auprc,0.6362474616886382,target,Modulation,"{'n_gold_tokens': 12, 'k': 12}",xlmr
task2_plausibility,25efa7ce550a65e8,attnlrp,precision_at_k,0.22,target,Synonymy,"{'n_gold_tokens': 50, 'k': 50}",xlmr
task2_plausibility,25efa7ce550a65e8,attnlrp,recall_at_k,0.22,target,Synonymy,"{'n_gold_tokens': 50, 'k': 50}",xlmr
task2_plausibility,25efa7ce550a65e8,attnlrp,f1_at_k,0.22,target,Synonymy,"{'n_gold_tokens': 50, 'k': 50}",xlmr
task2_plausibility,25efa7ce550a65e8,attnlrp,auprc,0.30688785930516554,target,Synonymy,"{'n_gold_tokens': 50, 'k': 50}",xlmr
task2_plausibility,25efa7ce550a65e8,attnlrp,precision_at_k,0.24,target,Modulation,"{'n_gold_tokens': 50, 'k': 50}",xlmr
task2_plausibility,25efa7ce550a65e8,attnlrp,recall_at_k,0.24,target,Modulation,"{'n_gold_tokens': 50, 'k': 50}",xlmr
task2_plausibility,25efa7ce550a65e8,attnlrp,f1_at_k,0.24,target,Modulation,"{'n_gold_tokens': 50, 'k': 50}",xlmr
task2_plausibility,25efa7ce550a65e8,attnlrp,auprc,0.30224136070173224,target,Modulation,"{'n_gold_tokens': 50, 'k': 50}",xlmr
task2_plausibility,25efa7ce550a65e8,attnlrp,precision_at_k,0.34,target,Compression,"{'n_gold_tokens': 50, 'k': 50}",xlmr
task2_plausibility,25efa7ce550a65e8,attnlrp,recall_at_k,0.34,target,Compression,"{'n_gold_tokens': 50, 'k': 50}",xlmr
task2_plausibility,25efa7ce550a65e8,attnlrp,f1_at_k,0.34,target,Compression,"{'n_gold_tokens': 50, 'k': 50}",xlmr
task2_plausibility,25efa7ce550a65e8,attnlrp,auprc,0.32958681412028756,target,Compression,"{'n_gold_tokens': 50, 'k': 50}",xlmr
task2_plausibility,25efa7ce550a65e8,attnlrp,precision_at_k,0.32,target,Explanation,"{'n_gold_tokens': 50, 'k': 50}",xlmr
task2_plausibility,25efa7ce550a65e8,attnlrp,recall_at_k,0.32,target,Explanation,"{'n_gold_tokens': 50, 'k': 50}",xlmr
task2_plausibility,25efa7ce550a65e8,attnlrp,f1_at_k,0.32,target,Explanation,"{'n_gold_tokens': 50, 'k': 50}",xlmr
task2_plausibility,25efa7ce550a65e8,attnlrp,auprc,0.3046555296081605,target,Explanation,"{'n_gold_tokens': 50, 'k': 50}",xlmr
task2_plausibility,25efa7ce550a65e8,attnlrp,precision_at_k,0.28,target,Syntactic Change,"{'n_gold_tokens': 50, 'k': 50}",xlmr
task2_plausibility,25efa7ce550a65e8,attnlrp,recall_at_k,0.28,target,Syntactic Change,"{'n_gold_tokens': 50, 'k': 50}",xlmr
task2_plausibility,25efa7ce550a65e8,attnlrp,f1_at_k,0.28,target,Syntactic Change,"{'n_gold_tokens': 50, 'k': 50}",xlmr
task2_plausibility,25efa7ce550a65e8,attnlrp,auprc,0.33081018726526334,target,Syntactic Change,"{'n_gold_tokens': 50, 'k': 50}",xlmr
task2_plausibility,25efa7ce550a65e8,attnlrp,precision_at_k,0.26,target,Omission,"{'n_gold_tokens': 50, 'k': 50}",xlmr
task2_plausibility,25efa7ce550a65e8,attnlrp,recall_at_k,0.26,target,Omission,"{'n_gold_tokens': 50, 'k': 50}",xlmr
task2_plausibility,25efa7ce550a65e8,attnlrp,f1_at_k,0.26,target,Omission,"{'n_gold_tokens': 50, 'k': 50}",xlmr
task2_plausibility,25efa7ce550a65e8,attnlrp,auprc,0.3093419781802291,target,Omission,"{'n_gold_tokens': 50, 'k': 50}",xlmr
task2_plausibility,2b8cd105f1b02c23,attnlrp,precision_at_k,0.3333333333333333,target,Synonymy,"{'n_gold_tokens': 6, 'k': 6}",xlmr
task2_plausibility,2b8cd105f1b02c23,attnlrp,recall_at_k,0.3333333333333333,target,Synonymy,"{'n_gold_tokens': 6, 'k': 6}",xlmr
task2_plausibility,2b8cd105f1b02c23,attnlrp,f1_at_k,0.3333333333333333,target,Synonymy,"{'n_gold_tokens': 6, 'k': 6}",xlmr
task2_plausibility,2b8cd105f1b02c23,attnlrp,auprc,0.2606489763466508,target,Synonymy,"{'n_gold_tokens': 6, 'k': 6}",xlmr
task2_plausibility,2b8cd105f1b02c23,attnlrp,precision_at_k,0.16666666666666666,target,Modulation,"{'n_gold_tokens': 6, 'k': 6}",xlmr
task2_plausibility,2b8cd105f1b02c23,attnlrp,recall_at_k,0.16666666666666666,target,Modulation,"{'n_gold_tokens': 6, 'k': 6}",xlmr
task2_plausibility,2b8cd105f1b02c23,attnlrp,f1_at_k,0.16666666666666666,target,Modulation,"{'n_gold_tokens': 6, 'k': 6}",xlmr
task2_plausibility,2b8cd105f1b02c23,attnlrp,auprc,0.20751507321274762,target,Modulation,"{'n_gold_tokens': 6, 'k': 6}",xlmr
task2_plausibility,2b8cd105f1b02c23,attnlrp,precision_at_k,0.16666666666666666,target,Compression,"{'n_gold_tokens': 6, 'k': 6}",xlmr
task2_plausibility,2b8cd105f1b02c23,attnlrp,recall_at_k,0.16666666666666666,target,Compression,"{'n_gold_tokens': 6, 'k': 6}",xlmr
task2_plausibility,2b8cd105f1b02c23,attnlrp,f1_at_k,0.16666666666666666,target,Compression,"{'n_gold_tokens': 6, 'k': 6}",xlmr
task2_plausibility,2b8cd105f1b02c23,attnlrp,auprc,0.2005510772752152,target,Compression,"{'n_gold_tokens': 6, 'k': 6}",xlmr
task2_plausibility,2b8cd105f1b02c23,attnlrp,precision_at_k,0.16666666666666666,target,Syntactic Change,"{'n_gold_tokens': 6, 'k': 6}",xlmr
task2_plausibility,2b8cd105f1b02c23,attnlrp,recall_at_k,0.16666666666666666,target,Syntactic Change,"{'n_gold_tokens': 6, 'k': 6}",xlmr
task2_plausibility,2b8cd105f1b02c23,attnlrp,f1_at_k,0.16666666666666666,target,Syntactic Change,"{'n_gold_tokens': 6, 'k': 6}",xlmr
task2_plausibility,2b8cd105f1b02c23,attnlrp,auprc,0.22233742959549407,target,Syntactic Change,"{'n_gold_tokens': 6, 'k': 6}",xlmr
task2_plausibility,2b8cd105f1b02c23,attnlrp,precision_at_k,0.16666666666666666,target,Omission,"{'n_gold_tokens': 6, 'k': 6}",xlmr
task2_plausibility,2b8cd105f1b02c23,attnlrp,recall_at_k,0.16666666666666666,target,Omission,"{'n_gold_tokens': 6, 'k': 6}",xlmr
task2_plausibility,2b8cd105f1b02c23,attnlrp,f1_at_k,0.16666666666666666,target,Omission,"{'n_gold_tokens': 6, 'k': 6}",xlmr
task2_plausibility,2b8cd105f1b02c23,attnlrp,auprc,0.2300027382747971,target,Omission,"{'n_gold_tokens': 6, 'k': 6}",xlmr
task2_plausibility,357478fc517ba4b7,attnlrp,precision_at_k,0.24,target,Synonymy,"{'n_gold_tokens': 25, 'k': 25}",xlmr
task2_plausibility,357478fc517ba4b7,attnlrp,recall_at_k,0.24,target,Synonymy,"{'n_gold_tokens': 25, 'k': 25}",xlmr
task2_plausibility,357478fc517ba4b7,attnlrp,f1_at_k,0.24,target,Synonymy,"{'n_gold_tokens': 25, 'k': 25}",xlmr
task2_plausibility,357478fc517ba4b7,attnlrp,auprc,0.31306011250496335,target,Synonymy,"{'n_gold_tokens': 25, 'k': 25}",xlmr
task2_plausibility,357478fc517ba4b7,attnlrp,precision_at_k,0.24,target,Modulation,"{'n_gold_tokens': 25, 'k': 25}",xlmr
task2_plausibility,357478fc517ba4b7,attnlrp,recall_at_k,0.24,target,Modulation,"{'n_gold_tokens': 25, 'k': 25}",xlmr
task2_plausibility,357478fc517ba4b7,attnlrp,f1_at_k,0.24,target,Modulation,"{'n_gold_tokens': 25, 'k': 25}",xlmr
task2_plausibility,357478fc517ba4b7,attnlrp,auprc,0.3002697779011195,target,Modulation,"{'n_gold_tokens': 25, 'k': 25}",xlmr
task2_plausibility,357478fc517ba4b7,attnlrp,precision_at_k,0.4,target,Compression,"{'n_gold_tokens': 25, 'k': 25}",xlmr
task2_plausibility,357478fc517ba4b7,attnlrp,recall_at_k,0.4,target,Compression,"{'n_gold_tokens': 25, 'k': 25}",xlmr
task2_plausibility,357478fc517ba4b7,attnlrp,f1_at_k,0.4000000000000001,target,Compression,"{'n_gold_tokens': 25, 'k': 25}",xlmr
task2_plausibility,357478fc517ba4b7,attnlrp,auprc,0.3714906333523142,target,Compression,"{'n_gold_tokens': 25, 'k': 25}",xlmr
task2_plausibility,357478fc517ba4b7,attnlrp,precision_at_k,0.32,target,Syntactic Change,"{'n_gold_tokens': 25, 'k': 25}",xlmr
task2_plausibility,357478fc517ba4b7,attnlrp,recall_at_k,0.32,target,Syntactic Change,"{'n_gold_tokens': 25, 'k': 25}",xlmr
task2_plausibility,357478fc517ba4b7,attnlrp,f1_at_k,0.32,target,Syntactic Change,"{'n_gold_tokens': 25, 'k': 25}",xlmr
task2_plausibility,357478fc517ba4b7,attnlrp,auprc,0.3318059964605864,target,Syntactic Change,"{'n_gold_tokens': 25, 'k': 25}",xlmr
task2_plausibility,357478fc517ba4b7,attnlrp,precision_at_k,0.24,target,Omission,"{'n_gold_tokens': 25, 'k': 25}",xlmr
task2_plausibility,357478fc517ba4b7,attnlrp,recall_at_k,0.24,target,Omission,"{'n_gold_tokens': 25, 'k': 25}",xlmr
task2_plausibility,357478fc517ba4b7,attnlrp,f1_at_k,0.24,target,Omission,"{'n_gold_tokens': 25, 'k': 25}",xlmr
task2_plausibility,357478fc517ba4b7,attnlrp,auprc,0.3029450623324359,target,Omission,"{'n_gold_tokens': 25, 'k': 25}",xlmr
task2_plausibility,3900769ace2b0443,attnlrp,precision_at_k,0.38461538461538464,target,Synonymy,"{'n_gold_tokens': 13, 'k': 13}",xlmr
task2_plausibility,3900769ace2b0443,attnlrp,recall_at_k,0.38461538461538464,target,Synonymy,"{'n_gold_tokens': 13, 'k': 13}",xlmr
task2_plausibility,3900769ace2b0443,attnlrp,f1_at_k,0.38461538461538464,target,Synonymy,"{'n_gold_tokens': 13, 'k': 13}",xlmr
task2_plausibility,3900769ace2b0443,attnlrp,auprc,0.4422021630958965,target,Synonymy,"{'n_gold_tokens': 13, 'k': 13}",xlmr
task2_plausibility,3900769ace2b0443,attnlrp,precision_at_k,0.5384615384615384,target,Modulation,"{'n_gold_tokens': 13, 'k': 13}",xlmr
task2_plausibility,3900769ace2b0443,attnlrp,recall_at_k,0.5384615384615384,target,Modulation,"{'n_gold_tokens': 13, 'k': 13}",xlmr
task2_plausibility,3900769ace2b0443,attnlrp,f1_at_k,0.5384615384615384,target,Modulation,"{'n_gold_tokens': 13, 'k': 13}",xlmr
task2_plausibility,3900769ace2b0443,attnlrp,auprc,0.5313624712968371,target,Modulation,"{'n_gold_tokens': 13, 'k': 13}",xlmr
task2_plausibility,3900769ace2b0443,attnlrp,precision_at_k,0.46153846153846156,target,Compression,"{'n_gold_tokens': 13, 'k': 13}",xlmr
task2_plausibility,3900769ace2b0443,attnlrp,recall_at_k,0.46153846153846156,target,Compression,"{'n_gold_tokens': 13, 'k': 13}",xlmr
task2_plausibility,3900769ace2b0443,attnlrp,f1_at_k,0.46153846153846156,target,Compression,"{'n_gold_tokens': 13, 'k': 13}",xlmr
task2_plausibility,3900769ace2b0443,attnlrp,auprc,0.45285989781063674,target,Compression,"{'n_gold_tokens': 13, 'k': 13}",xlmr
task2_plausibility,3900769ace2b0443,attnlrp,precision_at_k,0.46153846153846156,target,Syntactic Change,"{'n_gold_tokens': 13, 'k': 13}",xlmr
task2_plausibility,3900769ace2b0443,attnlrp,recall_at_k,0.46153846153846156,target,Syntactic Change,"{'n_gold_tokens': 13, 'k': 13}",xlmr
task2_plausibility,3900769ace2b0443,attnlrp,f1_at_k,0.46153846153846156,target,Syntactic Change,"{'n_gold_tokens': 13, 'k': 13}",xlmr
task2_plausibility,3900769ace2b0443,attnlrp,auprc,0.5782933796597765,target,Syntactic Change,"{'n_gold_tokens': 13, 'k': 13}",xlmr
task2_plausibility,3c14ec055d1f0d11,attnlrp,precision_at_k,0.5333333333333333,target,Synonymy,"{'n_gold_tokens': 60, 'k': 60}",xlmr
task2_plausibility,3c14ec055d1f0d11,attnlrp,recall_at_k,0.5333333333333333,target,Synonymy,"{'n_gold_tokens': 60, 'k': 60}",xlmr
task2_plausibility,3c14ec055d1f0d11,attnlrp,f1_at_k,0.5333333333333333,target,Synonymy,"{'n_gold_tokens': 60, 'k': 60}",xlmr
task2_plausibility,3c14ec055d1f0d11,attnlrp,auprc,0.6029556259767266,target,Synonymy,"{'n_gold_tokens': 60, 'k': 60}",xlmr
task2_plausibility,3c14ec055d1f0d11,attnlrp,precision_at_k,0.5333333333333333,target,Modulation,"{'n_gold_tokens': 60, 'k': 60}",xlmr
task2_plausibility,3c14ec055d1f0d11,attnlrp,recall_at_k,0.5333333333333333,target,Modulation,"{'n_gold_tokens': 60, 'k': 60}",xlmr
task2_plausibility,3c14ec055d1f0d11,attnlrp,f1_at_k,0.5333333333333333,target,Modulation,"{'n_gold_tokens': 60, 'k': 60}",xlmr
task2_plausibility,3c14ec055d1f0d11,attnlrp,auprc,0.549839501987237,target,Modulation,"{'n_gold_tokens': 60, 'k': 60}",xlmr
task2_plausibility,3c14ec055d1f0d11,attnlrp,precision_at_k,0.45,target,Compression,"{'n_gold_tokens': 60, 'k': 60}",xlmr
task2_plausibility,3c14ec055d1f0d11,attnlrp,recall_at_k,0.45,target,Compression,"{'n_gold_tokens': 60, 'k': 60}",xlmr
task2_plausibility,3c14ec055d1f0d11,attnlrp,f1_at_k,0.45,target,Compression,"{'n_gold_tokens': 60, 'k': 60}",xlmr
task2_plausibility,3c14ec055d1f0d11,attnlrp,auprc,0.4624832400086967,target,Compression,"{'n_gold_tokens': 60, 'k': 60}",xlmr
task2_plausibility,3c14ec055d1f0d11,attnlrp,precision_at_k,0.4,target,Explanation,"{'n_gold_tokens': 60, 'k': 60}",xlmr
task2_plausibility,3c14ec055d1f0d11,attnlrp,recall_at_k,0.4,target,Explanation,"{'n_gold_tokens': 60, 'k': 60}",xlmr
task2_plausibility,3c14ec055d1f0d11,attnlrp,f1_at_k,0.4000000000000001,target,Explanation,"{'n_gold_tokens': 60, 'k': 60}",xlmr
task2_plausibility,3c14ec055d1f0d11,attnlrp,auprc,0.5160216544488984,target,Explanation,"{'n_gold_tokens': 60, 'k': 60}",xlmr
task2_plausibility,3c14ec055d1f0d11,attnlrp,precision_at_k,0.48333333333333334,target,Syntactic Change,"{'n_gold_tokens': 60, 'k': 60}",xlmr
task2_plausibility,3c14ec055d1f0d11,attnlrp,recall_at_k,0.48333333333333334,target,Syntactic Change,"{'n_gold_tokens': 60, 'k': 60}",xlmr
task2_plausibility,3c14ec055d1f0d11,attnlrp,f1_at_k,0.48333333333333334,target,Syntactic Change,"{'n_gold_tokens': 60, 'k': 60}",xlmr
task2_plausibility,3c14ec055d1f0d11,attnlrp,auprc,0.4808551533769469,target,Syntactic Change,"{'n_gold_tokens': 60, 'k': 60}",xlmr
task2_plausibility,3c14ec055d1f0d11,attnlrp,precision_at_k,0.5666666666666667,target,Omission,"{'n_gold_tokens': 60, 'k': 60}",xlmr
task2_plausibility,3c14ec055d1f0d11,attnlrp,recall_at_k,0.5666666666666667,target,Omission,"{'n_gold_tokens': 60, 'k': 60}",xlmr
task2_plausibility,3c14ec055d1f0d11,attnlrp,f1_at_k,0.5666666666666667,target,Omission,"{'n_gold_tokens': 60, 'k': 60}",xlmr
task2_plausibility,3c14ec055d1f0d11,attnlrp,auprc,0.5024898337172131,target,Omission,"{'n_gold_tokens': 60, 'k': 60}",xlmr
task2_plausibility,3e26eea6bb43c1de,attnlrp,precision_at_k,0.47619047619047616,target,Synonymy,"{'n_gold_tokens': 21, 'k': 21}",xlmr
task2_plausibility,3e26eea6bb43c1de,attnlrp,recall_at_k,0.47619047619047616,target,Synonymy,"{'n_gold_tokens': 21, 'k': 21}",xlmr
task2_plausibility,3e26eea6bb43c1de,attnlrp,f1_at_k,0.47619047619047616,target,Synonymy,"{'n_gold_tokens': 21, 'k': 21}",xlmr
task2_plausibility,3e26eea6bb43c1de,attnlrp,auprc,0.44325223237957045,target,Synonymy,"{'n_gold_tokens': 21, 'k': 21}",xlmr
task2_plausibility,3e26eea6bb43c1de,attnlrp,precision_at_k,0.47619047619047616,target,Modulation,"{'n_gold_tokens': 21, 'k': 21}",xlmr
task2_plausibility,3e26eea6bb43c1de,attnlrp,recall_at_k,0.47619047619047616,target,Modulation,"{'n_gold_tokens': 21, 'k': 21}",xlmr
task2_plausibility,3e26eea6bb43c1de,attnlrp,f1_at_k,0.47619047619047616,target,Modulation,"{'n_gold_tokens': 21, 'k': 21}",xlmr
task2_plausibility,3e26eea6bb43c1de,attnlrp,auprc,0.40535631210667283,target,Modulation,"{'n_gold_tokens': 21, 'k': 21}",xlmr
task2_plausibility,3e26eea6bb43c1de,attnlrp,precision_at_k,0.38095238095238093,target,Compression,"{'n_gold_tokens': 21, 'k': 21}",xlmr
task2_plausibility,3e26eea6bb43c1de,attnlrp,recall_at_k,0.38095238095238093,target,Compression,"{'n_gold_tokens': 21, 'k': 21}",xlmr
task2_plausibility,3e26eea6bb43c1de,attnlrp,f1_at_k,0.38095238095238093,target,Compression,"{'n_gold_tokens': 21, 'k': 21}",xlmr
task2_plausibility,3e26eea6bb43c1de,attnlrp,auprc,0.3983619437832421,target,Compression,"{'n_gold_tokens': 21, 'k': 21}",xlmr
task2_plausibility,3e26eea6bb43c1de,attnlrp,precision_at_k,0.38095238095238093,target,Syntactic Change,"{'n_gold_tokens': 21, 'k': 21}",xlmr
task2_plausibility,3e26eea6bb43c1de,attnlrp,recall_at_k,0.38095238095238093,target,Syntactic Change,"{'n_gold_tokens': 21, 'k': 21}",xlmr
task2_plausibility,3e26eea6bb43c1de,attnlrp,f1_at_k,0.38095238095238093,target,Syntactic Change,"{'n_gold_tokens': 21, 'k': 21}",xlmr
task2_plausibility,3e26eea6bb43c1de,attnlrp,auprc,0.4389289290434974,target,Syntactic Change,"{'n_gold_tokens': 21, 'k': 21}",xlmr
task2_plausibility,3e26eea6bb43c1de,attnlrp,precision_at_k,0.38095238095238093,target,Omission,"{'n_gold_tokens': 21, 'k': 21}",xlmr
task2_plausibility,3e26eea6bb43c1de,attnlrp,recall_at_k,0.38095238095238093,target,Omission,"{'n_gold_tokens': 21, 'k': 21}",xlmr
task2_plausibility,3e26eea6bb43c1de,attnlrp,f1_at_k,0.38095238095238093,target,Omission,"{'n_gold_tokens': 21, 'k': 21}",xlmr
task2_plausibility,3e26eea6bb43c1de,attnlrp,auprc,0.35563668130847104,target,Omission,"{'n_gold_tokens': 21, 'k': 21}",xlmr
task2_plausibility,4263c780d7547c5d,attnlrp,precision_at_k,0.5227272727272727,target,Synonymy,"{'n_gold_tokens': 44, 'k': 44}",xlmr
task2_plausibility,4263c780d7547c5d,attnlrp,recall_at_k,0.5227272727272727,target,Synonymy,"{'n_gold_tokens': 44, 'k': 44}",xlmr
task2_plausibility,4263c780d7547c5d,attnlrp,f1_at_k,0.5227272727272727,target,Synonymy,"{'n_gold_tokens': 44, 'k': 44}",xlmr
task2_plausibility,4263c780d7547c5d,attnlrp,auprc,0.5896404206046788,target,Synonymy,"{'n_gold_tokens': 44, 'k': 44}",xlmr
task2_plausibility,4263c780d7547c5d,attnlrp,precision_at_k,0.5,target,Modulation,"{'n_gold_tokens': 44, 'k': 44}",xlmr
task2_plausibility,4263c780d7547c5d,attnlrp,recall_at_k,0.5,target,Modulation,"{'n_gold_tokens': 44, 'k': 44}",xlmr
task2_plausibility,4263c780d7547c5d,attnlrp,f1_at_k,0.5,target,Modulation,"{'n_gold_tokens': 44, 'k': 44}",xlmr
task2_plausibility,4263c780d7547c5d,attnlrp,auprc,0.6507615875114428,target,Modulation,"{'n_gold_tokens': 44, 'k': 44}",xlmr
task2_plausibility,4263c780d7547c5d,attnlrp,precision_at_k,0.5454545454545454,target,Compression,"{'n_gold_tokens': 44, 'k': 44}",xlmr
task2_plausibility,4263c780d7547c5d,attnlrp,recall_at_k,0.5454545454545454,target,Compression,"{'n_gold_tokens': 44, 'k': 44}",xlmr
task2_plausibility,4263c780d7547c5d,attnlrp,f1_at_k,0.5454545454545454,target,Compression,"{'n_gold_tokens': 44, 'k': 44}",xlmr
task2_plausibility,4263c780d7547c5d,attnlrp,auprc,0.6265411428825508,target,Compression,"{'n_gold_tokens': 44, 'k': 44}",xlmr
task2_plausibility,4263c780d7547c5d,attnlrp,precision_at_k,0.6136363636363636,target,Omission,"{'n_gold_tokens': 44, 'k': 44}",xlmr
task2_plausibility,4263c780d7547c5d,attnlrp,recall_at_k,0.6136363636363636,target,Omission,"{'n_gold_tokens': 44, 'k': 44}",xlmr
task2_plausibility,4263c780d7547c5d,attnlrp,f1_at_k,0.6136363636363636,target,Omission,"{'n_gold_tokens': 44, 'k': 44}",xlmr
task2_plausibility,4263c780d7547c5d,attnlrp,auprc,0.7125593137881223,target,Omission,"{'n_gold_tokens': 44, 'k': 44}",xlmr
task2_plausibility,4507b6633aab2eab,attnlrp,precision_at_k,0.375,target,Synonymy,"{'n_gold_tokens': 8, 'k': 8}",xlmr
task2_plausibility,4507b6633aab2eab,attnlrp,recall_at_k,0.375,target,Synonymy,"{'n_gold_tokens': 8, 'k': 8}",xlmr
task2_plausibility,4507b6633aab2eab,attnlrp,f1_at_k,0.375,target,Synonymy,"{'n_gold_tokens': 8, 'k': 8}",xlmr
task2_plausibility,4507b6633aab2eab,attnlrp,auprc,0.2509701973132824,target,Synonymy,"{'n_gold_tokens': 8, 'k': 8}",xlmr
task2_plausibility,4507b6633aab2eab,attnlrp,precision_at_k,0.25,target,Modulation,"{'n_gold_tokens': 8, 'k': 8}",xlmr
task2_plausibility,4507b6633aab2eab,attnlrp,recall_at_k,0.25,target,Modulation,"{'n_gold_tokens': 8, 'k': 8}",xlmr
task2_plausibility,4507b6633aab2eab,attnlrp,f1_at_k,0.25,target,Modulation,"{'n_gold_tokens': 8, 'k': 8}",xlmr
task2_plausibility,4507b6633aab2eab,attnlrp,auprc,0.25424322794605814,target,Modulation,"{'n_gold_tokens': 8, 'k': 8}",xlmr
task2_plausibility,4507b6633aab2eab,attnlrp,precision_at_k,0.125,target,Compression,"{'n_gold_tokens': 8, 'k': 8}",xlmr
task2_plausibility,4507b6633aab2eab,attnlrp,recall_at_k,0.125,target,Compression,"{'n_gold_tokens': 8, 'k': 8}",xlmr
task2_plausibility,4507b6633aab2eab,attnlrp,f1_at_k,0.125,target,Compression,"{'n_gold_tokens': 8, 'k': 8}",xlmr
task2_plausibility,4507b6633aab2eab,attnlrp,auprc,0.1638848768812004,target,Compression,"{'n_gold_tokens': 8, 'k': 8}",xlmr
task2_plausibility,4507b6633aab2eab,attnlrp,precision_at_k,0.125,target,Syntactic Change,"{'n_gold_tokens': 8, 'k': 8}",xlmr
task2_plausibility,4507b6633aab2eab,attnlrp,recall_at_k,0.125,target,Syntactic Change,"{'n_gold_tokens': 8, 'k': 8}",xlmr
task2_plausibility,4507b6633aab2eab,attnlrp,f1_at_k,0.125,target,Syntactic Change,"{'n_gold_tokens': 8, 'k': 8}",xlmr
task2_plausibility,4507b6633aab2eab,attnlrp,auprc,0.18937901531081044,target,Syntactic Change,"{'n_gold_tokens': 8, 'k': 8}",xlmr
task2_plausibility,4507b6633aab2eab,attnlrp,precision_at_k,0.125,target,Omission,"{'n_gold_tokens': 8, 'k': 8}",xlmr
task2_plausibility,4507b6633aab2eab,attnlrp,recall_at_k,0.125,target,Omission,"{'n_gold_tokens': 8, 'k': 8}",xlmr
task2_plausibility,4507b6633aab2eab,attnlrp,f1_at_k,0.125,target,Omission,"{'n_gold_tokens': 8, 'k': 8}",xlmr
task2_plausibility,4507b6633aab2eab,attnlrp,auprc,0.20429322953784096,target,Omission,"{'n_gold_tokens': 8, 'k': 8}",xlmr
task2_plausibility,45ecc17263f4631b,attnlrp,precision_at_k,0.16666666666666666,target,Synonymy,"{'n_gold_tokens': 12, 'k': 12}",xlmr
task2_plausibility,45ecc17263f4631b,attnlrp,recall_at_k,0.16666666666666666,target,Synonymy,"{'n_gold_tokens': 12, 'k': 12}",xlmr
task2_plausibility,45ecc17263f4631b,attnlrp,f1_at_k,0.16666666666666666,target,Synonymy,"{'n_gold_tokens': 12, 'k': 12}",xlmr
task2_plausibility,45ecc17263f4631b,attnlrp,auprc,0.3224639167036469,target,Synonymy,"{'n_gold_tokens': 12, 'k': 12}",xlmr
task2_plausibility,45ecc17263f4631b,attnlrp,precision_at_k,0.16666666666666666,target,Modulation,"{'n_gold_tokens': 12, 'k': 12}",xlmr
task2_plausibility,45ecc17263f4631b,attnlrp,recall_at_k,0.16666666666666666,target,Modulation,"{'n_gold_tokens': 12, 'k': 12}",xlmr
task2_plausibility,45ecc17263f4631b,attnlrp,f1_at_k,0.16666666666666666,target,Modulation,"{'n_gold_tokens': 12, 'k': 12}",xlmr
task2_plausibility,45ecc17263f4631b,attnlrp,auprc,0.2586822165478276,target,Modulation,"{'n_gold_tokens': 12, 'k': 12}",xlmr
task2_plausibility,45ecc17263f4631b,attnlrp,precision_at_k,0.25,target,Compression,"{'n_gold_tokens': 12, 'k': 12}",xlmr
task2_plausibility,45ecc17263f4631b,attnlrp,recall_at_k,0.25,target,Compression,"{'n_gold_tokens': 12, 'k': 12}",xlmr
task2_plausibility,45ecc17263f4631b,attnlrp,f1_at_k,0.25,target,Compression,"{'n_gold_tokens': 12, 'k': 12}",xlmr
task2_plausibility,45ecc17263f4631b,attnlrp,auprc,0.2185335784662304,target,Compression,"{'n_gold_tokens': 12, 'k': 12}",xlmr
task2_plausibility,45ecc17263f4631b,attnlrp,precision_at_k,0.08333333333333333,target,Syntactic Change,"{'n_gold_tokens': 12, 'k': 12}",xlmr
task2_plausibility,45ecc17263f4631b,attnlrp,recall_at_k,0.08333333333333333,target,Syntactic Change,"{'n_gold_tokens': 12, 'k': 12}",xlmr
task2_plausibility,45ecc17263f4631b,attnlrp,f1_at_k,0.08333333333333333,target,Syntactic Change,"{'n_gold_tokens': 12, 'k': 12}",xlmr
task2_plausibility,45ecc17263f4631b,attnlrp,auprc,0.23984130231470657,target,Syntactic Change,"{'n_gold_tokens': 12, 'k': 12}",xlmr
task2_plausibility,45ecc17263f4631b,attnlrp,precision_at_k,0.25,target,Omission,"{'n_gold_tokens': 12, 'k': 12}",xlmr
task2_plausibility,45ecc17263f4631b,attnlrp,recall_at_k,0.25,target,Omission,"{'n_gold_tokens': 12, 'k': 12}",xlmr
task2_plausibility,45ecc17263f4631b,attnlrp,f1_at_k,0.25,target,Omission,"{'n_gold_tokens': 12, 'k': 12}",xlmr
task2_plausibility,45ecc17263f4631b,attnlrp,auprc,0.22102717786339263,target,Omission,"{'n_gold_tokens': 12, 'k': 12}",xlmr
task2_plausibility,51892636b91813bc,attnlrp,precision_at_k,0.38095238095238093,target,Synonymy,"{'n_gold_tokens': 42, 'k': 42}",xlmr
task2_plausibility,51892636b91813bc,attnlrp,recall_at_k,0.38095238095238093,target,Synonymy,"{'n_gold_tokens': 42, 'k': 42}",xlmr
task2_plausibility,51892636b91813bc,attnlrp,f1_at_k,0.38095238095238093,target,Synonymy,"{'n_gold_tokens': 42, 'k': 42}",xlmr
task2_plausibility,51892636b91813bc,attnlrp,auprc,0.4065726210005951,target,Synonymy,"{'n_gold_tokens': 42, 'k': 42}",xlmr
task2_plausibility,51892636b91813bc,attnlrp,precision_at_k,0.47619047619047616,target,Modulation,"{'n_gold_tokens': 42, 'k': 42}",xlmr
task2_plausibility,51892636b91813bc,attnlrp,recall_at_k,0.47619047619047616,target,Modulation,"{'n_gold_tokens': 42, 'k': 42}",xlmr
task2_plausibility,51892636b91813bc,attnlrp,f1_at_k,0.47619047619047616,target,Modulation,"{'n_gold_tokens': 42, 'k': 42}",xlmr
task2_plausibility,51892636b91813bc,attnlrp,auprc,0.48510496575056106,target,Modulation,"{'n_gold_tokens': 42, 'k': 42}",xlmr
task2_plausibility,51892636b91813bc,attnlrp,precision_at_k,0.47619047619047616,target,Compression,"{'n_gold_tokens': 42, 'k': 42}",xlmr
task2_plausibility,51892636b91813bc,attnlrp,recall_at_k,0.47619047619047616,target,Compression,"{'n_gold_tokens': 42, 'k': 42}",xlmr
task2_plausibility,51892636b91813bc,attnlrp,f1_at_k,0.47619047619047616,target,Compression,"{'n_gold_tokens': 42, 'k': 42}",xlmr
task2_plausibility,51892636b91813bc,attnlrp,auprc,0.5268997955509997,target,Compression,"{'n_gold_tokens': 42, 'k': 42}",xlmr
task2_plausibility,51892636b91813bc,attnlrp,precision_at_k,0.47619047619047616,target,Explanation,"{'n_gold_tokens': 42, 'k': 42}",xlmr
task2_plausibility,51892636b91813bc,attnlrp,recall_at_k,0.47619047619047616,target,Explanation,"{'n_gold_tokens': 42, 'k': 42}",xlmr
task2_plausibility,51892636b91813bc,attnlrp,f1_at_k,0.47619047619047616,target,Explanation,"{'n_gold_tokens': 42, 'k': 42}",xlmr
task2_plausibility,51892636b91813bc,attnlrp,auprc,0.50643427820475,target,Explanation,"{'n_gold_tokens': 42, 'k': 42}",xlmr
task2_plausibility,51892636b91813bc,attnlrp,precision_at_k,0.4523809523809524,target,Syntactic Change,"{'n_gold_tokens': 42, 'k': 42}",xlmr
task2_plausibility,51892636b91813bc,attnlrp,recall_at_k,0.4523809523809524,target,Syntactic Change,"{'n_gold_tokens': 42, 'k': 42}",xlmr
task2_plausibility,51892636b91813bc,attnlrp,f1_at_k,0.4523809523809524,target,Syntactic Change,"{'n_gold_tokens': 42, 'k': 42}",xlmr
task2_plausibility,51892636b91813bc,attnlrp,auprc,0.5094511689412082,target,Syntactic Change,"{'n_gold_tokens': 42, 'k': 42}",xlmr
task2_plausibility,51892636b91813bc,attnlrp,precision_at_k,0.4523809523809524,target,Omission,"{'n_gold_tokens': 42, 'k': 42}",xlmr
task2_plausibility,51892636b91813bc,attnlrp,recall_at_k,0.4523809523809524,target,Omission,"{'n_gold_tokens': 42, 'k': 42}",xlmr
task2_plausibility,51892636b91813bc,attnlrp,f1_at_k,0.4523809523809524,target,Omission,"{'n_gold_tokens': 42, 'k': 42}",xlmr
task2_plausibility,51892636b91813bc,attnlrp,auprc,0.49799615786367124,target,Omission,"{'n_gold_tokens': 42, 'k': 42}",xlmr
task2_plausibility,5764f4b7cbed6c24,attnlrp,precision_at_k,0.29411764705882354,target,Synonymy,"{'n_gold_tokens': 34, 'k': 34}",xlmr
task2_plausibility,5764f4b7cbed6c24,attnlrp,recall_at_k,0.29411764705882354,target,Synonymy,"{'n_gold_tokens': 34, 'k': 34}",xlmr
task2_plausibility,5764f4b7cbed6c24,attnlrp,f1_at_k,0.29411764705882354,target,Synonymy,"{'n_gold_tokens': 34, 'k': 34}",xlmr
task2_plausibility,5764f4b7cbed6c24,attnlrp,auprc,0.4133680160780117,target,Synonymy,"{'n_gold_tokens': 34, 'k': 34}",xlmr
task2_plausibility,5764f4b7cbed6c24,attnlrp,precision_at_k,0.35294117647058826,target,Modulation,"{'n_gold_tokens': 34, 'k': 34}",xlmr
task2_plausibility,5764f4b7cbed6c24,attnlrp,recall_at_k,0.35294117647058826,target,Modulation,"{'n_gold_tokens': 34, 'k': 34}",xlmr
task2_plausibility,5764f4b7cbed6c24,attnlrp,f1_at_k,0.35294117647058826,target,Modulation,"{'n_gold_tokens': 34, 'k': 34}",xlmr
task2_plausibility,5764f4b7cbed6c24,attnlrp,auprc,0.3564628514301942,target,Modulation,"{'n_gold_tokens': 34, 'k': 34}",xlmr
task2_plausibility,5764f4b7cbed6c24,attnlrp,precision_at_k,0.4117647058823529,target,Compression,"{'n_gold_tokens': 34, 'k': 34}",xlmr
task2_plausibility,5764f4b7cbed6c24,attnlrp,recall_at_k,0.4117647058823529,target,Compression,"{'n_gold_tokens': 34, 'k': 34}",xlmr
task2_plausibility,5764f4b7cbed6c24,attnlrp,f1_at_k,0.4117647058823529,target,Compression,"{'n_gold_tokens': 34, 'k': 34}",xlmr
task2_plausibility,5764f4b7cbed6c24,attnlrp,auprc,0.43202357576721245,target,Compression,"{'n_gold_tokens': 34, 'k': 34}",xlmr
task2_plausibility,5764f4b7cbed6c24,attnlrp,precision_at_k,0.35294117647058826,target,Explanation,"{'n_gold_tokens': 34, 'k': 34}",xlmr
task2_plausibility,5764f4b7cbed6c24,attnlrp,recall_at_k,0.35294117647058826,target,Explanation,"{'n_gold_tokens': 34, 'k': 34}",xlmr
task2_plausibility,5764f4b7cbed6c24,attnlrp,f1_at_k,0.35294117647058826,target,Explanation,"{'n_gold_tokens': 34, 'k': 34}",xlmr
task2_plausibility,5764f4b7cbed6c24,attnlrp,auprc,0.3890251648447917,target,Explanation,"{'n_gold_tokens': 34, 'k': 34}",xlmr
task2_plausibility,5764f4b7cbed6c24,attnlrp,precision_at_k,0.38235294117647056,target,Syntactic Change,"{'n_gold_tokens': 34, 'k': 34}",xlmr
task2_plausibility,5764f4b7cbed6c24,attnlrp,recall_at_k,0.38235294117647056,target,Syntactic Change,"{'n_gold_tokens': 34, 'k': 34}",xlmr
task2_plausibility,5764f4b7cbed6c24,attnlrp,f1_at_k,0.3823529411764706,target,Syntactic Change,"{'n_gold_tokens': 34, 'k': 34}",xlmr
task2_plausibility,5764f4b7cbed6c24,attnlrp,auprc,0.44438803585364595,target,Syntactic Change,"{'n_gold_tokens': 34, 'k': 34}",xlmr
task2_plausibility,5764f4b7cbed6c24,attnlrp,precision_at_k,0.4117647058823529,target,Omission,"{'n_gold_tokens': 34, 'k': 34}",xlmr
task2_plausibility,5764f4b7cbed6c24,attnlrp,recall_at_k,0.4117647058823529,target,Omission,"{'n_gold_tokens': 34, 'k': 34}",xlmr
task2_plausibility,5764f4b7cbed6c24,attnlrp,f1_at_k,0.4117647058823529,target,Omission,"{'n_gold_tokens': 34, 'k': 34}",xlmr
task2_plausibility,5764f4b7cbed6c24,attnlrp,auprc,0.45948434656153087,target,Omission,"{'n_gold_tokens': 34, 'k': 34}",xlmr
task2_plausibility,660efcf9a6a49ac8,attnlrp,precision_at_k,0.5636363636363636,target,Synonymy,"{'n_gold_tokens': 55, 'k': 55}",xlmr
task2_plausibility,660efcf9a6a49ac8,attnlrp,recall_at_k,0.5636363636363636,target,Synonymy,"{'n_gold_tokens': 55, 'k': 55}",xlmr
task2_plausibility,660efcf9a6a49ac8,attnlrp,f1_at_k,0.5636363636363636,target,Synonymy,"{'n_gold_tokens': 55, 'k': 55}",xlmr
task2_plausibility,660efcf9a6a49ac8,attnlrp,auprc,0.6086506203494936,target,Synonymy,"{'n_gold_tokens': 55, 'k': 55}",xlmr
task2_plausibility,660efcf9a6a49ac8,attnlrp,precision_at_k,0.5454545454545454,target,Modulation,"{'n_gold_tokens': 55, 'k': 55}",xlmr
task2_plausibility,660efcf9a6a49ac8,attnlrp,recall_at_k,0.5454545454545454,target,Modulation,"{'n_gold_tokens': 55, 'k': 55}",xlmr
task2_plausibility,660efcf9a6a49ac8,attnlrp,f1_at_k,0.5454545454545454,target,Modulation,"{'n_gold_tokens': 55, 'k': 55}",xlmr
task2_plausibility,660efcf9a6a49ac8,attnlrp,auprc,0.5849439798119699,target,Modulation,"{'n_gold_tokens': 55, 'k': 55}",xlmr
task2_plausibility,660efcf9a6a49ac8,attnlrp,precision_at_k,0.4909090909090909,target,Compression,"{'n_gold_tokens': 55, 'k': 55}",xlmr
task2_plausibility,660efcf9a6a49ac8,attnlrp,recall_at_k,0.4909090909090909,target,Compression,"{'n_gold_tokens': 55, 'k': 55}",xlmr
task2_plausibility,660efcf9a6a49ac8,attnlrp,f1_at_k,0.4909090909090909,target,Compression,"{'n_gold_tokens': 55, 'k': 55}",xlmr
task2_plausibility,660efcf9a6a49ac8,attnlrp,auprc,0.5803136966428833,target,Compression,"{'n_gold_tokens': 55, 'k': 55}",xlmr
task2_plausibility,660efcf9a6a49ac8,attnlrp,precision_at_k,0.6363636363636364,target,Explanation,"{'n_gold_tokens': 55, 'k': 55}",xlmr
task2_plausibility,660efcf9a6a49ac8,attnlrp,recall_at_k,0.6363636363636364,target,Explanation,"{'n_gold_tokens': 55, 'k': 55}",xlmr
task2_plausibility,660efcf9a6a49ac8,attnlrp,f1_at_k,0.6363636363636364,target,Explanation,"{'n_gold_tokens': 55, 'k': 55}",xlmr
task2_plausibility,660efcf9a6a49ac8,attnlrp,auprc,0.6452720188234087,target,Explanation,"{'n_gold_tokens': 55, 'k': 55}",xlmr
task2_plausibility,660efcf9a6a49ac8,attnlrp,precision_at_k,0.5272727272727272,target,Syntactic Change,"{'n_gold_tokens': 55, 'k': 55}",xlmr
task2_plausibility,660efcf9a6a49ac8,attnlrp,recall_at_k,0.5272727272727272,target,Syntactic Change,"{'n_gold_tokens': 55, 'k': 55}",xlmr
task2_plausibility,660efcf9a6a49ac8,attnlrp,f1_at_k,0.5272727272727272,target,Syntactic Change,"{'n_gold_tokens': 55, 'k': 55}",xlmr
task2_plausibility,660efcf9a6a49ac8,attnlrp,auprc,0.598924925158576,target,Syntactic Change,"{'n_gold_tokens': 55, 'k': 55}",xlmr
task2_plausibility,660efcf9a6a49ac8,attnlrp,precision_at_k,0.5818181818181818,target,Omission,"{'n_gold_tokens': 55, 'k': 55}",xlmr
task2_plausibility,660efcf9a6a49ac8,attnlrp,recall_at_k,0.5818181818181818,target,Omission,"{'n_gold_tokens': 55, 'k': 55}",xlmr
task2_plausibility,660efcf9a6a49ac8,attnlrp,f1_at_k,0.5818181818181818,target,Omission,"{'n_gold_tokens': 55, 'k': 55}",xlmr
task2_plausibility,660efcf9a6a49ac8,attnlrp,auprc,0.6102642397251209,target,Omission,"{'n_gold_tokens': 55, 'k': 55}",xlmr
task2_plausibility,68d0e00ff727912e,attnlrp,precision_at_k,0.2857142857142857,target,Synonymy,"{'n_gold_tokens': 21, 'k': 21}",xlmr
task2_plausibility,68d0e00ff727912e,attnlrp,recall_at_k,0.2857142857142857,target,Synonymy,"{'n_gold_tokens': 21, 'k': 21}",xlmr
task2_plausibility,68d0e00ff727912e,attnlrp,f1_at_k,0.2857142857142857,target,Synonymy,"{'n_gold_tokens': 21, 'k': 21}",xlmr
task2_plausibility,68d0e00ff727912e,attnlrp,auprc,0.28090378445860903,target,Synonymy,"{'n_gold_tokens': 21, 'k': 21}",xlmr
task2_plausibility,68d0e00ff727912e,attnlrp,precision_at_k,0.5714285714285714,target,Modulation,"{'n_gold_tokens': 21, 'k': 21}",xlmr
task2_plausibility,68d0e00ff727912e,attnlrp,recall_at_k,0.5714285714285714,target,Modulation,"{'n_gold_tokens': 21, 'k': 21}",xlmr
task2_plausibility,68d0e00ff727912e,attnlrp,f1_at_k,0.5714285714285714,target,Modulation,"{'n_gold_tokens': 21, 'k': 21}",xlmr
task2_plausibility,68d0e00ff727912e,attnlrp,auprc,0.38983815182326165,target,Modulation,"{'n_gold_tokens': 21, 'k': 21}",xlmr
task2_plausibility,68d0e00ff727912e,attnlrp,precision_at_k,0.3333333333333333,target,Compression,"{'n_gold_tokens': 21, 'k': 21}",xlmr
task2_plausibility,68d0e00ff727912e,attnlrp,recall_at_k,0.3333333333333333,target,Compression,"{'n_gold_tokens': 21, 'k': 21}",xlmr
task2_plausibility,68d0e00ff727912e,attnlrp,f1_at_k,0.3333333333333333,target,Compression,"{'n_gold_tokens': 21, 'k': 21}",xlmr
task2_plausibility,68d0e00ff727912e,attnlrp,auprc,0.29710264308595097,target,Compression,"{'n_gold_tokens': 21, 'k': 21}",xlmr
task2_plausibility,68d0e00ff727912e,attnlrp,precision_at_k,0.47619047619047616,target,Syntactic Change,"{'n_gold_tokens': 21, 'k': 21}",xlmr
task2_plausibility,68d0e00ff727912e,attnlrp,recall_at_k,0.47619047619047616,target,Syntactic Change,"{'n_gold_tokens': 21, 'k': 21}",xlmr
task2_plausibility,68d0e00ff727912e,attnlrp,f1_at_k,0.47619047619047616,target,Syntactic Change,"{'n_gold_tokens': 21, 'k': 21}",xlmr
task2_plausibility,68d0e00ff727912e,attnlrp,auprc,0.4366487697210385,target,Syntactic Change,"{'n_gold_tokens': 21, 'k': 21}",xlmr
task2_plausibility,68d0e00ff727912e,attnlrp,precision_at_k,0.42857142857142855,target,Omission,"{'n_gold_tokens': 21, 'k': 21}",xlmr
task2_plausibility,68d0e00ff727912e,attnlrp,recall_at_k,0.42857142857142855,target,Omission,"{'n_gold_tokens': 21, 'k': 21}",xlmr
task2_plausibility,68d0e00ff727912e,attnlrp,f1_at_k,0.42857142857142855,target,Omission,"{'n_gold_tokens': 21, 'k': 21}",xlmr
task2_plausibility,68d0e00ff727912e,attnlrp,auprc,0.3538185530981523,target,Omission,"{'n_gold_tokens': 21, 'k': 21}",xlmr
task2_plausibility,7c72952e67be8e1b,attnlrp,precision_at_k,0.5714285714285714,target,Synonymy,"{'n_gold_tokens': 7, 'k': 7}",xlmr
task2_plausibility,7c72952e67be8e1b,attnlrp,recall_at_k,0.5714285714285714,target,Synonymy,"{'n_gold_tokens': 7, 'k': 7}",xlmr
task2_plausibility,7c72952e67be8e1b,attnlrp,f1_at_k,0.5714285714285714,target,Synonymy,"{'n_gold_tokens': 7, 'k': 7}",xlmr
task2_plausibility,7c72952e67be8e1b,attnlrp,auprc,0.654648033126294,target,Synonymy,"{'n_gold_tokens': 7, 'k': 7}",xlmr
task2_plausibility,7c72952e67be8e1b,attnlrp,precision_at_k,0.5714285714285714,target,Modulation,"{'n_gold_tokens': 7, 'k': 7}",xlmr
task2_plausibility,7c72952e67be8e1b,attnlrp,recall_at_k,0.5714285714285714,target,Modulation,"{'n_gold_tokens': 7, 'k': 7}",xlmr
task2_plausibility,7c72952e67be8e1b,attnlrp,f1_at_k,0.5714285714285714,target,Modulation,"{'n_gold_tokens': 7, 'k': 7}",xlmr
task2_plausibility,7c72952e67be8e1b,attnlrp,auprc,0.7564102564102564,target,Modulation,"{'n_gold_tokens': 7, 'k': 7}",xlmr
task2_plausibility,7e54bde8de12fb3b,attnlrp,precision_at_k,0.29411764705882354,target,Synonymy,"{'n_gold_tokens': 51, 'k': 51}",xlmr
task2_plausibility,7e54bde8de12fb3b,attnlrp,recall_at_k,0.29411764705882354,target,Synonymy,"{'n_gold_tokens': 51, 'k': 51}",xlmr
task2_plausibility,7e54bde8de12fb3b,attnlrp,f1_at_k,0.29411764705882354,target,Synonymy,"{'n_gold_tokens': 51, 'k': 51}",xlmr
task2_plausibility,7e54bde8de12fb3b,attnlrp,auprc,0.36421169219575517,target,Synonymy,"{'n_gold_tokens': 51, 'k': 51}",xlmr
task2_plausibility,7e54bde8de12fb3b,attnlrp,precision_at_k,0.21568627450980393,target,Modulation,"{'n_gold_tokens': 51, 'k': 51}",xlmr
task2_plausibility,7e54bde8de12fb3b,attnlrp,recall_at_k,0.21568627450980393,target,Modulation,"{'n_gold_tokens': 51, 'k': 51}",xlmr
task2_plausibility,7e54bde8de12fb3b,attnlrp,f1_at_k,0.21568627450980393,target,Modulation,"{'n_gold_tokens': 51, 'k': 51}",xlmr
task2_plausibility,7e54bde8de12fb3b,attnlrp,auprc,0.3001646788367661,target,Modulation,"{'n_gold_tokens': 51, 'k': 51}",xlmr
task2_plausibility,7e54bde8de12fb3b,attnlrp,precision_at_k,0.39215686274509803,target,Compression,"{'n_gold_tokens': 51, 'k': 51}",xlmr
task2_plausibility,7e54bde8de12fb3b,attnlrp,recall_at_k,0.39215686274509803,target,Compression,"{'n_gold_tokens': 51, 'k': 51}",xlmr
task2_plausibility,7e54bde8de12fb3b,attnlrp,f1_at_k,0.39215686274509803,target,Compression,"{'n_gold_tokens': 51, 'k': 51}",xlmr
task2_plausibility,7e54bde8de12fb3b,attnlrp,auprc,0.39341373584211964,target,Compression,"{'n_gold_tokens': 51, 'k': 51}",xlmr
task2_plausibility,7e54bde8de12fb3b,attnlrp,precision_at_k,0.39215686274509803,target,Explanation,"{'n_gold_tokens': 51, 'k': 51}",xlmr
task2_plausibility,7e54bde8de12fb3b,attnlrp,recall_at_k,0.39215686274509803,target,Explanation,"{'n_gold_tokens': 51, 'k': 51}",xlmr
task2_plausibility,7e54bde8de12fb3b,attnlrp,f1_at_k,0.39215686274509803,target,Explanation,"{'n_gold_tokens': 51, 'k': 51}",xlmr
task2_plausibility,7e54bde8de12fb3b,attnlrp,auprc,0.4144201083838228,target,Explanation,"{'n_gold_tokens': 51, 'k': 51}",xlmr
task2_plausibility,7e54bde8de12fb3b,attnlrp,precision_at_k,0.45098039215686275,target,Syntactic Change,"{'n_gold_tokens': 51, 'k': 51}",xlmr
task2_plausibility,7e54bde8de12fb3b,attnlrp,recall_at_k,0.45098039215686275,target,Syntactic Change,"{'n_gold_tokens': 51, 'k': 51}",xlmr
task2_plausibility,7e54bde8de12fb3b,attnlrp,f1_at_k,0.45098039215686275,target,Syntactic Change,"{'n_gold_tokens': 51, 'k': 51}",xlmr
task2_plausibility,7e54bde8de12fb3b,attnlrp,auprc,0.4677165616016662,target,Syntactic Change,"{'n_gold_tokens': 51, 'k': 51}",xlmr
task2_plausibility,7e54bde8de12fb3b,attnlrp,precision_at_k,0.29411764705882354,target,Omission,"{'n_gold_tokens': 51, 'k': 51}",xlmr
task2_plausibility,7e54bde8de12fb3b,attnlrp,recall_at_k,0.29411764705882354,target,Omission,"{'n_gold_tokens': 51, 'k': 51}",xlmr
task2_plausibility,7e54bde8de12fb3b,attnlrp,f1_at_k,0.29411764705882354,target,Omission,"{'n_gold_tokens': 51, 'k': 51}",xlmr
task2_plausibility,7e54bde8de12fb3b,attnlrp,auprc,0.3438539315304215,target,Omission,"{'n_gold_tokens': 51, 'k': 51}",xlmr
task2_plausibility,9890c1fd323f06fc,attnlrp,precision_at_k,0.30303030303030304,target,Synonymy,"{'n_gold_tokens': 33, 'k': 33}",xlmr
task2_plausibility,9890c1fd323f06fc,attnlrp,recall_at_k,0.30303030303030304,target,Synonymy,"{'n_gold_tokens': 33, 'k': 33}",xlmr
task2_plausibility,9890c1fd323f06fc,attnlrp,f1_at_k,0.30303030303030304,target,Synonymy,"{'n_gold_tokens': 33, 'k': 33}",xlmr
task2_plausibility,9890c1fd323f06fc,attnlrp,auprc,0.41033065447861905,target,Synonymy,"{'n_gold_tokens': 33, 'k': 33}",xlmr
task2_plausibility,9890c1fd323f06fc,attnlrp,precision_at_k,0.42424242424242425,target,Modulation,"{'n_gold_tokens': 33, 'k': 33}",xlmr
task2_plausibility,9890c1fd323f06fc,attnlrp,recall_at_k,0.42424242424242425,target,Modulation,"{'n_gold_tokens': 33, 'k': 33}",xlmr
task2_plausibility,9890c1fd323f06fc,attnlrp,f1_at_k,0.4242424242424243,target,Modulation,"{'n_gold_tokens': 33, 'k': 33}",xlmr
task2_plausibility,9890c1fd323f06fc,attnlrp,auprc,0.4393861702526056,target,Modulation,"{'n_gold_tokens': 33, 'k': 33}",xlmr
task2_plausibility,9890c1fd323f06fc,attnlrp,precision_at_k,0.5151515151515151,target,Compression,"{'n_gold_tokens': 33, 'k': 33}",xlmr
task2_plausibility,9890c1fd323f06fc,attnlrp,recall_at_k,0.5151515151515151,target,Compression,"{'n_gold_tokens': 33, 'k': 33}",xlmr
task2_plausibility,9890c1fd323f06fc,attnlrp,f1_at_k,0.5151515151515151,target,Compression,"{'n_gold_tokens': 33, 'k': 33}",xlmr
task2_plausibility,9890c1fd323f06fc,attnlrp,auprc,0.4781025301965951,target,Compression,"{'n_gold_tokens': 33, 'k': 33}",xlmr
task2_plausibility,9890c1fd323f06fc,attnlrp,precision_at_k,0.48484848484848486,target,Syntactic Change,"{'n_gold_tokens': 33, 'k': 33}",xlmr
task2_plausibility,9890c1fd323f06fc,attnlrp,recall_at_k,0.48484848484848486,target,Syntactic Change,"{'n_gold_tokens': 33, 'k': 33}",xlmr
task2_plausibility,9890c1fd323f06fc,attnlrp,f1_at_k,0.48484848484848486,target,Syntactic Change,"{'n_gold_tokens': 33, 'k': 33}",xlmr
task2_plausibility,9890c1fd323f06fc,attnlrp,auprc,0.4887521772743696,target,Syntactic Change,"{'n_gold_tokens': 33, 'k': 33}",xlmr
task2_plausibility,9890c1fd323f06fc,attnlrp,precision_at_k,0.3333333333333333,target,Omission,"{'n_gold_tokens': 33, 'k': 33}",xlmr
task2_plausibility,9890c1fd323f06fc,attnlrp,recall_at_k,0.3333333333333333,target,Omission,"{'n_gold_tokens': 33, 'k': 33}",xlmr
task2_plausibility,9890c1fd323f06fc,attnlrp,f1_at_k,0.3333333333333333,target,Omission,"{'n_gold_tokens': 33, 'k': 33}",xlmr
task2_plausibility,9890c1fd323f06fc,attnlrp,auprc,0.4388930048486406,target,Omission,"{'n_gold_tokens': 33, 'k': 33}",xlmr
task2_plausibility,a58f01630c847e1b,attnlrp,precision_at_k,0.21052631578947367,target,Synonymy,"{'n_gold_tokens': 19, 'k': 19}",xlmr
task2_plausibility,a58f01630c847e1b,attnlrp,recall_at_k,0.21052631578947367,target,Synonymy,"{'n_gold_tokens': 19, 'k': 19}",xlmr
task2_plausibility,a58f01630c847e1b,attnlrp,f1_at_k,0.21052631578947367,target,Synonymy,"{'n_gold_tokens': 19, 'k': 19}",xlmr
task2_plausibility,a58f01630c847e1b,attnlrp,auprc,0.25901410248800655,target,Synonymy,"{'n_gold_tokens': 19, 'k': 19}",xlmr
task2_plausibility,a58f01630c847e1b,attnlrp,precision_at_k,0.15789473684210525,target,Modulation,"{'n_gold_tokens': 19, 'k': 19}",xlmr
task2_plausibility,a58f01630c847e1b,attnlrp,recall_at_k,0.15789473684210525,target,Modulation,"{'n_gold_tokens': 19, 'k': 19}",xlmr
task2_plausibility,a58f01630c847e1b,attnlrp,f1_at_k,0.15789473684210525,target,Modulation,"{'n_gold_tokens': 19, 'k': 19}",xlmr
task2_plausibility,a58f01630c847e1b,attnlrp,auprc,0.2224007766974779,target,Modulation,"{'n_gold_tokens': 19, 'k': 19}",xlmr
task2_plausibility,a58f01630c847e1b,attnlrp,precision_at_k,0.2631578947368421,target,Compression,"{'n_gold_tokens': 19, 'k': 19}",xlmr
task2_plausibility,a58f01630c847e1b,attnlrp,recall_at_k,0.2631578947368421,target,Compression,"{'n_gold_tokens': 19, 'k': 19}",xlmr
task2_plausibility,a58f01630c847e1b,attnlrp,f1_at_k,0.2631578947368421,target,Compression,"{'n_gold_tokens': 19, 'k': 19}",xlmr
task2_plausibility,a58f01630c847e1b,attnlrp,auprc,0.28002467970873113,target,Compression,"{'n_gold_tokens': 19, 'k': 19}",xlmr
task2_plausibility,a58f01630c847e1b,attnlrp,precision_at_k,0.2631578947368421,target,Explanation,"{'n_gold_tokens': 19, 'k': 19}",xlmr
task2_plausibility,a58f01630c847e1b,attnlrp,recall_at_k,0.2631578947368421,target,Explanation,"{'n_gold_tokens': 19, 'k': 19}",xlmr
task2_plausibility,a58f01630c847e1b,attnlrp,f1_at_k,0.2631578947368421,target,Explanation,"{'n_gold_tokens': 19, 'k': 19}",xlmr
task2_plausibility,a58f01630c847e1b,attnlrp,auprc,0.21247686318804038,target,Explanation,"{'n_gold_tokens': 19, 'k': 19}",xlmr
task2_plausibility,a58f01630c847e1b,attnlrp,precision_at_k,0.3684210526315789,target,Syntactic Change,"{'n_gold_tokens': 19, 'k': 19}",xlmr
task2_plausibility,a58f01630c847e1b,attnlrp,recall_at_k,0.3684210526315789,target,Syntactic Change,"{'n_gold_tokens': 19, 'k': 19}",xlmr
task2_plausibility,a58f01630c847e1b,attnlrp,f1_at_k,0.3684210526315789,target,Syntactic Change,"{'n_gold_tokens': 19, 'k': 19}",xlmr
task2_plausibility,a58f01630c847e1b,attnlrp,auprc,0.2942328455247625,target,Syntactic Change,"{'n_gold_tokens': 19, 'k': 19}",xlmr
task2_plausibility,a58f01630c847e1b,attnlrp,precision_at_k,0.3157894736842105,target,Omission,"{'n_gold_tokens': 19, 'k': 19}",xlmr
task2_plausibility,a58f01630c847e1b,attnlrp,recall_at_k,0.3157894736842105,target,Omission,"{'n_gold_tokens': 19, 'k': 19}",xlmr
task2_plausibility,a58f01630c847e1b,attnlrp,f1_at_k,0.3157894736842105,target,Omission,"{'n_gold_tokens': 19, 'k': 19}",xlmr
task2_plausibility,a58f01630c847e1b,attnlrp,auprc,0.267919013122074,target,Omission,"{'n_gold_tokens': 19, 'k': 19}",xlmr
task2_plausibility,a620c5babe6035a2,attnlrp,precision_at_k,0.4594594594594595,target,Synonymy,"{'n_gold_tokens': 37, 'k': 37}",xlmr
task2_plausibility,a620c5babe6035a2,attnlrp,recall_at_k,0.4594594594594595,target,Synonymy,"{'n_gold_tokens': 37, 'k': 37}",xlmr
task2_plausibility,a620c5babe6035a2,attnlrp,f1_at_k,0.4594594594594595,target,Synonymy,"{'n_gold_tokens': 37, 'k': 37}",xlmr
task2_plausibility,a620c5babe6035a2,attnlrp,auprc,0.44193880876280944,target,Synonymy,"{'n_gold_tokens': 37, 'k': 37}",xlmr
task2_plausibility,a620c5babe6035a2,attnlrp,precision_at_k,0.35135135135135137,target,Modulation,"{'n_gold_tokens': 37, 'k': 37}",xlmr
task2_plausibility,a620c5babe6035a2,attnlrp,recall_at_k,0.35135135135135137,target,Modulation,"{'n_gold_tokens': 37, 'k': 37}",xlmr
task2_plausibility,a620c5babe6035a2,attnlrp,f1_at_k,0.35135135135135137,target,Modulation,"{'n_gold_tokens': 37, 'k': 37}",xlmr
task2_plausibility,a620c5babe6035a2,attnlrp,auprc,0.36580929682202235,target,Modulation,"{'n_gold_tokens': 37, 'k': 37}",xlmr
task2_plausibility,a620c5babe6035a2,attnlrp,precision_at_k,0.5135135135135135,target,Compression,"{'n_gold_tokens': 37, 'k': 37}",xlmr
task2_plausibility,a620c5babe6035a2,attnlrp,recall_at_k,0.5135135135135135,target,Compression,"{'n_gold_tokens': 37, 'k': 37}",xlmr
task2_plausibility,a620c5babe6035a2,attnlrp,f1_at_k,0.5135135135135135,target,Compression,"{'n_gold_tokens': 37, 'k': 37}",xlmr
task2_plausibility,a620c5babe6035a2,attnlrp,auprc,0.5018894958704962,target,Compression,"{'n_gold_tokens': 37, 'k': 37}",xlmr
task2_plausibility,a620c5babe6035a2,attnlrp,precision_at_k,0.2972972972972973,target,Syntactic Change,"{'n_gold_tokens': 37, 'k': 37}",xlmr
task2_plausibility,a620c5babe6035a2,attnlrp,recall_at_k,0.2972972972972973,target,Syntactic Change,"{'n_gold_tokens': 37, 'k': 37}",xlmr
task2_plausibility,a620c5babe6035a2,attnlrp,f1_at_k,0.2972972972972973,target,Syntactic Change,"{'n_gold_tokens': 37, 'k': 37}",xlmr
task2_plausibility,a620c5babe6035a2,attnlrp,auprc,0.3940880954293403,target,Syntactic Change,"{'n_gold_tokens': 37, 'k': 37}",xlmr
task2_plausibility,a620c5babe6035a2,attnlrp,precision_at_k,0.43243243243243246,target,Omission,"{'n_gold_tokens': 37, 'k': 37}",xlmr
task2_plausibility,a620c5babe6035a2,attnlrp,recall_at_k,0.43243243243243246,target,Omission,"{'n_gold_tokens': 37, 'k': 37}",xlmr
task2_plausibility,a620c5babe6035a2,attnlrp,f1_at_k,0.43243243243243246,target,Omission,"{'n_gold_tokens': 37, 'k': 37}",xlmr
task2_plausibility,a620c5babe6035a2,attnlrp,auprc,0.42914557891661786,target,Omission,"{'n_gold_tokens': 37, 'k': 37}",xlmr
task2_plausibility,a93d266d784d316f,attnlrp,precision_at_k,0.2631578947368421,target,Synonymy,"{'n_gold_tokens': 19, 'k': 19}",xlmr
task2_plausibility,a93d266d784d316f,attnlrp,recall_at_k,0.2631578947368421,target,Synonymy,"{'n_gold_tokens': 19, 'k': 19}",xlmr
task2_plausibility,a93d266d784d316f,attnlrp,f1_at_k,0.2631578947368421,target,Synonymy,"{'n_gold_tokens': 19, 'k': 19}",xlmr
task2_plausibility,a93d266d784d316f,attnlrp,auprc,0.32063816555609315,target,Synonymy,"{'n_gold_tokens': 19, 'k': 19}",xlmr
task2_plausibility,a93d266d784d316f,attnlrp,precision_at_k,0.3684210526315789,target,Modulation,"{'n_gold_tokens': 19, 'k': 19}",xlmr
task2_plausibility,a93d266d784d316f,attnlrp,recall_at_k,0.3684210526315789,target,Modulation,"{'n_gold_tokens': 19, 'k': 19}",xlmr
task2_plausibility,a93d266d784d316f,attnlrp,f1_at_k,0.3684210526315789,target,Modulation,"{'n_gold_tokens': 19, 'k': 19}",xlmr
task2_plausibility,a93d266d784d316f,attnlrp,auprc,0.3658390650865791,target,Modulation,"{'n_gold_tokens': 19, 'k': 19}",xlmr
task2_plausibility,a93d266d784d316f,attnlrp,precision_at_k,0.42105263157894735,target,Compression,"{'n_gold_tokens': 19, 'k': 19}",xlmr
task2_plausibility,a93d266d784d316f,attnlrp,recall_at_k,0.42105263157894735,target,Compression,"{'n_gold_tokens': 19, 'k': 19}",xlmr
task2_plausibility,a93d266d784d316f,attnlrp,f1_at_k,0.42105263157894735,target,Compression,"{'n_gold_tokens': 19, 'k': 19}",xlmr
task2_plausibility,a93d266d784d316f,attnlrp,auprc,0.4653507920246827,target,Compression,"{'n_gold_tokens': 19, 'k': 19}",xlmr
task2_plausibility,a93d266d784d316f,attnlrp,precision_at_k,0.42105263157894735,target,Omission,"{'n_gold_tokens': 19, 'k': 19}",xlmr
task2_plausibility,a93d266d784d316f,attnlrp,recall_at_k,0.42105263157894735,target,Omission,"{'n_gold_tokens': 19, 'k': 19}",xlmr
task2_plausibility,a93d266d784d316f,attnlrp,f1_at_k,0.42105263157894735,target,Omission,"{'n_gold_tokens': 19, 'k': 19}",xlmr
task2_plausibility,a93d266d784d316f,attnlrp,auprc,0.4544951172325639,target,Omission,"{'n_gold_tokens': 19, 'k': 19}",xlmr
task2_plausibility,ae214850d5596982,attnlrp,precision_at_k,0.0,target,Synonymy,"{'n_gold_tokens': 11, 'k': 11}",xlmr
task2_plausibility,ae214850d5596982,attnlrp,recall_at_k,0.0,target,Synonymy,"{'n_gold_tokens': 11, 'k': 11}",xlmr
task2_plausibility,ae214850d5596982,attnlrp,f1_at_k,0.0,target,Synonymy,"{'n_gold_tokens': 11, 'k': 11}",xlmr
task2_plausibility,ae214850d5596982,attnlrp,auprc,0.1721385252442395,target,Synonymy,"{'n_gold_tokens': 11, 'k': 11}",xlmr
task2_plausibility,ae214850d5596982,attnlrp,precision_at_k,0.18181818181818182,target,Modulation,"{'n_gold_tokens': 11, 'k': 11}",xlmr
task2_plausibility,ae214850d5596982,attnlrp,recall_at_k,0.18181818181818182,target,Modulation,"{'n_gold_tokens': 11, 'k': 11}",xlmr
task2_plausibility,ae214850d5596982,attnlrp,f1_at_k,0.18181818181818182,target,Modulation,"{'n_gold_tokens': 11, 'k': 11}",xlmr
task2_plausibility,ae214850d5596982,attnlrp,auprc,0.20894046216769177,target,Modulation,"{'n_gold_tokens': 11, 'k': 11}",xlmr
task2_plausibility,ae214850d5596982,attnlrp,precision_at_k,0.09090909090909091,target,Compression,"{'n_gold_tokens': 11, 'k': 11}",xlmr
task2_plausibility,ae214850d5596982,attnlrp,recall_at_k,0.09090909090909091,target,Compression,"{'n_gold_tokens': 11, 'k': 11}",xlmr
task2_plausibility,ae214850d5596982,attnlrp,f1_at_k,0.09090909090909091,target,Compression,"{'n_gold_tokens': 11, 'k': 11}",xlmr
task2_plausibility,ae214850d5596982,attnlrp,auprc,0.24156390440346298,target,Compression,"{'n_gold_tokens': 11, 'k': 11}",xlmr
task2_plausibility,afa62987cea13068,attnlrp,precision_at_k,0.4,target,Synonymy,"{'n_gold_tokens': 15, 'k': 15}",xlmr
task2_plausibility,afa62987cea13068,attnlrp,recall_at_k,0.4,target,Synonymy,"{'n_gold_tokens': 15, 'k': 15}",xlmr
task2_plausibility,afa62987cea13068,attnlrp,f1_at_k,0.4000000000000001,target,Synonymy,"{'n_gold_tokens': 15, 'k': 15}",xlmr
task2_plausibility,afa62987cea13068,attnlrp,auprc,0.3543203833574937,target,Synonymy,"{'n_gold_tokens': 15, 'k': 15}",xlmr
task2_plausibility,afa62987cea13068,attnlrp,precision_at_k,0.3333333333333333,target,Modulation,"{'n_gold_tokens': 15, 'k': 15}",xlmr
task2_plausibility,afa62987cea13068,attnlrp,recall_at_k,0.3333333333333333,target,Modulation,"{'n_gold_tokens': 15, 'k': 15}",xlmr
task2_plausibility,afa62987cea13068,attnlrp,f1_at_k,0.3333333333333333,target,Modulation,"{'n_gold_tokens': 15, 'k': 15}",xlmr
task2_plausibility,afa62987cea13068,attnlrp,auprc,0.37865042301039775,target,Modulation,"{'n_gold_tokens': 15, 'k': 15}",xlmr
task2_plausibility,afa62987cea13068,attnlrp,precision_at_k,0.4666666666666667,target,Compression,"{'n_gold_tokens': 15, 'k': 15}",xlmr
task2_plausibility,afa62987cea13068,attnlrp,recall_at_k,0.4666666666666667,target,Compression,"{'n_gold_tokens': 15, 'k': 15}",xlmr
task2_plausibility,afa62987cea13068,attnlrp,f1_at_k,0.4666666666666667,target,Compression,"{'n_gold_tokens': 15, 'k': 15}",xlmr
task2_plausibility,afa62987cea13068,attnlrp,auprc,0.42583789667122995,target,Compression,"{'n_gold_tokens': 15, 'k': 15}",xlmr
task2_plausibility,afa62987cea13068,attnlrp,precision_at_k,0.4,target,Explanation,"{'n_gold_tokens': 15, 'k': 15}",xlmr
task2_plausibility,afa62987cea13068,attnlrp,recall_at_k,0.4,target,Explanation,"{'n_gold_tokens': 15, 'k': 15}",xlmr
task2_plausibility,afa62987cea13068,attnlrp,f1_at_k,0.4000000000000001,target,Explanation,"{'n_gold_tokens': 15, 'k': 15}",xlmr
task2_plausibility,afa62987cea13068,attnlrp,auprc,0.4305908866574857,target,Explanation,"{'n_gold_tokens': 15, 'k': 15}",xlmr
task2_plausibility,afa62987cea13068,attnlrp,precision_at_k,0.4666666666666667,target,Syntactic Change,"{'n_gold_tokens': 15, 'k': 15}",xlmr
task2_plausibility,afa62987cea13068,attnlrp,recall_at_k,0.4666666666666667,target,Syntactic Change,"{'n_gold_tokens': 15, 'k': 15}",xlmr
task2_plausibility,afa62987cea13068,attnlrp,f1_at_k,0.4666666666666667,target,Syntactic Change,"{'n_gold_tokens': 15, 'k': 15}",xlmr
task2_plausibility,afa62987cea13068,attnlrp,auprc,0.5131879832219508,target,Syntactic Change,"{'n_gold_tokens': 15, 'k': 15}",xlmr
task2_plausibility,afa62987cea13068,attnlrp,precision_at_k,0.5333333333333333,target,Omission,"{'n_gold_tokens': 15, 'k': 15}",xlmr
task2_plausibility,afa62987cea13068,attnlrp,recall_at_k,0.5333333333333333,target,Omission,"{'n_gold_tokens': 15, 'k': 15}",xlmr
task2_plausibility,afa62987cea13068,attnlrp,f1_at_k,0.5333333333333333,target,Omission,"{'n_gold_tokens': 15, 'k': 15}",xlmr
task2_plausibility,afa62987cea13068,attnlrp,auprc,0.4742475986031772,target,Omission,"{'n_gold_tokens': 15, 'k': 15}",xlmr
task2_plausibility,d2f2e7f20eec472a,attnlrp,precision_at_k,0.5,target,Synonymy,"{'n_gold_tokens': 8, 'k': 8}",xlmr
task2_plausibility,d2f2e7f20eec472a,attnlrp,recall_at_k,0.5,target,Synonymy,"{'n_gold_tokens': 8, 'k': 8}",xlmr
task2_plausibility,d2f2e7f20eec472a,attnlrp,f1_at_k,0.5,target,Synonymy,"{'n_gold_tokens': 8, 'k': 8}",xlmr
task2_plausibility,d2f2e7f20eec472a,attnlrp,auprc,0.40750681791621474,target,Synonymy,"{'n_gold_tokens': 8, 'k': 8}",xlmr
task2_plausibility,d2f2e7f20eec472a,attnlrp,precision_at_k,0.25,target,Modulation,"{'n_gold_tokens': 8, 'k': 8}",xlmr
task2_plausibility,d2f2e7f20eec472a,attnlrp,recall_at_k,0.25,target,Modulation,"{'n_gold_tokens': 8, 'k': 8}",xlmr
task2_plausibility,d2f2e7f20eec472a,attnlrp,f1_at_k,0.25,target,Modulation,"{'n_gold_tokens': 8, 'k': 8}",xlmr
task2_plausibility,d2f2e7f20eec472a,attnlrp,auprc,0.4177208037365143,target,Modulation,"{'n_gold_tokens': 8, 'k': 8}",xlmr
task2_plausibility,d2f2e7f20eec472a,attnlrp,precision_at_k,0.5,target,Compression,"{'n_gold_tokens': 8, 'k': 8}",xlmr
task2_plausibility,d2f2e7f20eec472a,attnlrp,recall_at_k,0.5,target,Compression,"{'n_gold_tokens': 8, 'k': 8}",xlmr
task2_plausibility,d2f2e7f20eec472a,attnlrp,f1_at_k,0.5,target,Compression,"{'n_gold_tokens': 8, 'k': 8}",xlmr
task2_plausibility,d2f2e7f20eec472a,attnlrp,auprc,0.47929357446599397,target,Compression,"{'n_gold_tokens': 8, 'k': 8}",xlmr
task2_plausibility,d529a52fe5e1accf,attnlrp,precision_at_k,0.34615384615384615,target,Synonymy,"{'n_gold_tokens': 26, 'k': 26}",xlmr
task2_plausibility,d529a52fe5e1accf,attnlrp,recall_at_k,0.34615384615384615,target,Synonymy,"{'n_gold_tokens': 26, 'k': 26}",xlmr
task2_plausibility,d529a52fe5e1accf,attnlrp,f1_at_k,0.34615384615384615,target,Synonymy,"{'n_gold_tokens': 26, 'k': 26}",xlmr
task2_plausibility,d529a52fe5e1accf,attnlrp,auprc,0.306852752456924,target,Synonymy,"{'n_gold_tokens': 26, 'k': 26}",xlmr
task2_plausibility,d529a52fe5e1accf,attnlrp,precision_at_k,0.3076923076923077,target,Modulation,"{'n_gold_tokens': 26, 'k': 26}",xlmr
task2_plausibility,d529a52fe5e1accf,attnlrp,recall_at_k,0.3076923076923077,target,Modulation,"{'n_gold_tokens': 26, 'k': 26}",xlmr
task2_plausibility,d529a52fe5e1accf,attnlrp,f1_at_k,0.3076923076923077,target,Modulation,"{'n_gold_tokens': 26, 'k': 26}",xlmr
task2_plausibility,d529a52fe5e1accf,attnlrp,auprc,0.3060802329066349,target,Modulation,"{'n_gold_tokens': 26, 'k': 26}",xlmr
task2_plausibility,d529a52fe5e1accf,attnlrp,precision_at_k,0.38461538461538464,target,Compression,"{'n_gold_tokens': 26, 'k': 26}",xlmr
task2_plausibility,d529a52fe5e1accf,attnlrp,recall_at_k,0.38461538461538464,target,Compression,"{'n_gold_tokens': 26, 'k': 26}",xlmr
task2_plausibility,d529a52fe5e1accf,attnlrp,f1_at_k,0.38461538461538464,target,Compression,"{'n_gold_tokens': 26, 'k': 26}",xlmr
task2_plausibility,d529a52fe5e1accf,attnlrp,auprc,0.3083526905818006,target,Compression,"{'n_gold_tokens': 26, 'k': 26}",xlmr
task2_plausibility,d529a52fe5e1accf,attnlrp,precision_at_k,0.38461538461538464,target,Syntactic Change,"{'n_gold_tokens': 26, 'k': 26}",xlmr
task2_plausibility,d529a52fe5e1accf,attnlrp,recall_at_k,0.38461538461538464,target,Syntactic Change,"{'n_gold_tokens': 26, 'k': 26}",xlmr
task2_plausibility,d529a52fe5e1accf,attnlrp,f1_at_k,0.38461538461538464,target,Syntactic Change,"{'n_gold_tokens': 26, 'k': 26}",xlmr
task2_plausibility,d529a52fe5e1accf,attnlrp,auprc,0.3897573496514959,target,Syntactic Change,"{'n_gold_tokens': 26, 'k': 26}",xlmr
task2_plausibility,d529a52fe5e1accf,attnlrp,precision_at_k,0.34615384615384615,target,Omission,"{'n_gold_tokens': 26, 'k': 26}",xlmr
task2_plausibility,d529a52fe5e1accf,attnlrp,recall_at_k,0.34615384615384615,target,Omission,"{'n_gold_tokens': 26, 'k': 26}",xlmr
task2_plausibility,d529a52fe5e1accf,attnlrp,f1_at_k,0.34615384615384615,target,Omission,"{'n_gold_tokens': 26, 'k': 26}",xlmr
task2_plausibility,d529a52fe5e1accf,attnlrp,auprc,0.2824519016771373,target,Omission,"{'n_gold_tokens': 26, 'k': 26}",xlmr
task2_plausibility,e1635557c291c741,attnlrp,precision_at_k,0.0,target,Synonymy,"{'n_gold_tokens': 2, 'k': 2}",xlmr
task2_plausibility,e1635557c291c741,attnlrp,recall_at_k,0.0,target,Synonymy,"{'n_gold_tokens': 2, 'k': 2}",xlmr
task2_plausibility,e1635557c291c741,attnlrp,f1_at_k,0.0,target,Synonymy,"{'n_gold_tokens': 2, 'k': 2}",xlmr
task2_plausibility,e1635557c291c741,attnlrp,auprc,0.2,target,Synonymy,"{'n_gold_tokens': 2, 'k': 2}",xlmr
task2_plausibility,e1635557c291c741,attnlrp,precision_at_k,0.0,target,Modulation,"{'n_gold_tokens': 2, 'k': 2}",xlmr
task2_plausibility,e1635557c291c741,attnlrp,recall_at_k,0.0,target,Modulation,"{'n_gold_tokens': 2, 'k': 2}",xlmr
task2_plausibility,e1635557c291c741,attnlrp,f1_at_k,0.0,target,Modulation,"{'n_gold_tokens': 2, 'k': 2}",xlmr
task2_plausibility,e1635557c291c741,attnlrp,auprc,0.2121212121212121,target,Modulation,"{'n_gold_tokens': 2, 'k': 2}",xlmr
task2_plausibility,ec435d1ae8212c0b,attnlrp,precision_at_k,0.0,target,Synonymy,"{'n_gold_tokens': 9, 'k': 9}",xlmr
task2_plausibility,ec435d1ae8212c0b,attnlrp,recall_at_k,0.0,target,Synonymy,"{'n_gold_tokens': 9, 'k': 9}",xlmr
task2_plausibility,ec435d1ae8212c0b,attnlrp,f1_at_k,0.0,target,Synonymy,"{'n_gold_tokens': 9, 'k': 9}",xlmr
task2_plausibility,ec435d1ae8212c0b,attnlrp,auprc,0.18560383429181743,target,Synonymy,"{'n_gold_tokens': 9, 'k': 9}",xlmr
task2_plausibility,ec435d1ae8212c0b,attnlrp,precision_at_k,0.0,target,Modulation,"{'n_gold_tokens': 9, 'k': 9}",xlmr
task2_plausibility,ec435d1ae8212c0b,attnlrp,recall_at_k,0.0,target,Modulation,"{'n_gold_tokens': 9, 'k': 9}",xlmr
task2_plausibility,ec435d1ae8212c0b,attnlrp,f1_at_k,0.0,target,Modulation,"{'n_gold_tokens': 9, 'k': 9}",xlmr
task2_plausibility,ec435d1ae8212c0b,attnlrp,auprc,0.16669267033412694,target,Modulation,"{'n_gold_tokens': 9, 'k': 9}",xlmr
task2_plausibility,ec435d1ae8212c0b,attnlrp,precision_at_k,0.1111111111111111,target,Compression,"{'n_gold_tokens': 9, 'k': 9}",xlmr
task2_plausibility,ec435d1ae8212c0b,attnlrp,recall_at_k,0.1111111111111111,target,Compression,"{'n_gold_tokens': 9, 'k': 9}",xlmr
task2_plausibility,ec435d1ae8212c0b,attnlrp,f1_at_k,0.1111111111111111,target,Compression,"{'n_gold_tokens': 9, 'k': 9}",xlmr
task2_plausibility,ec435d1ae8212c0b,attnlrp,auprc,0.1693396592022943,target,Compression,"{'n_gold_tokens': 9, 'k': 9}",xlmr
task2_plausibility,f3ab5a6cd6537ab7,attnlrp,precision_at_k,0.25,target,Synonymy,"{'n_gold_tokens': 12, 'k': 12}",xlmr
task2_plausibility,f3ab5a6cd6537ab7,attnlrp,recall_at_k,0.25,target,Synonymy,"{'n_gold_tokens': 12, 'k': 12}",xlmr
task2_plausibility,f3ab5a6cd6537ab7,attnlrp,f1_at_k,0.25,target,Synonymy,"{'n_gold_tokens': 12, 'k': 12}",xlmr
task2_plausibility,f3ab5a6cd6537ab7,attnlrp,auprc,0.29183272908149194,target,Synonymy,"{'n_gold_tokens': 12, 'k': 12}",xlmr
task2_plausibility,f3ab5a6cd6537ab7,attnlrp,precision_at_k,0.3333333333333333,target,Modulation,"{'n_gold_tokens': 12, 'k': 12}",xlmr
task2_plausibility,f3ab5a6cd6537ab7,attnlrp,recall_at_k,0.3333333333333333,target,Modulation,"{'n_gold_tokens': 12, 'k': 12}",xlmr
task2_plausibility,f3ab5a6cd6537ab7,attnlrp,f1_at_k,0.3333333333333333,target,Modulation,"{'n_gold_tokens': 12, 'k': 12}",xlmr
task2_plausibility,f3ab5a6cd6537ab7,attnlrp,auprc,0.36677065407567,target,Modulation,"{'n_gold_tokens': 12, 'k': 12}",xlmr
task2_plausibility,f3ab5a6cd6537ab7,attnlrp,precision_at_k,0.4166666666666667,target,Compression,"{'n_gold_tokens': 12, 'k': 12}",xlmr
task2_plausibility,f3ab5a6cd6537ab7,attnlrp,recall_at_k,0.4166666666666667,target,Compression,"{'n_gold_tokens': 12, 'k': 12}",xlmr
task2_plausibility,f3ab5a6cd6537ab7,attnlrp,f1_at_k,0.4166666666666667,target,Compression,"{'n_gold_tokens': 12, 'k': 12}",xlmr
task2_plausibility,f3ab5a6cd6537ab7,attnlrp,auprc,0.4041047744434429,target,Compression,"{'n_gold_tokens': 12, 'k': 12}",xlmr
task2_plausibility,f6b714bbbe2b60d7,attnlrp,precision_at_k,0.3125,target,Synonymy,"{'n_gold_tokens': 16, 'k': 16}",xlmr
task2_plausibility,f6b714bbbe2b60d7,attnlrp,recall_at_k,0.3125,target,Synonymy,"{'n_gold_tokens': 16, 'k': 16}",xlmr
task2_plausibility,f6b714bbbe2b60d7,attnlrp,f1_at_k,0.3125,target,Synonymy,"{'n_gold_tokens': 16, 'k': 16}",xlmr
task2_plausibility,f6b714bbbe2b60d7,attnlrp,auprc,0.2677833910743895,target,Synonymy,"{'n_gold_tokens': 16, 'k': 16}",xlmr
task2_plausibility,f6b714bbbe2b60d7,attnlrp,precision_at_k,0.375,target,Modulation,"{'n_gold_tokens': 16, 'k': 16}",xlmr
task2_plausibility,f6b714bbbe2b60d7,attnlrp,recall_at_k,0.375,target,Modulation,"{'n_gold_tokens': 16, 'k': 16}",xlmr
task2_plausibility,f6b714bbbe2b60d7,attnlrp,f1_at_k,0.375,target,Modulation,"{'n_gold_tokens': 16, 'k': 16}",xlmr
task2_plausibility,f6b714bbbe2b60d7,attnlrp,auprc,0.40228082798571513,target,Modulation,"{'n_gold_tokens': 16, 'k': 16}",xlmr
task2_plausibility,f6b714bbbe2b60d7,attnlrp,precision_at_k,0.5,target,Compression,"{'n_gold_tokens': 16, 'k': 16}",xlmr
task2_plausibility,f6b714bbbe2b60d7,attnlrp,recall_at_k,0.5,target,Compression,"{'n_gold_tokens': 16, 'k': 16}",xlmr
task2_plausibility,f6b714bbbe2b60d7,attnlrp,f1_at_k,0.5,target,Compression,"{'n_gold_tokens': 16, 'k': 16}",xlmr
task2_plausibility,f6b714bbbe2b60d7,attnlrp,auprc,0.3937380613327011,target,Compression,"{'n_gold_tokens': 16, 'k': 16}",xlmr
task2_plausibility,f6b714bbbe2b60d7,attnlrp,precision_at_k,0.3125,target,Omission,"{'n_gold_tokens': 16, 'k': 16}",xlmr
task2_plausibility,f6b714bbbe2b60d7,attnlrp,recall_at_k,0.3125,target,Omission,"{'n_gold_tokens': 16, 'k': 16}",xlmr
task2_plausibility,f6b714bbbe2b60d7,attnlrp,f1_at_k,0.3125,target,Omission,"{'n_gold_tokens': 16, 'k': 16}",xlmr
task2_plausibility,f6b714bbbe2b60d7,attnlrp,auprc,0.3336780854114703,target,Omission,"{'n_gold_tokens': 16, 'k': 16}",xlmr
task2_plausibility,fd519ad255631654,attnlrp,precision_at_k,0.2903225806451613,target,Synonymy,"{'n_gold_tokens': 31, 'k': 31}",xlmr
task2_plausibility,fd519ad255631654,attnlrp,recall_at_k,0.2903225806451613,target,Synonymy,"{'n_gold_tokens': 31, 'k': 31}",xlmr
task2_plausibility,fd519ad255631654,attnlrp,f1_at_k,0.2903225806451613,target,Synonymy,"{'n_gold_tokens': 31, 'k': 31}",xlmr
task2_plausibility,fd519ad255631654,attnlrp,auprc,0.36754755065013944,target,Synonymy,"{'n_gold_tokens': 31, 'k': 31}",xlmr
task2_plausibility,fd519ad255631654,attnlrp,precision_at_k,0.3870967741935484,target,Modulation,"{'n_gold_tokens': 31, 'k': 31}",xlmr
task2_plausibility,fd519ad255631654,attnlrp,recall_at_k,0.3870967741935484,target,Modulation,"{'n_gold_tokens': 31, 'k': 31}",xlmr
task2_plausibility,fd519ad255631654,attnlrp,f1_at_k,0.3870967741935484,target,Modulation,"{'n_gold_tokens': 31, 'k': 31}",xlmr
task2_plausibility,fd519ad255631654,attnlrp,auprc,0.48752961376714565,target,Modulation,"{'n_gold_tokens': 31, 'k': 31}",xlmr
task2_plausibility,fd519ad255631654,attnlrp,precision_at_k,0.3870967741935484,target,Compression,"{'n_gold_tokens': 31, 'k': 31}",xlmr
task2_plausibility,fd519ad255631654,attnlrp,recall_at_k,0.3870967741935484,target,Compression,"{'n_gold_tokens': 31, 'k': 31}",xlmr
task2_plausibility,fd519ad255631654,attnlrp,f1_at_k,0.3870967741935484,target,Compression,"{'n_gold_tokens': 31, 'k': 31}",xlmr
task2_plausibility,fd519ad255631654,attnlrp,auprc,0.3914372289967733,target,Compression,"{'n_gold_tokens': 31, 'k': 31}",xlmr
task2_plausibility,fd519ad255631654,attnlrp,precision_at_k,0.3225806451612903,target,Explanation,"{'n_gold_tokens': 31, 'k': 31}",xlmr
task2_plausibility,fd519ad255631654,attnlrp,recall_at_k,0.3225806451612903,target,Explanation,"{'n_gold_tokens': 31, 'k': 31}",xlmr
task2_plausibility,fd519ad255631654,attnlrp,f1_at_k,0.3225806451612903,target,Explanation,"{'n_gold_tokens': 31, 'k': 31}",xlmr
task2_plausibility,fd519ad255631654,attnlrp,auprc,0.3143178003416891,target,Explanation,"{'n_gold_tokens': 31, 'k': 31}",xlmr
task2_plausibility,fd519ad255631654,attnlrp,precision_at_k,0.1935483870967742,target,Syntactic Change,"{'n_gold_tokens': 31, 'k': 31}",xlmr
task2_plausibility,fd519ad255631654,attnlrp,recall_at_k,0.1935483870967742,target,Syntactic Change,"{'n_gold_tokens': 31, 'k': 31}",xlmr
task2_plausibility,fd519ad255631654,attnlrp,f1_at_k,0.1935483870967742,target,Syntactic Change,"{'n_gold_tokens': 31, 'k': 31}",xlmr
task2_plausibility,fd519ad255631654,attnlrp,auprc,0.2717486955605148,target,Syntactic Change,"{'n_gold_tokens': 31, 'k': 31}",xlmr
task2_plausibility,fd519ad255631654,attnlrp,precision_at_k,0.3225806451612903,target,Omission,"{'n_gold_tokens': 31, 'k': 31}",xlmr
task2_plausibility,fd519ad255631654,attnlrp,recall_at_k,0.3225806451612903,target,Omission,"{'n_gold_tokens': 31, 'k': 31}",xlmr
task2_plausibility,fd519ad255631654,attnlrp,f1_at_k,0.3225806451612903,target,Omission,"{'n_gold_tokens': 31, 'k': 31}",xlmr
task2_plausibility,fd519ad255631654,attnlrp,auprc,0.43482234323248903,target,Omission,"{'n_gold_tokens': 31, 'k': 31}",xlmr
