run_id,example_id,method,metric,value,slice_name,slice_value,model
task2_qwen_plausibility,4714cc6651769334,integrated_gradients_qwen,precision_at_k,0.058823529411764705,target,Synonymy,qwen
task2_qwen_plausibility,4714cc6651769334,integrated_gradients_qwen,recall_at_k,0.058823529411764705,target,Synonymy,qwen
task2_qwen_plausibility,4714cc6651769334,integrated_gradients_qwen,f1_at_k,0.058823529411764705,target,Synonymy,qwen
task2_qwen_plausibility,4714cc6651769334,integrated_gradients_qwen,auprc,0.05049793553129451,target,Synonymy,qwen
task2_qwen_plausibility,4714cc6651769334,integrated_gradients_qwen,precision_at_k,0.058823529411764705,target,Compression,qwen
task2_qwen_plausibility,4714cc6651769334,integrated_gradients_qwen,recall_at_k,0.058823529411764705,target,Compression,qwen
task2_qwen_plausibility,4714cc6651769334,integrated_gradients_qwen,f1_at_k,0.058823529411764705,target,Compression,qwen
task2_qwen_plausibility,4714cc6651769334,integrated_gradients_qwen,auprc,0.06727604806805415,target,Compression,qwen
task2_qwen_plausibility,4714cc6651769334,integrated_gradients_qwen,precision_at_k,0.0,target,Omission,qwen
task2_qwen_plausibility,4714cc6651769334,integrated_gradients_qwen,recall_at_k,0.0,target,Omission,qwen
task2_qwen_plausibility,4714cc6651769334,integrated_gradients_qwen,f1_at_k,0.0,target,Omission,qwen
task2_qwen_plausibility,4714cc6651769334,integrated_gradients_qwen,auprc,0.07176823666102403,target,Omission,qwen
task2_qwen_plausibility,d3145f304c3469e2,integrated_gradients_qwen,precision_at_k,0.2222222222222222,target,Compression,qwen
task2_qwen_plausibility,d3145f304c3469e2,integrated_gradients_qwen,recall_at_k,0.2222222222222222,target,Compression,qwen
task2_qwen_plausibility,d3145f304c3469e2,integrated_gradients_qwen,f1_at_k,0.2222222222222222,target,Compression,qwen
task2_qwen_plausibility,d3145f304c3469e2,integrated_gradients_qwen,auprc,0.17992895796794778,target,Compression,qwen
task2_qwen_plausibility,d3145f304c3469e2,integrated_gradients_qwen,precision_at_k,0.13333333333333333,target,Omission,qwen
task2_qwen_plausibility,d3145f304c3469e2,integrated_gradients_qwen,recall_at_k,0.13333333333333333,target,Omission,qwen
task2_qwen_plausibility,d3145f304c3469e2,integrated_gradients_qwen,f1_at_k,0.13333333333333333,target,Omission,qwen
task2_qwen_plausibility,d3145f304c3469e2,integrated_gradients_qwen,auprc,0.10042990002634335,target,Omission,qwen
task2_qwen_plausibility,27232ed14f973bec,integrated_gradients_qwen,precision_at_k,0.043478260869565216,target,Synonymy,qwen
task2_qwen_plausibility,27232ed14f973bec,integrated_gradients_qwen,recall_at_k,0.043478260869565216,target,Synonymy,qwen
task2_qwen_plausibility,27232ed14f973bec,integrated_gradients_qwen,f1_at_k,0.043478260869565216,target,Synonymy,qwen
task2_qwen_plausibility,27232ed14f973bec,integrated_gradients_qwen,auprc,0.0627551133188495,target,Synonymy,qwen
task2_qwen_plausibility,27232ed14f973bec,integrated_gradients_qwen,precision_at_k,0.17391304347826086,target,Compression,qwen
task2_qwen_plausibility,27232ed14f973bec,integrated_gradients_qwen,recall_at_k,0.17391304347826086,target,Compression,qwen
task2_qwen_plausibility,27232ed14f973bec,integrated_gradients_qwen,f1_at_k,0.17391304347826086,target,Compression,qwen
task2_qwen_plausibility,27232ed14f973bec,integrated_gradients_qwen,auprc,0.13336123918778686,target,Compression,qwen
task2_qwen_plausibility,27232ed14f973bec,integrated_gradients_qwen,precision_at_k,0.043478260869565216,target,Omission,qwen
task2_qwen_plausibility,27232ed14f973bec,integrated_gradients_qwen,recall_at_k,0.043478260869565216,target,Omission,qwen
task2_qwen_plausibility,27232ed14f973bec,integrated_gradients_qwen,f1_at_k,0.043478260869565216,target,Omission,qwen
task2_qwen_plausibility,27232ed14f973bec,integrated_gradients_qwen,auprc,0.06569282603688126,target,Omission,qwen
task2_qwen_plausibility,0498438bbf75499b,integrated_gradients_qwen,precision_at_k,0.13333333333333333,target,Synonymy,qwen
task2_qwen_plausibility,0498438bbf75499b,integrated_gradients_qwen,recall_at_k,0.13333333333333333,target,Synonymy,qwen
task2_qwen_plausibility,0498438bbf75499b,integrated_gradients_qwen,f1_at_k,0.13333333333333333,target,Synonymy,qwen
task2_qwen_plausibility,0498438bbf75499b,integrated_gradients_qwen,auprc,0.0941566891603284,target,Synonymy,qwen
task2_qwen_plausibility,0498438bbf75499b,integrated_gradients_qwen,precision_at_k,0.06666666666666667,target,Compression,qwen
task2_qwen_plausibility,0498438bbf75499b,integrated_gradients_qwen,recall_at_k,0.06666666666666667,target,Compression,qwen
task2_qwen_plausibility,0498438bbf75499b,integrated_gradients_qwen,f1_at_k,0.06666666666666667,target,Compression,qwen
task2_qwen_plausibility,0498438bbf75499b,integrated_gradients_qwen,auprc,0.11379990616371563,target,Compression,qwen
task2_qwen_plausibility,0498438bbf75499b,integrated_gradients_qwen,precision_at_k,0.0,target,Omission,qwen
task2_qwen_plausibility,0498438bbf75499b,integrated_gradients_qwen,recall_at_k,0.0,target,Omission,qwen
task2_qwen_plausibility,0498438bbf75499b,integrated_gradients_qwen,f1_at_k,0.0,target,Omission,qwen
task2_qwen_plausibility,0498438bbf75499b,integrated_gradients_qwen,auprc,0.039072051390147494,target,Omission,qwen
task2_qwen_plausibility,c8de7f52dd678b4d,integrated_gradients_qwen,precision_at_k,0.0,target,Synonymy,qwen
task2_qwen_plausibility,c8de7f52dd678b4d,integrated_gradients_qwen,recall_at_k,0.0,target,Synonymy,qwen
task2_qwen_plausibility,c8de7f52dd678b4d,integrated_gradients_qwen,f1_at_k,0.0,target,Synonymy,qwen
task2_qwen_plausibility,c8de7f52dd678b4d,integrated_gradients_qwen,auprc,0.079560697518444,target,Synonymy,qwen
task2_qwen_plausibility,c8de7f52dd678b4d,integrated_gradients_qwen,precision_at_k,0.0,target,Compression,qwen
task2_qwen_plausibility,c8de7f52dd678b4d,integrated_gradients_qwen,recall_at_k,0.0,target,Compression,qwen
task2_qwen_plausibility,c8de7f52dd678b4d,integrated_gradients_qwen,f1_at_k,0.0,target,Compression,qwen
task2_qwen_plausibility,c8de7f52dd678b4d,integrated_gradients_qwen,auprc,0.08198151055293912,target,Compression,qwen
task2_qwen_plausibility,c8de7f52dd678b4d,integrated_gradients_qwen,precision_at_k,0.0,target,Omission,qwen
task2_qwen_plausibility,c8de7f52dd678b4d,integrated_gradients_qwen,recall_at_k,0.0,target,Omission,qwen
task2_qwen_plausibility,c8de7f52dd678b4d,integrated_gradients_qwen,f1_at_k,0.0,target,Omission,qwen
task2_qwen_plausibility,c8de7f52dd678b4d,integrated_gradients_qwen,auprc,0.10182501341921632,target,Omission,qwen
task2_qwen_plausibility,e6a78d3bf2d4e9fb,integrated_gradients_qwen,precision_at_k,0.044444444444444446,target,Synonymy,qwen
task2_qwen_plausibility,e6a78d3bf2d4e9fb,integrated_gradients_qwen,recall_at_k,0.044444444444444446,target,Synonymy,qwen
task2_qwen_plausibility,e6a78d3bf2d4e9fb,integrated_gradients_qwen,f1_at_k,0.044444444444444446,target,Synonymy,qwen
task2_qwen_plausibility,e6a78d3bf2d4e9fb,integrated_gradients_qwen,auprc,0.10169551104778823,target,Synonymy,qwen
task2_qwen_plausibility,e6a78d3bf2d4e9fb,integrated_gradients_qwen,precision_at_k,0.06666666666666667,target,Compression,qwen
task2_qwen_plausibility,e6a78d3bf2d4e9fb,integrated_gradients_qwen,recall_at_k,0.06666666666666667,target,Compression,qwen
task2_qwen_plausibility,e6a78d3bf2d4e9fb,integrated_gradients_qwen,f1_at_k,0.06666666666666667,target,Compression,qwen
task2_qwen_plausibility,e6a78d3bf2d4e9fb,integrated_gradients_qwen,auprc,0.1412159826152257,target,Compression,qwen
task2_qwen_plausibility,e6a78d3bf2d4e9fb,integrated_gradients_qwen,precision_at_k,0.1111111111111111,target,Omission,qwen
task2_qwen_plausibility,e6a78d3bf2d4e9fb,integrated_gradients_qwen,recall_at_k,0.1111111111111111,target,Omission,qwen
task2_qwen_plausibility,e6a78d3bf2d4e9fb,integrated_gradients_qwen,f1_at_k,0.1111111111111111,target,Omission,qwen
task2_qwen_plausibility,e6a78d3bf2d4e9fb,integrated_gradients_qwen,auprc,0.09550492883971767,target,Omission,qwen
task2_qwen_plausibility,6a4c94232b1d7c40,integrated_gradients_qwen,precision_at_k,0.05555555555555555,target,Compression,qwen
task2_qwen_plausibility,6a4c94232b1d7c40,integrated_gradients_qwen,recall_at_k,0.05555555555555555,target,Compression,qwen
task2_qwen_plausibility,6a4c94232b1d7c40,integrated_gradients_qwen,f1_at_k,0.05555555555555555,target,Compression,qwen
task2_qwen_plausibility,6a4c94232b1d7c40,integrated_gradients_qwen,auprc,0.0656229166232491,target,Compression,qwen
task2_qwen_plausibility,6a4c94232b1d7c40,integrated_gradients_qwen,precision_at_k,0.05555555555555555,target,Omission,qwen
task2_qwen_plausibility,6a4c94232b1d7c40,integrated_gradients_qwen,recall_at_k,0.05555555555555555,target,Omission,qwen
task2_qwen_plausibility,6a4c94232b1d7c40,integrated_gradients_qwen,f1_at_k,0.05555555555555555,target,Omission,qwen
task2_qwen_plausibility,6a4c94232b1d7c40,integrated_gradients_qwen,auprc,0.06672023466959537,target,Omission,qwen
task2_qwen_plausibility,1353894d0a209b8a,integrated_gradients_qwen,precision_at_k,0.09259259259259259,target,Synonymy,qwen
task2_qwen_plausibility,1353894d0a209b8a,integrated_gradients_qwen,recall_at_k,0.09259259259259259,target,Synonymy,qwen
task2_qwen_plausibility,1353894d0a209b8a,integrated_gradients_qwen,f1_at_k,0.09259259259259259,target,Synonymy,qwen
task2_qwen_plausibility,1353894d0a209b8a,integrated_gradients_qwen,auprc,0.10062276575332012,target,Synonymy,qwen
task2_qwen_plausibility,1353894d0a209b8a,integrated_gradients_qwen,precision_at_k,0.018518518518518517,target,Compression,qwen
task2_qwen_plausibility,1353894d0a209b8a,integrated_gradients_qwen,recall_at_k,0.018518518518518517,target,Compression,qwen
task2_qwen_plausibility,1353894d0a209b8a,integrated_gradients_qwen,f1_at_k,0.018518518518518517,target,Compression,qwen
task2_qwen_plausibility,1353894d0a209b8a,integrated_gradients_qwen,auprc,0.10560133603998204,target,Compression,qwen
task2_qwen_plausibility,1353894d0a209b8a,integrated_gradients_qwen,precision_at_k,0.09259259259259259,target,Omission,qwen
task2_qwen_plausibility,1353894d0a209b8a,integrated_gradients_qwen,recall_at_k,0.09259259259259259,target,Omission,qwen
task2_qwen_plausibility,1353894d0a209b8a,integrated_gradients_qwen,f1_at_k,0.09259259259259259,target,Omission,qwen
task2_qwen_plausibility,1353894d0a209b8a,integrated_gradients_qwen,auprc,0.10068840956806951,target,Omission,qwen
task2_qwen_plausibility,7efaf284b208daee,integrated_gradients_qwen,precision_at_k,0.0,target,Compression,qwen
task2_qwen_plausibility,7efaf284b208daee,integrated_gradients_qwen,recall_at_k,0.0,target,Compression,qwen
task2_qwen_plausibility,7efaf284b208daee,integrated_gradients_qwen,f1_at_k,0.0,target,Compression,qwen
task2_qwen_plausibility,7efaf284b208daee,integrated_gradients_qwen,auprc,0.04169655798077081,target,Compression,qwen
task2_qwen_plausibility,7efaf284b208daee,integrated_gradients_qwen,precision_at_k,0.0,target,Omission,qwen
task2_qwen_plausibility,7efaf284b208daee,integrated_gradients_qwen,recall_at_k,0.0,target,Omission,qwen
task2_qwen_plausibility,7efaf284b208daee,integrated_gradients_qwen,f1_at_k,0.0,target,Omission,qwen
task2_qwen_plausibility,7efaf284b208daee,integrated_gradients_qwen,auprc,0.03641089136997584,target,Omission,qwen
task2_qwen_plausibility,1f48b8837bec8ab6,integrated_gradients_qwen,precision_at_k,0.09375,target,Synonymy,qwen
task2_qwen_plausibility,1f48b8837bec8ab6,integrated_gradients_qwen,recall_at_k,0.09375,target,Synonymy,qwen
task2_qwen_plausibility,1f48b8837bec8ab6,integrated_gradients_qwen,f1_at_k,0.09375,target,Synonymy,qwen
task2_qwen_plausibility,1f48b8837bec8ab6,integrated_gradients_qwen,auprc,0.09553214082589248,target,Synonymy,qwen
task2_qwen_plausibility,1f48b8837bec8ab6,integrated_gradients_qwen,precision_at_k,0.0625,target,Compression,qwen
task2_qwen_plausibility,1f48b8837bec8ab6,integrated_gradients_qwen,recall_at_k,0.0625,target,Compression,qwen
task2_qwen_plausibility,1f48b8837bec8ab6,integrated_gradients_qwen,f1_at_k,0.0625,target,Compression,qwen
task2_qwen_plausibility,1f48b8837bec8ab6,integrated_gradients_qwen,auprc,0.13395690834227886,target,Compression,qwen
task2_qwen_plausibility,1f48b8837bec8ab6,integrated_gradients_qwen,precision_at_k,0.09375,target,Omission,qwen
task2_qwen_plausibility,1f48b8837bec8ab6,integrated_gradients_qwen,recall_at_k,0.09375,target,Omission,qwen
task2_qwen_plausibility,1f48b8837bec8ab6,integrated_gradients_qwen,f1_at_k,0.09375,target,Omission,qwen
task2_qwen_plausibility,1f48b8837bec8ab6,integrated_gradients_qwen,auprc,0.10109995312638545,target,Omission,qwen
task2_qwen_plausibility,807b53a961809e7d,integrated_gradients_qwen,precision_at_k,0.2,target,Synonymy,qwen
task2_qwen_plausibility,807b53a961809e7d,integrated_gradients_qwen,recall_at_k,0.2,target,Synonymy,qwen
task2_qwen_plausibility,807b53a961809e7d,integrated_gradients_qwen,f1_at_k,0.20000000000000004,target,Synonymy,qwen
task2_qwen_plausibility,807b53a961809e7d,integrated_gradients_qwen,auprc,0.2541754188999952,target,Synonymy,qwen
task2_qwen_plausibility,807b53a961809e7d,integrated_gradients_qwen,precision_at_k,0.0,target,Compression,qwen
task2_qwen_plausibility,807b53a961809e7d,integrated_gradients_qwen,recall_at_k,0.0,target,Compression,qwen
task2_qwen_plausibility,807b53a961809e7d,integrated_gradients_qwen,f1_at_k,0.0,target,Compression,qwen
task2_qwen_plausibility,807b53a961809e7d,integrated_gradients_qwen,auprc,0.08402523402523401,target,Compression,qwen
task2_qwen_plausibility,0392ae03f066a894,integrated_gradients_qwen,precision_at_k,0.07142857142857142,target,Synonymy,qwen
task2_qwen_plausibility,0392ae03f066a894,integrated_gradients_qwen,recall_at_k,0.07142857142857142,target,Synonymy,qwen
task2_qwen_plausibility,0392ae03f066a894,integrated_gradients_qwen,f1_at_k,0.07142857142857142,target,Synonymy,qwen
task2_qwen_plausibility,0392ae03f066a894,integrated_gradients_qwen,auprc,0.06606034387112092,target,Synonymy,qwen
task2_qwen_plausibility,0392ae03f066a894,integrated_gradients_qwen,precision_at_k,0.14285714285714285,target,Compression,qwen
task2_qwen_plausibility,0392ae03f066a894,integrated_gradients_qwen,recall_at_k,0.14285714285714285,target,Compression,qwen
task2_qwen_plausibility,0392ae03f066a894,integrated_gradients_qwen,f1_at_k,0.14285714285714285,target,Compression,qwen
task2_qwen_plausibility,0392ae03f066a894,integrated_gradients_qwen,auprc,0.24778791090534827,target,Compression,qwen
task2_qwen_plausibility,0392ae03f066a894,integrated_gradients_qwen,precision_at_k,0.14285714285714285,target,Omission,qwen
task2_qwen_plausibility,0392ae03f066a894,integrated_gradients_qwen,recall_at_k,0.14285714285714285,target,Omission,qwen
task2_qwen_plausibility,0392ae03f066a894,integrated_gradients_qwen,f1_at_k,0.14285714285714285,target,Omission,qwen
task2_qwen_plausibility,0392ae03f066a894,integrated_gradients_qwen,auprc,0.0831696550561452,target,Omission,qwen
task2_qwen_plausibility,040f71d839ae75d8,integrated_gradients_qwen,precision_at_k,0.05,target,Synonymy,qwen
task2_qwen_plausibility,040f71d839ae75d8,integrated_gradients_qwen,recall_at_k,0.05,target,Synonymy,qwen
task2_qwen_plausibility,040f71d839ae75d8,integrated_gradients_qwen,f1_at_k,0.05000000000000001,target,Synonymy,qwen
task2_qwen_plausibility,040f71d839ae75d8,integrated_gradients_qwen,auprc,0.07471091155230558,target,Synonymy,qwen
task2_qwen_plausibility,040f71d839ae75d8,integrated_gradients_qwen,precision_at_k,0.05,target,Compression,qwen
task2_qwen_plausibility,040f71d839ae75d8,integrated_gradients_qwen,recall_at_k,0.05,target,Compression,qwen
task2_qwen_plausibility,040f71d839ae75d8,integrated_gradients_qwen,f1_at_k,0.05000000000000001,target,Compression,qwen
task2_qwen_plausibility,040f71d839ae75d8,integrated_gradients_qwen,auprc,0.08777347188816459,target,Compression,qwen
task2_qwen_plausibility,040f71d839ae75d8,integrated_gradients_qwen,precision_at_k,0.1,target,Syntactic Change,qwen
task2_qwen_plausibility,040f71d839ae75d8,integrated_gradients_qwen,recall_at_k,0.1,target,Syntactic Change,qwen
task2_qwen_plausibility,040f71d839ae75d8,integrated_gradients_qwen,f1_at_k,0.10000000000000002,target,Syntactic Change,qwen
task2_qwen_plausibility,040f71d839ae75d8,integrated_gradients_qwen,auprc,0.07666546373810565,target,Syntactic Change,qwen
task2_qwen_plausibility,042e16733896f3cb,integrated_gradients_qwen,precision_at_k,0.0,target,Synonymy,qwen
task2_qwen_plausibility,042e16733896f3cb,integrated_gradients_qwen,recall_at_k,0.0,target,Synonymy,qwen
task2_qwen_plausibility,042e16733896f3cb,integrated_gradients_qwen,f1_at_k,0.0,target,Synonymy,qwen
task2_qwen_plausibility,042e16733896f3cb,integrated_gradients_qwen,auprc,0.007195874870465461,target,Synonymy,qwen
task2_qwen_plausibility,0670039b4a17b8b0,integrated_gradients_qwen,precision_at_k,0.029411764705882353,target,Synonymy,qwen
task2_qwen_plausibility,0670039b4a17b8b0,integrated_gradients_qwen,recall_at_k,0.029411764705882353,target,Synonymy,qwen
task2_qwen_plausibility,0670039b4a17b8b0,integrated_gradients_qwen,f1_at_k,0.029411764705882353,target,Synonymy,qwen
task2_qwen_plausibility,0670039b4a17b8b0,integrated_gradients_qwen,auprc,0.11368710390014379,target,Synonymy,qwen
task2_qwen_plausibility,0a08fcb71a7ad371,integrated_gradients_qwen,precision_at_k,0.2,target,Synonymy,qwen
task2_qwen_plausibility,0a08fcb71a7ad371,integrated_gradients_qwen,recall_at_k,0.2,target,Synonymy,qwen
task2_qwen_plausibility,0a08fcb71a7ad371,integrated_gradients_qwen,f1_at_k,0.20000000000000004,target,Synonymy,qwen
task2_qwen_plausibility,0a08fcb71a7ad371,integrated_gradients_qwen,auprc,0.08177764872886825,target,Synonymy,qwen
task2_qwen_plausibility,0db925627d2320ae,integrated_gradients_qwen,precision_at_k,0.0,target,Omission,qwen
task2_qwen_plausibility,0db925627d2320ae,integrated_gradients_qwen,recall_at_k,0.0,target,Omission,qwen
task2_qwen_plausibility,0db925627d2320ae,integrated_gradients_qwen,f1_at_k,0.0,target,Omission,qwen
task2_qwen_plausibility,0db925627d2320ae,integrated_gradients_qwen,auprc,0.03942704147768112,target,Omission,qwen
task2_qwen_plausibility,0e743f80a519755a,integrated_gradients_qwen,precision_at_k,0.0,target,Synonymy,qwen
task2_qwen_plausibility,0e743f80a519755a,integrated_gradients_qwen,recall_at_k,0.0,target,Synonymy,qwen
task2_qwen_plausibility,0e743f80a519755a,integrated_gradients_qwen,f1_at_k,0.0,target,Synonymy,qwen
task2_qwen_plausibility,0e743f80a519755a,integrated_gradients_qwen,auprc,0.048626399007496574,target,Synonymy,qwen
task2_qwen_plausibility,11046fa5908d72af,integrated_gradients_qwen,precision_at_k,0.1935483870967742,target,Synonymy,qwen
task2_qwen_plausibility,11046fa5908d72af,integrated_gradients_qwen,recall_at_k,0.1935483870967742,target,Synonymy,qwen
task2_qwen_plausibility,11046fa5908d72af,integrated_gradients_qwen,f1_at_k,0.1935483870967742,target,Synonymy,qwen
task2_qwen_plausibility,11046fa5908d72af,integrated_gradients_qwen,auprc,0.16319847714565766,target,Synonymy,qwen
task2_qwen_plausibility,11046fa5908d72af,integrated_gradients_qwen,precision_at_k,0.12903225806451613,target,Compression,qwen
task2_qwen_plausibility,11046fa5908d72af,integrated_gradients_qwen,recall_at_k,0.12903225806451613,target,Compression,qwen
task2_qwen_plausibility,11046fa5908d72af,integrated_gradients_qwen,f1_at_k,0.12903225806451613,target,Compression,qwen
task2_qwen_plausibility,11046fa5908d72af,integrated_gradients_qwen,auprc,0.13440565283175687,target,Compression,qwen
task2_qwen_plausibility,11046fa5908d72af,integrated_gradients_qwen,precision_at_k,0.06451612903225806,target,Syntactic Change,qwen
task2_qwen_plausibility,11046fa5908d72af,integrated_gradients_qwen,recall_at_k,0.06451612903225806,target,Syntactic Change,qwen
task2_qwen_plausibility,11046fa5908d72af,integrated_gradients_qwen,f1_at_k,0.06451612903225806,target,Syntactic Change,qwen
task2_qwen_plausibility,11046fa5908d72af,integrated_gradients_qwen,auprc,0.10888485177341872,target,Syntactic Change,qwen
task2_qwen_plausibility,118c25b0b4ea006a,integrated_gradients_qwen,precision_at_k,0.0,target,Synonymy,qwen
task2_qwen_plausibility,118c25b0b4ea006a,integrated_gradients_qwen,recall_at_k,0.0,target,Synonymy,qwen
task2_qwen_plausibility,118c25b0b4ea006a,integrated_gradients_qwen,f1_at_k,0.0,target,Synonymy,qwen
task2_qwen_plausibility,118c25b0b4ea006a,integrated_gradients_qwen,auprc,0.05379505414144292,target,Synonymy,qwen
task2_qwen_plausibility,118c25b0b4ea006a,integrated_gradients_qwen,precision_at_k,0.0,target,Compression,qwen
task2_qwen_plausibility,118c25b0b4ea006a,integrated_gradients_qwen,recall_at_k,0.0,target,Compression,qwen
task2_qwen_plausibility,118c25b0b4ea006a,integrated_gradients_qwen,f1_at_k,0.0,target,Compression,qwen
task2_qwen_plausibility,118c25b0b4ea006a,integrated_gradients_qwen,auprc,0.0748307386026357,target,Compression,qwen
task2_qwen_plausibility,118c25b0b4ea006a,integrated_gradients_qwen,precision_at_k,0.07692307692307693,target,Explanation,qwen
task2_qwen_plausibility,118c25b0b4ea006a,integrated_gradients_qwen,recall_at_k,0.07692307692307693,target,Explanation,qwen
task2_qwen_plausibility,118c25b0b4ea006a,integrated_gradients_qwen,f1_at_k,0.07692307692307693,target,Explanation,qwen
task2_qwen_plausibility,118c25b0b4ea006a,integrated_gradients_qwen,auprc,0.07285764450008689,target,Explanation,qwen
task2_qwen_plausibility,118c25b0b4ea006a,integrated_gradients_qwen,precision_at_k,0.038461538461538464,target,Syntactic Change,qwen
task2_qwen_plausibility,118c25b0b4ea006a,integrated_gradients_qwen,recall_at_k,0.038461538461538464,target,Syntactic Change,qwen
task2_qwen_plausibility,118c25b0b4ea006a,integrated_gradients_qwen,f1_at_k,0.038461538461538464,target,Syntactic Change,qwen
task2_qwen_plausibility,118c25b0b4ea006a,integrated_gradients_qwen,auprc,0.06087066453703265,target,Syntactic Change,qwen
task2_qwen_plausibility,12e23bd223f1277d,integrated_gradients_qwen,precision_at_k,0.0,target,Synonymy,qwen
task2_qwen_plausibility,12e23bd223f1277d,integrated_gradients_qwen,recall_at_k,0.0,target,Synonymy,qwen
task2_qwen_plausibility,12e23bd223f1277d,integrated_gradients_qwen,f1_at_k,0.0,target,Synonymy,qwen
task2_qwen_plausibility,12e23bd223f1277d,integrated_gradients_qwen,auprc,0.0701428501400089,target,Synonymy,qwen
task2_qwen_plausibility,12e23bd223f1277d,integrated_gradients_qwen,precision_at_k,0.16666666666666666,target,Syntactic Change,qwen
task2_qwen_plausibility,12e23bd223f1277d,integrated_gradients_qwen,recall_at_k,0.16666666666666666,target,Syntactic Change,qwen
task2_qwen_plausibility,12e23bd223f1277d,integrated_gradients_qwen,f1_at_k,0.16666666666666666,target,Syntactic Change,qwen
task2_qwen_plausibility,12e23bd223f1277d,integrated_gradients_qwen,auprc,0.19910361640743934,target,Syntactic Change,qwen
task2_qwen_plausibility,140753ca0917b049,integrated_gradients_qwen,precision_at_k,0.08823529411764706,target,Synonymy,qwen
task2_qwen_plausibility,140753ca0917b049,integrated_gradients_qwen,recall_at_k,0.08823529411764706,target,Synonymy,qwen
task2_qwen_plausibility,140753ca0917b049,integrated_gradients_qwen,f1_at_k,0.08823529411764706,target,Synonymy,qwen
task2_qwen_plausibility,140753ca0917b049,integrated_gradients_qwen,auprc,0.10356539170968329,target,Synonymy,qwen
task2_qwen_plausibility,140753ca0917b049,integrated_gradients_qwen,precision_at_k,0.11764705882352941,target,Syntactic Change,qwen
task2_qwen_plausibility,140753ca0917b049,integrated_gradients_qwen,recall_at_k,0.11764705882352941,target,Syntactic Change,qwen
task2_qwen_plausibility,140753ca0917b049,integrated_gradients_qwen,f1_at_k,0.11764705882352941,target,Syntactic Change,qwen
task2_qwen_plausibility,140753ca0917b049,integrated_gradients_qwen,auprc,0.10694918281641944,target,Syntactic Change,qwen
task2_qwen_plausibility,17caea7d97169b0d,integrated_gradients_qwen,precision_at_k,0.0,target,Synonymy,qwen
task2_qwen_plausibility,17caea7d97169b0d,integrated_gradients_qwen,recall_at_k,0.0,target,Synonymy,qwen
task2_qwen_plausibility,17caea7d97169b0d,integrated_gradients_qwen,f1_at_k,0.0,target,Synonymy,qwen
task2_qwen_plausibility,17caea7d97169b0d,integrated_gradients_qwen,auprc,0.05948504983388705,target,Synonymy,qwen
task2_qwen_plausibility,1d85322e9ec39f32,integrated_gradients_qwen,precision_at_k,0.1276595744680851,target,Synonymy,qwen
task2_qwen_plausibility,1d85322e9ec39f32,integrated_gradients_qwen,recall_at_k,0.1276595744680851,target,Synonymy,qwen
task2_qwen_plausibility,1d85322e9ec39f32,integrated_gradients_qwen,f1_at_k,0.1276595744680851,target,Synonymy,qwen
task2_qwen_plausibility,1d85322e9ec39f32,integrated_gradients_qwen,auprc,0.11909668848669741,target,Synonymy,qwen
task2_qwen_plausibility,1d85322e9ec39f32,integrated_gradients_qwen,precision_at_k,0.2553191489361702,target,Compression,qwen
task2_qwen_plausibility,1d85322e9ec39f32,integrated_gradients_qwen,recall_at_k,0.2553191489361702,target,Compression,qwen
task2_qwen_plausibility,1d85322e9ec39f32,integrated_gradients_qwen,f1_at_k,0.2553191489361702,target,Compression,qwen
task2_qwen_plausibility,1d85322e9ec39f32,integrated_gradients_qwen,auprc,0.21763493771795694,target,Compression,qwen
task2_qwen_plausibility,1d85322e9ec39f32,integrated_gradients_qwen,precision_at_k,0.19148936170212766,target,Syntactic Change,qwen
task2_qwen_plausibility,1d85322e9ec39f32,integrated_gradients_qwen,recall_at_k,0.19148936170212766,target,Syntactic Change,qwen
task2_qwen_plausibility,1d85322e9ec39f32,integrated_gradients_qwen,f1_at_k,0.19148936170212763,target,Syntactic Change,qwen
task2_qwen_plausibility,1d85322e9ec39f32,integrated_gradients_qwen,auprc,0.14928138175076947,target,Syntactic Change,qwen
task2_qwen_plausibility,1ea1c8704bdcebbd,integrated_gradients_qwen,precision_at_k,0.08571428571428572,target,Synonymy,qwen
task2_qwen_plausibility,1ea1c8704bdcebbd,integrated_gradients_qwen,recall_at_k,0.08571428571428572,target,Synonymy,qwen
task2_qwen_plausibility,1ea1c8704bdcebbd,integrated_gradients_qwen,f1_at_k,0.08571428571428572,target,Synonymy,qwen
task2_qwen_plausibility,1ea1c8704bdcebbd,integrated_gradients_qwen,auprc,0.1016262493131377,target,Synonymy,qwen
task2_qwen_plausibility,1ea1c8704bdcebbd,integrated_gradients_qwen,precision_at_k,0.05714285714285714,target,Explanation,qwen
task2_qwen_plausibility,1ea1c8704bdcebbd,integrated_gradients_qwen,recall_at_k,0.05714285714285714,target,Explanation,qwen
task2_qwen_plausibility,1ea1c8704bdcebbd,integrated_gradients_qwen,f1_at_k,0.05714285714285714,target,Explanation,qwen
task2_qwen_plausibility,1ea1c8704bdcebbd,integrated_gradients_qwen,auprc,0.08048260208312868,target,Explanation,qwen
task2_qwen_plausibility,1fdcd74abc84d91d,integrated_gradients_qwen,precision_at_k,0.15625,target,Synonymy,qwen
task2_qwen_plausibility,1fdcd74abc84d91d,integrated_gradients_qwen,recall_at_k,0.15625,target,Synonymy,qwen
task2_qwen_plausibility,1fdcd74abc84d91d,integrated_gradients_qwen,f1_at_k,0.15625,target,Synonymy,qwen
task2_qwen_plausibility,1fdcd74abc84d91d,integrated_gradients_qwen,auprc,0.1375021500679634,target,Synonymy,qwen
task2_qwen_plausibility,1fdcd74abc84d91d,integrated_gradients_qwen,precision_at_k,0.09375,target,Syntactic Change,qwen
task2_qwen_plausibility,1fdcd74abc84d91d,integrated_gradients_qwen,recall_at_k,0.09375,target,Syntactic Change,qwen
task2_qwen_plausibility,1fdcd74abc84d91d,integrated_gradients_qwen,f1_at_k,0.09375,target,Syntactic Change,qwen
task2_qwen_plausibility,1fdcd74abc84d91d,integrated_gradients_qwen,auprc,0.10643645897953333,target,Syntactic Change,qwen
task2_qwen_plausibility,208df68e509030be,integrated_gradients_qwen,precision_at_k,0.0,target,Syntactic Change,qwen
task2_qwen_plausibility,208df68e509030be,integrated_gradients_qwen,recall_at_k,0.0,target,Syntactic Change,qwen
task2_qwen_plausibility,208df68e509030be,integrated_gradients_qwen,f1_at_k,0.0,target,Syntactic Change,qwen
task2_qwen_plausibility,208df68e509030be,integrated_gradients_qwen,auprc,0.0045662100456621,target,Syntactic Change,qwen
task2_qwen_plausibility,212e7b1edbd0cb52,integrated_gradients_qwen,precision_at_k,0.03508771929824561,target,Synonymy,qwen
task2_qwen_plausibility,212e7b1edbd0cb52,integrated_gradients_qwen,recall_at_k,0.03508771929824561,target,Synonymy,qwen
task2_qwen_plausibility,212e7b1edbd0cb52,integrated_gradients_qwen,f1_at_k,0.03508771929824561,target,Synonymy,qwen
task2_qwen_plausibility,212e7b1edbd0cb52,integrated_gradients_qwen,auprc,0.0687427982067734,target,Synonymy,qwen
task2_qwen_plausibility,212e7b1edbd0cb52,integrated_gradients_qwen,precision_at_k,0.03508771929824561,target,Compression,qwen
task2_qwen_plausibility,212e7b1edbd0cb52,integrated_gradients_qwen,recall_at_k,0.03508771929824561,target,Compression,qwen
task2_qwen_plausibility,212e7b1edbd0cb52,integrated_gradients_qwen,f1_at_k,0.03508771929824561,target,Compression,qwen
task2_qwen_plausibility,212e7b1edbd0cb52,integrated_gradients_qwen,auprc,0.1159695769144114,target,Compression,qwen
task2_qwen_plausibility,212e7b1edbd0cb52,integrated_gradients_qwen,precision_at_k,0.05263157894736842,target,Explanation,qwen
task2_qwen_plausibility,212e7b1edbd0cb52,integrated_gradients_qwen,recall_at_k,0.05263157894736842,target,Explanation,qwen
task2_qwen_plausibility,212e7b1edbd0cb52,integrated_gradients_qwen,f1_at_k,0.05263157894736842,target,Explanation,qwen
task2_qwen_plausibility,212e7b1edbd0cb52,integrated_gradients_qwen,auprc,0.08537006928184476,target,Explanation,qwen
task2_qwen_plausibility,212e7b1edbd0cb52,integrated_gradients_qwen,precision_at_k,0.05263157894736842,target,Syntactic Change,qwen
task2_qwen_plausibility,212e7b1edbd0cb52,integrated_gradients_qwen,recall_at_k,0.05263157894736842,target,Syntactic Change,qwen
task2_qwen_plausibility,212e7b1edbd0cb52,integrated_gradients_qwen,f1_at_k,0.05263157894736842,target,Syntactic Change,qwen
task2_qwen_plausibility,212e7b1edbd0cb52,integrated_gradients_qwen,auprc,0.10423764292409263,target,Syntactic Change,qwen
task2_qwen_plausibility,254503ad7601524f,integrated_gradients_qwen,precision_at_k,0.08333333333333333,target,Synonymy,qwen
task2_qwen_plausibility,254503ad7601524f,integrated_gradients_qwen,recall_at_k,0.08333333333333333,target,Synonymy,qwen
task2_qwen_plausibility,254503ad7601524f,integrated_gradients_qwen,f1_at_k,0.08333333333333333,target,Synonymy,qwen
task2_qwen_plausibility,254503ad7601524f,integrated_gradients_qwen,auprc,0.06772424881694364,target,Synonymy,qwen
task2_qwen_plausibility,254503ad7601524f,integrated_gradients_qwen,precision_at_k,0.0,target,Compression,qwen
task2_qwen_plausibility,254503ad7601524f,integrated_gradients_qwen,recall_at_k,0.0,target,Compression,qwen
task2_qwen_plausibility,254503ad7601524f,integrated_gradients_qwen,f1_at_k,0.0,target,Compression,qwen
task2_qwen_plausibility,254503ad7601524f,integrated_gradients_qwen,auprc,0.09246586606709965,target,Compression,qwen
task2_qwen_plausibility,254503ad7601524f,integrated_gradients_qwen,precision_at_k,0.08333333333333333,target,Syntactic Change,qwen
task2_qwen_plausibility,254503ad7601524f,integrated_gradients_qwen,recall_at_k,0.08333333333333333,target,Syntactic Change,qwen
task2_qwen_plausibility,254503ad7601524f,integrated_gradients_qwen,f1_at_k,0.08333333333333333,target,Syntactic Change,qwen
task2_qwen_plausibility,254503ad7601524f,integrated_gradients_qwen,auprc,0.08343707518169538,target,Syntactic Change,qwen
task2_qwen_plausibility,2806eb7d2005035a,integrated_gradients_qwen,precision_at_k,0.09090909090909091,target,Synonymy,qwen
task2_qwen_plausibility,2806eb7d2005035a,integrated_gradients_qwen,recall_at_k,0.09090909090909091,target,Synonymy,qwen
task2_qwen_plausibility,2806eb7d2005035a,integrated_gradients_qwen,f1_at_k,0.09090909090909091,target,Synonymy,qwen
task2_qwen_plausibility,2806eb7d2005035a,integrated_gradients_qwen,auprc,0.07573306879229302,target,Synonymy,qwen
task2_qwen_plausibility,2989ab852a911f73,integrated_gradients_qwen,precision_at_k,0.1111111111111111,target,Synonymy,qwen
task2_qwen_plausibility,2989ab852a911f73,integrated_gradients_qwen,recall_at_k,0.1111111111111111,target,Synonymy,qwen
task2_qwen_plausibility,2989ab852a911f73,integrated_gradients_qwen,f1_at_k,0.1111111111111111,target,Synonymy,qwen
task2_qwen_plausibility,2989ab852a911f73,integrated_gradients_qwen,auprc,0.0881604913709903,target,Synonymy,qwen
task2_qwen_plausibility,2989ab852a911f73,integrated_gradients_qwen,precision_at_k,0.18518518518518517,target,Modulation,qwen
task2_qwen_plausibility,2989ab852a911f73,integrated_gradients_qwen,recall_at_k,0.18518518518518517,target,Modulation,qwen
task2_qwen_plausibility,2989ab852a911f73,integrated_gradients_qwen,f1_at_k,0.18518518518518517,target,Modulation,qwen
task2_qwen_plausibility,2989ab852a911f73,integrated_gradients_qwen,auprc,0.1472696237707571,target,Modulation,qwen
task2_qwen_plausibility,2989ab852a911f73,integrated_gradients_qwen,precision_at_k,0.037037037037037035,target,Explanation,qwen
task2_qwen_plausibility,2989ab852a911f73,integrated_gradients_qwen,recall_at_k,0.037037037037037035,target,Explanation,qwen
task2_qwen_plausibility,2989ab852a911f73,integrated_gradients_qwen,f1_at_k,0.037037037037037035,target,Explanation,qwen
task2_qwen_plausibility,2989ab852a911f73,integrated_gradients_qwen,auprc,0.049620432177562845,target,Explanation,qwen
task2_qwen_plausibility,2dfa2e5e55c6346c,integrated_gradients_qwen,precision_at_k,0.11538461538461539,target,Synonymy,qwen
task2_qwen_plausibility,2dfa2e5e55c6346c,integrated_gradients_qwen,recall_at_k,0.11538461538461539,target,Synonymy,qwen
task2_qwen_plausibility,2dfa2e5e55c6346c,integrated_gradients_qwen,f1_at_k,0.11538461538461539,target,Synonymy,qwen
task2_qwen_plausibility,2dfa2e5e55c6346c,integrated_gradients_qwen,auprc,0.07602435178328329,target,Synonymy,qwen
task2_qwen_plausibility,2dfa2e5e55c6346c,integrated_gradients_qwen,precision_at_k,0.07692307692307693,target,Compression,qwen
task2_qwen_plausibility,2dfa2e5e55c6346c,integrated_gradients_qwen,recall_at_k,0.07692307692307693,target,Compression,qwen
task2_qwen_plausibility,2dfa2e5e55c6346c,integrated_gradients_qwen,f1_at_k,0.07692307692307693,target,Compression,qwen
task2_qwen_plausibility,2dfa2e5e55c6346c,integrated_gradients_qwen,auprc,0.13025307044900147,target,Compression,qwen
task2_qwen_plausibility,2dfa2e5e55c6346c,integrated_gradients_qwen,precision_at_k,0.07692307692307693,target,Syntactic Change,qwen
task2_qwen_plausibility,2dfa2e5e55c6346c,integrated_gradients_qwen,recall_at_k,0.07692307692307693,target,Syntactic Change,qwen
task2_qwen_plausibility,2dfa2e5e55c6346c,integrated_gradients_qwen,f1_at_k,0.07692307692307693,target,Syntactic Change,qwen
task2_qwen_plausibility,2dfa2e5e55c6346c,integrated_gradients_qwen,auprc,0.11304607217851212,target,Syntactic Change,qwen
task2_qwen_plausibility,315255427018ec9e,integrated_gradients_qwen,precision_at_k,0.04,target,Synonymy,qwen
task2_qwen_plausibility,315255427018ec9e,integrated_gradients_qwen,recall_at_k,0.04,target,Synonymy,qwen
task2_qwen_plausibility,315255427018ec9e,integrated_gradients_qwen,f1_at_k,0.04,target,Synonymy,qwen
task2_qwen_plausibility,315255427018ec9e,integrated_gradients_qwen,auprc,0.03991525768523314,target,Synonymy,qwen
task2_qwen_plausibility,315255427018ec9e,integrated_gradients_qwen,precision_at_k,0.0,target,Compression,qwen
task2_qwen_plausibility,315255427018ec9e,integrated_gradients_qwen,recall_at_k,0.0,target,Compression,qwen
task2_qwen_plausibility,315255427018ec9e,integrated_gradients_qwen,f1_at_k,0.0,target,Compression,qwen
task2_qwen_plausibility,315255427018ec9e,integrated_gradients_qwen,auprc,0.06919567046924138,target,Compression,qwen
task2_qwen_plausibility,315255427018ec9e,integrated_gradients_qwen,precision_at_k,0.04,target,Syntactic Change,qwen
task2_qwen_plausibility,315255427018ec9e,integrated_gradients_qwen,recall_at_k,0.04,target,Syntactic Change,qwen
task2_qwen_plausibility,315255427018ec9e,integrated_gradients_qwen,f1_at_k,0.04,target,Syntactic Change,qwen
task2_qwen_plausibility,315255427018ec9e,integrated_gradients_qwen,auprc,0.061844934423601096,target,Syntactic Change,qwen
task2_qwen_plausibility,3611b5b04d66cee9,integrated_gradients_qwen,precision_at_k,0.05555555555555555,target,Synonymy,qwen
task2_qwen_plausibility,3611b5b04d66cee9,integrated_gradients_qwen,recall_at_k,0.05555555555555555,target,Synonymy,qwen
task2_qwen_plausibility,3611b5b04d66cee9,integrated_gradients_qwen,f1_at_k,0.05555555555555555,target,Synonymy,qwen
task2_qwen_plausibility,3611b5b04d66cee9,integrated_gradients_qwen,auprc,0.04793301750218217,target,Synonymy,qwen
task2_qwen_plausibility,3611b5b04d66cee9,integrated_gradients_qwen,precision_at_k,0.0,target,Syntactic Change,qwen
task2_qwen_plausibility,3611b5b04d66cee9,integrated_gradients_qwen,recall_at_k,0.0,target,Syntactic Change,qwen
task2_qwen_plausibility,3611b5b04d66cee9,integrated_gradients_qwen,f1_at_k,0.0,target,Syntactic Change,qwen
task2_qwen_plausibility,3611b5b04d66cee9,integrated_gradients_qwen,auprc,0.06287296778508339,target,Syntactic Change,qwen
task2_qwen_plausibility,36ef1145ad74da15,integrated_gradients_qwen,precision_at_k,0.23529411764705882,target,Synonymy,qwen
task2_qwen_plausibility,36ef1145ad74da15,integrated_gradients_qwen,recall_at_k,0.23529411764705882,target,Synonymy,qwen
task2_qwen_plausibility,36ef1145ad74da15,integrated_gradients_qwen,f1_at_k,0.23529411764705882,target,Synonymy,qwen
task2_qwen_plausibility,36ef1145ad74da15,integrated_gradients_qwen,auprc,0.15367515853035021,target,Synonymy,qwen
task2_qwen_plausibility,36ef1145ad74da15,integrated_gradients_qwen,precision_at_k,0.23529411764705882,target,Syntactic Change,qwen
task2_qwen_plausibility,36ef1145ad74da15,integrated_gradients_qwen,recall_at_k,0.23529411764705882,target,Syntactic Change,qwen
task2_qwen_plausibility,36ef1145ad74da15,integrated_gradients_qwen,f1_at_k,0.23529411764705882,target,Syntactic Change,qwen
task2_qwen_plausibility,36ef1145ad74da15,integrated_gradients_qwen,auprc,0.1345016623888492,target,Syntactic Change,qwen
task2_qwen_plausibility,38b551f5e2f6271d,integrated_gradients_qwen,precision_at_k,0.03773584905660377,target,Synonymy,qwen
task2_qwen_plausibility,38b551f5e2f6271d,integrated_gradients_qwen,recall_at_k,0.03773584905660377,target,Synonymy,qwen
task2_qwen_plausibility,38b551f5e2f6271d,integrated_gradients_qwen,f1_at_k,0.03773584905660377,target,Synonymy,qwen
task2_qwen_plausibility,38b551f5e2f6271d,integrated_gradients_qwen,auprc,0.0827366718854833,target,Synonymy,qwen
task2_qwen_plausibility,38b551f5e2f6271d,integrated_gradients_qwen,precision_at_k,0.11320754716981132,target,Modulation,qwen
task2_qwen_plausibility,38b551f5e2f6271d,integrated_gradients_qwen,recall_at_k,0.11320754716981132,target,Modulation,qwen
task2_qwen_plausibility,38b551f5e2f6271d,integrated_gradients_qwen,f1_at_k,0.11320754716981132,target,Modulation,qwen
task2_qwen_plausibility,38b551f5e2f6271d,integrated_gradients_qwen,auprc,0.09805213240333606,target,Modulation,qwen
task2_qwen_plausibility,38b551f5e2f6271d,integrated_gradients_qwen,precision_at_k,0.09433962264150944,target,Compression,qwen
task2_qwen_plausibility,38b551f5e2f6271d,integrated_gradients_qwen,recall_at_k,0.09433962264150944,target,Compression,qwen
task2_qwen_plausibility,38b551f5e2f6271d,integrated_gradients_qwen,f1_at_k,0.09433962264150943,target,Compression,qwen
task2_qwen_plausibility,38b551f5e2f6271d,integrated_gradients_qwen,auprc,0.1174763074331099,target,Compression,qwen
task2_qwen_plausibility,38b551f5e2f6271d,integrated_gradients_qwen,precision_at_k,0.11320754716981132,target,Syntactic Change,qwen
task2_qwen_plausibility,38b551f5e2f6271d,integrated_gradients_qwen,recall_at_k,0.11320754716981132,target,Syntactic Change,qwen
task2_qwen_plausibility,38b551f5e2f6271d,integrated_gradients_qwen,f1_at_k,0.11320754716981132,target,Syntactic Change,qwen
task2_qwen_plausibility,38b551f5e2f6271d,integrated_gradients_qwen,auprc,0.11815156768565502,target,Syntactic Change,qwen
task2_qwen_plausibility,39477c12edeed287,integrated_gradients_qwen,precision_at_k,0.1,target,Synonymy,qwen
task2_qwen_plausibility,39477c12edeed287,integrated_gradients_qwen,recall_at_k,0.1,target,Synonymy,qwen
task2_qwen_plausibility,39477c12edeed287,integrated_gradients_qwen,f1_at_k,0.10000000000000002,target,Synonymy,qwen
task2_qwen_plausibility,39477c12edeed287,integrated_gradients_qwen,auprc,0.1120066848574626,target,Synonymy,qwen
task2_qwen_plausibility,39477c12edeed287,integrated_gradients_qwen,precision_at_k,0.2,target,Compression,qwen
task2_qwen_plausibility,39477c12edeed287,integrated_gradients_qwen,recall_at_k,0.2,target,Compression,qwen
task2_qwen_plausibility,39477c12edeed287,integrated_gradients_qwen,f1_at_k,0.20000000000000004,target,Compression,qwen
task2_qwen_plausibility,39477c12edeed287,integrated_gradients_qwen,auprc,0.17033712089003117,target,Compression,qwen
task2_qwen_plausibility,39477c12edeed287,integrated_gradients_qwen,precision_at_k,0.175,target,Explanation,qwen
task2_qwen_plausibility,39477c12edeed287,integrated_gradients_qwen,recall_at_k,0.175,target,Explanation,qwen
task2_qwen_plausibility,39477c12edeed287,integrated_gradients_qwen,f1_at_k,0.175,target,Explanation,qwen
task2_qwen_plausibility,39477c12edeed287,integrated_gradients_qwen,auprc,0.1481234129805389,target,Explanation,qwen
task2_qwen_plausibility,39477c12edeed287,integrated_gradients_qwen,precision_at_k,0.1,target,Syntactic Change,qwen
task2_qwen_plausibility,39477c12edeed287,integrated_gradients_qwen,recall_at_k,0.1,target,Syntactic Change,qwen
task2_qwen_plausibility,39477c12edeed287,integrated_gradients_qwen,f1_at_k,0.10000000000000002,target,Syntactic Change,qwen
task2_qwen_plausibility,39477c12edeed287,integrated_gradients_qwen,auprc,0.1204137608445967,target,Syntactic Change,qwen
task2_qwen_plausibility,39fbf9d08186572f,integrated_gradients_qwen,precision_at_k,0.41379310344827586,target,Synonymy,qwen
task2_qwen_plausibility,39fbf9d08186572f,integrated_gradients_qwen,recall_at_k,0.41379310344827586,target,Synonymy,qwen
task2_qwen_plausibility,39fbf9d08186572f,integrated_gradients_qwen,f1_at_k,0.41379310344827586,target,Synonymy,qwen
task2_qwen_plausibility,39fbf9d08186572f,integrated_gradients_qwen,auprc,0.3670495841876473,target,Synonymy,qwen
task2_qwen_plausibility,3d68a12ece27c156,integrated_gradients_qwen,precision_at_k,0.0,target,Synonymy,qwen
task2_qwen_plausibility,3d68a12ece27c156,integrated_gradients_qwen,recall_at_k,0.0,target,Synonymy,qwen
task2_qwen_plausibility,3d68a12ece27c156,integrated_gradients_qwen,f1_at_k,0.0,target,Synonymy,qwen
task2_qwen_plausibility,3d68a12ece27c156,integrated_gradients_qwen,auprc,0.052662368407633,target,Synonymy,qwen
task2_qwen_plausibility,3d68a12ece27c156,integrated_gradients_qwen,precision_at_k,0.06666666666666667,target,Compression,qwen
task2_qwen_plausibility,3d68a12ece27c156,integrated_gradients_qwen,recall_at_k,0.06666666666666667,target,Compression,qwen
task2_qwen_plausibility,3d68a12ece27c156,integrated_gradients_qwen,f1_at_k,0.06666666666666667,target,Compression,qwen
task2_qwen_plausibility,3d68a12ece27c156,integrated_gradients_qwen,auprc,0.07694294241071453,target,Compression,qwen
task2_qwen_plausibility,3d68a12ece27c156,integrated_gradients_qwen,precision_at_k,0.13333333333333333,target,Syntactic Change,qwen
task2_qwen_plausibility,3d68a12ece27c156,integrated_gradients_qwen,recall_at_k,0.13333333333333333,target,Syntactic Change,qwen
task2_qwen_plausibility,3d68a12ece27c156,integrated_gradients_qwen,f1_at_k,0.13333333333333333,target,Syntactic Change,qwen
task2_qwen_plausibility,3d68a12ece27c156,integrated_gradients_qwen,auprc,0.1268003795266072,target,Syntactic Change,qwen
task2_qwen_plausibility,3e6f5b9d43db7d3d,integrated_gradients_qwen,precision_at_k,0.0,target,Synonymy,qwen
task2_qwen_plausibility,3e6f5b9d43db7d3d,integrated_gradients_qwen,recall_at_k,0.0,target,Synonymy,qwen
task2_qwen_plausibility,3e6f5b9d43db7d3d,integrated_gradients_qwen,f1_at_k,0.0,target,Synonymy,qwen
task2_qwen_plausibility,3e6f5b9d43db7d3d,integrated_gradients_qwen,auprc,0.037799390564417244,target,Synonymy,qwen
task2_qwen_plausibility,41532fd1a3ddab5f,integrated_gradients_qwen,precision_at_k,0.13333333333333333,target,Synonymy,qwen
task2_qwen_plausibility,41532fd1a3ddab5f,integrated_gradients_qwen,recall_at_k,0.13333333333333333,target,Synonymy,qwen
task2_qwen_plausibility,41532fd1a3ddab5f,integrated_gradients_qwen,f1_at_k,0.13333333333333333,target,Synonymy,qwen
task2_qwen_plausibility,41532fd1a3ddab5f,integrated_gradients_qwen,auprc,0.11975404555007786,target,Synonymy,qwen
task2_qwen_plausibility,41532fd1a3ddab5f,integrated_gradients_qwen,precision_at_k,0.2,target,Syntactic Change,qwen
task2_qwen_plausibility,41532fd1a3ddab5f,integrated_gradients_qwen,recall_at_k,0.2,target,Syntactic Change,qwen
task2_qwen_plausibility,41532fd1a3ddab5f,integrated_gradients_qwen,f1_at_k,0.20000000000000004,target,Syntactic Change,qwen
task2_qwen_plausibility,41532fd1a3ddab5f,integrated_gradients_qwen,auprc,0.15790568541513872,target,Syntactic Change,qwen
task2_qwen_plausibility,44d6d4b0c62950fb,integrated_gradients_qwen,precision_at_k,0.13513513513513514,target,Synonymy,qwen
task2_qwen_plausibility,44d6d4b0c62950fb,integrated_gradients_qwen,recall_at_k,0.13513513513513514,target,Synonymy,qwen
task2_qwen_plausibility,44d6d4b0c62950fb,integrated_gradients_qwen,f1_at_k,0.13513513513513514,target,Synonymy,qwen
task2_qwen_plausibility,44d6d4b0c62950fb,integrated_gradients_qwen,auprc,0.09225482444246966,target,Synonymy,qwen
task2_qwen_plausibility,44d6d4b0c62950fb,integrated_gradients_qwen,precision_at_k,0.1891891891891892,target,Explanation,qwen
task2_qwen_plausibility,44d6d4b0c62950fb,integrated_gradients_qwen,recall_at_k,0.1891891891891892,target,Explanation,qwen
task2_qwen_plausibility,44d6d4b0c62950fb,integrated_gradients_qwen,f1_at_k,0.18918918918918917,target,Explanation,qwen
task2_qwen_plausibility,44d6d4b0c62950fb,integrated_gradients_qwen,auprc,0.11870275233927192,target,Explanation,qwen
task2_qwen_plausibility,44d6d4b0c62950fb,integrated_gradients_qwen,precision_at_k,0.10810810810810811,target,Syntactic Change,qwen
task2_qwen_plausibility,44d6d4b0c62950fb,integrated_gradients_qwen,recall_at_k,0.10810810810810811,target,Syntactic Change,qwen
task2_qwen_plausibility,44d6d4b0c62950fb,integrated_gradients_qwen,f1_at_k,0.10810810810810811,target,Syntactic Change,qwen
task2_qwen_plausibility,44d6d4b0c62950fb,integrated_gradients_qwen,auprc,0.13787325028425906,target,Syntactic Change,qwen
task2_qwen_plausibility,4c197bd2925c7997,integrated_gradients_qwen,precision_at_k,0.0,target,Synonymy,qwen
task2_qwen_plausibility,4c197bd2925c7997,integrated_gradients_qwen,recall_at_k,0.0,target,Synonymy,qwen
task2_qwen_plausibility,4c197bd2925c7997,integrated_gradients_qwen,f1_at_k,0.0,target,Synonymy,qwen
task2_qwen_plausibility,4c197bd2925c7997,integrated_gradients_qwen,auprc,0.02757087305586058,target,Synonymy,qwen
task2_qwen_plausibility,4c197bd2925c7997,integrated_gradients_qwen,precision_at_k,0.09090909090909091,target,Syntactic Change,qwen
task2_qwen_plausibility,4c197bd2925c7997,integrated_gradients_qwen,recall_at_k,0.09090909090909091,target,Syntactic Change,qwen
task2_qwen_plausibility,4c197bd2925c7997,integrated_gradients_qwen,f1_at_k,0.09090909090909091,target,Syntactic Change,qwen
task2_qwen_plausibility,4c197bd2925c7997,integrated_gradients_qwen,auprc,0.06410115988270454,target,Syntactic Change,qwen
task2_qwen_plausibility,4cf8b7752075f565,integrated_gradients_qwen,precision_at_k,0.058823529411764705,target,Synonymy,qwen
task2_qwen_plausibility,4cf8b7752075f565,integrated_gradients_qwen,recall_at_k,0.058823529411764705,target,Synonymy,qwen
task2_qwen_plausibility,4cf8b7752075f565,integrated_gradients_qwen,f1_at_k,0.058823529411764705,target,Synonymy,qwen
task2_qwen_plausibility,4cf8b7752075f565,integrated_gradients_qwen,auprc,0.05463435378317788,target,Synonymy,qwen
task2_qwen_plausibility,4cf8b7752075f565,integrated_gradients_qwen,precision_at_k,0.058823529411764705,target,Compression,qwen
task2_qwen_plausibility,4cf8b7752075f565,integrated_gradients_qwen,recall_at_k,0.058823529411764705,target,Compression,qwen
task2_qwen_plausibility,4cf8b7752075f565,integrated_gradients_qwen,f1_at_k,0.058823529411764705,target,Compression,qwen
task2_qwen_plausibility,4cf8b7752075f565,integrated_gradients_qwen,auprc,0.10854980897537994,target,Compression,qwen
task2_qwen_plausibility,4cf8b7752075f565,integrated_gradients_qwen,precision_at_k,0.0,target,Syntactic Change,qwen
task2_qwen_plausibility,4cf8b7752075f565,integrated_gradients_qwen,recall_at_k,0.0,target,Syntactic Change,qwen
task2_qwen_plausibility,4cf8b7752075f565,integrated_gradients_qwen,f1_at_k,0.0,target,Syntactic Change,qwen
task2_qwen_plausibility,4cf8b7752075f565,integrated_gradients_qwen,auprc,0.08220943076034247,target,Syntactic Change,qwen
task2_qwen_plausibility,4d38fc17b0fcc85d,integrated_gradients_qwen,precision_at_k,0.1875,target,Synonymy,qwen
task2_qwen_plausibility,4d38fc17b0fcc85d,integrated_gradients_qwen,recall_at_k,0.1875,target,Synonymy,qwen
task2_qwen_plausibility,4d38fc17b0fcc85d,integrated_gradients_qwen,f1_at_k,0.1875,target,Synonymy,qwen
task2_qwen_plausibility,4d38fc17b0fcc85d,integrated_gradients_qwen,auprc,0.09628850083551009,target,Synonymy,qwen
task2_qwen_plausibility,4d38fc17b0fcc85d,integrated_gradients_qwen,precision_at_k,0.125,target,Syntactic Change,qwen
task2_qwen_plausibility,4d38fc17b0fcc85d,integrated_gradients_qwen,recall_at_k,0.125,target,Syntactic Change,qwen
task2_qwen_plausibility,4d38fc17b0fcc85d,integrated_gradients_qwen,f1_at_k,0.125,target,Syntactic Change,qwen
task2_qwen_plausibility,4d38fc17b0fcc85d,integrated_gradients_qwen,auprc,0.1309864939489973,target,Syntactic Change,qwen
task2_qwen_plausibility,4e3bc49ee8eab116,integrated_gradients_qwen,precision_at_k,0.06451612903225806,target,Synonymy,qwen
task2_qwen_plausibility,4e3bc49ee8eab116,integrated_gradients_qwen,recall_at_k,0.06451612903225806,target,Synonymy,qwen
task2_qwen_plausibility,4e3bc49ee8eab116,integrated_gradients_qwen,f1_at_k,0.06451612903225806,target,Synonymy,qwen
task2_qwen_plausibility,4e3bc49ee8eab116,integrated_gradients_qwen,auprc,0.0576058821266222,target,Synonymy,qwen
task2_qwen_plausibility,4e3bc49ee8eab116,integrated_gradients_qwen,precision_at_k,0.0,target,Explanation,qwen
task2_qwen_plausibility,4e3bc49ee8eab116,integrated_gradients_qwen,recall_at_k,0.0,target,Explanation,qwen
task2_qwen_plausibility,4e3bc49ee8eab116,integrated_gradients_qwen,f1_at_k,0.0,target,Explanation,qwen
task2_qwen_plausibility,4e3bc49ee8eab116,integrated_gradients_qwen,auprc,0.049723801001931425,target,Explanation,qwen
task2_qwen_plausibility,52d37c2bf5220aae,integrated_gradients_qwen,precision_at_k,0.0,target,Synonymy,qwen
task2_qwen_plausibility,52d37c2bf5220aae,integrated_gradients_qwen,recall_at_k,0.0,target,Synonymy,qwen
task2_qwen_plausibility,52d37c2bf5220aae,integrated_gradients_qwen,f1_at_k,0.0,target,Synonymy,qwen
task2_qwen_plausibility,52d37c2bf5220aae,integrated_gradients_qwen,auprc,0.020422824302134646,target,Synonymy,qwen
task2_qwen_plausibility,52d37c2bf5220aae,integrated_gradients_qwen,precision_at_k,0.0,target,Syntactic Change,qwen
task2_qwen_plausibility,52d37c2bf5220aae,integrated_gradients_qwen,recall_at_k,0.0,target,Syntactic Change,qwen
task2_qwen_plausibility,52d37c2bf5220aae,integrated_gradients_qwen,f1_at_k,0.0,target,Syntactic Change,qwen
task2_qwen_plausibility,52d37c2bf5220aae,integrated_gradients_qwen,auprc,0.060714285714285714,target,Syntactic Change,qwen
task2_qwen_plausibility,5e7ace852210ceac,integrated_gradients_qwen,precision_at_k,0.1891891891891892,target,Synonymy,qwen
task2_qwen_plausibility,5e7ace852210ceac,integrated_gradients_qwen,recall_at_k,0.1891891891891892,target,Synonymy,qwen
task2_qwen_plausibility,5e7ace852210ceac,integrated_gradients_qwen,f1_at_k,0.18918918918918917,target,Synonymy,qwen
task2_qwen_plausibility,5e7ace852210ceac,integrated_gradients_qwen,auprc,0.14738140849753578,target,Synonymy,qwen
task2_qwen_plausibility,5e7ace852210ceac,integrated_gradients_qwen,precision_at_k,0.13513513513513514,target,Compression,qwen
task2_qwen_plausibility,5e7ace852210ceac,integrated_gradients_qwen,recall_at_k,0.13513513513513514,target,Compression,qwen
task2_qwen_plausibility,5e7ace852210ceac,integrated_gradients_qwen,f1_at_k,0.13513513513513514,target,Compression,qwen
task2_qwen_plausibility,5e7ace852210ceac,integrated_gradients_qwen,auprc,0.20754459735149167,target,Compression,qwen
task2_qwen_plausibility,5e7ace852210ceac,integrated_gradients_qwen,precision_at_k,0.12162162162162163,target,Syntactic Change,qwen
task2_qwen_plausibility,5e7ace852210ceac,integrated_gradients_qwen,recall_at_k,0.12162162162162163,target,Syntactic Change,qwen
task2_qwen_plausibility,5e7ace852210ceac,integrated_gradients_qwen,f1_at_k,0.12162162162162163,target,Syntactic Change,qwen
task2_qwen_plausibility,5e7ace852210ceac,integrated_gradients_qwen,auprc,0.1592884325880058,target,Syntactic Change,qwen
task2_qwen_plausibility,5fd4fb3bc83d2996,integrated_gradients_qwen,precision_at_k,0.11764705882352941,target,Synonymy,qwen
task2_qwen_plausibility,5fd4fb3bc83d2996,integrated_gradients_qwen,recall_at_k,0.11764705882352941,target,Synonymy,qwen
task2_qwen_plausibility,5fd4fb3bc83d2996,integrated_gradients_qwen,f1_at_k,0.11764705882352941,target,Synonymy,qwen
task2_qwen_plausibility,5fd4fb3bc83d2996,integrated_gradients_qwen,auprc,0.09619241893462431,target,Synonymy,qwen
task2_qwen_plausibility,5fd4fb3bc83d2996,integrated_gradients_qwen,precision_at_k,0.08823529411764706,target,Modulation,qwen
task2_qwen_plausibility,5fd4fb3bc83d2996,integrated_gradients_qwen,recall_at_k,0.08823529411764706,target,Modulation,qwen
task2_qwen_plausibility,5fd4fb3bc83d2996,integrated_gradients_qwen,f1_at_k,0.08823529411764706,target,Modulation,qwen
task2_qwen_plausibility,5fd4fb3bc83d2996,integrated_gradients_qwen,auprc,0.08426074607586792,target,Modulation,qwen
task2_qwen_plausibility,5fd4fb3bc83d2996,integrated_gradients_qwen,precision_at_k,0.058823529411764705,target,Compression,qwen
task2_qwen_plausibility,5fd4fb3bc83d2996,integrated_gradients_qwen,recall_at_k,0.058823529411764705,target,Compression,qwen
task2_qwen_plausibility,5fd4fb3bc83d2996,integrated_gradients_qwen,f1_at_k,0.058823529411764705,target,Compression,qwen
task2_qwen_plausibility,5fd4fb3bc83d2996,integrated_gradients_qwen,auprc,0.10814352477335387,target,Compression,qwen
task2_qwen_plausibility,5fd4fb3bc83d2996,integrated_gradients_qwen,precision_at_k,0.08823529411764706,target,Syntactic Change,qwen
task2_qwen_plausibility,5fd4fb3bc83d2996,integrated_gradients_qwen,recall_at_k,0.08823529411764706,target,Syntactic Change,qwen
task2_qwen_plausibility,5fd4fb3bc83d2996,integrated_gradients_qwen,f1_at_k,0.08823529411764706,target,Syntactic Change,qwen
task2_qwen_plausibility,5fd4fb3bc83d2996,integrated_gradients_qwen,auprc,0.09569057240437172,target,Syntactic Change,qwen
task2_qwen_plausibility,605cbfc6a05af2f2,integrated_gradients_qwen,precision_at_k,0.0,target,Synonymy,qwen
task2_qwen_plausibility,605cbfc6a05af2f2,integrated_gradients_qwen,recall_at_k,0.0,target,Synonymy,qwen
task2_qwen_plausibility,605cbfc6a05af2f2,integrated_gradients_qwen,f1_at_k,0.0,target,Synonymy,qwen
task2_qwen_plausibility,605cbfc6a05af2f2,integrated_gradients_qwen,auprc,0.033051607420625594,target,Synonymy,qwen
task2_qwen_plausibility,605cbfc6a05af2f2,integrated_gradients_qwen,precision_at_k,0.07692307692307693,target,Compression,qwen
task2_qwen_plausibility,605cbfc6a05af2f2,integrated_gradients_qwen,recall_at_k,0.07692307692307693,target,Compression,qwen
task2_qwen_plausibility,605cbfc6a05af2f2,integrated_gradients_qwen,f1_at_k,0.07692307692307693,target,Compression,qwen
task2_qwen_plausibility,605cbfc6a05af2f2,integrated_gradients_qwen,auprc,0.0733616499831739,target,Compression,qwen
task2_qwen_plausibility,63a89b8e81b9823f,integrated_gradients_qwen,precision_at_k,0.0,target,Synonymy,qwen
task2_qwen_plausibility,63a89b8e81b9823f,integrated_gradients_qwen,recall_at_k,0.0,target,Synonymy,qwen
task2_qwen_plausibility,63a89b8e81b9823f,integrated_gradients_qwen,f1_at_k,0.0,target,Synonymy,qwen
task2_qwen_plausibility,63a89b8e81b9823f,integrated_gradients_qwen,auprc,0.046154298088125795,target,Synonymy,qwen
task2_qwen_plausibility,63a89b8e81b9823f,integrated_gradients_qwen,precision_at_k,0.0,target,Compression,qwen
task2_qwen_plausibility,63a89b8e81b9823f,integrated_gradients_qwen,recall_at_k,0.0,target,Compression,qwen
task2_qwen_plausibility,63a89b8e81b9823f,integrated_gradients_qwen,f1_at_k,0.0,target,Compression,qwen
task2_qwen_plausibility,63a89b8e81b9823f,integrated_gradients_qwen,auprc,0.06519930431017554,target,Compression,qwen
task2_qwen_plausibility,63a89b8e81b9823f,integrated_gradients_qwen,precision_at_k,0.09523809523809523,target,Syntactic Change,qwen
task2_qwen_plausibility,63a89b8e81b9823f,integrated_gradients_qwen,recall_at_k,0.09523809523809523,target,Syntactic Change,qwen
task2_qwen_plausibility,63a89b8e81b9823f,integrated_gradients_qwen,f1_at_k,0.09523809523809523,target,Syntactic Change,qwen
task2_qwen_plausibility,63a89b8e81b9823f,integrated_gradients_qwen,auprc,0.07359292592347744,target,Syntactic Change,qwen
task2_qwen_plausibility,689137b87b7468e6,integrated_gradients_qwen,precision_at_k,0.037037037037037035,target,Synonymy,qwen
task2_qwen_plausibility,689137b87b7468e6,integrated_gradients_qwen,recall_at_k,0.037037037037037035,target,Synonymy,qwen
task2_qwen_plausibility,689137b87b7468e6,integrated_gradients_qwen,f1_at_k,0.037037037037037035,target,Synonymy,qwen
task2_qwen_plausibility,689137b87b7468e6,integrated_gradients_qwen,auprc,0.0642962072401061,target,Synonymy,qwen
task2_qwen_plausibility,689137b87b7468e6,integrated_gradients_qwen,precision_at_k,0.0,target,Syntactic Change,qwen
task2_qwen_plausibility,689137b87b7468e6,integrated_gradients_qwen,recall_at_k,0.0,target,Syntactic Change,qwen
task2_qwen_plausibility,689137b87b7468e6,integrated_gradients_qwen,f1_at_k,0.0,target,Syntactic Change,qwen
task2_qwen_plausibility,689137b87b7468e6,integrated_gradients_qwen,auprc,0.08158250984950258,target,Syntactic Change,qwen
task2_qwen_plausibility,6976df2b4da189ed,integrated_gradients_qwen,precision_at_k,0.3333333333333333,target,Synonymy,qwen
task2_qwen_plausibility,6976df2b4da189ed,integrated_gradients_qwen,recall_at_k,0.3333333333333333,target,Synonymy,qwen
task2_qwen_plausibility,6976df2b4da189ed,integrated_gradients_qwen,f1_at_k,0.3333333333333333,target,Synonymy,qwen
task2_qwen_plausibility,6976df2b4da189ed,integrated_gradients_qwen,auprc,0.12539899680802552,target,Synonymy,qwen
task2_qwen_plausibility,6976df2b4da189ed,integrated_gradients_qwen,precision_at_k,0.0,target,Syntactic Change,qwen
task2_qwen_plausibility,6976df2b4da189ed,integrated_gradients_qwen,recall_at_k,0.0,target,Syntactic Change,qwen
task2_qwen_plausibility,6976df2b4da189ed,integrated_gradients_qwen,f1_at_k,0.0,target,Syntactic Change,qwen
task2_qwen_plausibility,6976df2b4da189ed,integrated_gradients_qwen,auprc,0.06588235294117648,target,Syntactic Change,qwen
task2_qwen_plausibility,6b2fbda34a617d93,integrated_gradients_qwen,precision_at_k,0.06666666666666667,target,Synonymy,qwen
task2_qwen_plausibility,6b2fbda34a617d93,integrated_gradients_qwen,recall_at_k,0.06666666666666667,target,Synonymy,qwen
task2_qwen_plausibility,6b2fbda34a617d93,integrated_gradients_qwen,f1_at_k,0.06666666666666667,target,Synonymy,qwen
task2_qwen_plausibility,6b2fbda34a617d93,integrated_gradients_qwen,auprc,0.05592386373347712,target,Synonymy,qwen
task2_qwen_plausibility,6b2fbda34a617d93,integrated_gradients_qwen,precision_at_k,0.0,target,Compression,qwen
task2_qwen_plausibility,6b2fbda34a617d93,integrated_gradients_qwen,recall_at_k,0.0,target,Compression,qwen
task2_qwen_plausibility,6b2fbda34a617d93,integrated_gradients_qwen,f1_at_k,0.0,target,Compression,qwen
task2_qwen_plausibility,6b2fbda34a617d93,integrated_gradients_qwen,auprc,0.04788713269276254,target,Compression,qwen
task2_qwen_plausibility,6b2fbda34a617d93,integrated_gradients_qwen,precision_at_k,0.06666666666666667,target,Syntactic Change,qwen
task2_qwen_plausibility,6b2fbda34a617d93,integrated_gradients_qwen,recall_at_k,0.06666666666666667,target,Syntactic Change,qwen
task2_qwen_plausibility,6b2fbda34a617d93,integrated_gradients_qwen,f1_at_k,0.06666666666666667,target,Syntactic Change,qwen
task2_qwen_plausibility,6b2fbda34a617d93,integrated_gradients_qwen,auprc,0.06298584373462765,target,Syntactic Change,qwen
task2_qwen_plausibility,6f26a2efe22881da,integrated_gradients_qwen,precision_at_k,0.13636363636363635,target,Synonymy,qwen
task2_qwen_plausibility,6f26a2efe22881da,integrated_gradients_qwen,recall_at_k,0.13636363636363635,target,Synonymy,qwen
task2_qwen_plausibility,6f26a2efe22881da,integrated_gradients_qwen,f1_at_k,0.13636363636363635,target,Synonymy,qwen
task2_qwen_plausibility,6f26a2efe22881da,integrated_gradients_qwen,auprc,0.14631486951010178,target,Synonymy,qwen
task2_qwen_plausibility,6f26a2efe22881da,integrated_gradients_qwen,precision_at_k,0.022727272727272728,target,Explanation,qwen
task2_qwen_plausibility,6f26a2efe22881da,integrated_gradients_qwen,recall_at_k,0.022727272727272728,target,Explanation,qwen
task2_qwen_plausibility,6f26a2efe22881da,integrated_gradients_qwen,f1_at_k,0.022727272727272728,target,Explanation,qwen
task2_qwen_plausibility,6f26a2efe22881da,integrated_gradients_qwen,auprc,0.07479283116325111,target,Explanation,qwen
task2_qwen_plausibility,6f26a2efe22881da,integrated_gradients_qwen,precision_at_k,0.2727272727272727,target,Syntactic Change,qwen
task2_qwen_plausibility,6f26a2efe22881da,integrated_gradients_qwen,recall_at_k,0.2727272727272727,target,Syntactic Change,qwen
task2_qwen_plausibility,6f26a2efe22881da,integrated_gradients_qwen,f1_at_k,0.2727272727272727,target,Syntactic Change,qwen
task2_qwen_plausibility,6f26a2efe22881da,integrated_gradients_qwen,auprc,0.21207040290861406,target,Syntactic Change,qwen
task2_qwen_plausibility,6f50f4ce49ee5cd8,integrated_gradients_qwen,precision_at_k,0.26666666666666666,target,Synonymy,qwen
task2_qwen_plausibility,6f50f4ce49ee5cd8,integrated_gradients_qwen,recall_at_k,0.26666666666666666,target,Synonymy,qwen
task2_qwen_plausibility,6f50f4ce49ee5cd8,integrated_gradients_qwen,f1_at_k,0.26666666666666666,target,Synonymy,qwen
task2_qwen_plausibility,6f50f4ce49ee5cd8,integrated_gradients_qwen,auprc,0.14609001544633196,target,Synonymy,qwen
task2_qwen_plausibility,6f50f4ce49ee5cd8,integrated_gradients_qwen,precision_at_k,0.03333333333333333,target,Syntactic Change,qwen
task2_qwen_plausibility,6f50f4ce49ee5cd8,integrated_gradients_qwen,recall_at_k,0.03333333333333333,target,Syntactic Change,qwen
task2_qwen_plausibility,6f50f4ce49ee5cd8,integrated_gradients_qwen,f1_at_k,0.03333333333333333,target,Syntactic Change,qwen
task2_qwen_plausibility,6f50f4ce49ee5cd8,integrated_gradients_qwen,auprc,0.08248398781904091,target,Syntactic Change,qwen
task2_qwen_plausibility,770e9df185c636f9,integrated_gradients_qwen,precision_at_k,0.16279069767441862,target,Synonymy,qwen
task2_qwen_plausibility,770e9df185c636f9,integrated_gradients_qwen,recall_at_k,0.16279069767441862,target,Synonymy,qwen
task2_qwen_plausibility,770e9df185c636f9,integrated_gradients_qwen,f1_at_k,0.16279069767441862,target,Synonymy,qwen
task2_qwen_plausibility,770e9df185c636f9,integrated_gradients_qwen,auprc,0.13625619768442224,target,Synonymy,qwen
task2_qwen_plausibility,770e9df185c636f9,integrated_gradients_qwen,precision_at_k,0.13953488372093023,target,Syntactic Change,qwen
task2_qwen_plausibility,770e9df185c636f9,integrated_gradients_qwen,recall_at_k,0.13953488372093023,target,Syntactic Change,qwen
task2_qwen_plausibility,770e9df185c636f9,integrated_gradients_qwen,f1_at_k,0.13953488372093023,target,Syntactic Change,qwen
task2_qwen_plausibility,770e9df185c636f9,integrated_gradients_qwen,auprc,0.15279385031665038,target,Syntactic Change,qwen
task2_qwen_plausibility,79845f9d594f4e7e,integrated_gradients_qwen,precision_at_k,0.07142857142857142,target,Synonymy,qwen
task2_qwen_plausibility,79845f9d594f4e7e,integrated_gradients_qwen,recall_at_k,0.07142857142857142,target,Synonymy,qwen
task2_qwen_plausibility,79845f9d594f4e7e,integrated_gradients_qwen,f1_at_k,0.07142857142857142,target,Synonymy,qwen
task2_qwen_plausibility,79845f9d594f4e7e,integrated_gradients_qwen,auprc,0.09409050380552834,target,Synonymy,qwen
task2_qwen_plausibility,79845f9d594f4e7e,integrated_gradients_qwen,precision_at_k,0.0,target,Syntactic Change,qwen
task2_qwen_plausibility,79845f9d594f4e7e,integrated_gradients_qwen,recall_at_k,0.0,target,Syntactic Change,qwen
task2_qwen_plausibility,79845f9d594f4e7e,integrated_gradients_qwen,f1_at_k,0.0,target,Syntactic Change,qwen
task2_qwen_plausibility,79845f9d594f4e7e,integrated_gradients_qwen,auprc,0.06630540340883023,target,Syntactic Change,qwen
task2_qwen_plausibility,7d9f42136cee261f,integrated_gradients_qwen,precision_at_k,0.0,target,Synonymy,qwen
task2_qwen_plausibility,7d9f42136cee261f,integrated_gradients_qwen,recall_at_k,0.0,target,Synonymy,qwen
task2_qwen_plausibility,7d9f42136cee261f,integrated_gradients_qwen,f1_at_k,0.0,target,Synonymy,qwen
task2_qwen_plausibility,7d9f42136cee261f,integrated_gradients_qwen,auprc,0.05843362464143208,target,Synonymy,qwen
task2_qwen_plausibility,7e3bbc0dd75d1cd2,integrated_gradients_qwen,precision_at_k,0.09090909090909091,target,Synonymy,qwen
task2_qwen_plausibility,7e3bbc0dd75d1cd2,integrated_gradients_qwen,recall_at_k,0.09090909090909091,target,Synonymy,qwen
task2_qwen_plausibility,7e3bbc0dd75d1cd2,integrated_gradients_qwen,f1_at_k,0.09090909090909091,target,Synonymy,qwen
task2_qwen_plausibility,7e3bbc0dd75d1cd2,integrated_gradients_qwen,auprc,0.06690338988772172,target,Synonymy,qwen
task2_qwen_plausibility,7e3bbc0dd75d1cd2,integrated_gradients_qwen,precision_at_k,0.18181818181818182,target,Explanation,qwen
task2_qwen_plausibility,7e3bbc0dd75d1cd2,integrated_gradients_qwen,recall_at_k,0.18181818181818182,target,Explanation,qwen
task2_qwen_plausibility,7e3bbc0dd75d1cd2,integrated_gradients_qwen,f1_at_k,0.18181818181818182,target,Explanation,qwen
task2_qwen_plausibility,7e3bbc0dd75d1cd2,integrated_gradients_qwen,auprc,0.18829608385263574,target,Explanation,qwen
task2_qwen_plausibility,7e3bbc0dd75d1cd2,integrated_gradients_qwen,precision_at_k,0.09090909090909091,target,Syntactic Change,qwen
task2_qwen_plausibility,7e3bbc0dd75d1cd2,integrated_gradients_qwen,recall_at_k,0.09090909090909091,target,Syntactic Change,qwen
task2_qwen_plausibility,7e3bbc0dd75d1cd2,integrated_gradients_qwen,f1_at_k,0.09090909090909091,target,Syntactic Change,qwen
task2_qwen_plausibility,7e3bbc0dd75d1cd2,integrated_gradients_qwen,auprc,0.07814739155450624,target,Syntactic Change,qwen
task2_qwen_plausibility,7ef6bd199098f408,integrated_gradients_qwen,precision_at_k,0.16666666666666666,target,Synonymy,qwen
task2_qwen_plausibility,7ef6bd199098f408,integrated_gradients_qwen,recall_at_k,0.16666666666666666,target,Synonymy,qwen
task2_qwen_plausibility,7ef6bd199098f408,integrated_gradients_qwen,f1_at_k,0.16666666666666666,target,Synonymy,qwen
task2_qwen_plausibility,7ef6bd199098f408,integrated_gradients_qwen,auprc,0.1048059399385984,target,Synonymy,qwen
task2_qwen_plausibility,7ef6bd199098f408,integrated_gradients_qwen,precision_at_k,0.16666666666666666,target,Syntactic Change,qwen
task2_qwen_plausibility,7ef6bd199098f408,integrated_gradients_qwen,recall_at_k,0.16666666666666666,target,Syntactic Change,qwen
task2_qwen_plausibility,7ef6bd199098f408,integrated_gradients_qwen,f1_at_k,0.16666666666666666,target,Syntactic Change,qwen
task2_qwen_plausibility,7ef6bd199098f408,integrated_gradients_qwen,auprc,0.08522005500587548,target,Syntactic Change,qwen
task2_qwen_plausibility,80a3f9978b10e58c,integrated_gradients_qwen,precision_at_k,0.14285714285714285,target,Synonymy,qwen
task2_qwen_plausibility,80a3f9978b10e58c,integrated_gradients_qwen,recall_at_k,0.14285714285714285,target,Synonymy,qwen
task2_qwen_plausibility,80a3f9978b10e58c,integrated_gradients_qwen,f1_at_k,0.14285714285714285,target,Synonymy,qwen
task2_qwen_plausibility,80a3f9978b10e58c,integrated_gradients_qwen,auprc,0.1314200976233426,target,Synonymy,qwen
task2_qwen_plausibility,80a3f9978b10e58c,integrated_gradients_qwen,precision_at_k,0.16326530612244897,target,Compression,qwen
task2_qwen_plausibility,80a3f9978b10e58c,integrated_gradients_qwen,recall_at_k,0.16326530612244897,target,Compression,qwen
task2_qwen_plausibility,80a3f9978b10e58c,integrated_gradients_qwen,f1_at_k,0.16326530612244897,target,Compression,qwen
task2_qwen_plausibility,80a3f9978b10e58c,integrated_gradients_qwen,auprc,0.16848197052074154,target,Compression,qwen
task2_qwen_plausibility,80a3f9978b10e58c,integrated_gradients_qwen,precision_at_k,0.20408163265306123,target,Syntactic Change,qwen
task2_qwen_plausibility,80a3f9978b10e58c,integrated_gradients_qwen,recall_at_k,0.20408163265306123,target,Syntactic Change,qwen
task2_qwen_plausibility,80a3f9978b10e58c,integrated_gradients_qwen,f1_at_k,0.20408163265306123,target,Syntactic Change,qwen
task2_qwen_plausibility,80a3f9978b10e58c,integrated_gradients_qwen,auprc,0.17717831847830912,target,Syntactic Change,qwen
task2_qwen_plausibility,847d2022b382a39e,integrated_gradients_qwen,precision_at_k,0.0,target,Synonymy,qwen
task2_qwen_plausibility,847d2022b382a39e,integrated_gradients_qwen,recall_at_k,0.0,target,Synonymy,qwen
task2_qwen_plausibility,847d2022b382a39e,integrated_gradients_qwen,f1_at_k,0.0,target,Synonymy,qwen
task2_qwen_plausibility,847d2022b382a39e,integrated_gradients_qwen,auprc,0.04167476898460945,target,Synonymy,qwen
task2_qwen_plausibility,847d2022b382a39e,integrated_gradients_qwen,precision_at_k,0.06666666666666667,target,Syntactic Change,qwen
task2_qwen_plausibility,847d2022b382a39e,integrated_gradients_qwen,recall_at_k,0.06666666666666667,target,Syntactic Change,qwen
task2_qwen_plausibility,847d2022b382a39e,integrated_gradients_qwen,f1_at_k,0.06666666666666667,target,Syntactic Change,qwen
task2_qwen_plausibility,847d2022b382a39e,integrated_gradients_qwen,auprc,0.05515706299730169,target,Syntactic Change,qwen
task2_qwen_plausibility,8732c2dd45377ec9,integrated_gradients_qwen,precision_at_k,0.04477611940298507,target,Synonymy,qwen
task2_qwen_plausibility,8732c2dd45377ec9,integrated_gradients_qwen,recall_at_k,0.04477611940298507,target,Synonymy,qwen
task2_qwen_plausibility,8732c2dd45377ec9,integrated_gradients_qwen,f1_at_k,0.04477611940298508,target,Synonymy,qwen
task2_qwen_plausibility,8732c2dd45377ec9,integrated_gradients_qwen,auprc,0.08612050924919606,target,Synonymy,qwen
task2_qwen_plausibility,8732c2dd45377ec9,integrated_gradients_qwen,precision_at_k,0.08955223880597014,target,Modulation,qwen
task2_qwen_plausibility,8732c2dd45377ec9,integrated_gradients_qwen,recall_at_k,0.08955223880597014,target,Modulation,qwen
task2_qwen_plausibility,8732c2dd45377ec9,integrated_gradients_qwen,f1_at_k,0.08955223880597016,target,Modulation,qwen
task2_qwen_plausibility,8732c2dd45377ec9,integrated_gradients_qwen,auprc,0.1101815425325102,target,Modulation,qwen
task2_qwen_plausibility,8732c2dd45377ec9,integrated_gradients_qwen,precision_at_k,0.08955223880597014,target,Compression,qwen
task2_qwen_plausibility,8732c2dd45377ec9,integrated_gradients_qwen,recall_at_k,0.08955223880597014,target,Compression,qwen
task2_qwen_plausibility,8732c2dd45377ec9,integrated_gradients_qwen,f1_at_k,0.08955223880597016,target,Compression,qwen
task2_qwen_plausibility,8732c2dd45377ec9,integrated_gradients_qwen,auprc,0.13511260899578686,target,Compression,qwen
task2_qwen_plausibility,8732c2dd45377ec9,integrated_gradients_qwen,precision_at_k,0.05970149253731343,target,Syntactic Change,qwen
task2_qwen_plausibility,8732c2dd45377ec9,integrated_gradients_qwen,recall_at_k,0.05970149253731343,target,Syntactic Change,qwen
task2_qwen_plausibility,8732c2dd45377ec9,integrated_gradients_qwen,f1_at_k,0.05970149253731343,target,Syntactic Change,qwen
task2_qwen_plausibility,8732c2dd45377ec9,integrated_gradients_qwen,auprc,0.12643474427943246,target,Syntactic Change,qwen
task2_qwen_plausibility,912f69180c3fd7a0,integrated_gradients_qwen,precision_at_k,0.06666666666666667,target,Synonymy,qwen
task2_qwen_plausibility,912f69180c3fd7a0,integrated_gradients_qwen,recall_at_k,0.06666666666666667,target,Synonymy,qwen
task2_qwen_plausibility,912f69180c3fd7a0,integrated_gradients_qwen,f1_at_k,0.06666666666666667,target,Synonymy,qwen
task2_qwen_plausibility,912f69180c3fd7a0,integrated_gradients_qwen,auprc,0.09233027516428079,target,Synonymy,qwen
task2_qwen_plausibility,912f69180c3fd7a0,integrated_gradients_qwen,precision_at_k,0.0,target,Modulation,qwen
task2_qwen_plausibility,912f69180c3fd7a0,integrated_gradients_qwen,recall_at_k,0.0,target,Modulation,qwen
task2_qwen_plausibility,912f69180c3fd7a0,integrated_gradients_qwen,f1_at_k,0.0,target,Modulation,qwen
task2_qwen_plausibility,912f69180c3fd7a0,integrated_gradients_qwen,auprc,0.08594304633782374,target,Modulation,qwen
task2_qwen_plausibility,9796ad923067ac5c,integrated_gradients_qwen,precision_at_k,0.0,target,Synonymy,qwen
task2_qwen_plausibility,9796ad923067ac5c,integrated_gradients_qwen,recall_at_k,0.0,target,Synonymy,qwen
task2_qwen_plausibility,9796ad923067ac5c,integrated_gradients_qwen,f1_at_k,0.0,target,Synonymy,qwen
task2_qwen_plausibility,9796ad923067ac5c,integrated_gradients_qwen,auprc,0.027859060536131734,target,Synonymy,qwen
task2_qwen_plausibility,9796ad923067ac5c,integrated_gradients_qwen,precision_at_k,0.0,target,Compression,qwen
task2_qwen_plausibility,9796ad923067ac5c,integrated_gradients_qwen,recall_at_k,0.0,target,Compression,qwen
task2_qwen_plausibility,9796ad923067ac5c,integrated_gradients_qwen,f1_at_k,0.0,target,Compression,qwen
task2_qwen_plausibility,9796ad923067ac5c,integrated_gradients_qwen,auprc,0.05583566385885838,target,Compression,qwen
task2_qwen_plausibility,99548819543904d6,integrated_gradients_qwen,precision_at_k,0.05714285714285714,target,Synonymy,qwen
task2_qwen_plausibility,99548819543904d6,integrated_gradients_qwen,recall_at_k,0.05714285714285714,target,Synonymy,qwen
task2_qwen_plausibility,99548819543904d6,integrated_gradients_qwen,f1_at_k,0.05714285714285714,target,Synonymy,qwen
task2_qwen_plausibility,99548819543904d6,integrated_gradients_qwen,auprc,0.057050741629589355,target,Synonymy,qwen
task2_qwen_plausibility,99548819543904d6,integrated_gradients_qwen,precision_at_k,0.02857142857142857,target,Modulation,qwen
task2_qwen_plausibility,99548819543904d6,integrated_gradients_qwen,recall_at_k,0.02857142857142857,target,Modulation,qwen
task2_qwen_plausibility,99548819543904d6,integrated_gradients_qwen,f1_at_k,0.02857142857142857,target,Modulation,qwen
task2_qwen_plausibility,99548819543904d6,integrated_gradients_qwen,auprc,0.07655010730947487,target,Modulation,qwen
task2_qwen_plausibility,99548819543904d6,integrated_gradients_qwen,precision_at_k,0.0,target,Compression,qwen
task2_qwen_plausibility,99548819543904d6,integrated_gradients_qwen,recall_at_k,0.0,target,Compression,qwen
task2_qwen_plausibility,99548819543904d6,integrated_gradients_qwen,f1_at_k,0.0,target,Compression,qwen
task2_qwen_plausibility,99548819543904d6,integrated_gradients_qwen,auprc,0.07772239823233683,target,Compression,qwen
task2_qwen_plausibility,99548819543904d6,integrated_gradients_qwen,precision_at_k,0.08571428571428572,target,Syntactic Change,qwen
task2_qwen_plausibility,99548819543904d6,integrated_gradients_qwen,recall_at_k,0.08571428571428572,target,Syntactic Change,qwen
task2_qwen_plausibility,99548819543904d6,integrated_gradients_qwen,f1_at_k,0.08571428571428572,target,Syntactic Change,qwen
task2_qwen_plausibility,99548819543904d6,integrated_gradients_qwen,auprc,0.08736997433770204,target,Syntactic Change,qwen
task2_qwen_plausibility,9a1b295b8d6f5476,integrated_gradients_qwen,precision_at_k,0.15,target,Synonymy,qwen
task2_qwen_plausibility,9a1b295b8d6f5476,integrated_gradients_qwen,recall_at_k,0.15,target,Synonymy,qwen
task2_qwen_plausibility,9a1b295b8d6f5476,integrated_gradients_qwen,f1_at_k,0.15,target,Synonymy,qwen
task2_qwen_plausibility,9a1b295b8d6f5476,integrated_gradients_qwen,auprc,0.1317398346826307,target,Synonymy,qwen
task2_qwen_plausibility,9a1b295b8d6f5476,integrated_gradients_qwen,precision_at_k,0.35,target,Explanation,qwen
task2_qwen_plausibility,9a1b295b8d6f5476,integrated_gradients_qwen,recall_at_k,0.35,target,Explanation,qwen
task2_qwen_plausibility,9a1b295b8d6f5476,integrated_gradients_qwen,f1_at_k,0.35,target,Explanation,qwen
task2_qwen_plausibility,9a1b295b8d6f5476,integrated_gradients_qwen,auprc,0.2819928324378817,target,Explanation,qwen
task2_qwen_plausibility,9a7141763dd6a5b2,integrated_gradients_qwen,precision_at_k,0.041666666666666664,target,Synonymy,qwen
task2_qwen_plausibility,9a7141763dd6a5b2,integrated_gradients_qwen,recall_at_k,0.041666666666666664,target,Synonymy,qwen
task2_qwen_plausibility,9a7141763dd6a5b2,integrated_gradients_qwen,f1_at_k,0.041666666666666664,target,Synonymy,qwen
task2_qwen_plausibility,9a7141763dd6a5b2,integrated_gradients_qwen,auprc,0.049300127334319946,target,Synonymy,qwen
task2_qwen_plausibility,9a7141763dd6a5b2,integrated_gradients_qwen,precision_at_k,0.041666666666666664,target,Modulation,qwen
task2_qwen_plausibility,9a7141763dd6a5b2,integrated_gradients_qwen,recall_at_k,0.041666666666666664,target,Modulation,qwen
task2_qwen_plausibility,9a7141763dd6a5b2,integrated_gradients_qwen,f1_at_k,0.041666666666666664,target,Modulation,qwen
task2_qwen_plausibility,9a7141763dd6a5b2,integrated_gradients_qwen,auprc,0.08337412197955515,target,Modulation,qwen
task2_qwen_plausibility,9a7141763dd6a5b2,integrated_gradients_qwen,precision_at_k,0.125,target,Compression,qwen
task2_qwen_plausibility,9a7141763dd6a5b2,integrated_gradients_qwen,recall_at_k,0.125,target,Compression,qwen
task2_qwen_plausibility,9a7141763dd6a5b2,integrated_gradients_qwen,f1_at_k,0.125,target,Compression,qwen
task2_qwen_plausibility,9a7141763dd6a5b2,integrated_gradients_qwen,auprc,0.15395108247311756,target,Compression,qwen
task2_qwen_plausibility,9a7141763dd6a5b2,integrated_gradients_qwen,precision_at_k,0.0,target,Syntactic Change,qwen
task2_qwen_plausibility,9a7141763dd6a5b2,integrated_gradients_qwen,recall_at_k,0.0,target,Syntactic Change,qwen
task2_qwen_plausibility,9a7141763dd6a5b2,integrated_gradients_qwen,f1_at_k,0.0,target,Syntactic Change,qwen
task2_qwen_plausibility,9a7141763dd6a5b2,integrated_gradients_qwen,auprc,0.067897827656834,target,Syntactic Change,qwen
task2_qwen_plausibility,9d3c49bbb2e29ede,integrated_gradients_qwen,precision_at_k,0.1,target,Compression,qwen
task2_qwen_plausibility,9d3c49bbb2e29ede,integrated_gradients_qwen,recall_at_k,0.1,target,Compression,qwen
task2_qwen_plausibility,9d3c49bbb2e29ede,integrated_gradients_qwen,f1_at_k,0.10000000000000002,target,Compression,qwen
task2_qwen_plausibility,9d3c49bbb2e29ede,integrated_gradients_qwen,auprc,0.09663120919639324,target,Compression,qwen
task2_qwen_plausibility,9d3c49bbb2e29ede,integrated_gradients_qwen,precision_at_k,0.0,target,Explanation,qwen
task2_qwen_plausibility,9d3c49bbb2e29ede,integrated_gradients_qwen,recall_at_k,0.0,target,Explanation,qwen
task2_qwen_plausibility,9d3c49bbb2e29ede,integrated_gradients_qwen,f1_at_k,0.0,target,Explanation,qwen
task2_qwen_plausibility,9d3c49bbb2e29ede,integrated_gradients_qwen,auprc,0.03717440588576719,target,Explanation,qwen
task2_qwen_plausibility,9df68823f08232f2,integrated_gradients_qwen,precision_at_k,0.07407407407407407,target,Synonymy,qwen
task2_qwen_plausibility,9df68823f08232f2,integrated_gradients_qwen,recall_at_k,0.07407407407407407,target,Synonymy,qwen
task2_qwen_plausibility,9df68823f08232f2,integrated_gradients_qwen,f1_at_k,0.07407407407407407,target,Synonymy,qwen
task2_qwen_plausibility,9df68823f08232f2,integrated_gradients_qwen,auprc,0.09682163280110309,target,Synonymy,qwen
task2_qwen_plausibility,9df68823f08232f2,integrated_gradients_qwen,precision_at_k,0.07407407407407407,target,Compression,qwen
task2_qwen_plausibility,9df68823f08232f2,integrated_gradients_qwen,recall_at_k,0.07407407407407407,target,Compression,qwen
task2_qwen_plausibility,9df68823f08232f2,integrated_gradients_qwen,f1_at_k,0.07407407407407407,target,Compression,qwen
task2_qwen_plausibility,9df68823f08232f2,integrated_gradients_qwen,auprc,0.09279529411414955,target,Compression,qwen
task2_qwen_plausibility,9df68823f08232f2,integrated_gradients_qwen,precision_at_k,0.037037037037037035,target,Syntactic Change,qwen
task2_qwen_plausibility,9df68823f08232f2,integrated_gradients_qwen,recall_at_k,0.037037037037037035,target,Syntactic Change,qwen
task2_qwen_plausibility,9df68823f08232f2,integrated_gradients_qwen,f1_at_k,0.037037037037037035,target,Syntactic Change,qwen
task2_qwen_plausibility,9df68823f08232f2,integrated_gradients_qwen,auprc,0.08050579140815511,target,Syntactic Change,qwen
task2_qwen_plausibility,a7b2c1533ccde303,integrated_gradients_qwen,precision_at_k,0.0,target,Synonymy,qwen
task2_qwen_plausibility,a7b2c1533ccde303,integrated_gradients_qwen,recall_at_k,0.0,target,Synonymy,qwen
task2_qwen_plausibility,a7b2c1533ccde303,integrated_gradients_qwen,f1_at_k,0.0,target,Synonymy,qwen
task2_qwen_plausibility,a7b2c1533ccde303,integrated_gradients_qwen,auprc,0.04372523693752313,target,Synonymy,qwen
task2_qwen_plausibility,a7b2c1533ccde303,integrated_gradients_qwen,precision_at_k,0.0,target,Syntactic Change,qwen
task2_qwen_plausibility,a7b2c1533ccde303,integrated_gradients_qwen,recall_at_k,0.0,target,Syntactic Change,qwen
task2_qwen_plausibility,a7b2c1533ccde303,integrated_gradients_qwen,f1_at_k,0.0,target,Syntactic Change,qwen
task2_qwen_plausibility,a7b2c1533ccde303,integrated_gradients_qwen,auprc,0.06345242318311967,target,Syntactic Change,qwen
task2_qwen_plausibility,a80b19648fa6b232,integrated_gradients_qwen,precision_at_k,0.037037037037037035,target,Synonymy,qwen
task2_qwen_plausibility,a80b19648fa6b232,integrated_gradients_qwen,recall_at_k,0.037037037037037035,target,Synonymy,qwen
task2_qwen_plausibility,a80b19648fa6b232,integrated_gradients_qwen,f1_at_k,0.037037037037037035,target,Synonymy,qwen
task2_qwen_plausibility,a80b19648fa6b232,integrated_gradients_qwen,auprc,0.0500829415949991,target,Synonymy,qwen
task2_qwen_plausibility,a80b19648fa6b232,integrated_gradients_qwen,precision_at_k,0.0,target,Syntactic Change,qwen
task2_qwen_plausibility,a80b19648fa6b232,integrated_gradients_qwen,recall_at_k,0.0,target,Syntactic Change,qwen
task2_qwen_plausibility,a80b19648fa6b232,integrated_gradients_qwen,f1_at_k,0.0,target,Syntactic Change,qwen
task2_qwen_plausibility,a80b19648fa6b232,integrated_gradients_qwen,auprc,0.05786186969423751,target,Syntactic Change,qwen
task2_qwen_plausibility,b4236a414f314c1b,integrated_gradients_qwen,precision_at_k,0.0,target,Synonymy,qwen
task2_qwen_plausibility,b4236a414f314c1b,integrated_gradients_qwen,recall_at_k,0.0,target,Synonymy,qwen
task2_qwen_plausibility,b4236a414f314c1b,integrated_gradients_qwen,f1_at_k,0.0,target,Synonymy,qwen
task2_qwen_plausibility,b4236a414f314c1b,integrated_gradients_qwen,auprc,0.010301720097790183,target,Synonymy,qwen
task2_qwen_plausibility,b4236a414f314c1b,integrated_gradients_qwen,precision_at_k,0.0,target,Compression,qwen
task2_qwen_plausibility,b4236a414f314c1b,integrated_gradients_qwen,recall_at_k,0.0,target,Compression,qwen
task2_qwen_plausibility,b4236a414f314c1b,integrated_gradients_qwen,f1_at_k,0.0,target,Compression,qwen
task2_qwen_plausibility,b4236a414f314c1b,integrated_gradients_qwen,auprc,0.03340522064088793,target,Compression,qwen
task2_qwen_plausibility,b4236a414f314c1b,integrated_gradients_qwen,precision_at_k,0.0,target,Syntactic Change,qwen
task2_qwen_plausibility,b4236a414f314c1b,integrated_gradients_qwen,recall_at_k,0.0,target,Syntactic Change,qwen
task2_qwen_plausibility,b4236a414f314c1b,integrated_gradients_qwen,f1_at_k,0.0,target,Syntactic Change,qwen
task2_qwen_plausibility,b4236a414f314c1b,integrated_gradients_qwen,auprc,0.046130141769676655,target,Syntactic Change,qwen
task2_qwen_plausibility,b503ba1a697c47f3,integrated_gradients_qwen,precision_at_k,0.16666666666666666,target,Synonymy,qwen
task2_qwen_plausibility,b503ba1a697c47f3,integrated_gradients_qwen,recall_at_k,0.16666666666666666,target,Synonymy,qwen
task2_qwen_plausibility,b503ba1a697c47f3,integrated_gradients_qwen,f1_at_k,0.16666666666666666,target,Synonymy,qwen
task2_qwen_plausibility,b503ba1a697c47f3,integrated_gradients_qwen,auprc,0.061850241767058486,target,Synonymy,qwen
task2_qwen_plausibility,b622444b6f79d82e,integrated_gradients_qwen,precision_at_k,0.0,target,Compression,qwen
task2_qwen_plausibility,b622444b6f79d82e,integrated_gradients_qwen,recall_at_k,0.0,target,Compression,qwen
task2_qwen_plausibility,b622444b6f79d82e,integrated_gradients_qwen,f1_at_k,0.0,target,Compression,qwen
task2_qwen_plausibility,b622444b6f79d82e,integrated_gradients_qwen,auprc,0.038357301088533594,target,Compression,qwen
task2_qwen_plausibility,b622444b6f79d82e,integrated_gradients_qwen,precision_at_k,0.0,target,Syntactic Change,qwen
task2_qwen_plausibility,b622444b6f79d82e,integrated_gradients_qwen,recall_at_k,0.0,target,Syntactic Change,qwen
task2_qwen_plausibility,b622444b6f79d82e,integrated_gradients_qwen,f1_at_k,0.0,target,Syntactic Change,qwen
task2_qwen_plausibility,b622444b6f79d82e,integrated_gradients_qwen,auprc,0.04221399599766049,target,Syntactic Change,qwen
task2_qwen_plausibility,b7cbb8a5076db458,integrated_gradients_qwen,precision_at_k,0.06666666666666667,target,Explanation,qwen
task2_qwen_plausibility,b7cbb8a5076db458,integrated_gradients_qwen,recall_at_k,0.06666666666666667,target,Explanation,qwen
task2_qwen_plausibility,b7cbb8a5076db458,integrated_gradients_qwen,f1_at_k,0.06666666666666667,target,Explanation,qwen
task2_qwen_plausibility,b7cbb8a5076db458,integrated_gradients_qwen,auprc,0.04162922304688361,target,Explanation,qwen
task2_qwen_plausibility,bba056a52dda625b,integrated_gradients_qwen,precision_at_k,0.16279069767441862,target,Synonymy,qwen
task2_qwen_plausibility,bba056a52dda625b,integrated_gradients_qwen,recall_at_k,0.16279069767441862,target,Synonymy,qwen
task2_qwen_plausibility,bba056a52dda625b,integrated_gradients_qwen,f1_at_k,0.16279069767441862,target,Synonymy,qwen
task2_qwen_plausibility,bba056a52dda625b,integrated_gradients_qwen,auprc,0.1378121804134223,target,Synonymy,qwen
task2_qwen_plausibility,bba056a52dda625b,integrated_gradients_qwen,precision_at_k,0.06976744186046512,target,Syntactic Change,qwen
task2_qwen_plausibility,bba056a52dda625b,integrated_gradients_qwen,recall_at_k,0.06976744186046512,target,Syntactic Change,qwen
task2_qwen_plausibility,bba056a52dda625b,integrated_gradients_qwen,f1_at_k,0.06976744186046512,target,Syntactic Change,qwen
task2_qwen_plausibility,bba056a52dda625b,integrated_gradients_qwen,auprc,0.11147898271610532,target,Syntactic Change,qwen
task2_qwen_plausibility,bf92f3bdab1b8f54,integrated_gradients_qwen,precision_at_k,0.5,target,Synonymy,qwen
task2_qwen_plausibility,bf92f3bdab1b8f54,integrated_gradients_qwen,recall_at_k,0.5,target,Synonymy,qwen
task2_qwen_plausibility,bf92f3bdab1b8f54,integrated_gradients_qwen,f1_at_k,0.5,target,Synonymy,qwen
task2_qwen_plausibility,bf92f3bdab1b8f54,integrated_gradients_qwen,auprc,0.53125,target,Synonymy,qwen
task2_qwen_plausibility,c0309c04a6343fc0,integrated_gradients_qwen,precision_at_k,0.02857142857142857,target,Synonymy,qwen
task2_qwen_plausibility,c0309c04a6343fc0,integrated_gradients_qwen,recall_at_k,0.02857142857142857,target,Synonymy,qwen
task2_qwen_plausibility,c0309c04a6343fc0,integrated_gradients_qwen,f1_at_k,0.02857142857142857,target,Synonymy,qwen
task2_qwen_plausibility,c0309c04a6343fc0,integrated_gradients_qwen,auprc,0.059957572120483894,target,Synonymy,qwen
task2_qwen_plausibility,c0309c04a6343fc0,integrated_gradients_qwen,precision_at_k,0.08571428571428572,target,Compression,qwen
task2_qwen_plausibility,c0309c04a6343fc0,integrated_gradients_qwen,recall_at_k,0.08571428571428572,target,Compression,qwen
task2_qwen_plausibility,c0309c04a6343fc0,integrated_gradients_qwen,f1_at_k,0.08571428571428572,target,Compression,qwen
task2_qwen_plausibility,c0309c04a6343fc0,integrated_gradients_qwen,auprc,0.09724101460265475,target,Compression,qwen
task2_qwen_plausibility,c0309c04a6343fc0,integrated_gradients_qwen,precision_at_k,0.08571428571428572,target,Syntactic Change,qwen
task2_qwen_plausibility,c0309c04a6343fc0,integrated_gradients_qwen,recall_at_k,0.08571428571428572,target,Syntactic Change,qwen
task2_qwen_plausibility,c0309c04a6343fc0,integrated_gradients_qwen,f1_at_k,0.08571428571428572,target,Syntactic Change,qwen
task2_qwen_plausibility,c0309c04a6343fc0,integrated_gradients_qwen,auprc,0.0974755713179957,target,Syntactic Change,qwen
task2_qwen_plausibility,c1556b5c141a8c40,integrated_gradients_qwen,precision_at_k,0.038461538461538464,target,Synonymy,qwen
task2_qwen_plausibility,c1556b5c141a8c40,integrated_gradients_qwen,recall_at_k,0.038461538461538464,target,Synonymy,qwen
task2_qwen_plausibility,c1556b5c141a8c40,integrated_gradients_qwen,f1_at_k,0.038461538461538464,target,Synonymy,qwen
task2_qwen_plausibility,c1556b5c141a8c40,integrated_gradients_qwen,auprc,0.055096847877927894,target,Synonymy,qwen
task2_qwen_plausibility,c1556b5c141a8c40,integrated_gradients_qwen,precision_at_k,0.07692307692307693,target,Syntactic Change,qwen
task2_qwen_plausibility,c1556b5c141a8c40,integrated_gradients_qwen,recall_at_k,0.07692307692307693,target,Syntactic Change,qwen
task2_qwen_plausibility,c1556b5c141a8c40,integrated_gradients_qwen,f1_at_k,0.07692307692307693,target,Syntactic Change,qwen
task2_qwen_plausibility,c1556b5c141a8c40,integrated_gradients_qwen,auprc,0.06986701234699295,target,Syntactic Change,qwen
task2_qwen_plausibility,c53b2ff9c6388d00,integrated_gradients_qwen,precision_at_k,0.1111111111111111,target,Synonymy,qwen
task2_qwen_plausibility,c53b2ff9c6388d00,integrated_gradients_qwen,recall_at_k,0.1111111111111111,target,Synonymy,qwen
task2_qwen_plausibility,c53b2ff9c6388d00,integrated_gradients_qwen,f1_at_k,0.1111111111111111,target,Synonymy,qwen
task2_qwen_plausibility,c53b2ff9c6388d00,integrated_gradients_qwen,auprc,0.08315854396362382,target,Synonymy,qwen
task2_qwen_plausibility,c53b2ff9c6388d00,integrated_gradients_qwen,precision_at_k,0.037037037037037035,target,Explanation,qwen
task2_qwen_plausibility,c53b2ff9c6388d00,integrated_gradients_qwen,recall_at_k,0.037037037037037035,target,Explanation,qwen
task2_qwen_plausibility,c53b2ff9c6388d00,integrated_gradients_qwen,f1_at_k,0.037037037037037035,target,Explanation,qwen
task2_qwen_plausibility,c53b2ff9c6388d00,integrated_gradients_qwen,auprc,0.06036629295749899,target,Explanation,qwen
task2_qwen_plausibility,c53b2ff9c6388d00,integrated_gradients_qwen,precision_at_k,0.18518518518518517,target,Syntactic Change,qwen
task2_qwen_plausibility,c53b2ff9c6388d00,integrated_gradients_qwen,recall_at_k,0.18518518518518517,target,Syntactic Change,qwen
task2_qwen_plausibility,c53b2ff9c6388d00,integrated_gradients_qwen,f1_at_k,0.18518518518518517,target,Syntactic Change,qwen
task2_qwen_plausibility,c53b2ff9c6388d00,integrated_gradients_qwen,auprc,0.14728008947472493,target,Syntactic Change,qwen
task2_qwen_plausibility,c58680d79c5aa483,integrated_gradients_qwen,precision_at_k,0.13043478260869565,target,Synonymy,qwen
task2_qwen_plausibility,c58680d79c5aa483,integrated_gradients_qwen,recall_at_k,0.13043478260869565,target,Synonymy,qwen
task2_qwen_plausibility,c58680d79c5aa483,integrated_gradients_qwen,f1_at_k,0.13043478260869565,target,Synonymy,qwen
task2_qwen_plausibility,c58680d79c5aa483,integrated_gradients_qwen,auprc,0.11596282582184053,target,Synonymy,qwen
task2_qwen_plausibility,c58680d79c5aa483,integrated_gradients_qwen,precision_at_k,0.17391304347826086,target,Modulation,qwen
task2_qwen_plausibility,c58680d79c5aa483,integrated_gradients_qwen,recall_at_k,0.17391304347826086,target,Modulation,qwen
task2_qwen_plausibility,c58680d79c5aa483,integrated_gradients_qwen,f1_at_k,0.17391304347826086,target,Modulation,qwen
task2_qwen_plausibility,c58680d79c5aa483,integrated_gradients_qwen,auprc,0.13440323866872617,target,Modulation,qwen
task2_qwen_plausibility,c58680d79c5aa483,integrated_gradients_qwen,precision_at_k,0.08695652173913043,target,Syntactic Change,qwen
task2_qwen_plausibility,c58680d79c5aa483,integrated_gradients_qwen,recall_at_k,0.08695652173913043,target,Syntactic Change,qwen
task2_qwen_plausibility,c58680d79c5aa483,integrated_gradients_qwen,f1_at_k,0.08695652173913043,target,Syntactic Change,qwen
task2_qwen_plausibility,c58680d79c5aa483,integrated_gradients_qwen,auprc,0.11251463191501757,target,Syntactic Change,qwen
task2_qwen_plausibility,c6c10c5f6795c740,integrated_gradients_qwen,precision_at_k,0.0,target,Synonymy,qwen
task2_qwen_plausibility,c6c10c5f6795c740,integrated_gradients_qwen,recall_at_k,0.0,target,Synonymy,qwen
task2_qwen_plausibility,c6c10c5f6795c740,integrated_gradients_qwen,f1_at_k,0.0,target,Synonymy,qwen
task2_qwen_plausibility,c6c10c5f6795c740,integrated_gradients_qwen,auprc,0.003355704697986577,target,Synonymy,qwen
task2_qwen_plausibility,c7158b84f92491aa,integrated_gradients_qwen,precision_at_k,0.17142857142857143,target,Synonymy,qwen
task2_qwen_plausibility,c7158b84f92491aa,integrated_gradients_qwen,recall_at_k,0.17142857142857143,target,Synonymy,qwen
task2_qwen_plausibility,c7158b84f92491aa,integrated_gradients_qwen,f1_at_k,0.17142857142857143,target,Synonymy,qwen
task2_qwen_plausibility,c7158b84f92491aa,integrated_gradients_qwen,auprc,0.10036536588904549,target,Synonymy,qwen
task2_qwen_plausibility,c7158b84f92491aa,integrated_gradients_qwen,precision_at_k,0.05714285714285714,target,Compression,qwen
task2_qwen_plausibility,c7158b84f92491aa,integrated_gradients_qwen,recall_at_k,0.05714285714285714,target,Compression,qwen
task2_qwen_plausibility,c7158b84f92491aa,integrated_gradients_qwen,f1_at_k,0.05714285714285714,target,Compression,qwen
task2_qwen_plausibility,c7158b84f92491aa,integrated_gradients_qwen,auprc,0.11439671390831115,target,Compression,qwen
task2_qwen_plausibility,c7158b84f92491aa,integrated_gradients_qwen,precision_at_k,0.2,target,Syntactic Change,qwen
task2_qwen_plausibility,c7158b84f92491aa,integrated_gradients_qwen,recall_at_k,0.2,target,Syntactic Change,qwen
task2_qwen_plausibility,c7158b84f92491aa,integrated_gradients_qwen,f1_at_k,0.20000000000000004,target,Syntactic Change,qwen
task2_qwen_plausibility,c7158b84f92491aa,integrated_gradients_qwen,auprc,0.14810084949708083,target,Syntactic Change,qwen
task2_qwen_plausibility,c9fdb155bb221e62,integrated_gradients_qwen,precision_at_k,0.07692307692307693,target,Synonymy,qwen
task2_qwen_plausibility,c9fdb155bb221e62,integrated_gradients_qwen,recall_at_k,0.07692307692307693,target,Synonymy,qwen
task2_qwen_plausibility,c9fdb155bb221e62,integrated_gradients_qwen,f1_at_k,0.07692307692307693,target,Synonymy,qwen
task2_qwen_plausibility,c9fdb155bb221e62,integrated_gradients_qwen,auprc,0.04204681037108822,target,Synonymy,qwen
task2_qwen_plausibility,cbd7be6dbd4e67bc,integrated_gradients_qwen,precision_at_k,0.2,target,Compression,qwen
task2_qwen_plausibility,cbd7be6dbd4e67bc,integrated_gradients_qwen,recall_at_k,0.2,target,Compression,qwen
task2_qwen_plausibility,cbd7be6dbd4e67bc,integrated_gradients_qwen,f1_at_k,0.20000000000000004,target,Compression,qwen
task2_qwen_plausibility,cbd7be6dbd4e67bc,integrated_gradients_qwen,auprc,0.19456268736402882,target,Compression,qwen
task2_qwen_plausibility,cbd7be6dbd4e67bc,integrated_gradients_qwen,precision_at_k,0.2,target,Explanation,qwen
task2_qwen_plausibility,cbd7be6dbd4e67bc,integrated_gradients_qwen,recall_at_k,0.2,target,Explanation,qwen
task2_qwen_plausibility,cbd7be6dbd4e67bc,integrated_gradients_qwen,f1_at_k,0.20000000000000004,target,Explanation,qwen
task2_qwen_plausibility,cbd7be6dbd4e67bc,integrated_gradients_qwen,auprc,0.10773053605642341,target,Explanation,qwen
task2_qwen_plausibility,cbd7be6dbd4e67bc,integrated_gradients_qwen,precision_at_k,0.05,target,Syntactic Change,qwen
task2_qwen_plausibility,cbd7be6dbd4e67bc,integrated_gradients_qwen,recall_at_k,0.05,target,Syntactic Change,qwen
task2_qwen_plausibility,cbd7be6dbd4e67bc,integrated_gradients_qwen,f1_at_k,0.05000000000000001,target,Syntactic Change,qwen
task2_qwen_plausibility,cbd7be6dbd4e67bc,integrated_gradients_qwen,auprc,0.08544480791313185,target,Syntactic Change,qwen
task2_qwen_plausibility,d67f9b45f3806dc8,integrated_gradients_qwen,precision_at_k,0.06976744186046512,target,Synonymy,qwen
task2_qwen_plausibility,d67f9b45f3806dc8,integrated_gradients_qwen,recall_at_k,0.06976744186046512,target,Synonymy,qwen
task2_qwen_plausibility,d67f9b45f3806dc8,integrated_gradients_qwen,f1_at_k,0.06976744186046512,target,Synonymy,qwen
task2_qwen_plausibility,d67f9b45f3806dc8,integrated_gradients_qwen,auprc,0.0816366423238887,target,Synonymy,qwen
task2_qwen_plausibility,d67f9b45f3806dc8,integrated_gradients_qwen,precision_at_k,0.16279069767441862,target,Compression,qwen
task2_qwen_plausibility,d67f9b45f3806dc8,integrated_gradients_qwen,recall_at_k,0.16279069767441862,target,Compression,qwen
task2_qwen_plausibility,d67f9b45f3806dc8,integrated_gradients_qwen,f1_at_k,0.16279069767441862,target,Compression,qwen
task2_qwen_plausibility,d67f9b45f3806dc8,integrated_gradients_qwen,auprc,0.17436870540783223,target,Compression,qwen
task2_qwen_plausibility,d67f9b45f3806dc8,integrated_gradients_qwen,precision_at_k,0.16279069767441862,target,Syntactic Change,qwen
task2_qwen_plausibility,d67f9b45f3806dc8,integrated_gradients_qwen,recall_at_k,0.16279069767441862,target,Syntactic Change,qwen
task2_qwen_plausibility,d67f9b45f3806dc8,integrated_gradients_qwen,f1_at_k,0.16279069767441862,target,Syntactic Change,qwen
task2_qwen_plausibility,d67f9b45f3806dc8,integrated_gradients_qwen,auprc,0.1611672309013304,target,Syntactic Change,qwen
task2_qwen_plausibility,d8e7271475e17f54,integrated_gradients_qwen,precision_at_k,0.11494252873563218,target,Synonymy,qwen
task2_qwen_plausibility,d8e7271475e17f54,integrated_gradients_qwen,recall_at_k,0.11494252873563218,target,Synonymy,qwen
task2_qwen_plausibility,d8e7271475e17f54,integrated_gradients_qwen,f1_at_k,0.11494252873563218,target,Synonymy,qwen
task2_qwen_plausibility,d8e7271475e17f54,integrated_gradients_qwen,auprc,0.14722569418728837,target,Synonymy,qwen
task2_qwen_plausibility,d8e7271475e17f54,integrated_gradients_qwen,precision_at_k,0.26436781609195403,target,Modulation,qwen
task2_qwen_plausibility,d8e7271475e17f54,integrated_gradients_qwen,recall_at_k,0.26436781609195403,target,Modulation,qwen
task2_qwen_plausibility,d8e7271475e17f54,integrated_gradients_qwen,f1_at_k,0.26436781609195403,target,Modulation,qwen
task2_qwen_plausibility,d8e7271475e17f54,integrated_gradients_qwen,auprc,0.22976401733001733,target,Modulation,qwen
task2_qwen_plausibility,d8e7271475e17f54,integrated_gradients_qwen,precision_at_k,0.1724137931034483,target,Compression,qwen
task2_qwen_plausibility,d8e7271475e17f54,integrated_gradients_qwen,recall_at_k,0.1724137931034483,target,Compression,qwen
task2_qwen_plausibility,d8e7271475e17f54,integrated_gradients_qwen,f1_at_k,0.1724137931034483,target,Compression,qwen
task2_qwen_plausibility,d8e7271475e17f54,integrated_gradients_qwen,auprc,0.22336477763743678,target,Compression,qwen
task2_qwen_plausibility,d8e7271475e17f54,integrated_gradients_qwen,precision_at_k,0.1724137931034483,target,Syntactic Change,qwen
task2_qwen_plausibility,d8e7271475e17f54,integrated_gradients_qwen,recall_at_k,0.1724137931034483,target,Syntactic Change,qwen
task2_qwen_plausibility,d8e7271475e17f54,integrated_gradients_qwen,f1_at_k,0.1724137931034483,target,Syntactic Change,qwen
task2_qwen_plausibility,d8e7271475e17f54,integrated_gradients_qwen,auprc,0.20580598791302698,target,Syntactic Change,qwen
task2_qwen_plausibility,da7beadf3e42cef3,integrated_gradients_qwen,precision_at_k,0.0,target,Synonymy,qwen
task2_qwen_plausibility,da7beadf3e42cef3,integrated_gradients_qwen,recall_at_k,0.0,target,Synonymy,qwen
task2_qwen_plausibility,da7beadf3e42cef3,integrated_gradients_qwen,f1_at_k,0.0,target,Synonymy,qwen
task2_qwen_plausibility,da7beadf3e42cef3,integrated_gradients_qwen,auprc,0.05169877081693928,target,Synonymy,qwen
task2_qwen_plausibility,da7beadf3e42cef3,integrated_gradients_qwen,precision_at_k,0.0,target,Compression,qwen
task2_qwen_plausibility,da7beadf3e42cef3,integrated_gradients_qwen,recall_at_k,0.0,target,Compression,qwen
task2_qwen_plausibility,da7beadf3e42cef3,integrated_gradients_qwen,f1_at_k,0.0,target,Compression,qwen
task2_qwen_plausibility,da7beadf3e42cef3,integrated_gradients_qwen,auprc,0.07796264784728588,target,Compression,qwen
task2_qwen_plausibility,da7beadf3e42cef3,integrated_gradients_qwen,precision_at_k,0.0,target,Syntactic Change,qwen
task2_qwen_plausibility,da7beadf3e42cef3,integrated_gradients_qwen,recall_at_k,0.0,target,Syntactic Change,qwen
task2_qwen_plausibility,da7beadf3e42cef3,integrated_gradients_qwen,f1_at_k,0.0,target,Syntactic Change,qwen
task2_qwen_plausibility,da7beadf3e42cef3,integrated_gradients_qwen,auprc,0.051012431267119296,target,Syntactic Change,qwen
task2_qwen_plausibility,dd463120bf4874eb,integrated_gradients_qwen,precision_at_k,0.2,target,Synonymy,qwen
task2_qwen_plausibility,dd463120bf4874eb,integrated_gradients_qwen,recall_at_k,0.2,target,Synonymy,qwen
task2_qwen_plausibility,dd463120bf4874eb,integrated_gradients_qwen,f1_at_k,0.20000000000000004,target,Synonymy,qwen
task2_qwen_plausibility,dd463120bf4874eb,integrated_gradients_qwen,auprc,0.11919596234447719,target,Synonymy,qwen
task2_qwen_plausibility,dd463120bf4874eb,integrated_gradients_qwen,precision_at_k,0.0,target,Compression,qwen
task2_qwen_plausibility,dd463120bf4874eb,integrated_gradients_qwen,recall_at_k,0.0,target,Compression,qwen
task2_qwen_plausibility,dd463120bf4874eb,integrated_gradients_qwen,f1_at_k,0.0,target,Compression,qwen
task2_qwen_plausibility,dd463120bf4874eb,integrated_gradients_qwen,auprc,0.04832712162907475,target,Compression,qwen
task2_qwen_plausibility,dd463120bf4874eb,integrated_gradients_qwen,precision_at_k,0.0,target,Syntactic Change,qwen
task2_qwen_plausibility,dd463120bf4874eb,integrated_gradients_qwen,recall_at_k,0.0,target,Syntactic Change,qwen
task2_qwen_plausibility,dd463120bf4874eb,integrated_gradients_qwen,f1_at_k,0.0,target,Syntactic Change,qwen
task2_qwen_plausibility,dd463120bf4874eb,integrated_gradients_qwen,auprc,0.04973109423991544,target,Syntactic Change,qwen
task2_qwen_plausibility,dedb5b63412b6f2e,integrated_gradients_qwen,precision_at_k,0.0,target,Synonymy,qwen
task2_qwen_plausibility,dedb5b63412b6f2e,integrated_gradients_qwen,recall_at_k,0.0,target,Synonymy,qwen
task2_qwen_plausibility,dedb5b63412b6f2e,integrated_gradients_qwen,f1_at_k,0.0,target,Synonymy,qwen
task2_qwen_plausibility,dedb5b63412b6f2e,integrated_gradients_qwen,auprc,0.050602837140169596,target,Synonymy,qwen
task2_qwen_plausibility,dedb5b63412b6f2e,integrated_gradients_qwen,precision_at_k,0.0,target,Syntactic Change,qwen
task2_qwen_plausibility,dedb5b63412b6f2e,integrated_gradients_qwen,recall_at_k,0.0,target,Syntactic Change,qwen
task2_qwen_plausibility,dedb5b63412b6f2e,integrated_gradients_qwen,f1_at_k,0.0,target,Syntactic Change,qwen
task2_qwen_plausibility,dedb5b63412b6f2e,integrated_gradients_qwen,auprc,0.03176777960078541,target,Syntactic Change,qwen
task2_qwen_plausibility,dfa7cda1ec850ec0,integrated_gradients_qwen,precision_at_k,0.1,target,Synonymy,qwen
task2_qwen_plausibility,dfa7cda1ec850ec0,integrated_gradients_qwen,recall_at_k,0.1,target,Synonymy,qwen
task2_qwen_plausibility,dfa7cda1ec850ec0,integrated_gradients_qwen,f1_at_k,0.10000000000000002,target,Synonymy,qwen
task2_qwen_plausibility,dfa7cda1ec850ec0,integrated_gradients_qwen,auprc,0.08432366403960456,target,Synonymy,qwen
task2_qwen_plausibility,dfc219fff157e309,integrated_gradients_qwen,precision_at_k,0.06666666666666667,target,Synonymy,qwen
task2_qwen_plausibility,dfc219fff157e309,integrated_gradients_qwen,recall_at_k,0.06666666666666667,target,Synonymy,qwen
task2_qwen_plausibility,dfc219fff157e309,integrated_gradients_qwen,f1_at_k,0.06666666666666667,target,Synonymy,qwen
task2_qwen_plausibility,dfc219fff157e309,integrated_gradients_qwen,auprc,0.03817257317297796,target,Synonymy,qwen
task2_qwen_plausibility,dfc219fff157e309,integrated_gradients_qwen,precision_at_k,0.0,target,Compression,qwen
task2_qwen_plausibility,dfc219fff157e309,integrated_gradients_qwen,recall_at_k,0.0,target,Compression,qwen
task2_qwen_plausibility,dfc219fff157e309,integrated_gradients_qwen,f1_at_k,0.0,target,Compression,qwen
task2_qwen_plausibility,dfc219fff157e309,integrated_gradients_qwen,auprc,0.058674102907131015,target,Compression,qwen
task2_qwen_plausibility,dfc219fff157e309,integrated_gradients_qwen,precision_at_k,0.0,target,Syntactic Change,qwen
task2_qwen_plausibility,dfc219fff157e309,integrated_gradients_qwen,recall_at_k,0.0,target,Syntactic Change,qwen
task2_qwen_plausibility,dfc219fff157e309,integrated_gradients_qwen,f1_at_k,0.0,target,Syntactic Change,qwen
task2_qwen_plausibility,dfc219fff157e309,integrated_gradients_qwen,auprc,0.03857346392227719,target,Syntactic Change,qwen
task2_qwen_plausibility,e24448fc633d99f2,integrated_gradients_qwen,precision_at_k,0.1206896551724138,target,Synonymy,qwen
task2_qwen_plausibility,e24448fc633d99f2,integrated_gradients_qwen,recall_at_k,0.1206896551724138,target,Synonymy,qwen
task2_qwen_plausibility,e24448fc633d99f2,integrated_gradients_qwen,f1_at_k,0.1206896551724138,target,Synonymy,qwen
task2_qwen_plausibility,e24448fc633d99f2,integrated_gradients_qwen,auprc,0.11125422384860602,target,Synonymy,qwen
task2_qwen_plausibility,e24448fc633d99f2,integrated_gradients_qwen,precision_at_k,0.08620689655172414,target,Compression,qwen
task2_qwen_plausibility,e24448fc633d99f2,integrated_gradients_qwen,recall_at_k,0.08620689655172414,target,Compression,qwen
task2_qwen_plausibility,e24448fc633d99f2,integrated_gradients_qwen,f1_at_k,0.08620689655172414,target,Compression,qwen
task2_qwen_plausibility,e24448fc633d99f2,integrated_gradients_qwen,auprc,0.153962925944648,target,Compression,qwen
task2_qwen_plausibility,e24448fc633d99f2,integrated_gradients_qwen,precision_at_k,0.10344827586206896,target,Explanation,qwen
task2_qwen_plausibility,e24448fc633d99f2,integrated_gradients_qwen,recall_at_k,0.10344827586206896,target,Explanation,qwen
task2_qwen_plausibility,e24448fc633d99f2,integrated_gradients_qwen,f1_at_k,0.10344827586206896,target,Explanation,qwen
task2_qwen_plausibility,e24448fc633d99f2,integrated_gradients_qwen,auprc,0.11204084751911918,target,Explanation,qwen
task2_qwen_plausibility,e24448fc633d99f2,integrated_gradients_qwen,precision_at_k,0.10344827586206896,target,Syntactic Change,qwen
task2_qwen_plausibility,e24448fc633d99f2,integrated_gradients_qwen,recall_at_k,0.10344827586206896,target,Syntactic Change,qwen
task2_qwen_plausibility,e24448fc633d99f2,integrated_gradients_qwen,f1_at_k,0.10344827586206896,target,Syntactic Change,qwen
task2_qwen_plausibility,e24448fc633d99f2,integrated_gradients_qwen,auprc,0.14275156494561167,target,Syntactic Change,qwen
task2_qwen_plausibility,e55251ffe0c7e65f,integrated_gradients_qwen,precision_at_k,0.05,target,Synonymy,qwen
task2_qwen_plausibility,e55251ffe0c7e65f,integrated_gradients_qwen,recall_at_k,0.05,target,Synonymy,qwen
task2_qwen_plausibility,e55251ffe0c7e65f,integrated_gradients_qwen,f1_at_k,0.05000000000000001,target,Synonymy,qwen
task2_qwen_plausibility,e55251ffe0c7e65f,integrated_gradients_qwen,auprc,0.07778132577998498,target,Synonymy,qwen
task2_qwen_plausibility,e55251ffe0c7e65f,integrated_gradients_qwen,precision_at_k,0.15,target,Syntactic Change,qwen
task2_qwen_plausibility,e55251ffe0c7e65f,integrated_gradients_qwen,recall_at_k,0.15,target,Syntactic Change,qwen
task2_qwen_plausibility,e55251ffe0c7e65f,integrated_gradients_qwen,f1_at_k,0.15,target,Syntactic Change,qwen
task2_qwen_plausibility,e55251ffe0c7e65f,integrated_gradients_qwen,auprc,0.1072768115028156,target,Syntactic Change,qwen
task2_qwen_plausibility,ea9717c2058bf632,integrated_gradients_qwen,precision_at_k,0.07692307692307693,target,Synonymy,qwen
task2_qwen_plausibility,ea9717c2058bf632,integrated_gradients_qwen,recall_at_k,0.07692307692307693,target,Synonymy,qwen
task2_qwen_plausibility,ea9717c2058bf632,integrated_gradients_qwen,f1_at_k,0.07692307692307693,target,Synonymy,qwen
task2_qwen_plausibility,ea9717c2058bf632,integrated_gradients_qwen,auprc,0.05197324772437061,target,Synonymy,qwen
task2_qwen_plausibility,ea9717c2058bf632,integrated_gradients_qwen,precision_at_k,0.07692307692307693,target,Syntactic Change,qwen
task2_qwen_plausibility,ea9717c2058bf632,integrated_gradients_qwen,recall_at_k,0.07692307692307693,target,Syntactic Change,qwen
task2_qwen_plausibility,ea9717c2058bf632,integrated_gradients_qwen,f1_at_k,0.07692307692307693,target,Syntactic Change,qwen
task2_qwen_plausibility,ea9717c2058bf632,integrated_gradients_qwen,auprc,0.07657244844513299,target,Syntactic Change,qwen
task2_qwen_plausibility,ecc16088d9c74ebe,integrated_gradients_qwen,precision_at_k,0.12,target,Synonymy,qwen
task2_qwen_plausibility,ecc16088d9c74ebe,integrated_gradients_qwen,recall_at_k,0.12,target,Synonymy,qwen
task2_qwen_plausibility,ecc16088d9c74ebe,integrated_gradients_qwen,f1_at_k,0.12,target,Synonymy,qwen
task2_qwen_plausibility,ecc16088d9c74ebe,integrated_gradients_qwen,auprc,0.08160689457863735,target,Synonymy,qwen
task2_qwen_plausibility,ecc16088d9c74ebe,integrated_gradients_qwen,precision_at_k,0.0,target,Compression,qwen
task2_qwen_plausibility,ecc16088d9c74ebe,integrated_gradients_qwen,recall_at_k,0.0,target,Compression,qwen
task2_qwen_plausibility,ecc16088d9c74ebe,integrated_gradients_qwen,f1_at_k,0.0,target,Compression,qwen
task2_qwen_plausibility,ecc16088d9c74ebe,integrated_gradients_qwen,auprc,0.06689790943911202,target,Compression,qwen
task2_qwen_plausibility,ecc16088d9c74ebe,integrated_gradients_qwen,precision_at_k,0.04,target,Syntactic Change,qwen
task2_qwen_plausibility,ecc16088d9c74ebe,integrated_gradients_qwen,recall_at_k,0.04,target,Syntactic Change,qwen
task2_qwen_plausibility,ecc16088d9c74ebe,integrated_gradients_qwen,f1_at_k,0.04,target,Syntactic Change,qwen
task2_qwen_plausibility,ecc16088d9c74ebe,integrated_gradients_qwen,auprc,0.07154316059112434,target,Syntactic Change,qwen
task2_qwen_plausibility,edab78670491da4c,integrated_gradients_qwen,precision_at_k,0.045454545454545456,target,Synonymy,qwen
task2_qwen_plausibility,edab78670491da4c,integrated_gradients_qwen,recall_at_k,0.045454545454545456,target,Synonymy,qwen
task2_qwen_plausibility,edab78670491da4c,integrated_gradients_qwen,f1_at_k,0.045454545454545456,target,Synonymy,qwen
task2_qwen_plausibility,edab78670491da4c,integrated_gradients_qwen,auprc,0.08785409945754484,target,Synonymy,qwen
task2_qwen_plausibility,f530783c707037ed,integrated_gradients_qwen,precision_at_k,0.025,target,Synonymy,qwen
task2_qwen_plausibility,f530783c707037ed,integrated_gradients_qwen,recall_at_k,0.025,target,Synonymy,qwen
task2_qwen_plausibility,f530783c707037ed,integrated_gradients_qwen,f1_at_k,0.025000000000000005,target,Synonymy,qwen
task2_qwen_plausibility,f530783c707037ed,integrated_gradients_qwen,auprc,0.08499945405933979,target,Synonymy,qwen
task2_qwen_plausibility,f530783c707037ed,integrated_gradients_qwen,precision_at_k,0.05,target,Syntactic Change,qwen
task2_qwen_plausibility,f530783c707037ed,integrated_gradients_qwen,recall_at_k,0.05,target,Syntactic Change,qwen
task2_qwen_plausibility,f530783c707037ed,integrated_gradients_qwen,f1_at_k,0.05000000000000001,target,Syntactic Change,qwen
task2_qwen_plausibility,f530783c707037ed,integrated_gradients_qwen,auprc,0.09434244027046923,target,Syntactic Change,qwen
task2_qwen_plausibility,f8290277f12f9fad,integrated_gradients_qwen,precision_at_k,0.23684210526315788,target,Synonymy,qwen
task2_qwen_plausibility,f8290277f12f9fad,integrated_gradients_qwen,recall_at_k,0.23684210526315788,target,Synonymy,qwen
task2_qwen_plausibility,f8290277f12f9fad,integrated_gradients_qwen,f1_at_k,0.23684210526315788,target,Synonymy,qwen
task2_qwen_plausibility,f8290277f12f9fad,integrated_gradients_qwen,auprc,0.16106381454811441,target,Synonymy,qwen
task2_qwen_plausibility,f8290277f12f9fad,integrated_gradients_qwen,precision_at_k,0.05263157894736842,target,Compression,qwen
task2_qwen_plausibility,f8290277f12f9fad,integrated_gradients_qwen,recall_at_k,0.05263157894736842,target,Compression,qwen
task2_qwen_plausibility,f8290277f12f9fad,integrated_gradients_qwen,f1_at_k,0.05263157894736842,target,Compression,qwen
task2_qwen_plausibility,f8290277f12f9fad,integrated_gradients_qwen,auprc,0.1360104500676808,target,Compression,qwen
task2_qwen_plausibility,f8290277f12f9fad,integrated_gradients_qwen,precision_at_k,0.15789473684210525,target,Syntactic Change,qwen
task2_qwen_plausibility,f8290277f12f9fad,integrated_gradients_qwen,recall_at_k,0.15789473684210525,target,Syntactic Change,qwen
task2_qwen_plausibility,f8290277f12f9fad,integrated_gradients_qwen,f1_at_k,0.15789473684210525,target,Syntactic Change,qwen
task2_qwen_plausibility,f8290277f12f9fad,integrated_gradients_qwen,auprc,0.16783940528457741,target,Syntactic Change,qwen
task2_qwen_plausibility,f9081372398879bc,integrated_gradients_qwen,precision_at_k,0.3333333333333333,target,Synonymy,qwen
task2_qwen_plausibility,f9081372398879bc,integrated_gradients_qwen,recall_at_k,0.3333333333333333,target,Synonymy,qwen
task2_qwen_plausibility,f9081372398879bc,integrated_gradients_qwen,f1_at_k,0.3333333333333333,target,Synonymy,qwen
task2_qwen_plausibility,f9081372398879bc,integrated_gradients_qwen,auprc,0.26844070961718014,target,Synonymy,qwen
task2_qwen_plausibility,fa4105426b3b8ef7,integrated_gradients_qwen,precision_at_k,0.11764705882352941,target,Synonymy,qwen
task2_qwen_plausibility,fa4105426b3b8ef7,integrated_gradients_qwen,recall_at_k,0.11764705882352941,target,Synonymy,qwen
task2_qwen_plausibility,fa4105426b3b8ef7,integrated_gradients_qwen,f1_at_k,0.11764705882352941,target,Synonymy,qwen
task2_qwen_plausibility,fa4105426b3b8ef7,integrated_gradients_qwen,auprc,0.08807734089199343,target,Synonymy,qwen
task2_qwen_plausibility,fa4105426b3b8ef7,integrated_gradients_qwen,precision_at_k,0.11764705882352941,target,Compression,qwen
task2_qwen_plausibility,fa4105426b3b8ef7,integrated_gradients_qwen,recall_at_k,0.11764705882352941,target,Compression,qwen
task2_qwen_plausibility,fa4105426b3b8ef7,integrated_gradients_qwen,f1_at_k,0.11764705882352941,target,Compression,qwen
task2_qwen_plausibility,fa4105426b3b8ef7,integrated_gradients_qwen,auprc,0.10465111978557465,target,Compression,qwen
task2_qwen_plausibility,fa4105426b3b8ef7,integrated_gradients_qwen,precision_at_k,0.058823529411764705,target,Syntactic Change,qwen
task2_qwen_plausibility,fa4105426b3b8ef7,integrated_gradients_qwen,recall_at_k,0.058823529411764705,target,Syntactic Change,qwen
task2_qwen_plausibility,fa4105426b3b8ef7,integrated_gradients_qwen,f1_at_k,0.058823529411764705,target,Syntactic Change,qwen
task2_qwen_plausibility,fa4105426b3b8ef7,integrated_gradients_qwen,auprc,0.09083304901087573,target,Syntactic Change,qwen
task2_qwen_plausibility,187732a6dead28fb,integrated_gradients_qwen,precision_at_k,0.0,target,Syntactic Change,qwen
task2_qwen_plausibility,187732a6dead28fb,integrated_gradients_qwen,recall_at_k,0.0,target,Syntactic Change,qwen
task2_qwen_plausibility,187732a6dead28fb,integrated_gradients_qwen,f1_at_k,0.0,target,Syntactic Change,qwen
task2_qwen_plausibility,187732a6dead28fb,integrated_gradients_qwen,auprc,0.05592050356594995,target,Syntactic Change,qwen
task2_qwen_plausibility,1193f9cb35c45cdd,integrated_gradients_qwen,precision_at_k,0.2,target,Synonymy,qwen
task2_qwen_plausibility,1193f9cb35c45cdd,integrated_gradients_qwen,recall_at_k,0.2,target,Synonymy,qwen
task2_qwen_plausibility,1193f9cb35c45cdd,integrated_gradients_qwen,f1_at_k,0.20000000000000004,target,Synonymy,qwen
task2_qwen_plausibility,1193f9cb35c45cdd,integrated_gradients_qwen,auprc,0.1125689300606997,target,Synonymy,qwen
task2_qwen_plausibility,1193f9cb35c45cdd,integrated_gradients_qwen,precision_at_k,0.0,target,Modulation,qwen
task2_qwen_plausibility,1193f9cb35c45cdd,integrated_gradients_qwen,recall_at_k,0.0,target,Modulation,qwen
task2_qwen_plausibility,1193f9cb35c45cdd,integrated_gradients_qwen,f1_at_k,0.0,target,Modulation,qwen
task2_qwen_plausibility,1193f9cb35c45cdd,integrated_gradients_qwen,auprc,0.03883248034675215,target,Modulation,qwen
task2_qwen_plausibility,1193f9cb35c45cdd,integrated_gradients_qwen,precision_at_k,0.1,target,Syntactic Change,qwen
task2_qwen_plausibility,1193f9cb35c45cdd,integrated_gradients_qwen,recall_at_k,0.1,target,Syntactic Change,qwen
task2_qwen_plausibility,1193f9cb35c45cdd,integrated_gradients_qwen,f1_at_k,0.10000000000000002,target,Syntactic Change,qwen
task2_qwen_plausibility,1193f9cb35c45cdd,integrated_gradients_qwen,auprc,0.07928592649180885,target,Syntactic Change,qwen
task2_qwen_plausibility,9578c6cc75e52be2,integrated_gradients_qwen,precision_at_k,0.0,target,Explanation,qwen
task2_qwen_plausibility,9578c6cc75e52be2,integrated_gradients_qwen,recall_at_k,0.0,target,Explanation,qwen
task2_qwen_plausibility,9578c6cc75e52be2,integrated_gradients_qwen,f1_at_k,0.0,target,Explanation,qwen
task2_qwen_plausibility,9578c6cc75e52be2,integrated_gradients_qwen,auprc,0.039433309016428233,target,Explanation,qwen
task2_qwen_plausibility,e0636d666325d6ce,integrated_gradients_qwen,precision_at_k,0.0,target,Explanation,qwen
task2_qwen_plausibility,e0636d666325d6ce,integrated_gradients_qwen,recall_at_k,0.0,target,Explanation,qwen
task2_qwen_plausibility,e0636d666325d6ce,integrated_gradients_qwen,f1_at_k,0.0,target,Explanation,qwen
task2_qwen_plausibility,e0636d666325d6ce,integrated_gradients_qwen,auprc,0.047949850500755654,target,Explanation,qwen
task2_qwen_plausibility,fcceaf92df53c774,integrated_gradients_qwen,precision_at_k,0.0,target,Compression,qwen
task2_qwen_plausibility,fcceaf92df53c774,integrated_gradients_qwen,recall_at_k,0.0,target,Compression,qwen
task2_qwen_plausibility,fcceaf92df53c774,integrated_gradients_qwen,f1_at_k,0.0,target,Compression,qwen
task2_qwen_plausibility,fcceaf92df53c774,integrated_gradients_qwen,auprc,0.07325822206307922,target,Compression,qwen
task2_qwen_plausibility,fcceaf92df53c774,integrated_gradients_qwen,precision_at_k,0.2857142857142857,target,Explanation,qwen
task2_qwen_plausibility,fcceaf92df53c774,integrated_gradients_qwen,recall_at_k,0.2857142857142857,target,Explanation,qwen
task2_qwen_plausibility,fcceaf92df53c774,integrated_gradients_qwen,f1_at_k,0.2857142857142857,target,Explanation,qwen
task2_qwen_plausibility,fcceaf92df53c774,integrated_gradients_qwen,auprc,0.2707945615604719,target,Explanation,qwen
task2_qwen_plausibility,79d044757e2a0289,integrated_gradients_qwen,precision_at_k,0.3333333333333333,target,Synonymy,qwen
task2_qwen_plausibility,79d044757e2a0289,integrated_gradients_qwen,recall_at_k,0.3333333333333333,target,Synonymy,qwen
task2_qwen_plausibility,79d044757e2a0289,integrated_gradients_qwen,f1_at_k,0.3333333333333333,target,Synonymy,qwen
task2_qwen_plausibility,79d044757e2a0289,integrated_gradients_qwen,auprc,0.319648468344976,target,Synonymy,qwen
task2_qwen_plausibility,79d044757e2a0289,integrated_gradients_qwen,precision_at_k,0.0,target,Syntactic Change,qwen
task2_qwen_plausibility,79d044757e2a0289,integrated_gradients_qwen,recall_at_k,0.0,target,Syntactic Change,qwen
task2_qwen_plausibility,79d044757e2a0289,integrated_gradients_qwen,f1_at_k,0.0,target,Syntactic Change,qwen
task2_qwen_plausibility,79d044757e2a0289,integrated_gradients_qwen,auprc,0.16369236100418896,target,Syntactic Change,qwen
task2_qwen_plausibility,41711f05e2154f19,integrated_gradients_qwen,precision_at_k,0.1,target,Syntactic Change,qwen
task2_qwen_plausibility,41711f05e2154f19,integrated_gradients_qwen,recall_at_k,0.1,target,Syntactic Change,qwen
task2_qwen_plausibility,41711f05e2154f19,integrated_gradients_qwen,f1_at_k,0.10000000000000002,target,Syntactic Change,qwen
task2_qwen_plausibility,41711f05e2154f19,integrated_gradients_qwen,auprc,0.2397592142120006,target,Syntactic Change,qwen
task2_qwen_plausibility,d5f96b4d8357cc30,integrated_gradients_qwen,precision_at_k,0.0,target,Syntactic Change,qwen
task2_qwen_plausibility,d5f96b4d8357cc30,integrated_gradients_qwen,recall_at_k,0.0,target,Syntactic Change,qwen
task2_qwen_plausibility,d5f96b4d8357cc30,integrated_gradients_qwen,f1_at_k,0.0,target,Syntactic Change,qwen
task2_qwen_plausibility,d5f96b4d8357cc30,integrated_gradients_qwen,auprc,0.0941026768190778,target,Syntactic Change,qwen
task2_qwen_plausibility,cf15b919f0330f54,integrated_gradients_qwen,precision_at_k,0.20588235294117646,target,Explanation,qwen
task2_qwen_plausibility,cf15b919f0330f54,integrated_gradients_qwen,recall_at_k,0.20588235294117646,target,Explanation,qwen
task2_qwen_plausibility,cf15b919f0330f54,integrated_gradients_qwen,f1_at_k,0.20588235294117646,target,Explanation,qwen
task2_qwen_plausibility,cf15b919f0330f54,integrated_gradients_qwen,auprc,0.1504255056698732,target,Explanation,qwen
task2_qwen_plausibility,cf15b919f0330f54,integrated_gradients_qwen,precision_at_k,0.17647058823529413,target,Syntactic Change,qwen
task2_qwen_plausibility,cf15b919f0330f54,integrated_gradients_qwen,recall_at_k,0.17647058823529413,target,Syntactic Change,qwen
task2_qwen_plausibility,cf15b919f0330f54,integrated_gradients_qwen,f1_at_k,0.17647058823529413,target,Syntactic Change,qwen
task2_qwen_plausibility,cf15b919f0330f54,integrated_gradients_qwen,auprc,0.15578407828244983,target,Syntactic Change,qwen
task2_qwen_plausibility,143449b49944481c,integrated_gradients_qwen,precision_at_k,0.0,target,Omission,qwen
task2_qwen_plausibility,143449b49944481c,integrated_gradients_qwen,recall_at_k,0.0,target,Omission,qwen
task2_qwen_plausibility,143449b49944481c,integrated_gradients_qwen,f1_at_k,0.0,target,Omission,qwen
task2_qwen_plausibility,143449b49944481c,integrated_gradients_qwen,auprc,0.04252900262345549,target,Omission,qwen
task2_qwen_plausibility,6410da5aa153e7d3,integrated_gradients_qwen,precision_at_k,0.0,target,Synonymy,qwen
task2_qwen_plausibility,6410da5aa153e7d3,integrated_gradients_qwen,recall_at_k,0.0,target,Synonymy,qwen
task2_qwen_plausibility,6410da5aa153e7d3,integrated_gradients_qwen,f1_at_k,0.0,target,Synonymy,qwen
task2_qwen_plausibility,6410da5aa153e7d3,integrated_gradients_qwen,auprc,0.0546068764629033,target,Synonymy,qwen
task2_qwen_plausibility,6410da5aa153e7d3,integrated_gradients_qwen,precision_at_k,0.0,target,Modulation,qwen
task2_qwen_plausibility,6410da5aa153e7d3,integrated_gradients_qwen,recall_at_k,0.0,target,Modulation,qwen
task2_qwen_plausibility,6410da5aa153e7d3,integrated_gradients_qwen,f1_at_k,0.0,target,Modulation,qwen
task2_qwen_plausibility,6410da5aa153e7d3,integrated_gradients_qwen,auprc,0.08818181818181818,target,Modulation,qwen
task2_qwen_plausibility,6410da5aa153e7d3,integrated_gradients_qwen,precision_at_k,0.0,target,Omission,qwen
task2_qwen_plausibility,6410da5aa153e7d3,integrated_gradients_qwen,recall_at_k,0.0,target,Omission,qwen
task2_qwen_plausibility,6410da5aa153e7d3,integrated_gradients_qwen,f1_at_k,0.0,target,Omission,qwen
task2_qwen_plausibility,6410da5aa153e7d3,integrated_gradients_qwen,auprc,0.054561810943608936,target,Omission,qwen
task2_qwen_plausibility,041eab3dbfd09cbb,integrated_gradients_qwen,precision_at_k,0.2857142857142857,target,Synonymy,qwen
task2_qwen_plausibility,041eab3dbfd09cbb,integrated_gradients_qwen,recall_at_k,0.2857142857142857,target,Synonymy,qwen
task2_qwen_plausibility,041eab3dbfd09cbb,integrated_gradients_qwen,f1_at_k,0.2857142857142857,target,Synonymy,qwen
task2_qwen_plausibility,041eab3dbfd09cbb,integrated_gradients_qwen,auprc,0.13729464272290043,target,Synonymy,qwen
task2_qwen_plausibility,041eab3dbfd09cbb,integrated_gradients_qwen,precision_at_k,0.14285714285714285,target,Modulation,qwen
task2_qwen_plausibility,041eab3dbfd09cbb,integrated_gradients_qwen,recall_at_k,0.14285714285714285,target,Modulation,qwen
task2_qwen_plausibility,041eab3dbfd09cbb,integrated_gradients_qwen,f1_at_k,0.14285714285714285,target,Modulation,qwen
task2_qwen_plausibility,041eab3dbfd09cbb,integrated_gradients_qwen,auprc,0.05596834267561224,target,Modulation,qwen
task2_qwen_plausibility,069832004c766da3,integrated_gradients_qwen,precision_at_k,0.0,target,Synonymy,qwen
task2_qwen_plausibility,069832004c766da3,integrated_gradients_qwen,recall_at_k,0.0,target,Synonymy,qwen
task2_qwen_plausibility,069832004c766da3,integrated_gradients_qwen,f1_at_k,0.0,target,Synonymy,qwen
task2_qwen_plausibility,069832004c766da3,integrated_gradients_qwen,auprc,0.03333579529516609,target,Synonymy,qwen
task2_qwen_plausibility,069832004c766da3,integrated_gradients_qwen,precision_at_k,0.09090909090909091,target,Modulation,qwen
task2_qwen_plausibility,069832004c766da3,integrated_gradients_qwen,recall_at_k,0.09090909090909091,target,Modulation,qwen
task2_qwen_plausibility,069832004c766da3,integrated_gradients_qwen,f1_at_k,0.09090909090909091,target,Modulation,qwen
task2_qwen_plausibility,069832004c766da3,integrated_gradients_qwen,auprc,0.06460200575865785,target,Modulation,qwen
task2_qwen_plausibility,069832004c766da3,integrated_gradients_qwen,precision_at_k,0.09090909090909091,target,Compression,qwen
task2_qwen_plausibility,069832004c766da3,integrated_gradients_qwen,recall_at_k,0.09090909090909091,target,Compression,qwen
task2_qwen_plausibility,069832004c766da3,integrated_gradients_qwen,f1_at_k,0.09090909090909091,target,Compression,qwen
task2_qwen_plausibility,069832004c766da3,integrated_gradients_qwen,auprc,0.08252349935312281,target,Compression,qwen
task2_qwen_plausibility,06c2b1a7c821347c,integrated_gradients_qwen,precision_at_k,0.13793103448275862,target,Synonymy,qwen
task2_qwen_plausibility,06c2b1a7c821347c,integrated_gradients_qwen,recall_at_k,0.13793103448275862,target,Synonymy,qwen
task2_qwen_plausibility,06c2b1a7c821347c,integrated_gradients_qwen,f1_at_k,0.13793103448275862,target,Synonymy,qwen
task2_qwen_plausibility,06c2b1a7c821347c,integrated_gradients_qwen,auprc,0.1201208149215583,target,Synonymy,qwen
task2_qwen_plausibility,06c2b1a7c821347c,integrated_gradients_qwen,precision_at_k,0.034482758620689655,target,Modulation,qwen
task2_qwen_plausibility,06c2b1a7c821347c,integrated_gradients_qwen,recall_at_k,0.034482758620689655,target,Modulation,qwen
task2_qwen_plausibility,06c2b1a7c821347c,integrated_gradients_qwen,f1_at_k,0.034482758620689655,target,Modulation,qwen
task2_qwen_plausibility,06c2b1a7c821347c,integrated_gradients_qwen,auprc,0.09498436899828881,target,Modulation,qwen
task2_qwen_plausibility,06c2b1a7c821347c,integrated_gradients_qwen,precision_at_k,0.06896551724137931,target,Syntactic Change,qwen
task2_qwen_plausibility,06c2b1a7c821347c,integrated_gradients_qwen,recall_at_k,0.06896551724137931,target,Syntactic Change,qwen
task2_qwen_plausibility,06c2b1a7c821347c,integrated_gradients_qwen,f1_at_k,0.06896551724137931,target,Syntactic Change,qwen
task2_qwen_plausibility,06c2b1a7c821347c,integrated_gradients_qwen,auprc,0.12200615675081312,target,Syntactic Change,qwen
task2_qwen_plausibility,071d5037c44a2142,integrated_gradients_qwen,precision_at_k,0.2692307692307692,target,Synonymy,qwen
task2_qwen_plausibility,071d5037c44a2142,integrated_gradients_qwen,recall_at_k,0.2692307692307692,target,Synonymy,qwen
task2_qwen_plausibility,071d5037c44a2142,integrated_gradients_qwen,f1_at_k,0.2692307692307692,target,Synonymy,qwen
task2_qwen_plausibility,071d5037c44a2142,integrated_gradients_qwen,auprc,0.16260442204468847,target,Synonymy,qwen
task2_qwen_plausibility,071d5037c44a2142,integrated_gradients_qwen,precision_at_k,0.15384615384615385,target,Modulation,qwen
task2_qwen_plausibility,071d5037c44a2142,integrated_gradients_qwen,recall_at_k,0.15384615384615385,target,Modulation,qwen
task2_qwen_plausibility,071d5037c44a2142,integrated_gradients_qwen,f1_at_k,0.15384615384615385,target,Modulation,qwen
task2_qwen_plausibility,071d5037c44a2142,integrated_gradients_qwen,auprc,0.1525669914899795,target,Modulation,qwen
task2_qwen_plausibility,082abb8cd02a86d9,integrated_gradients_qwen,precision_at_k,0.0,target,Synonymy,qwen
task2_qwen_plausibility,082abb8cd02a86d9,integrated_gradients_qwen,recall_at_k,0.0,target,Synonymy,qwen
task2_qwen_plausibility,082abb8cd02a86d9,integrated_gradients_qwen,f1_at_k,0.0,target,Synonymy,qwen
task2_qwen_plausibility,082abb8cd02a86d9,integrated_gradients_qwen,auprc,0.05197853130569549,target,Synonymy,qwen
task2_qwen_plausibility,082abb8cd02a86d9,integrated_gradients_qwen,precision_at_k,0.125,target,Modulation,qwen
task2_qwen_plausibility,082abb8cd02a86d9,integrated_gradients_qwen,recall_at_k,0.125,target,Modulation,qwen
task2_qwen_plausibility,082abb8cd02a86d9,integrated_gradients_qwen,f1_at_k,0.125,target,Modulation,qwen
task2_qwen_plausibility,082abb8cd02a86d9,integrated_gradients_qwen,auprc,0.12839221712926727,target,Modulation,qwen
task2_qwen_plausibility,082abb8cd02a86d9,integrated_gradients_qwen,precision_at_k,0.125,target,Explanation,qwen
task2_qwen_plausibility,082abb8cd02a86d9,integrated_gradients_qwen,recall_at_k,0.125,target,Explanation,qwen
task2_qwen_plausibility,082abb8cd02a86d9,integrated_gradients_qwen,f1_at_k,0.125,target,Explanation,qwen
task2_qwen_plausibility,082abb8cd02a86d9,integrated_gradients_qwen,auprc,0.10384144893072653,target,Explanation,qwen
task2_qwen_plausibility,082abb8cd02a86d9,integrated_gradients_qwen,precision_at_k,0.08333333333333333,target,Syntactic Change,qwen
task2_qwen_plausibility,082abb8cd02a86d9,integrated_gradients_qwen,recall_at_k,0.08333333333333333,target,Syntactic Change,qwen
task2_qwen_plausibility,082abb8cd02a86d9,integrated_gradients_qwen,f1_at_k,0.08333333333333333,target,Syntactic Change,qwen
task2_qwen_plausibility,082abb8cd02a86d9,integrated_gradients_qwen,auprc,0.09668460352079239,target,Syntactic Change,qwen
task2_qwen_plausibility,0c15ce3db61a3809,integrated_gradients_qwen,precision_at_k,0.0,target,Modulation,qwen
task2_qwen_plausibility,0c15ce3db61a3809,integrated_gradients_qwen,recall_at_k,0.0,target,Modulation,qwen
task2_qwen_plausibility,0c15ce3db61a3809,integrated_gradients_qwen,f1_at_k,0.0,target,Modulation,qwen
task2_qwen_plausibility,0c15ce3db61a3809,integrated_gradients_qwen,auprc,0.1721915285451197,target,Modulation,qwen
task2_qwen_plausibility,0c4914f09c292c23,integrated_gradients_qwen,precision_at_k,0.0,target,Synonymy,qwen
task2_qwen_plausibility,0c4914f09c292c23,integrated_gradients_qwen,recall_at_k,0.0,target,Synonymy,qwen
task2_qwen_plausibility,0c4914f09c292c23,integrated_gradients_qwen,f1_at_k,0.0,target,Synonymy,qwen
task2_qwen_plausibility,0c4914f09c292c23,integrated_gradients_qwen,auprc,0.06106854427486125,target,Synonymy,qwen
task2_qwen_plausibility,0c4914f09c292c23,integrated_gradients_qwen,precision_at_k,0.05,target,Modulation,qwen
task2_qwen_plausibility,0c4914f09c292c23,integrated_gradients_qwen,recall_at_k,0.05,target,Modulation,qwen
task2_qwen_plausibility,0c4914f09c292c23,integrated_gradients_qwen,f1_at_k,0.05000000000000001,target,Modulation,qwen
task2_qwen_plausibility,0c4914f09c292c23,integrated_gradients_qwen,auprc,0.0691073584523672,target,Modulation,qwen
task2_qwen_plausibility,0c4914f09c292c23,integrated_gradients_qwen,precision_at_k,0.0,target,Syntactic Change,qwen
task2_qwen_plausibility,0c4914f09c292c23,integrated_gradients_qwen,recall_at_k,0.0,target,Syntactic Change,qwen
task2_qwen_plausibility,0c4914f09c292c23,integrated_gradients_qwen,f1_at_k,0.0,target,Syntactic Change,qwen
task2_qwen_plausibility,0c4914f09c292c23,integrated_gradients_qwen,auprc,0.061661187827241365,target,Syntactic Change,qwen
task2_qwen_plausibility,0d4e89d50990bccf,integrated_gradients_qwen,precision_at_k,0.2,target,Synonymy,qwen
task2_qwen_plausibility,0d4e89d50990bccf,integrated_gradients_qwen,recall_at_k,0.2,target,Synonymy,qwen
task2_qwen_plausibility,0d4e89d50990bccf,integrated_gradients_qwen,f1_at_k,0.20000000000000004,target,Synonymy,qwen
task2_qwen_plausibility,0d4e89d50990bccf,integrated_gradients_qwen,auprc,0.13287627258202028,target,Synonymy,qwen
task2_qwen_plausibility,0d4e89d50990bccf,integrated_gradients_qwen,precision_at_k,0.2,target,Modulation,qwen
task2_qwen_plausibility,0d4e89d50990bccf,integrated_gradients_qwen,recall_at_k,0.2,target,Modulation,qwen
task2_qwen_plausibility,0d4e89d50990bccf,integrated_gradients_qwen,f1_at_k,0.20000000000000004,target,Modulation,qwen
task2_qwen_plausibility,0d4e89d50990bccf,integrated_gradients_qwen,auprc,0.20197024705120803,target,Modulation,qwen
task2_qwen_plausibility,0fb32132e6a618e4,integrated_gradients_qwen,precision_at_k,0.3,target,Synonymy,qwen
task2_qwen_plausibility,0fb32132e6a618e4,integrated_gradients_qwen,recall_at_k,0.3,target,Synonymy,qwen
task2_qwen_plausibility,0fb32132e6a618e4,integrated_gradients_qwen,f1_at_k,0.3,target,Synonymy,qwen
task2_qwen_plausibility,0fb32132e6a618e4,integrated_gradients_qwen,auprc,0.26576417396182456,target,Synonymy,qwen
task2_qwen_plausibility,0fb32132e6a618e4,integrated_gradients_qwen,precision_at_k,0.1,target,Modulation,qwen
task2_qwen_plausibility,0fb32132e6a618e4,integrated_gradients_qwen,recall_at_k,0.1,target,Modulation,qwen
task2_qwen_plausibility,0fb32132e6a618e4,integrated_gradients_qwen,f1_at_k,0.10000000000000002,target,Modulation,qwen
task2_qwen_plausibility,0fb32132e6a618e4,integrated_gradients_qwen,auprc,0.12133815376360191,target,Modulation,qwen
task2_qwen_plausibility,13934b46dc51117d,integrated_gradients_qwen,precision_at_k,0.13157894736842105,target,Synonymy,qwen
task2_qwen_plausibility,13934b46dc51117d,integrated_gradients_qwen,recall_at_k,0.13157894736842105,target,Synonymy,qwen
task2_qwen_plausibility,13934b46dc51117d,integrated_gradients_qwen,f1_at_k,0.13157894736842105,target,Synonymy,qwen
task2_qwen_plausibility,13934b46dc51117d,integrated_gradients_qwen,auprc,0.11364784052975807,target,Synonymy,qwen
task2_qwen_plausibility,13934b46dc51117d,integrated_gradients_qwen,precision_at_k,0.07894736842105263,target,Modulation,qwen
task2_qwen_plausibility,13934b46dc51117d,integrated_gradients_qwen,recall_at_k,0.07894736842105263,target,Modulation,qwen
task2_qwen_plausibility,13934b46dc51117d,integrated_gradients_qwen,f1_at_k,0.07894736842105263,target,Modulation,qwen
task2_qwen_plausibility,13934b46dc51117d,integrated_gradients_qwen,auprc,0.11810693511807302,target,Modulation,qwen
task2_qwen_plausibility,15617fbe9b414a10,integrated_gradients_qwen,precision_at_k,0.16,target,Synonymy,qwen
task2_qwen_plausibility,15617fbe9b414a10,integrated_gradients_qwen,recall_at_k,0.16,target,Synonymy,qwen
task2_qwen_plausibility,15617fbe9b414a10,integrated_gradients_qwen,f1_at_k,0.16,target,Synonymy,qwen
task2_qwen_plausibility,15617fbe9b414a10,integrated_gradients_qwen,auprc,0.12095449216205502,target,Synonymy,qwen
task2_qwen_plausibility,15617fbe9b414a10,integrated_gradients_qwen,precision_at_k,0.1,target,Modulation,qwen
task2_qwen_plausibility,15617fbe9b414a10,integrated_gradients_qwen,recall_at_k,0.1,target,Modulation,qwen
task2_qwen_plausibility,15617fbe9b414a10,integrated_gradients_qwen,f1_at_k,0.10000000000000002,target,Modulation,qwen
task2_qwen_plausibility,15617fbe9b414a10,integrated_gradients_qwen,auprc,0.10982256521426532,target,Modulation,qwen
task2_qwen_plausibility,15617fbe9b414a10,integrated_gradients_qwen,precision_at_k,0.18,target,Compression,qwen
task2_qwen_plausibility,15617fbe9b414a10,integrated_gradients_qwen,recall_at_k,0.18,target,Compression,qwen
task2_qwen_plausibility,15617fbe9b414a10,integrated_gradients_qwen,f1_at_k,0.18,target,Compression,qwen
task2_qwen_plausibility,15617fbe9b414a10,integrated_gradients_qwen,auprc,0.20982449313772278,target,Compression,qwen
task2_qwen_plausibility,15617fbe9b414a10,integrated_gradients_qwen,precision_at_k,0.18,target,Explanation,qwen
task2_qwen_plausibility,15617fbe9b414a10,integrated_gradients_qwen,recall_at_k,0.18,target,Explanation,qwen
task2_qwen_plausibility,15617fbe9b414a10,integrated_gradients_qwen,f1_at_k,0.18,target,Explanation,qwen
task2_qwen_plausibility,15617fbe9b414a10,integrated_gradients_qwen,auprc,0.13637036239548095,target,Explanation,qwen
task2_qwen_plausibility,15617fbe9b414a10,integrated_gradients_qwen,precision_at_k,0.14,target,Syntactic Change,qwen
task2_qwen_plausibility,15617fbe9b414a10,integrated_gradients_qwen,recall_at_k,0.14,target,Syntactic Change,qwen
task2_qwen_plausibility,15617fbe9b414a10,integrated_gradients_qwen,f1_at_k,0.14,target,Syntactic Change,qwen
task2_qwen_plausibility,15617fbe9b414a10,integrated_gradients_qwen,auprc,0.12767474125489786,target,Syntactic Change,qwen
task2_qwen_plausibility,15f60dfdd12c9dd7,integrated_gradients_qwen,precision_at_k,0.08695652173913043,target,Synonymy,qwen
task2_qwen_plausibility,15f60dfdd12c9dd7,integrated_gradients_qwen,recall_at_k,0.08695652173913043,target,Synonymy,qwen
task2_qwen_plausibility,15f60dfdd12c9dd7,integrated_gradients_qwen,f1_at_k,0.08695652173913043,target,Synonymy,qwen
task2_qwen_plausibility,15f60dfdd12c9dd7,integrated_gradients_qwen,auprc,0.047324225395595894,target,Synonymy,qwen
task2_qwen_plausibility,15f60dfdd12c9dd7,integrated_gradients_qwen,precision_at_k,0.08695652173913043,target,Modulation,qwen
task2_qwen_plausibility,15f60dfdd12c9dd7,integrated_gradients_qwen,recall_at_k,0.08695652173913043,target,Modulation,qwen
task2_qwen_plausibility,15f60dfdd12c9dd7,integrated_gradients_qwen,f1_at_k,0.08695652173913043,target,Modulation,qwen
task2_qwen_plausibility,15f60dfdd12c9dd7,integrated_gradients_qwen,auprc,0.08930580456492868,target,Modulation,qwen
task2_qwen_plausibility,1cdac17cdc95657a,integrated_gradients_qwen,precision_at_k,0.07142857142857142,target,Synonymy,qwen
task2_qwen_plausibility,1cdac17cdc95657a,integrated_gradients_qwen,recall_at_k,0.07142857142857142,target,Synonymy,qwen
task2_qwen_plausibility,1cdac17cdc95657a,integrated_gradients_qwen,f1_at_k,0.07142857142857142,target,Synonymy,qwen
task2_qwen_plausibility,1cdac17cdc95657a,integrated_gradients_qwen,auprc,0.08506224633453392,target,Synonymy,qwen
task2_qwen_plausibility,1cdac17cdc95657a,integrated_gradients_qwen,precision_at_k,0.0,target,Modulation,qwen
task2_qwen_plausibility,1cdac17cdc95657a,integrated_gradients_qwen,recall_at_k,0.0,target,Modulation,qwen
task2_qwen_plausibility,1cdac17cdc95657a,integrated_gradients_qwen,f1_at_k,0.0,target,Modulation,qwen
task2_qwen_plausibility,1cdac17cdc95657a,integrated_gradients_qwen,auprc,0.039359603966066664,target,Modulation,qwen
task2_qwen_plausibility,1cdac17cdc95657a,integrated_gradients_qwen,precision_at_k,0.21428571428571427,target,Compression,qwen
task2_qwen_plausibility,1cdac17cdc95657a,integrated_gradients_qwen,recall_at_k,0.21428571428571427,target,Compression,qwen
task2_qwen_plausibility,1cdac17cdc95657a,integrated_gradients_qwen,f1_at_k,0.21428571428571427,target,Compression,qwen
task2_qwen_plausibility,1cdac17cdc95657a,integrated_gradients_qwen,auprc,0.11847783956603891,target,Compression,qwen
task2_qwen_plausibility,1cdac17cdc95657a,integrated_gradients_qwen,precision_at_k,0.2857142857142857,target,Syntactic Change,qwen
task2_qwen_plausibility,1cdac17cdc95657a,integrated_gradients_qwen,recall_at_k,0.2857142857142857,target,Syntactic Change,qwen
task2_qwen_plausibility,1cdac17cdc95657a,integrated_gradients_qwen,f1_at_k,0.2857142857142857,target,Syntactic Change,qwen
task2_qwen_plausibility,1cdac17cdc95657a,integrated_gradients_qwen,auprc,0.1684091336008713,target,Syntactic Change,qwen
task2_qwen_plausibility,1d1b04eb3e7ce11a,integrated_gradients_qwen,precision_at_k,0.09302325581395349,target,Synonymy,qwen
task2_qwen_plausibility,1d1b04eb3e7ce11a,integrated_gradients_qwen,recall_at_k,0.09302325581395349,target,Synonymy,qwen
task2_qwen_plausibility,1d1b04eb3e7ce11a,integrated_gradients_qwen,f1_at_k,0.09302325581395347,target,Synonymy,qwen
task2_qwen_plausibility,1d1b04eb3e7ce11a,integrated_gradients_qwen,auprc,0.11258944432249732,target,Synonymy,qwen
task2_qwen_plausibility,1d1b04eb3e7ce11a,integrated_gradients_qwen,precision_at_k,0.09302325581395349,target,Modulation,qwen
task2_qwen_plausibility,1d1b04eb3e7ce11a,integrated_gradients_qwen,recall_at_k,0.09302325581395349,target,Modulation,qwen
task2_qwen_plausibility,1d1b04eb3e7ce11a,integrated_gradients_qwen,f1_at_k,0.09302325581395347,target,Modulation,qwen
task2_qwen_plausibility,1d1b04eb3e7ce11a,integrated_gradients_qwen,auprc,0.14028305092820115,target,Modulation,qwen
task2_qwen_plausibility,1d1b04eb3e7ce11a,integrated_gradients_qwen,precision_at_k,0.046511627906976744,target,Syntactic Change,qwen
task2_qwen_plausibility,1d1b04eb3e7ce11a,integrated_gradients_qwen,recall_at_k,0.046511627906976744,target,Syntactic Change,qwen
task2_qwen_plausibility,1d1b04eb3e7ce11a,integrated_gradients_qwen,f1_at_k,0.04651162790697674,target,Syntactic Change,qwen
task2_qwen_plausibility,1d1b04eb3e7ce11a,integrated_gradients_qwen,auprc,0.13767212749071825,target,Syntactic Change,qwen
task2_qwen_plausibility,1d47540a9967f1fc,integrated_gradients_qwen,precision_at_k,0.0,target,Synonymy,qwen
task2_qwen_plausibility,1d47540a9967f1fc,integrated_gradients_qwen,recall_at_k,0.0,target,Synonymy,qwen
task2_qwen_plausibility,1d47540a9967f1fc,integrated_gradients_qwen,f1_at_k,0.0,target,Synonymy,qwen
task2_qwen_plausibility,1d47540a9967f1fc,integrated_gradients_qwen,auprc,0.041625059837861425,target,Synonymy,qwen
task2_qwen_plausibility,1d47540a9967f1fc,integrated_gradients_qwen,precision_at_k,0.0625,target,Modulation,qwen
task2_qwen_plausibility,1d47540a9967f1fc,integrated_gradients_qwen,recall_at_k,0.0625,target,Modulation,qwen
task2_qwen_plausibility,1d47540a9967f1fc,integrated_gradients_qwen,f1_at_k,0.0625,target,Modulation,qwen
task2_qwen_plausibility,1d47540a9967f1fc,integrated_gradients_qwen,auprc,0.05789069179368603,target,Modulation,qwen
task2_qwen_plausibility,1d47540a9967f1fc,integrated_gradients_qwen,precision_at_k,0.0,target,Compression,qwen
task2_qwen_plausibility,1d47540a9967f1fc,integrated_gradients_qwen,recall_at_k,0.0,target,Compression,qwen
task2_qwen_plausibility,1d47540a9967f1fc,integrated_gradients_qwen,f1_at_k,0.0,target,Compression,qwen
task2_qwen_plausibility,1d47540a9967f1fc,integrated_gradients_qwen,auprc,0.06565665810171059,target,Compression,qwen
task2_qwen_plausibility,1d47540a9967f1fc,integrated_gradients_qwen,precision_at_k,0.0625,target,Explanation,qwen
task2_qwen_plausibility,1d47540a9967f1fc,integrated_gradients_qwen,recall_at_k,0.0625,target,Explanation,qwen
task2_qwen_plausibility,1d47540a9967f1fc,integrated_gradients_qwen,f1_at_k,0.0625,target,Explanation,qwen
task2_qwen_plausibility,1d47540a9967f1fc,integrated_gradients_qwen,auprc,0.0532140652000927,target,Explanation,qwen
task2_qwen_plausibility,1d47540a9967f1fc,integrated_gradients_qwen,precision_at_k,0.0,target,Syntactic Change,qwen
task2_qwen_plausibility,1d47540a9967f1fc,integrated_gradients_qwen,recall_at_k,0.0,target,Syntactic Change,qwen
task2_qwen_plausibility,1d47540a9967f1fc,integrated_gradients_qwen,f1_at_k,0.0,target,Syntactic Change,qwen
task2_qwen_plausibility,1d47540a9967f1fc,integrated_gradients_qwen,auprc,0.05227721355539853,target,Syntactic Change,qwen
task2_qwen_plausibility,1f56c7f2a72ee164,integrated_gradients_qwen,precision_at_k,0.11666666666666667,target,Synonymy,qwen
task2_qwen_plausibility,1f56c7f2a72ee164,integrated_gradients_qwen,recall_at_k,0.11666666666666667,target,Synonymy,qwen
task2_qwen_plausibility,1f56c7f2a72ee164,integrated_gradients_qwen,f1_at_k,0.11666666666666667,target,Synonymy,qwen
task2_qwen_plausibility,1f56c7f2a72ee164,integrated_gradients_qwen,auprc,0.13656635564309905,target,Synonymy,qwen
task2_qwen_plausibility,1f56c7f2a72ee164,integrated_gradients_qwen,precision_at_k,0.11666666666666667,target,Modulation,qwen
task2_qwen_plausibility,1f56c7f2a72ee164,integrated_gradients_qwen,recall_at_k,0.11666666666666667,target,Modulation,qwen
task2_qwen_plausibility,1f56c7f2a72ee164,integrated_gradients_qwen,f1_at_k,0.11666666666666667,target,Modulation,qwen
task2_qwen_plausibility,1f56c7f2a72ee164,integrated_gradients_qwen,auprc,0.1238231680513857,target,Modulation,qwen
task2_qwen_plausibility,1f56c7f2a72ee164,integrated_gradients_qwen,precision_at_k,0.03333333333333333,target,Explanation,qwen
task2_qwen_plausibility,1f56c7f2a72ee164,integrated_gradients_qwen,recall_at_k,0.03333333333333333,target,Explanation,qwen
task2_qwen_plausibility,1f56c7f2a72ee164,integrated_gradients_qwen,f1_at_k,0.03333333333333333,target,Explanation,qwen
task2_qwen_plausibility,1f56c7f2a72ee164,integrated_gradients_qwen,auprc,0.10462547971335967,target,Explanation,qwen
task2_qwen_plausibility,1f56c7f2a72ee164,integrated_gradients_qwen,precision_at_k,0.13333333333333333,target,Syntactic Change,qwen
task2_qwen_plausibility,1f56c7f2a72ee164,integrated_gradients_qwen,recall_at_k,0.13333333333333333,target,Syntactic Change,qwen
task2_qwen_plausibility,1f56c7f2a72ee164,integrated_gradients_qwen,f1_at_k,0.13333333333333333,target,Syntactic Change,qwen
task2_qwen_plausibility,1f56c7f2a72ee164,integrated_gradients_qwen,auprc,0.14142095396176757,target,Syntactic Change,qwen
task2_qwen_plausibility,2122f6c9ab4b63f3,integrated_gradients_qwen,precision_at_k,0.09375,target,Synonymy,qwen
task2_qwen_plausibility,2122f6c9ab4b63f3,integrated_gradients_qwen,recall_at_k,0.09375,target,Synonymy,qwen
task2_qwen_plausibility,2122f6c9ab4b63f3,integrated_gradients_qwen,f1_at_k,0.09375,target,Synonymy,qwen
task2_qwen_plausibility,2122f6c9ab4b63f3,integrated_gradients_qwen,auprc,0.08908283937299591,target,Synonymy,qwen
task2_qwen_plausibility,2122f6c9ab4b63f3,integrated_gradients_qwen,precision_at_k,0.125,target,Modulation,qwen
task2_qwen_plausibility,2122f6c9ab4b63f3,integrated_gradients_qwen,recall_at_k,0.125,target,Modulation,qwen
task2_qwen_plausibility,2122f6c9ab4b63f3,integrated_gradients_qwen,f1_at_k,0.125,target,Modulation,qwen
task2_qwen_plausibility,2122f6c9ab4b63f3,integrated_gradients_qwen,auprc,0.09244387330295736,target,Modulation,qwen
task2_qwen_plausibility,2122f6c9ab4b63f3,integrated_gradients_qwen,precision_at_k,0.125,target,Compression,qwen
task2_qwen_plausibility,2122f6c9ab4b63f3,integrated_gradients_qwen,recall_at_k,0.125,target,Compression,qwen
task2_qwen_plausibility,2122f6c9ab4b63f3,integrated_gradients_qwen,f1_at_k,0.125,target,Compression,qwen
task2_qwen_plausibility,2122f6c9ab4b63f3,integrated_gradients_qwen,auprc,0.1236865351520718,target,Compression,qwen
task2_qwen_plausibility,2122f6c9ab4b63f3,integrated_gradients_qwen,precision_at_k,0.15625,target,Syntactic Change,qwen
task2_qwen_plausibility,2122f6c9ab4b63f3,integrated_gradients_qwen,recall_at_k,0.15625,target,Syntactic Change,qwen
task2_qwen_plausibility,2122f6c9ab4b63f3,integrated_gradients_qwen,f1_at_k,0.15625,target,Syntactic Change,qwen
task2_qwen_plausibility,2122f6c9ab4b63f3,integrated_gradients_qwen,auprc,0.12658541488057717,target,Syntactic Change,qwen
task2_qwen_plausibility,22c20b08963054b2,integrated_gradients_qwen,precision_at_k,0.07142857142857142,target,Synonymy,qwen
task2_qwen_plausibility,22c20b08963054b2,integrated_gradients_qwen,recall_at_k,0.07142857142857142,target,Synonymy,qwen
task2_qwen_plausibility,22c20b08963054b2,integrated_gradients_qwen,f1_at_k,0.07142857142857142,target,Synonymy,qwen
task2_qwen_plausibility,22c20b08963054b2,integrated_gradients_qwen,auprc,0.12328446636519386,target,Synonymy,qwen
task2_qwen_plausibility,22c20b08963054b2,integrated_gradients_qwen,precision_at_k,0.14285714285714285,target,Modulation,qwen
task2_qwen_plausibility,22c20b08963054b2,integrated_gradients_qwen,recall_at_k,0.14285714285714285,target,Modulation,qwen
task2_qwen_plausibility,22c20b08963054b2,integrated_gradients_qwen,f1_at_k,0.14285714285714285,target,Modulation,qwen
task2_qwen_plausibility,22c20b08963054b2,integrated_gradients_qwen,auprc,0.1514638736543507,target,Modulation,qwen
task2_qwen_plausibility,2c8e30c6dff0f72c,integrated_gradients_qwen,precision_at_k,0.07692307692307693,target,Synonymy,qwen
task2_qwen_plausibility,2c8e30c6dff0f72c,integrated_gradients_qwen,recall_at_k,0.07692307692307693,target,Synonymy,qwen
task2_qwen_plausibility,2c8e30c6dff0f72c,integrated_gradients_qwen,f1_at_k,0.07692307692307693,target,Synonymy,qwen
task2_qwen_plausibility,2c8e30c6dff0f72c,integrated_gradients_qwen,auprc,0.06382947928676286,target,Synonymy,qwen
task2_qwen_plausibility,2c8e30c6dff0f72c,integrated_gradients_qwen,precision_at_k,0.11538461538461539,target,Modulation,qwen
task2_qwen_plausibility,2c8e30c6dff0f72c,integrated_gradients_qwen,recall_at_k,0.11538461538461539,target,Modulation,qwen
task2_qwen_plausibility,2c8e30c6dff0f72c,integrated_gradients_qwen,f1_at_k,0.11538461538461539,target,Modulation,qwen
task2_qwen_plausibility,2c8e30c6dff0f72c,integrated_gradients_qwen,auprc,0.09815198013310436,target,Modulation,qwen
task2_qwen_plausibility,2c8e30c6dff0f72c,integrated_gradients_qwen,precision_at_k,0.038461538461538464,target,Explanation,qwen
task2_qwen_plausibility,2c8e30c6dff0f72c,integrated_gradients_qwen,recall_at_k,0.038461538461538464,target,Explanation,qwen
task2_qwen_plausibility,2c8e30c6dff0f72c,integrated_gradients_qwen,f1_at_k,0.038461538461538464,target,Explanation,qwen
task2_qwen_plausibility,2c8e30c6dff0f72c,integrated_gradients_qwen,auprc,0.09224510276623334,target,Explanation,qwen
task2_qwen_plausibility,2df005283aa2bf6b,integrated_gradients_qwen,precision_at_k,0.13953488372093023,target,Synonymy,qwen
task2_qwen_plausibility,2df005283aa2bf6b,integrated_gradients_qwen,recall_at_k,0.13953488372093023,target,Synonymy,qwen
task2_qwen_plausibility,2df005283aa2bf6b,integrated_gradients_qwen,f1_at_k,0.13953488372093023,target,Synonymy,qwen
task2_qwen_plausibility,2df005283aa2bf6b,integrated_gradients_qwen,auprc,0.09764699058211102,target,Synonymy,qwen
task2_qwen_plausibility,2df005283aa2bf6b,integrated_gradients_qwen,precision_at_k,0.32558139534883723,target,Modulation,qwen
task2_qwen_plausibility,2df005283aa2bf6b,integrated_gradients_qwen,recall_at_k,0.32558139534883723,target,Modulation,qwen
task2_qwen_plausibility,2df005283aa2bf6b,integrated_gradients_qwen,f1_at_k,0.32558139534883723,target,Modulation,qwen
task2_qwen_plausibility,2df005283aa2bf6b,integrated_gradients_qwen,auprc,0.18235871761121641,target,Modulation,qwen
task2_qwen_plausibility,2df005283aa2bf6b,integrated_gradients_qwen,precision_at_k,0.09302325581395349,target,Syntactic Change,qwen
task2_qwen_plausibility,2df005283aa2bf6b,integrated_gradients_qwen,recall_at_k,0.09302325581395349,target,Syntactic Change,qwen
task2_qwen_plausibility,2df005283aa2bf6b,integrated_gradients_qwen,f1_at_k,0.09302325581395347,target,Syntactic Change,qwen
task2_qwen_plausibility,2df005283aa2bf6b,integrated_gradients_qwen,auprc,0.13246021189042864,target,Syntactic Change,qwen
task2_qwen_plausibility,317034664215c9dc,integrated_gradients_qwen,precision_at_k,0.0,target,Synonymy,qwen
task2_qwen_plausibility,317034664215c9dc,integrated_gradients_qwen,recall_at_k,0.0,target,Synonymy,qwen
task2_qwen_plausibility,317034664215c9dc,integrated_gradients_qwen,f1_at_k,0.0,target,Synonymy,qwen
task2_qwen_plausibility,317034664215c9dc,integrated_gradients_qwen,auprc,0.02013363977730448,target,Synonymy,qwen
task2_qwen_plausibility,317034664215c9dc,integrated_gradients_qwen,precision_at_k,0.0,target,Modulation,qwen
task2_qwen_plausibility,317034664215c9dc,integrated_gradients_qwen,recall_at_k,0.0,target,Modulation,qwen
task2_qwen_plausibility,317034664215c9dc,integrated_gradients_qwen,f1_at_k,0.0,target,Modulation,qwen
task2_qwen_plausibility,317034664215c9dc,integrated_gradients_qwen,auprc,0.0281682864226138,target,Modulation,qwen
task2_qwen_plausibility,31fccd5f26935407,integrated_gradients_qwen,precision_at_k,0.0,target,Modulation,qwen
task2_qwen_plausibility,31fccd5f26935407,integrated_gradients_qwen,recall_at_k,0.0,target,Modulation,qwen
task2_qwen_plausibility,31fccd5f26935407,integrated_gradients_qwen,f1_at_k,0.0,target,Modulation,qwen
task2_qwen_plausibility,31fccd5f26935407,integrated_gradients_qwen,auprc,0.06765179586524077,target,Modulation,qwen
task2_qwen_plausibility,32e4e0a44d2567a0,integrated_gradients_qwen,precision_at_k,0.045454545454545456,target,Synonymy,qwen
task2_qwen_plausibility,32e4e0a44d2567a0,integrated_gradients_qwen,recall_at_k,0.045454545454545456,target,Synonymy,qwen
task2_qwen_plausibility,32e4e0a44d2567a0,integrated_gradients_qwen,f1_at_k,0.045454545454545456,target,Synonymy,qwen
task2_qwen_plausibility,32e4e0a44d2567a0,integrated_gradients_qwen,auprc,0.05881822336409333,target,Synonymy,qwen
task2_qwen_plausibility,32e4e0a44d2567a0,integrated_gradients_qwen,precision_at_k,0.045454545454545456,target,Modulation,qwen
task2_qwen_plausibility,32e4e0a44d2567a0,integrated_gradients_qwen,recall_at_k,0.045454545454545456,target,Modulation,qwen
task2_qwen_plausibility,32e4e0a44d2567a0,integrated_gradients_qwen,f1_at_k,0.045454545454545456,target,Modulation,qwen
task2_qwen_plausibility,32e4e0a44d2567a0,integrated_gradients_qwen,auprc,0.055689025315931916,target,Modulation,qwen
task2_qwen_plausibility,32e4e0a44d2567a0,integrated_gradients_qwen,precision_at_k,0.045454545454545456,target,Syntactic Change,qwen
task2_qwen_plausibility,32e4e0a44d2567a0,integrated_gradients_qwen,recall_at_k,0.045454545454545456,target,Syntactic Change,qwen
task2_qwen_plausibility,32e4e0a44d2567a0,integrated_gradients_qwen,f1_at_k,0.045454545454545456,target,Syntactic Change,qwen
task2_qwen_plausibility,32e4e0a44d2567a0,integrated_gradients_qwen,auprc,0.06766305431347455,target,Syntactic Change,qwen
task2_qwen_plausibility,378e7f4f603abab7,integrated_gradients_qwen,precision_at_k,0.11363636363636363,target,Synonymy,qwen
task2_qwen_plausibility,378e7f4f603abab7,integrated_gradients_qwen,recall_at_k,0.11363636363636363,target,Synonymy,qwen
task2_qwen_plausibility,378e7f4f603abab7,integrated_gradients_qwen,f1_at_k,0.11363636363636363,target,Synonymy,qwen
task2_qwen_plausibility,378e7f4f603abab7,integrated_gradients_qwen,auprc,0.08294231075976399,target,Synonymy,qwen
task2_qwen_plausibility,378e7f4f603abab7,integrated_gradients_qwen,precision_at_k,0.1590909090909091,target,Modulation,qwen
task2_qwen_plausibility,378e7f4f603abab7,integrated_gradients_qwen,recall_at_k,0.1590909090909091,target,Modulation,qwen
task2_qwen_plausibility,378e7f4f603abab7,integrated_gradients_qwen,f1_at_k,0.1590909090909091,target,Modulation,qwen
task2_qwen_plausibility,378e7f4f603abab7,integrated_gradients_qwen,auprc,0.10987132735143869,target,Modulation,qwen
task2_qwen_plausibility,378e7f4f603abab7,integrated_gradients_qwen,precision_at_k,0.11363636363636363,target,Compression,qwen
task2_qwen_plausibility,378e7f4f603abab7,integrated_gradients_qwen,recall_at_k,0.11363636363636363,target,Compression,qwen
task2_qwen_plausibility,378e7f4f603abab7,integrated_gradients_qwen,f1_at_k,0.11363636363636363,target,Compression,qwen
task2_qwen_plausibility,378e7f4f603abab7,integrated_gradients_qwen,auprc,0.1310725219560788,target,Compression,qwen
task2_qwen_plausibility,378e7f4f603abab7,integrated_gradients_qwen,precision_at_k,0.13636363636363635,target,Syntactic Change,qwen
task2_qwen_plausibility,378e7f4f603abab7,integrated_gradients_qwen,recall_at_k,0.13636363636363635,target,Syntactic Change,qwen
task2_qwen_plausibility,378e7f4f603abab7,integrated_gradients_qwen,f1_at_k,0.13636363636363635,target,Syntactic Change,qwen
task2_qwen_plausibility,378e7f4f603abab7,integrated_gradients_qwen,auprc,0.10732906523339408,target,Syntactic Change,qwen
task2_qwen_plausibility,3dc4665f2055c981,integrated_gradients_qwen,precision_at_k,0.0,target,Synonymy,qwen
task2_qwen_plausibility,3dc4665f2055c981,integrated_gradients_qwen,recall_at_k,0.0,target,Synonymy,qwen
task2_qwen_plausibility,3dc4665f2055c981,integrated_gradients_qwen,f1_at_k,0.0,target,Synonymy,qwen
task2_qwen_plausibility,3dc4665f2055c981,integrated_gradients_qwen,auprc,0.05863552000187949,target,Synonymy,qwen
task2_qwen_plausibility,3dc4665f2055c981,integrated_gradients_qwen,precision_at_k,0.0,target,Modulation,qwen
task2_qwen_plausibility,3dc4665f2055c981,integrated_gradients_qwen,recall_at_k,0.0,target,Modulation,qwen
task2_qwen_plausibility,3dc4665f2055c981,integrated_gradients_qwen,f1_at_k,0.0,target,Modulation,qwen
task2_qwen_plausibility,3dc4665f2055c981,integrated_gradients_qwen,auprc,0.05733581727431165,target,Modulation,qwen
task2_qwen_plausibility,3dc4665f2055c981,integrated_gradients_qwen,precision_at_k,0.0,target,Syntactic Change,qwen
task2_qwen_plausibility,3dc4665f2055c981,integrated_gradients_qwen,recall_at_k,0.0,target,Syntactic Change,qwen
task2_qwen_plausibility,3dc4665f2055c981,integrated_gradients_qwen,f1_at_k,0.0,target,Syntactic Change,qwen
task2_qwen_plausibility,3dc4665f2055c981,integrated_gradients_qwen,auprc,0.07352841563367879,target,Syntactic Change,qwen
task2_qwen_plausibility,3f83553be8513d61,integrated_gradients_qwen,precision_at_k,0.13043478260869565,target,Synonymy,qwen
task2_qwen_plausibility,3f83553be8513d61,integrated_gradients_qwen,recall_at_k,0.13043478260869565,target,Synonymy,qwen
task2_qwen_plausibility,3f83553be8513d61,integrated_gradients_qwen,f1_at_k,0.13043478260869565,target,Synonymy,qwen
task2_qwen_plausibility,3f83553be8513d61,integrated_gradients_qwen,auprc,0.07722685817845765,target,Synonymy,qwen
task2_qwen_plausibility,3f83553be8513d61,integrated_gradients_qwen,precision_at_k,0.0,target,Modulation,qwen
task2_qwen_plausibility,3f83553be8513d61,integrated_gradients_qwen,recall_at_k,0.0,target,Modulation,qwen
task2_qwen_plausibility,3f83553be8513d61,integrated_gradients_qwen,f1_at_k,0.0,target,Modulation,qwen
task2_qwen_plausibility,3f83553be8513d61,integrated_gradients_qwen,auprc,0.045589641758940015,target,Modulation,qwen
task2_qwen_plausibility,41cea45706409c38,integrated_gradients_qwen,precision_at_k,0.07142857142857142,target,Synonymy,qwen
task2_qwen_plausibility,41cea45706409c38,integrated_gradients_qwen,recall_at_k,0.07142857142857142,target,Synonymy,qwen
task2_qwen_plausibility,41cea45706409c38,integrated_gradients_qwen,f1_at_k,0.07142857142857142,target,Synonymy,qwen
task2_qwen_plausibility,41cea45706409c38,integrated_gradients_qwen,auprc,0.03883346573523054,target,Synonymy,qwen
task2_qwen_plausibility,41cea45706409c38,integrated_gradients_qwen,precision_at_k,0.0,target,Modulation,qwen
task2_qwen_plausibility,41cea45706409c38,integrated_gradients_qwen,recall_at_k,0.0,target,Modulation,qwen
task2_qwen_plausibility,41cea45706409c38,integrated_gradients_qwen,f1_at_k,0.0,target,Modulation,qwen
task2_qwen_plausibility,41cea45706409c38,integrated_gradients_qwen,auprc,0.040619368659257846,target,Modulation,qwen
task2_qwen_plausibility,41cea45706409c38,integrated_gradients_qwen,precision_at_k,0.14285714285714285,target,Syntactic Change,qwen
task2_qwen_plausibility,41cea45706409c38,integrated_gradients_qwen,recall_at_k,0.14285714285714285,target,Syntactic Change,qwen
task2_qwen_plausibility,41cea45706409c38,integrated_gradients_qwen,f1_at_k,0.14285714285714285,target,Syntactic Change,qwen
task2_qwen_plausibility,41cea45706409c38,integrated_gradients_qwen,auprc,0.07327246653606709,target,Syntactic Change,qwen
task2_qwen_plausibility,42e8aa037421d076,integrated_gradients_qwen,precision_at_k,0.19148936170212766,target,Synonymy,qwen
task2_qwen_plausibility,42e8aa037421d076,integrated_gradients_qwen,recall_at_k,0.19148936170212766,target,Synonymy,qwen
task2_qwen_plausibility,42e8aa037421d076,integrated_gradients_qwen,f1_at_k,0.19148936170212763,target,Synonymy,qwen
task2_qwen_plausibility,42e8aa037421d076,integrated_gradients_qwen,auprc,0.15257087220285614,target,Synonymy,qwen
task2_qwen_plausibility,42e8aa037421d076,integrated_gradients_qwen,precision_at_k,0.19148936170212766,target,Modulation,qwen
task2_qwen_plausibility,42e8aa037421d076,integrated_gradients_qwen,recall_at_k,0.19148936170212766,target,Modulation,qwen
task2_qwen_plausibility,42e8aa037421d076,integrated_gradients_qwen,f1_at_k,0.19148936170212763,target,Modulation,qwen
task2_qwen_plausibility,42e8aa037421d076,integrated_gradients_qwen,auprc,0.18690114807585823,target,Modulation,qwen
task2_qwen_plausibility,462fac739a2900aa,integrated_gradients_qwen,precision_at_k,0.16129032258064516,target,Synonymy,qwen
task2_qwen_plausibility,462fac739a2900aa,integrated_gradients_qwen,recall_at_k,0.16129032258064516,target,Synonymy,qwen
task2_qwen_plausibility,462fac739a2900aa,integrated_gradients_qwen,f1_at_k,0.16129032258064516,target,Synonymy,qwen
task2_qwen_plausibility,462fac739a2900aa,integrated_gradients_qwen,auprc,0.10368668658939834,target,Synonymy,qwen
task2_qwen_plausibility,462fac739a2900aa,integrated_gradients_qwen,precision_at_k,0.16129032258064516,target,Modulation,qwen
task2_qwen_plausibility,462fac739a2900aa,integrated_gradients_qwen,recall_at_k,0.16129032258064516,target,Modulation,qwen
task2_qwen_plausibility,462fac739a2900aa,integrated_gradients_qwen,f1_at_k,0.16129032258064516,target,Modulation,qwen
task2_qwen_plausibility,462fac739a2900aa,integrated_gradients_qwen,auprc,0.14036484399236732,target,Modulation,qwen
task2_qwen_plausibility,462fac739a2900aa,integrated_gradients_qwen,precision_at_k,0.12903225806451613,target,Explanation,qwen
task2_qwen_plausibility,462fac739a2900aa,integrated_gradients_qwen,recall_at_k,0.12903225806451613,target,Explanation,qwen
task2_qwen_plausibility,462fac739a2900aa,integrated_gradients_qwen,f1_at_k,0.12903225806451613,target,Explanation,qwen
task2_qwen_plausibility,462fac739a2900aa,integrated_gradients_qwen,auprc,0.08336158181001002,target,Explanation,qwen
task2_qwen_plausibility,462fac739a2900aa,integrated_gradients_qwen,precision_at_k,0.06451612903225806,target,Syntactic Change,qwen
task2_qwen_plausibility,462fac739a2900aa,integrated_gradients_qwen,recall_at_k,0.06451612903225806,target,Syntactic Change,qwen
task2_qwen_plausibility,462fac739a2900aa,integrated_gradients_qwen,f1_at_k,0.06451612903225806,target,Syntactic Change,qwen
task2_qwen_plausibility,462fac739a2900aa,integrated_gradients_qwen,auprc,0.10664971113267974,target,Syntactic Change,qwen
task2_qwen_plausibility,47364b7a5a5b5cbd,integrated_gradients_qwen,precision_at_k,0.0,target,Synonymy,qwen
task2_qwen_plausibility,47364b7a5a5b5cbd,integrated_gradients_qwen,recall_at_k,0.0,target,Synonymy,qwen
task2_qwen_plausibility,47364b7a5a5b5cbd,integrated_gradients_qwen,f1_at_k,0.0,target,Synonymy,qwen
task2_qwen_plausibility,47364b7a5a5b5cbd,integrated_gradients_qwen,auprc,0.11666666666666667,target,Synonymy,qwen
task2_qwen_plausibility,47364b7a5a5b5cbd,integrated_gradients_qwen,precision_at_k,0.0,target,Modulation,qwen
task2_qwen_plausibility,47364b7a5a5b5cbd,integrated_gradients_qwen,recall_at_k,0.0,target,Modulation,qwen
task2_qwen_plausibility,47364b7a5a5b5cbd,integrated_gradients_qwen,f1_at_k,0.0,target,Modulation,qwen
task2_qwen_plausibility,47364b7a5a5b5cbd,integrated_gradients_qwen,auprc,0.07670454545454546,target,Modulation,qwen
task2_qwen_plausibility,47cb636fc48fc4bd,integrated_gradients_qwen,precision_at_k,0.1111111111111111,target,Synonymy,qwen
task2_qwen_plausibility,47cb636fc48fc4bd,integrated_gradients_qwen,recall_at_k,0.1111111111111111,target,Synonymy,qwen
task2_qwen_plausibility,47cb636fc48fc4bd,integrated_gradients_qwen,f1_at_k,0.1111111111111111,target,Synonymy,qwen
task2_qwen_plausibility,47cb636fc48fc4bd,integrated_gradients_qwen,auprc,0.13347538856007196,target,Synonymy,qwen
task2_qwen_plausibility,47cb636fc48fc4bd,integrated_gradients_qwen,precision_at_k,0.13333333333333333,target,Modulation,qwen
task2_qwen_plausibility,47cb636fc48fc4bd,integrated_gradients_qwen,recall_at_k,0.13333333333333333,target,Modulation,qwen
task2_qwen_plausibility,47cb636fc48fc4bd,integrated_gradients_qwen,f1_at_k,0.13333333333333333,target,Modulation,qwen
task2_qwen_plausibility,47cb636fc48fc4bd,integrated_gradients_qwen,auprc,0.1363365195635279,target,Modulation,qwen
task2_qwen_plausibility,47cb636fc48fc4bd,integrated_gradients_qwen,precision_at_k,0.044444444444444446,target,Syntactic Change,qwen
task2_qwen_plausibility,47cb636fc48fc4bd,integrated_gradients_qwen,recall_at_k,0.044444444444444446,target,Syntactic Change,qwen
task2_qwen_plausibility,47cb636fc48fc4bd,integrated_gradients_qwen,f1_at_k,0.044444444444444446,target,Syntactic Change,qwen
task2_qwen_plausibility,47cb636fc48fc4bd,integrated_gradients_qwen,auprc,0.12806006574794793,target,Syntactic Change,qwen
task2_qwen_plausibility,4c738baf46f3aea2,integrated_gradients_qwen,precision_at_k,0.07692307692307693,target,Omission,qwen
task2_qwen_plausibility,4c738baf46f3aea2,integrated_gradients_qwen,recall_at_k,0.07692307692307693,target,Omission,qwen
task2_qwen_plausibility,4c738baf46f3aea2,integrated_gradients_qwen,f1_at_k,0.07692307692307693,target,Omission,qwen
task2_qwen_plausibility,4c738baf46f3aea2,integrated_gradients_qwen,auprc,0.09240916440260069,target,Omission,qwen
task2_qwen_plausibility,4d1749d72069551f,integrated_gradients_qwen,precision_at_k,0.15625,target,Modulation,qwen
task2_qwen_plausibility,4d1749d72069551f,integrated_gradients_qwen,recall_at_k,0.15625,target,Modulation,qwen
task2_qwen_plausibility,4d1749d72069551f,integrated_gradients_qwen,f1_at_k,0.15625,target,Modulation,qwen
task2_qwen_plausibility,4d1749d72069551f,integrated_gradients_qwen,auprc,0.11730215391754846,target,Modulation,qwen
task2_qwen_plausibility,4d1749d72069551f,integrated_gradients_qwen,precision_at_k,0.09375,target,Compression,qwen
task2_qwen_plausibility,4d1749d72069551f,integrated_gradients_qwen,recall_at_k,0.09375,target,Compression,qwen
task2_qwen_plausibility,4d1749d72069551f,integrated_gradients_qwen,f1_at_k,0.09375,target,Compression,qwen
task2_qwen_plausibility,4d1749d72069551f,integrated_gradients_qwen,auprc,0.16052464372728803,target,Compression,qwen
task2_qwen_plausibility,5033d490c3a4828f,integrated_gradients_qwen,precision_at_k,0.1875,target,Synonymy,qwen
task2_qwen_plausibility,5033d490c3a4828f,integrated_gradients_qwen,recall_at_k,0.1875,target,Synonymy,qwen
task2_qwen_plausibility,5033d490c3a4828f,integrated_gradients_qwen,f1_at_k,0.1875,target,Synonymy,qwen
task2_qwen_plausibility,5033d490c3a4828f,integrated_gradients_qwen,auprc,0.1505480779346975,target,Synonymy,qwen
task2_qwen_plausibility,5033d490c3a4828f,integrated_gradients_qwen,precision_at_k,0.20833333333333334,target,Modulation,qwen
task2_qwen_plausibility,5033d490c3a4828f,integrated_gradients_qwen,recall_at_k,0.20833333333333334,target,Modulation,qwen
task2_qwen_plausibility,5033d490c3a4828f,integrated_gradients_qwen,f1_at_k,0.20833333333333334,target,Modulation,qwen
task2_qwen_plausibility,5033d490c3a4828f,integrated_gradients_qwen,auprc,0.1845916923195845,target,Modulation,qwen
task2_qwen_plausibility,5033d490c3a4828f,integrated_gradients_qwen,precision_at_k,0.2916666666666667,target,Compression,qwen
task2_qwen_plausibility,5033d490c3a4828f,integrated_gradients_qwen,recall_at_k,0.2916666666666667,target,Compression,qwen
task2_qwen_plausibility,5033d490c3a4828f,integrated_gradients_qwen,f1_at_k,0.2916666666666667,target,Compression,qwen
task2_qwen_plausibility,5033d490c3a4828f,integrated_gradients_qwen,auprc,0.284103616865638,target,Compression,qwen
task2_qwen_plausibility,5033d490c3a4828f,integrated_gradients_qwen,precision_at_k,0.20833333333333334,target,Syntactic Change,qwen
task2_qwen_plausibility,5033d490c3a4828f,integrated_gradients_qwen,recall_at_k,0.20833333333333334,target,Syntactic Change,qwen
task2_qwen_plausibility,5033d490c3a4828f,integrated_gradients_qwen,f1_at_k,0.20833333333333334,target,Syntactic Change,qwen
task2_qwen_plausibility,5033d490c3a4828f,integrated_gradients_qwen,auprc,0.18762666465593952,target,Syntactic Change,qwen
task2_qwen_plausibility,53c4d30896e1b63d,integrated_gradients_qwen,precision_at_k,0.07142857142857142,target,Synonymy,qwen
task2_qwen_plausibility,53c4d30896e1b63d,integrated_gradients_qwen,recall_at_k,0.07142857142857142,target,Synonymy,qwen
task2_qwen_plausibility,53c4d30896e1b63d,integrated_gradients_qwen,f1_at_k,0.07142857142857142,target,Synonymy,qwen
task2_qwen_plausibility,53c4d30896e1b63d,integrated_gradients_qwen,auprc,0.09625368120347709,target,Synonymy,qwen
task2_qwen_plausibility,53c4d30896e1b63d,integrated_gradients_qwen,precision_at_k,0.10714285714285714,target,Modulation,qwen
task2_qwen_plausibility,53c4d30896e1b63d,integrated_gradients_qwen,recall_at_k,0.10714285714285714,target,Modulation,qwen
task2_qwen_plausibility,53c4d30896e1b63d,integrated_gradients_qwen,f1_at_k,0.10714285714285714,target,Modulation,qwen
task2_qwen_plausibility,53c4d30896e1b63d,integrated_gradients_qwen,auprc,0.14185300350370383,target,Modulation,qwen
task2_qwen_plausibility,53c4d30896e1b63d,integrated_gradients_qwen,precision_at_k,0.03571428571428571,target,Syntactic Change,qwen
task2_qwen_plausibility,53c4d30896e1b63d,integrated_gradients_qwen,recall_at_k,0.03571428571428571,target,Syntactic Change,qwen
task2_qwen_plausibility,53c4d30896e1b63d,integrated_gradients_qwen,f1_at_k,0.03571428571428571,target,Syntactic Change,qwen
task2_qwen_plausibility,53c4d30896e1b63d,integrated_gradients_qwen,auprc,0.12030936563655788,target,Syntactic Change,qwen
task2_qwen_plausibility,5586a72dadfe318f,integrated_gradients_qwen,precision_at_k,0.07692307692307693,target,Synonymy,qwen
task2_qwen_plausibility,5586a72dadfe318f,integrated_gradients_qwen,recall_at_k,0.07692307692307693,target,Synonymy,qwen
task2_qwen_plausibility,5586a72dadfe318f,integrated_gradients_qwen,f1_at_k,0.07692307692307693,target,Synonymy,qwen
task2_qwen_plausibility,5586a72dadfe318f,integrated_gradients_qwen,auprc,0.08257467527302008,target,Synonymy,qwen
task2_qwen_plausibility,5586a72dadfe318f,integrated_gradients_qwen,precision_at_k,0.07692307692307693,target,Modulation,qwen
task2_qwen_plausibility,5586a72dadfe318f,integrated_gradients_qwen,recall_at_k,0.07692307692307693,target,Modulation,qwen
task2_qwen_plausibility,5586a72dadfe318f,integrated_gradients_qwen,f1_at_k,0.07692307692307693,target,Modulation,qwen
task2_qwen_plausibility,5586a72dadfe318f,integrated_gradients_qwen,auprc,0.056133686768191075,target,Modulation,qwen
task2_qwen_plausibility,5586a72dadfe318f,integrated_gradients_qwen,precision_at_k,0.0,target,Omission,qwen
task2_qwen_plausibility,5586a72dadfe318f,integrated_gradients_qwen,recall_at_k,0.0,target,Omission,qwen
task2_qwen_plausibility,5586a72dadfe318f,integrated_gradients_qwen,f1_at_k,0.0,target,Omission,qwen
task2_qwen_plausibility,5586a72dadfe318f,integrated_gradients_qwen,auprc,0.056162009677780685,target,Omission,qwen
task2_qwen_plausibility,58d57524e3f5c2f2,integrated_gradients_qwen,precision_at_k,0.10810810810810811,target,Synonymy,qwen
task2_qwen_plausibility,58d57524e3f5c2f2,integrated_gradients_qwen,recall_at_k,0.10810810810810811,target,Synonymy,qwen
task2_qwen_plausibility,58d57524e3f5c2f2,integrated_gradients_qwen,f1_at_k,0.10810810810810811,target,Synonymy,qwen
task2_qwen_plausibility,58d57524e3f5c2f2,integrated_gradients_qwen,auprc,0.11353299285883048,target,Synonymy,qwen
task2_qwen_plausibility,58d57524e3f5c2f2,integrated_gradients_qwen,precision_at_k,0.10810810810810811,target,Modulation,qwen
task2_qwen_plausibility,58d57524e3f5c2f2,integrated_gradients_qwen,recall_at_k,0.10810810810810811,target,Modulation,qwen
task2_qwen_plausibility,58d57524e3f5c2f2,integrated_gradients_qwen,f1_at_k,0.10810810810810811,target,Modulation,qwen
task2_qwen_plausibility,58d57524e3f5c2f2,integrated_gradients_qwen,auprc,0.13670587359087683,target,Modulation,qwen
task2_qwen_plausibility,61830656b06634f1,integrated_gradients_qwen,precision_at_k,0.0,target,Synonymy,qwen
task2_qwen_plausibility,61830656b06634f1,integrated_gradients_qwen,recall_at_k,0.0,target,Synonymy,qwen
task2_qwen_plausibility,61830656b06634f1,integrated_gradients_qwen,f1_at_k,0.0,target,Synonymy,qwen
task2_qwen_plausibility,61830656b06634f1,integrated_gradients_qwen,auprc,0.0651114422300863,target,Synonymy,qwen
task2_qwen_plausibility,61830656b06634f1,integrated_gradients_qwen,precision_at_k,0.0,target,Modulation,qwen
task2_qwen_plausibility,61830656b06634f1,integrated_gradients_qwen,recall_at_k,0.0,target,Modulation,qwen
task2_qwen_plausibility,61830656b06634f1,integrated_gradients_qwen,f1_at_k,0.0,target,Modulation,qwen
task2_qwen_plausibility,61830656b06634f1,integrated_gradients_qwen,auprc,0.07876825633224772,target,Modulation,qwen
task2_qwen_plausibility,6a381fb5925d00cc,integrated_gradients_qwen,precision_at_k,0.3157894736842105,target,Synonymy,qwen
task2_qwen_plausibility,6a381fb5925d00cc,integrated_gradients_qwen,recall_at_k,0.3157894736842105,target,Synonymy,qwen
task2_qwen_plausibility,6a381fb5925d00cc,integrated_gradients_qwen,f1_at_k,0.3157894736842105,target,Synonymy,qwen
task2_qwen_plausibility,6a381fb5925d00cc,integrated_gradients_qwen,auprc,0.23962491494413396,target,Synonymy,qwen
task2_qwen_plausibility,6a381fb5925d00cc,integrated_gradients_qwen,precision_at_k,0.21052631578947367,target,Modulation,qwen
task2_qwen_plausibility,6a381fb5925d00cc,integrated_gradients_qwen,recall_at_k,0.21052631578947367,target,Modulation,qwen
task2_qwen_plausibility,6a381fb5925d00cc,integrated_gradients_qwen,f1_at_k,0.21052631578947367,target,Modulation,qwen
task2_qwen_plausibility,6a381fb5925d00cc,integrated_gradients_qwen,auprc,0.13610438044439316,target,Modulation,qwen
task2_qwen_plausibility,6fe673fecc6e400c,integrated_gradients_qwen,precision_at_k,0.08333333333333333,target,Synonymy,qwen
task2_qwen_plausibility,6fe673fecc6e400c,integrated_gradients_qwen,recall_at_k,0.08333333333333333,target,Synonymy,qwen
task2_qwen_plausibility,6fe673fecc6e400c,integrated_gradients_qwen,f1_at_k,0.08333333333333333,target,Synonymy,qwen
task2_qwen_plausibility,6fe673fecc6e400c,integrated_gradients_qwen,auprc,0.04575625639892613,target,Synonymy,qwen
task2_qwen_plausibility,6fe673fecc6e400c,integrated_gradients_qwen,precision_at_k,0.0,target,Modulation,qwen
task2_qwen_plausibility,6fe673fecc6e400c,integrated_gradients_qwen,recall_at_k,0.0,target,Modulation,qwen
task2_qwen_plausibility,6fe673fecc6e400c,integrated_gradients_qwen,f1_at_k,0.0,target,Modulation,qwen
task2_qwen_plausibility,6fe673fecc6e400c,integrated_gradients_qwen,auprc,0.06175216097997864,target,Modulation,qwen
task2_qwen_plausibility,6fe673fecc6e400c,integrated_gradients_qwen,precision_at_k,0.16666666666666666,target,Compression,qwen
task2_qwen_plausibility,6fe673fecc6e400c,integrated_gradients_qwen,recall_at_k,0.16666666666666666,target,Compression,qwen
task2_qwen_plausibility,6fe673fecc6e400c,integrated_gradients_qwen,f1_at_k,0.16666666666666666,target,Compression,qwen
task2_qwen_plausibility,6fe673fecc6e400c,integrated_gradients_qwen,auprc,0.09603812440019108,target,Compression,qwen
task2_qwen_plausibility,6fe673fecc6e400c,integrated_gradients_qwen,precision_at_k,0.0,target,Syntactic Change,qwen
task2_qwen_plausibility,6fe673fecc6e400c,integrated_gradients_qwen,recall_at_k,0.0,target,Syntactic Change,qwen
task2_qwen_plausibility,6fe673fecc6e400c,integrated_gradients_qwen,f1_at_k,0.0,target,Syntactic Change,qwen
task2_qwen_plausibility,6fe673fecc6e400c,integrated_gradients_qwen,auprc,0.05554759765437626,target,Syntactic Change,qwen
task2_qwen_plausibility,769048676f87662d,integrated_gradients_qwen,precision_at_k,0.2127659574468085,target,Modulation,qwen
task2_qwen_plausibility,769048676f87662d,integrated_gradients_qwen,recall_at_k,0.2127659574468085,target,Modulation,qwen
task2_qwen_plausibility,769048676f87662d,integrated_gradients_qwen,f1_at_k,0.21276595744680848,target,Modulation,qwen
task2_qwen_plausibility,769048676f87662d,integrated_gradients_qwen,auprc,0.12855973403232626,target,Modulation,qwen
task2_qwen_plausibility,769048676f87662d,integrated_gradients_qwen,precision_at_k,0.10638297872340426,target,Syntactic Change,qwen
task2_qwen_plausibility,769048676f87662d,integrated_gradients_qwen,recall_at_k,0.10638297872340426,target,Syntactic Change,qwen
task2_qwen_plausibility,769048676f87662d,integrated_gradients_qwen,f1_at_k,0.10638297872340424,target,Syntactic Change,qwen
task2_qwen_plausibility,769048676f87662d,integrated_gradients_qwen,auprc,0.15184602689448706,target,Syntactic Change,qwen
task2_qwen_plausibility,7be295f14f785425,integrated_gradients_qwen,precision_at_k,0.09090909090909091,target,Synonymy,qwen
task2_qwen_plausibility,7be295f14f785425,integrated_gradients_qwen,recall_at_k,0.09090909090909091,target,Synonymy,qwen
task2_qwen_plausibility,7be295f14f785425,integrated_gradients_qwen,f1_at_k,0.09090909090909091,target,Synonymy,qwen
task2_qwen_plausibility,7be295f14f785425,integrated_gradients_qwen,auprc,0.0780739003878583,target,Synonymy,qwen
task2_qwen_plausibility,7be295f14f785425,integrated_gradients_qwen,precision_at_k,0.0,target,Modulation,qwen
task2_qwen_plausibility,7be295f14f785425,integrated_gradients_qwen,recall_at_k,0.0,target,Modulation,qwen
task2_qwen_plausibility,7be295f14f785425,integrated_gradients_qwen,f1_at_k,0.0,target,Modulation,qwen
task2_qwen_plausibility,7be295f14f785425,integrated_gradients_qwen,auprc,0.04460802382778145,target,Modulation,qwen
task2_qwen_plausibility,7be295f14f785425,integrated_gradients_qwen,precision_at_k,0.0,target,Syntactic Change,qwen
task2_qwen_plausibility,7be295f14f785425,integrated_gradients_qwen,recall_at_k,0.0,target,Syntactic Change,qwen
task2_qwen_plausibility,7be295f14f785425,integrated_gradients_qwen,f1_at_k,0.0,target,Syntactic Change,qwen
task2_qwen_plausibility,7be295f14f785425,integrated_gradients_qwen,auprc,0.057030156937331856,target,Syntactic Change,qwen
task2_qwen_plausibility,7e42bb3d0d6c233d,integrated_gradients_qwen,precision_at_k,0.08333333333333333,target,Synonymy,qwen
task2_qwen_plausibility,7e42bb3d0d6c233d,integrated_gradients_qwen,recall_at_k,0.08333333333333333,target,Synonymy,qwen
task2_qwen_plausibility,7e42bb3d0d6c233d,integrated_gradients_qwen,f1_at_k,0.08333333333333333,target,Synonymy,qwen
task2_qwen_plausibility,7e42bb3d0d6c233d,integrated_gradients_qwen,auprc,0.08156761548920279,target,Synonymy,qwen
task2_qwen_plausibility,7e42bb3d0d6c233d,integrated_gradients_qwen,precision_at_k,0.16666666666666666,target,Modulation,qwen
task2_qwen_plausibility,7e42bb3d0d6c233d,integrated_gradients_qwen,recall_at_k,0.16666666666666666,target,Modulation,qwen
task2_qwen_plausibility,7e42bb3d0d6c233d,integrated_gradients_qwen,f1_at_k,0.16666666666666666,target,Modulation,qwen
task2_qwen_plausibility,7e42bb3d0d6c233d,integrated_gradients_qwen,auprc,0.09904183601095168,target,Modulation,qwen
task2_qwen_plausibility,7e42bb3d0d6c233d,integrated_gradients_qwen,precision_at_k,0.20833333333333334,target,Explanation,qwen
task2_qwen_plausibility,7e42bb3d0d6c233d,integrated_gradients_qwen,recall_at_k,0.20833333333333334,target,Explanation,qwen
task2_qwen_plausibility,7e42bb3d0d6c233d,integrated_gradients_qwen,f1_at_k,0.20833333333333334,target,Explanation,qwen
task2_qwen_plausibility,7e42bb3d0d6c233d,integrated_gradients_qwen,auprc,0.16096860770886315,target,Explanation,qwen
task2_qwen_plausibility,7e42bb3d0d6c233d,integrated_gradients_qwen,precision_at_k,0.041666666666666664,target,Syntactic Change,qwen
task2_qwen_plausibility,7e42bb3d0d6c233d,integrated_gradients_qwen,recall_at_k,0.041666666666666664,target,Syntactic Change,qwen
task2_qwen_plausibility,7e42bb3d0d6c233d,integrated_gradients_qwen,f1_at_k,0.041666666666666664,target,Syntactic Change,qwen
task2_qwen_plausibility,7e42bb3d0d6c233d,integrated_gradients_qwen,auprc,0.08769363757297002,target,Syntactic Change,qwen
task2_qwen_plausibility,7fab8bd42f1452d7,integrated_gradients_qwen,precision_at_k,0.0,target,Synonymy,qwen
task2_qwen_plausibility,7fab8bd42f1452d7,integrated_gradients_qwen,recall_at_k,0.0,target,Synonymy,qwen
task2_qwen_plausibility,7fab8bd42f1452d7,integrated_gradients_qwen,f1_at_k,0.0,target,Synonymy,qwen
task2_qwen_plausibility,7fab8bd42f1452d7,integrated_gradients_qwen,auprc,0.056325495453519586,target,Synonymy,qwen
task2_qwen_plausibility,7fab8bd42f1452d7,integrated_gradients_qwen,precision_at_k,0.12121212121212122,target,Modulation,qwen
task2_qwen_plausibility,7fab8bd42f1452d7,integrated_gradients_qwen,recall_at_k,0.12121212121212122,target,Modulation,qwen
task2_qwen_plausibility,7fab8bd42f1452d7,integrated_gradients_qwen,f1_at_k,0.12121212121212122,target,Modulation,qwen
task2_qwen_plausibility,7fab8bd42f1452d7,integrated_gradients_qwen,auprc,0.12903181066292657,target,Modulation,qwen
task2_qwen_plausibility,7fab8bd42f1452d7,integrated_gradients_qwen,precision_at_k,0.24242424242424243,target,Explanation,qwen
task2_qwen_plausibility,7fab8bd42f1452d7,integrated_gradients_qwen,recall_at_k,0.24242424242424243,target,Explanation,qwen
task2_qwen_plausibility,7fab8bd42f1452d7,integrated_gradients_qwen,f1_at_k,0.24242424242424243,target,Explanation,qwen
task2_qwen_plausibility,7fab8bd42f1452d7,integrated_gradients_qwen,auprc,0.16862828439124755,target,Explanation,qwen
task2_qwen_plausibility,7fab8bd42f1452d7,integrated_gradients_qwen,precision_at_k,0.06060606060606061,target,Syntactic Change,qwen
task2_qwen_plausibility,7fab8bd42f1452d7,integrated_gradients_qwen,recall_at_k,0.06060606060606061,target,Syntactic Change,qwen
task2_qwen_plausibility,7fab8bd42f1452d7,integrated_gradients_qwen,f1_at_k,0.06060606060606061,target,Syntactic Change,qwen
task2_qwen_plausibility,7fab8bd42f1452d7,integrated_gradients_qwen,auprc,0.10923043620864692,target,Syntactic Change,qwen
task2_qwen_plausibility,887f05e8b71dd3ab,integrated_gradients_qwen,precision_at_k,0.16666666666666666,target,Synonymy,qwen
task2_qwen_plausibility,887f05e8b71dd3ab,integrated_gradients_qwen,recall_at_k,0.16666666666666666,target,Synonymy,qwen
task2_qwen_plausibility,887f05e8b71dd3ab,integrated_gradients_qwen,f1_at_k,0.16666666666666666,target,Synonymy,qwen
task2_qwen_plausibility,887f05e8b71dd3ab,integrated_gradients_qwen,auprc,0.08763807950175277,target,Synonymy,qwen
task2_qwen_plausibility,887f05e8b71dd3ab,integrated_gradients_qwen,precision_at_k,0.16666666666666666,target,Modulation,qwen
task2_qwen_plausibility,887f05e8b71dd3ab,integrated_gradients_qwen,recall_at_k,0.16666666666666666,target,Modulation,qwen
task2_qwen_plausibility,887f05e8b71dd3ab,integrated_gradients_qwen,f1_at_k,0.16666666666666666,target,Modulation,qwen
task2_qwen_plausibility,887f05e8b71dd3ab,integrated_gradients_qwen,auprc,0.11323693368840555,target,Modulation,qwen
task2_qwen_plausibility,887f05e8b71dd3ab,integrated_gradients_qwen,precision_at_k,0.23333333333333334,target,Explanation,qwen
task2_qwen_plausibility,887f05e8b71dd3ab,integrated_gradients_qwen,recall_at_k,0.23333333333333334,target,Explanation,qwen
task2_qwen_plausibility,887f05e8b71dd3ab,integrated_gradients_qwen,f1_at_k,0.23333333333333334,target,Explanation,qwen
task2_qwen_plausibility,887f05e8b71dd3ab,integrated_gradients_qwen,auprc,0.21453890638478415,target,Explanation,qwen
task2_qwen_plausibility,89d8d14da319ced8,integrated_gradients_qwen,precision_at_k,0.15789473684210525,target,Synonymy,qwen
task2_qwen_plausibility,89d8d14da319ced8,integrated_gradients_qwen,recall_at_k,0.15789473684210525,target,Synonymy,qwen
task2_qwen_plausibility,89d8d14da319ced8,integrated_gradients_qwen,f1_at_k,0.15789473684210525,target,Synonymy,qwen
task2_qwen_plausibility,89d8d14da319ced8,integrated_gradients_qwen,auprc,0.13937121313773534,target,Synonymy,qwen
task2_qwen_plausibility,89d8d14da319ced8,integrated_gradients_qwen,precision_at_k,0.15789473684210525,target,Modulation,qwen
task2_qwen_plausibility,89d8d14da319ced8,integrated_gradients_qwen,recall_at_k,0.15789473684210525,target,Modulation,qwen
task2_qwen_plausibility,89d8d14da319ced8,integrated_gradients_qwen,f1_at_k,0.15789473684210525,target,Modulation,qwen
task2_qwen_plausibility,89d8d14da319ced8,integrated_gradients_qwen,auprc,0.1052631440349799,target,Modulation,qwen
task2_qwen_plausibility,8a650a68aa08d2cc,integrated_gradients_qwen,precision_at_k,0.13793103448275862,target,Synonymy,qwen
task2_qwen_plausibility,8a650a68aa08d2cc,integrated_gradients_qwen,recall_at_k,0.13793103448275862,target,Synonymy,qwen
task2_qwen_plausibility,8a650a68aa08d2cc,integrated_gradients_qwen,f1_at_k,0.13793103448275862,target,Synonymy,qwen
task2_qwen_plausibility,8a650a68aa08d2cc,integrated_gradients_qwen,auprc,0.12202742888158707,target,Synonymy,qwen
task2_qwen_plausibility,8a650a68aa08d2cc,integrated_gradients_qwen,precision_at_k,0.20689655172413793,target,Modulation,qwen
task2_qwen_plausibility,8a650a68aa08d2cc,integrated_gradients_qwen,recall_at_k,0.20689655172413793,target,Modulation,qwen
task2_qwen_plausibility,8a650a68aa08d2cc,integrated_gradients_qwen,f1_at_k,0.20689655172413793,target,Modulation,qwen
task2_qwen_plausibility,8a650a68aa08d2cc,integrated_gradients_qwen,auprc,0.17907738645906035,target,Modulation,qwen
task2_qwen_plausibility,8cba73e50098825a,integrated_gradients_qwen,precision_at_k,0.10909090909090909,target,Synonymy,qwen
task2_qwen_plausibility,8cba73e50098825a,integrated_gradients_qwen,recall_at_k,0.10909090909090909,target,Synonymy,qwen
task2_qwen_plausibility,8cba73e50098825a,integrated_gradients_qwen,f1_at_k,0.10909090909090909,target,Synonymy,qwen
task2_qwen_plausibility,8cba73e50098825a,integrated_gradients_qwen,auprc,0.12802695591332713,target,Synonymy,qwen
task2_qwen_plausibility,8cba73e50098825a,integrated_gradients_qwen,precision_at_k,0.18181818181818182,target,Modulation,qwen
task2_qwen_plausibility,8cba73e50098825a,integrated_gradients_qwen,recall_at_k,0.18181818181818182,target,Modulation,qwen
task2_qwen_plausibility,8cba73e50098825a,integrated_gradients_qwen,f1_at_k,0.18181818181818182,target,Modulation,qwen
task2_qwen_plausibility,8cba73e50098825a,integrated_gradients_qwen,auprc,0.1592053665634497,target,Modulation,qwen
task2_qwen_plausibility,8cba73e50098825a,integrated_gradients_qwen,precision_at_k,0.10909090909090909,target,Syntactic Change,qwen
task2_qwen_plausibility,8cba73e50098825a,integrated_gradients_qwen,recall_at_k,0.10909090909090909,target,Syntactic Change,qwen
task2_qwen_plausibility,8cba73e50098825a,integrated_gradients_qwen,f1_at_k,0.10909090909090909,target,Syntactic Change,qwen
task2_qwen_plausibility,8cba73e50098825a,integrated_gradients_qwen,auprc,0.12305983809325598,target,Syntactic Change,qwen
task2_qwen_plausibility,919751b148c54518,integrated_gradients_qwen,precision_at_k,0.06666666666666667,target,Synonymy,qwen
task2_qwen_plausibility,919751b148c54518,integrated_gradients_qwen,recall_at_k,0.06666666666666667,target,Synonymy,qwen
task2_qwen_plausibility,919751b148c54518,integrated_gradients_qwen,f1_at_k,0.06666666666666667,target,Synonymy,qwen
task2_qwen_plausibility,919751b148c54518,integrated_gradients_qwen,auprc,0.10137535224024757,target,Synonymy,qwen
task2_qwen_plausibility,919751b148c54518,integrated_gradients_qwen,precision_at_k,0.13333333333333333,target,Modulation,qwen
task2_qwen_plausibility,919751b148c54518,integrated_gradients_qwen,recall_at_k,0.13333333333333333,target,Modulation,qwen
task2_qwen_plausibility,919751b148c54518,integrated_gradients_qwen,f1_at_k,0.13333333333333333,target,Modulation,qwen
task2_qwen_plausibility,919751b148c54518,integrated_gradients_qwen,auprc,0.1108692958352548,target,Modulation,qwen
task2_qwen_plausibility,919751b148c54518,integrated_gradients_qwen,precision_at_k,0.13333333333333333,target,Syntactic Change,qwen
task2_qwen_plausibility,919751b148c54518,integrated_gradients_qwen,recall_at_k,0.13333333333333333,target,Syntactic Change,qwen
task2_qwen_plausibility,919751b148c54518,integrated_gradients_qwen,f1_at_k,0.13333333333333333,target,Syntactic Change,qwen
task2_qwen_plausibility,919751b148c54518,integrated_gradients_qwen,auprc,0.11405547289937024,target,Syntactic Change,qwen
task2_qwen_plausibility,9343b98a90c34a2b,integrated_gradients_qwen,precision_at_k,0.15384615384615385,target,Synonymy,qwen
task2_qwen_plausibility,9343b98a90c34a2b,integrated_gradients_qwen,recall_at_k,0.15384615384615385,target,Synonymy,qwen
task2_qwen_plausibility,9343b98a90c34a2b,integrated_gradients_qwen,f1_at_k,0.15384615384615385,target,Synonymy,qwen
task2_qwen_plausibility,9343b98a90c34a2b,integrated_gradients_qwen,auprc,0.1028919317679452,target,Synonymy,qwen
task2_qwen_plausibility,9343b98a90c34a2b,integrated_gradients_qwen,precision_at_k,0.07692307692307693,target,Modulation,qwen
task2_qwen_plausibility,9343b98a90c34a2b,integrated_gradients_qwen,recall_at_k,0.07692307692307693,target,Modulation,qwen
task2_qwen_plausibility,9343b98a90c34a2b,integrated_gradients_qwen,f1_at_k,0.07692307692307693,target,Modulation,qwen
task2_qwen_plausibility,9343b98a90c34a2b,integrated_gradients_qwen,auprc,0.13148313736589323,target,Modulation,qwen
task2_qwen_plausibility,9f0cc06bb06a20ad,integrated_gradients_qwen,precision_at_k,0.02564102564102564,target,Synonymy,qwen
task2_qwen_plausibility,9f0cc06bb06a20ad,integrated_gradients_qwen,recall_at_k,0.02564102564102564,target,Synonymy,qwen
task2_qwen_plausibility,9f0cc06bb06a20ad,integrated_gradients_qwen,f1_at_k,0.02564102564102564,target,Synonymy,qwen
task2_qwen_plausibility,9f0cc06bb06a20ad,integrated_gradients_qwen,auprc,0.0790124105676943,target,Synonymy,qwen
task2_qwen_plausibility,9f0cc06bb06a20ad,integrated_gradients_qwen,precision_at_k,0.1282051282051282,target,Modulation,qwen
task2_qwen_plausibility,9f0cc06bb06a20ad,integrated_gradients_qwen,recall_at_k,0.1282051282051282,target,Modulation,qwen
task2_qwen_plausibility,9f0cc06bb06a20ad,integrated_gradients_qwen,f1_at_k,0.1282051282051282,target,Modulation,qwen
task2_qwen_plausibility,9f0cc06bb06a20ad,integrated_gradients_qwen,auprc,0.16728800095317997,target,Modulation,qwen
task2_qwen_plausibility,9f0cc06bb06a20ad,integrated_gradients_qwen,precision_at_k,0.05128205128205128,target,Explanation,qwen
task2_qwen_plausibility,9f0cc06bb06a20ad,integrated_gradients_qwen,recall_at_k,0.05128205128205128,target,Explanation,qwen
task2_qwen_plausibility,9f0cc06bb06a20ad,integrated_gradients_qwen,f1_at_k,0.05128205128205128,target,Explanation,qwen
task2_qwen_plausibility,9f0cc06bb06a20ad,integrated_gradients_qwen,auprc,0.11790920779277718,target,Explanation,qwen
task2_qwen_plausibility,9f0cc06bb06a20ad,integrated_gradients_qwen,precision_at_k,0.15384615384615385,target,Syntactic Change,qwen
task2_qwen_plausibility,9f0cc06bb06a20ad,integrated_gradients_qwen,recall_at_k,0.15384615384615385,target,Syntactic Change,qwen
task2_qwen_plausibility,9f0cc06bb06a20ad,integrated_gradients_qwen,f1_at_k,0.15384615384615385,target,Syntactic Change,qwen
task2_qwen_plausibility,9f0cc06bb06a20ad,integrated_gradients_qwen,auprc,0.17964532287536453,target,Syntactic Change,qwen
task2_qwen_plausibility,9f13c94af8c8dcb9,integrated_gradients_qwen,precision_at_k,0.030303030303030304,target,Synonymy,qwen
task2_qwen_plausibility,9f13c94af8c8dcb9,integrated_gradients_qwen,recall_at_k,0.030303030303030304,target,Synonymy,qwen
task2_qwen_plausibility,9f13c94af8c8dcb9,integrated_gradients_qwen,f1_at_k,0.030303030303030304,target,Synonymy,qwen
task2_qwen_plausibility,9f13c94af8c8dcb9,integrated_gradients_qwen,auprc,0.08187751958318928,target,Synonymy,qwen
task2_qwen_plausibility,9f13c94af8c8dcb9,integrated_gradients_qwen,precision_at_k,0.21212121212121213,target,Modulation,qwen
task2_qwen_plausibility,9f13c94af8c8dcb9,integrated_gradients_qwen,recall_at_k,0.21212121212121213,target,Modulation,qwen
task2_qwen_plausibility,9f13c94af8c8dcb9,integrated_gradients_qwen,f1_at_k,0.21212121212121215,target,Modulation,qwen
task2_qwen_plausibility,9f13c94af8c8dcb9,integrated_gradients_qwen,auprc,0.15366222998411055,target,Modulation,qwen
task2_qwen_plausibility,9f13c94af8c8dcb9,integrated_gradients_qwen,precision_at_k,0.18181818181818182,target,Compression,qwen
task2_qwen_plausibility,9f13c94af8c8dcb9,integrated_gradients_qwen,recall_at_k,0.18181818181818182,target,Compression,qwen
task2_qwen_plausibility,9f13c94af8c8dcb9,integrated_gradients_qwen,f1_at_k,0.18181818181818182,target,Compression,qwen
task2_qwen_plausibility,9f13c94af8c8dcb9,integrated_gradients_qwen,auprc,0.16159535350944693,target,Compression,qwen
task2_qwen_plausibility,9f13c94af8c8dcb9,integrated_gradients_qwen,precision_at_k,0.09090909090909091,target,Syntactic Change,qwen
task2_qwen_plausibility,9f13c94af8c8dcb9,integrated_gradients_qwen,recall_at_k,0.09090909090909091,target,Syntactic Change,qwen
task2_qwen_plausibility,9f13c94af8c8dcb9,integrated_gradients_qwen,f1_at_k,0.09090909090909091,target,Syntactic Change,qwen
task2_qwen_plausibility,9f13c94af8c8dcb9,integrated_gradients_qwen,auprc,0.13181097878843304,target,Syntactic Change,qwen
task2_qwen_plausibility,a31adca83e5d0797,integrated_gradients_qwen,precision_at_k,0.07142857142857142,target,Synonymy,qwen
task2_qwen_plausibility,a31adca83e5d0797,integrated_gradients_qwen,recall_at_k,0.07142857142857142,target,Synonymy,qwen
task2_qwen_plausibility,a31adca83e5d0797,integrated_gradients_qwen,f1_at_k,0.07142857142857142,target,Synonymy,qwen
task2_qwen_plausibility,a31adca83e5d0797,integrated_gradients_qwen,auprc,0.08566455944919472,target,Synonymy,qwen
task2_qwen_plausibility,a31adca83e5d0797,integrated_gradients_qwen,precision_at_k,0.11904761904761904,target,Modulation,qwen
task2_qwen_plausibility,a31adca83e5d0797,integrated_gradients_qwen,recall_at_k,0.11904761904761904,target,Modulation,qwen
task2_qwen_plausibility,a31adca83e5d0797,integrated_gradients_qwen,f1_at_k,0.11904761904761904,target,Modulation,qwen
task2_qwen_plausibility,a31adca83e5d0797,integrated_gradients_qwen,auprc,0.11796387078217042,target,Modulation,qwen
task2_qwen_plausibility,a31adca83e5d0797,integrated_gradients_qwen,precision_at_k,0.11904761904761904,target,Syntactic Change,qwen
task2_qwen_plausibility,a31adca83e5d0797,integrated_gradients_qwen,recall_at_k,0.11904761904761904,target,Syntactic Change,qwen
task2_qwen_plausibility,a31adca83e5d0797,integrated_gradients_qwen,f1_at_k,0.11904761904761904,target,Syntactic Change,qwen
task2_qwen_plausibility,a31adca83e5d0797,integrated_gradients_qwen,auprc,0.13529240564529643,target,Syntactic Change,qwen
task2_qwen_plausibility,a440ffc1899ac246,integrated_gradients_qwen,precision_at_k,0.0,target,Synonymy,qwen
task2_qwen_plausibility,a440ffc1899ac246,integrated_gradients_qwen,recall_at_k,0.0,target,Synonymy,qwen
task2_qwen_plausibility,a440ffc1899ac246,integrated_gradients_qwen,f1_at_k,0.0,target,Synonymy,qwen
task2_qwen_plausibility,a440ffc1899ac246,integrated_gradients_qwen,auprc,0.016981921057537548,target,Synonymy,qwen
task2_qwen_plausibility,a440ffc1899ac246,integrated_gradients_qwen,precision_at_k,0.0,target,Modulation,qwen
task2_qwen_plausibility,a440ffc1899ac246,integrated_gradients_qwen,recall_at_k,0.0,target,Modulation,qwen
task2_qwen_plausibility,a440ffc1899ac246,integrated_gradients_qwen,f1_at_k,0.0,target,Modulation,qwen
task2_qwen_plausibility,a440ffc1899ac246,integrated_gradients_qwen,auprc,0.052048570624422016,target,Modulation,qwen
task2_qwen_plausibility,a4b4c81ab3ff1c8a,integrated_gradients_qwen,precision_at_k,0.16,target,Synonymy,qwen
task2_qwen_plausibility,a4b4c81ab3ff1c8a,integrated_gradients_qwen,recall_at_k,0.16,target,Synonymy,qwen
task2_qwen_plausibility,a4b4c81ab3ff1c8a,integrated_gradients_qwen,f1_at_k,0.16,target,Synonymy,qwen
task2_qwen_plausibility,a4b4c81ab3ff1c8a,integrated_gradients_qwen,auprc,0.16440025808674447,target,Synonymy,qwen
task2_qwen_plausibility,a4b4c81ab3ff1c8a,integrated_gradients_qwen,precision_at_k,0.16,target,Modulation,qwen
task2_qwen_plausibility,a4b4c81ab3ff1c8a,integrated_gradients_qwen,recall_at_k,0.16,target,Modulation,qwen
task2_qwen_plausibility,a4b4c81ab3ff1c8a,integrated_gradients_qwen,f1_at_k,0.16,target,Modulation,qwen
task2_qwen_plausibility,a4b4c81ab3ff1c8a,integrated_gradients_qwen,auprc,0.15038994142556966,target,Modulation,qwen
task2_qwen_plausibility,a4b4c81ab3ff1c8a,integrated_gradients_qwen,precision_at_k,0.11,target,Compression,qwen
task2_qwen_plausibility,a4b4c81ab3ff1c8a,integrated_gradients_qwen,recall_at_k,0.11,target,Compression,qwen
task2_qwen_plausibility,a4b4c81ab3ff1c8a,integrated_gradients_qwen,f1_at_k,0.11,target,Compression,qwen
task2_qwen_plausibility,a4b4c81ab3ff1c8a,integrated_gradients_qwen,auprc,0.17905872411903379,target,Compression,qwen
task2_qwen_plausibility,a4b4c81ab3ff1c8a,integrated_gradients_qwen,precision_at_k,0.22,target,Explanation,qwen
task2_qwen_plausibility,a4b4c81ab3ff1c8a,integrated_gradients_qwen,recall_at_k,0.22,target,Explanation,qwen
task2_qwen_plausibility,a4b4c81ab3ff1c8a,integrated_gradients_qwen,f1_at_k,0.22,target,Explanation,qwen
task2_qwen_plausibility,a4b4c81ab3ff1c8a,integrated_gradients_qwen,auprc,0.17468214722318887,target,Explanation,qwen
task2_qwen_plausibility,a4b4c81ab3ff1c8a,integrated_gradients_qwen,precision_at_k,0.1,target,Syntactic Change,qwen
task2_qwen_plausibility,a4b4c81ab3ff1c8a,integrated_gradients_qwen,recall_at_k,0.1,target,Syntactic Change,qwen
task2_qwen_plausibility,a4b4c81ab3ff1c8a,integrated_gradients_qwen,f1_at_k,0.10000000000000002,target,Syntactic Change,qwen
task2_qwen_plausibility,a4b4c81ab3ff1c8a,integrated_gradients_qwen,auprc,0.15881882527115354,target,Syntactic Change,qwen
task2_qwen_plausibility,acf669227b6d0c5e,integrated_gradients_qwen,precision_at_k,0.07142857142857142,target,Modulation,qwen
task2_qwen_plausibility,acf669227b6d0c5e,integrated_gradients_qwen,recall_at_k,0.07142857142857142,target,Modulation,qwen
task2_qwen_plausibility,acf669227b6d0c5e,integrated_gradients_qwen,f1_at_k,0.07142857142857142,target,Modulation,qwen
task2_qwen_plausibility,acf669227b6d0c5e,integrated_gradients_qwen,auprc,0.08586161155084736,target,Modulation,qwen
task2_qwen_plausibility,acf669227b6d0c5e,integrated_gradients_qwen,precision_at_k,0.14285714285714285,target,Compression,qwen
task2_qwen_plausibility,acf669227b6d0c5e,integrated_gradients_qwen,recall_at_k,0.14285714285714285,target,Compression,qwen
task2_qwen_plausibility,acf669227b6d0c5e,integrated_gradients_qwen,f1_at_k,0.14285714285714285,target,Compression,qwen
task2_qwen_plausibility,acf669227b6d0c5e,integrated_gradients_qwen,auprc,0.15183212607852464,target,Compression,qwen
task2_qwen_plausibility,ad30039ef6623faf,integrated_gradients_qwen,precision_at_k,0.15384615384615385,target,Synonymy,qwen
task2_qwen_plausibility,ad30039ef6623faf,integrated_gradients_qwen,recall_at_k,0.15384615384615385,target,Synonymy,qwen
task2_qwen_plausibility,ad30039ef6623faf,integrated_gradients_qwen,f1_at_k,0.15384615384615385,target,Synonymy,qwen
task2_qwen_plausibility,ad30039ef6623faf,integrated_gradients_qwen,auprc,0.1169839301610341,target,Synonymy,qwen
task2_qwen_plausibility,ad30039ef6623faf,integrated_gradients_qwen,precision_at_k,0.07692307692307693,target,Modulation,qwen
task2_qwen_plausibility,ad30039ef6623faf,integrated_gradients_qwen,recall_at_k,0.07692307692307693,target,Modulation,qwen
task2_qwen_plausibility,ad30039ef6623faf,integrated_gradients_qwen,f1_at_k,0.07692307692307693,target,Modulation,qwen
task2_qwen_plausibility,ad30039ef6623faf,integrated_gradients_qwen,auprc,0.1351116710122935,target,Modulation,qwen
task2_qwen_plausibility,ad30039ef6623faf,integrated_gradients_qwen,precision_at_k,0.07692307692307693,target,Compression,qwen
task2_qwen_plausibility,ad30039ef6623faf,integrated_gradients_qwen,recall_at_k,0.07692307692307693,target,Compression,qwen
task2_qwen_plausibility,ad30039ef6623faf,integrated_gradients_qwen,f1_at_k,0.07692307692307693,target,Compression,qwen
task2_qwen_plausibility,ad30039ef6623faf,integrated_gradients_qwen,auprc,0.0952316442403517,target,Compression,qwen
task2_qwen_plausibility,ad30039ef6623faf,integrated_gradients_qwen,precision_at_k,0.15384615384615385,target,Explanation,qwen
task2_qwen_plausibility,ad30039ef6623faf,integrated_gradients_qwen,recall_at_k,0.15384615384615385,target,Explanation,qwen
task2_qwen_plausibility,ad30039ef6623faf,integrated_gradients_qwen,f1_at_k,0.15384615384615385,target,Explanation,qwen
task2_qwen_plausibility,ad30039ef6623faf,integrated_gradients_qwen,auprc,0.10339083979268707,target,Explanation,qwen
task2_qwen_plausibility,ad30039ef6623faf,integrated_gradients_qwen,precision_at_k,0.07692307692307693,target,Omission,qwen
task2_qwen_plausibility,ad30039ef6623faf,integrated_gradients_qwen,recall_at_k,0.07692307692307693,target,Omission,qwen
task2_qwen_plausibility,ad30039ef6623faf,integrated_gradients_qwen,f1_at_k,0.07692307692307693,target,Omission,qwen
task2_qwen_plausibility,ad30039ef6623faf,integrated_gradients_qwen,auprc,0.11809823669559304,target,Omission,qwen
task2_qwen_plausibility,b1ca764381c907f0,integrated_gradients_qwen,precision_at_k,0.09090909090909091,target,Synonymy,qwen
task2_qwen_plausibility,b1ca764381c907f0,integrated_gradients_qwen,recall_at_k,0.09090909090909091,target,Synonymy,qwen
task2_qwen_plausibility,b1ca764381c907f0,integrated_gradients_qwen,f1_at_k,0.09090909090909091,target,Synonymy,qwen
task2_qwen_plausibility,b1ca764381c907f0,integrated_gradients_qwen,auprc,0.11231354390131465,target,Synonymy,qwen
task2_qwen_plausibility,b1ca764381c907f0,integrated_gradients_qwen,precision_at_k,0.2727272727272727,target,Modulation,qwen
task2_qwen_plausibility,b1ca764381c907f0,integrated_gradients_qwen,recall_at_k,0.2727272727272727,target,Modulation,qwen
task2_qwen_plausibility,b1ca764381c907f0,integrated_gradients_qwen,f1_at_k,0.2727272727272727,target,Modulation,qwen
task2_qwen_plausibility,b1ca764381c907f0,integrated_gradients_qwen,auprc,0.25436740438211264,target,Modulation,qwen
task2_qwen_plausibility,b455168ec6a07fe5,integrated_gradients_qwen,precision_at_k,0.07142857142857142,target,Synonymy,qwen
task2_qwen_plausibility,b455168ec6a07fe5,integrated_gradients_qwen,recall_at_k,0.07142857142857142,target,Synonymy,qwen
task2_qwen_plausibility,b455168ec6a07fe5,integrated_gradients_qwen,f1_at_k,0.07142857142857142,target,Synonymy,qwen
task2_qwen_plausibility,b455168ec6a07fe5,integrated_gradients_qwen,auprc,0.07252878595439584,target,Synonymy,qwen
task2_qwen_plausibility,b455168ec6a07fe5,integrated_gradients_qwen,precision_at_k,0.07142857142857142,target,Modulation,qwen
task2_qwen_plausibility,b455168ec6a07fe5,integrated_gradients_qwen,recall_at_k,0.07142857142857142,target,Modulation,qwen
task2_qwen_plausibility,b455168ec6a07fe5,integrated_gradients_qwen,f1_at_k,0.07142857142857142,target,Modulation,qwen
task2_qwen_plausibility,b455168ec6a07fe5,integrated_gradients_qwen,auprc,0.11804512384843863,target,Modulation,qwen
task2_qwen_plausibility,b49711b7a2a493e7,integrated_gradients_qwen,precision_at_k,0.13043478260869565,target,Synonymy,qwen
task2_qwen_plausibility,b49711b7a2a493e7,integrated_gradients_qwen,recall_at_k,0.13043478260869565,target,Synonymy,qwen
task2_qwen_plausibility,b49711b7a2a493e7,integrated_gradients_qwen,f1_at_k,0.13043478260869565,target,Synonymy,qwen
task2_qwen_plausibility,b49711b7a2a493e7,integrated_gradients_qwen,auprc,0.17267484263832616,target,Synonymy,qwen
task2_qwen_plausibility,b49711b7a2a493e7,integrated_gradients_qwen,precision_at_k,0.08695652173913043,target,Modulation,qwen
task2_qwen_plausibility,b49711b7a2a493e7,integrated_gradients_qwen,recall_at_k,0.08695652173913043,target,Modulation,qwen
task2_qwen_plausibility,b49711b7a2a493e7,integrated_gradients_qwen,f1_at_k,0.08695652173913043,target,Modulation,qwen
task2_qwen_plausibility,b49711b7a2a493e7,integrated_gradients_qwen,auprc,0.1067286363165199,target,Modulation,qwen
task2_qwen_plausibility,b49711b7a2a493e7,integrated_gradients_qwen,precision_at_k,0.21739130434782608,target,Explanation,qwen
task2_qwen_plausibility,b49711b7a2a493e7,integrated_gradients_qwen,recall_at_k,0.21739130434782608,target,Explanation,qwen
task2_qwen_plausibility,b49711b7a2a493e7,integrated_gradients_qwen,f1_at_k,0.21739130434782608,target,Explanation,qwen
task2_qwen_plausibility,b49711b7a2a493e7,integrated_gradients_qwen,auprc,0.17779966091370297,target,Explanation,qwen
task2_qwen_plausibility,bb51e95a2fc7a8d3,integrated_gradients_qwen,precision_at_k,0.1,target,Synonymy,qwen
task2_qwen_plausibility,bb51e95a2fc7a8d3,integrated_gradients_qwen,recall_at_k,0.1,target,Synonymy,qwen
task2_qwen_plausibility,bb51e95a2fc7a8d3,integrated_gradients_qwen,f1_at_k,0.10000000000000002,target,Synonymy,qwen
task2_qwen_plausibility,bb51e95a2fc7a8d3,integrated_gradients_qwen,auprc,0.0886084959904909,target,Synonymy,qwen
task2_qwen_plausibility,bb51e95a2fc7a8d3,integrated_gradients_qwen,precision_at_k,0.0,target,Modulation,qwen
task2_qwen_plausibility,bb51e95a2fc7a8d3,integrated_gradients_qwen,recall_at_k,0.0,target,Modulation,qwen
task2_qwen_plausibility,bb51e95a2fc7a8d3,integrated_gradients_qwen,f1_at_k,0.0,target,Modulation,qwen
task2_qwen_plausibility,bb51e95a2fc7a8d3,integrated_gradients_qwen,auprc,0.07055458369965464,target,Modulation,qwen
task2_qwen_plausibility,bc56b8afcd518452,integrated_gradients_qwen,precision_at_k,0.07692307692307693,target,Synonymy,qwen
task2_qwen_plausibility,bc56b8afcd518452,integrated_gradients_qwen,recall_at_k,0.07692307692307693,target,Synonymy,qwen
task2_qwen_plausibility,bc56b8afcd518452,integrated_gradients_qwen,f1_at_k,0.07692307692307693,target,Synonymy,qwen
task2_qwen_plausibility,bc56b8afcd518452,integrated_gradients_qwen,auprc,0.07621346585470767,target,Synonymy,qwen
task2_qwen_plausibility,bc56b8afcd518452,integrated_gradients_qwen,precision_at_k,0.0,target,Modulation,qwen
task2_qwen_plausibility,bc56b8afcd518452,integrated_gradients_qwen,recall_at_k,0.0,target,Modulation,qwen
task2_qwen_plausibility,bc56b8afcd518452,integrated_gradients_qwen,f1_at_k,0.0,target,Modulation,qwen
task2_qwen_plausibility,bc56b8afcd518452,integrated_gradients_qwen,auprc,0.07760210559795544,target,Modulation,qwen
task2_qwen_plausibility,bc56b8afcd518452,integrated_gradients_qwen,precision_at_k,0.038461538461538464,target,Compression,qwen
task2_qwen_plausibility,bc56b8afcd518452,integrated_gradients_qwen,recall_at_k,0.038461538461538464,target,Compression,qwen
task2_qwen_plausibility,bc56b8afcd518452,integrated_gradients_qwen,f1_at_k,0.038461538461538464,target,Compression,qwen
task2_qwen_plausibility,bc56b8afcd518452,integrated_gradients_qwen,auprc,0.09420680760528413,target,Compression,qwen
task2_qwen_plausibility,bc56b8afcd518452,integrated_gradients_qwen,precision_at_k,0.038461538461538464,target,Explanation,qwen
task2_qwen_plausibility,bc56b8afcd518452,integrated_gradients_qwen,recall_at_k,0.038461538461538464,target,Explanation,qwen
task2_qwen_plausibility,bc56b8afcd518452,integrated_gradients_qwen,f1_at_k,0.038461538461538464,target,Explanation,qwen
task2_qwen_plausibility,bc56b8afcd518452,integrated_gradients_qwen,auprc,0.07943277057534869,target,Explanation,qwen
task2_qwen_plausibility,bcdbd65d3bb0c6f7,integrated_gradients_qwen,precision_at_k,0.11428571428571428,target,Synonymy,qwen
task2_qwen_plausibility,bcdbd65d3bb0c6f7,integrated_gradients_qwen,recall_at_k,0.11428571428571428,target,Synonymy,qwen
task2_qwen_plausibility,bcdbd65d3bb0c6f7,integrated_gradients_qwen,f1_at_k,0.11428571428571428,target,Synonymy,qwen
task2_qwen_plausibility,bcdbd65d3bb0c6f7,integrated_gradients_qwen,auprc,0.12161337560133396,target,Synonymy,qwen
task2_qwen_plausibility,bcdbd65d3bb0c6f7,integrated_gradients_qwen,precision_at_k,0.08571428571428572,target,Modulation,qwen
task2_qwen_plausibility,bcdbd65d3bb0c6f7,integrated_gradients_qwen,recall_at_k,0.08571428571428572,target,Modulation,qwen
task2_qwen_plausibility,bcdbd65d3bb0c6f7,integrated_gradients_qwen,f1_at_k,0.08571428571428572,target,Modulation,qwen
task2_qwen_plausibility,bcdbd65d3bb0c6f7,integrated_gradients_qwen,auprc,0.10721021610945669,target,Modulation,qwen
task2_qwen_plausibility,bcdbd65d3bb0c6f7,integrated_gradients_qwen,precision_at_k,0.11428571428571428,target,Compression,qwen
task2_qwen_plausibility,bcdbd65d3bb0c6f7,integrated_gradients_qwen,recall_at_k,0.11428571428571428,target,Compression,qwen
task2_qwen_plausibility,bcdbd65d3bb0c6f7,integrated_gradients_qwen,f1_at_k,0.11428571428571428,target,Compression,qwen
task2_qwen_plausibility,bcdbd65d3bb0c6f7,integrated_gradients_qwen,auprc,0.15275202936262464,target,Compression,qwen
task2_qwen_plausibility,bcdbd65d3bb0c6f7,integrated_gradients_qwen,precision_at_k,0.11428571428571428,target,Syntactic Change,qwen
task2_qwen_plausibility,bcdbd65d3bb0c6f7,integrated_gradients_qwen,recall_at_k,0.11428571428571428,target,Syntactic Change,qwen
task2_qwen_plausibility,bcdbd65d3bb0c6f7,integrated_gradients_qwen,f1_at_k,0.11428571428571428,target,Syntactic Change,qwen
task2_qwen_plausibility,bcdbd65d3bb0c6f7,integrated_gradients_qwen,auprc,0.11328966650616,target,Syntactic Change,qwen
task2_qwen_plausibility,bd984f00893bbceb,integrated_gradients_qwen,precision_at_k,0.05555555555555555,target,Synonymy,qwen
task2_qwen_plausibility,bd984f00893bbceb,integrated_gradients_qwen,recall_at_k,0.05555555555555555,target,Synonymy,qwen
task2_qwen_plausibility,bd984f00893bbceb,integrated_gradients_qwen,f1_at_k,0.05555555555555555,target,Synonymy,qwen
task2_qwen_plausibility,bd984f00893bbceb,integrated_gradients_qwen,auprc,0.05935092698429237,target,Synonymy,qwen
task2_qwen_plausibility,bd984f00893bbceb,integrated_gradients_qwen,precision_at_k,0.16666666666666666,target,Modulation,qwen
task2_qwen_plausibility,bd984f00893bbceb,integrated_gradients_qwen,recall_at_k,0.16666666666666666,target,Modulation,qwen
task2_qwen_plausibility,bd984f00893bbceb,integrated_gradients_qwen,f1_at_k,0.16666666666666666,target,Modulation,qwen
task2_qwen_plausibility,bd984f00893bbceb,integrated_gradients_qwen,auprc,0.12298831202969542,target,Modulation,qwen
task2_qwen_plausibility,bd984f00893bbceb,integrated_gradients_qwen,precision_at_k,0.16666666666666666,target,Explanation,qwen
task2_qwen_plausibility,bd984f00893bbceb,integrated_gradients_qwen,recall_at_k,0.16666666666666666,target,Explanation,qwen
task2_qwen_plausibility,bd984f00893bbceb,integrated_gradients_qwen,f1_at_k,0.16666666666666666,target,Explanation,qwen
task2_qwen_plausibility,bd984f00893bbceb,integrated_gradients_qwen,auprc,0.11307271904624558,target,Explanation,qwen
task2_qwen_plausibility,bd984f00893bbceb,integrated_gradients_qwen,precision_at_k,0.16666666666666666,target,Syntactic Change,qwen
task2_qwen_plausibility,bd984f00893bbceb,integrated_gradients_qwen,recall_at_k,0.16666666666666666,target,Syntactic Change,qwen
task2_qwen_plausibility,bd984f00893bbceb,integrated_gradients_qwen,f1_at_k,0.16666666666666666,target,Syntactic Change,qwen
task2_qwen_plausibility,bd984f00893bbceb,integrated_gradients_qwen,auprc,0.13346655543469224,target,Syntactic Change,qwen
task2_qwen_plausibility,c2f95f39014f4f3b,integrated_gradients_qwen,precision_at_k,0.1,target,Synonymy,qwen
task2_qwen_plausibility,c2f95f39014f4f3b,integrated_gradients_qwen,recall_at_k,0.1,target,Synonymy,qwen
task2_qwen_plausibility,c2f95f39014f4f3b,integrated_gradients_qwen,f1_at_k,0.10000000000000002,target,Synonymy,qwen
task2_qwen_plausibility,c2f95f39014f4f3b,integrated_gradients_qwen,auprc,0.11841643368192419,target,Synonymy,qwen
task2_qwen_plausibility,c2f95f39014f4f3b,integrated_gradients_qwen,precision_at_k,0.15,target,Modulation,qwen
task2_qwen_plausibility,c2f95f39014f4f3b,integrated_gradients_qwen,recall_at_k,0.15,target,Modulation,qwen
task2_qwen_plausibility,c2f95f39014f4f3b,integrated_gradients_qwen,f1_at_k,0.15,target,Modulation,qwen
task2_qwen_plausibility,c2f95f39014f4f3b,integrated_gradients_qwen,auprc,0.13375694928802684,target,Modulation,qwen
task2_qwen_plausibility,c2f95f39014f4f3b,integrated_gradients_qwen,precision_at_k,0.05,target,Syntactic Change,qwen
task2_qwen_plausibility,c2f95f39014f4f3b,integrated_gradients_qwen,recall_at_k,0.05,target,Syntactic Change,qwen
task2_qwen_plausibility,c2f95f39014f4f3b,integrated_gradients_qwen,f1_at_k,0.05000000000000001,target,Syntactic Change,qwen
task2_qwen_plausibility,c2f95f39014f4f3b,integrated_gradients_qwen,auprc,0.09561962212195596,target,Syntactic Change,qwen
task2_qwen_plausibility,c58ed41c5b381a18,integrated_gradients_qwen,precision_at_k,0.19607843137254902,target,Synonymy,qwen
task2_qwen_plausibility,c58ed41c5b381a18,integrated_gradients_qwen,recall_at_k,0.19607843137254902,target,Synonymy,qwen
task2_qwen_plausibility,c58ed41c5b381a18,integrated_gradients_qwen,f1_at_k,0.19607843137254902,target,Synonymy,qwen
task2_qwen_plausibility,c58ed41c5b381a18,integrated_gradients_qwen,auprc,0.14651154461165727,target,Synonymy,qwen
task2_qwen_plausibility,c58ed41c5b381a18,integrated_gradients_qwen,precision_at_k,0.21568627450980393,target,Modulation,qwen
task2_qwen_plausibility,c58ed41c5b381a18,integrated_gradients_qwen,recall_at_k,0.21568627450980393,target,Modulation,qwen
task2_qwen_plausibility,c58ed41c5b381a18,integrated_gradients_qwen,f1_at_k,0.21568627450980393,target,Modulation,qwen
task2_qwen_plausibility,c58ed41c5b381a18,integrated_gradients_qwen,auprc,0.16553199383982906,target,Modulation,qwen
task2_qwen_plausibility,c58ed41c5b381a18,integrated_gradients_qwen,precision_at_k,0.1568627450980392,target,Compression,qwen
task2_qwen_plausibility,c58ed41c5b381a18,integrated_gradients_qwen,recall_at_k,0.1568627450980392,target,Compression,qwen
task2_qwen_plausibility,c58ed41c5b381a18,integrated_gradients_qwen,f1_at_k,0.1568627450980392,target,Compression,qwen
task2_qwen_plausibility,c58ed41c5b381a18,integrated_gradients_qwen,auprc,0.16602712948664194,target,Compression,qwen
task2_qwen_plausibility,c58ed41c5b381a18,integrated_gradients_qwen,precision_at_k,0.09803921568627451,target,Syntactic Change,qwen
task2_qwen_plausibility,c58ed41c5b381a18,integrated_gradients_qwen,recall_at_k,0.09803921568627451,target,Syntactic Change,qwen
task2_qwen_plausibility,c58ed41c5b381a18,integrated_gradients_qwen,f1_at_k,0.09803921568627451,target,Syntactic Change,qwen
task2_qwen_plausibility,c58ed41c5b381a18,integrated_gradients_qwen,auprc,0.13170707660780537,target,Syntactic Change,qwen
task2_qwen_plausibility,c7f805091a063b0f,integrated_gradients_qwen,precision_at_k,0.15555555555555556,target,Synonymy,qwen
task2_qwen_plausibility,c7f805091a063b0f,integrated_gradients_qwen,recall_at_k,0.15555555555555556,target,Synonymy,qwen
task2_qwen_plausibility,c7f805091a063b0f,integrated_gradients_qwen,f1_at_k,0.15555555555555556,target,Synonymy,qwen
task2_qwen_plausibility,c7f805091a063b0f,integrated_gradients_qwen,auprc,0.13168442193373714,target,Synonymy,qwen
task2_qwen_plausibility,c7f805091a063b0f,integrated_gradients_qwen,precision_at_k,0.06666666666666667,target,Modulation,qwen
task2_qwen_plausibility,c7f805091a063b0f,integrated_gradients_qwen,recall_at_k,0.06666666666666667,target,Modulation,qwen
task2_qwen_plausibility,c7f805091a063b0f,integrated_gradients_qwen,f1_at_k,0.06666666666666667,target,Modulation,qwen
task2_qwen_plausibility,c7f805091a063b0f,integrated_gradients_qwen,auprc,0.13036491530064317,target,Modulation,qwen
task2_qwen_plausibility,c7f805091a063b0f,integrated_gradients_qwen,precision_at_k,0.17777777777777778,target,Syntactic Change,qwen
task2_qwen_plausibility,c7f805091a063b0f,integrated_gradients_qwen,recall_at_k,0.17777777777777778,target,Syntactic Change,qwen
task2_qwen_plausibility,c7f805091a063b0f,integrated_gradients_qwen,f1_at_k,0.17777777777777778,target,Syntactic Change,qwen
task2_qwen_plausibility,c7f805091a063b0f,integrated_gradients_qwen,auprc,0.15584949183681152,target,Syntactic Change,qwen
task2_qwen_plausibility,ca574cd1c9e26b4e,integrated_gradients_qwen,precision_at_k,0.09722222222222222,target,Synonymy,qwen
task2_qwen_plausibility,ca574cd1c9e26b4e,integrated_gradients_qwen,recall_at_k,0.09722222222222222,target,Synonymy,qwen
task2_qwen_plausibility,ca574cd1c9e26b4e,integrated_gradients_qwen,f1_at_k,0.09722222222222222,target,Synonymy,qwen
task2_qwen_plausibility,ca574cd1c9e26b4e,integrated_gradients_qwen,auprc,0.12763305544951747,target,Synonymy,qwen
task2_qwen_plausibility,ca574cd1c9e26b4e,integrated_gradients_qwen,precision_at_k,0.09722222222222222,target,Modulation,qwen
task2_qwen_plausibility,ca574cd1c9e26b4e,integrated_gradients_qwen,recall_at_k,0.09722222222222222,target,Modulation,qwen
task2_qwen_plausibility,ca574cd1c9e26b4e,integrated_gradients_qwen,f1_at_k,0.09722222222222222,target,Modulation,qwen
task2_qwen_plausibility,ca574cd1c9e26b4e,integrated_gradients_qwen,auprc,0.12842749182821792,target,Modulation,qwen
task2_qwen_plausibility,ca574cd1c9e26b4e,integrated_gradients_qwen,precision_at_k,0.16666666666666666,target,Compression,qwen
task2_qwen_plausibility,ca574cd1c9e26b4e,integrated_gradients_qwen,recall_at_k,0.16666666666666666,target,Compression,qwen
task2_qwen_plausibility,ca574cd1c9e26b4e,integrated_gradients_qwen,f1_at_k,0.16666666666666666,target,Compression,qwen
task2_qwen_plausibility,ca574cd1c9e26b4e,integrated_gradients_qwen,auprc,0.20788988507908818,target,Compression,qwen
task2_qwen_plausibility,ca574cd1c9e26b4e,integrated_gradients_qwen,precision_at_k,0.027777777777777776,target,Syntactic Change,qwen
task2_qwen_plausibility,ca574cd1c9e26b4e,integrated_gradients_qwen,recall_at_k,0.027777777777777776,target,Syntactic Change,qwen
task2_qwen_plausibility,ca574cd1c9e26b4e,integrated_gradients_qwen,f1_at_k,0.027777777777777776,target,Syntactic Change,qwen
task2_qwen_plausibility,ca574cd1c9e26b4e,integrated_gradients_qwen,auprc,0.1419642745113351,target,Syntactic Change,qwen
task2_qwen_plausibility,d3818ad9e283c6fe,integrated_gradients_qwen,precision_at_k,0.0,target,Modulation,qwen
task2_qwen_plausibility,d3818ad9e283c6fe,integrated_gradients_qwen,recall_at_k,0.0,target,Modulation,qwen
task2_qwen_plausibility,d3818ad9e283c6fe,integrated_gradients_qwen,f1_at_k,0.0,target,Modulation,qwen
task2_qwen_plausibility,d3818ad9e283c6fe,integrated_gradients_qwen,auprc,0.06380935612319527,target,Modulation,qwen
task2_qwen_plausibility,d3818ad9e283c6fe,integrated_gradients_qwen,precision_at_k,0.0,target,Compression,qwen
task2_qwen_plausibility,d3818ad9e283c6fe,integrated_gradients_qwen,recall_at_k,0.0,target,Compression,qwen
task2_qwen_plausibility,d3818ad9e283c6fe,integrated_gradients_qwen,f1_at_k,0.0,target,Compression,qwen
task2_qwen_plausibility,d3818ad9e283c6fe,integrated_gradients_qwen,auprc,0.1090670859538784,target,Compression,qwen
task2_qwen_plausibility,d5f9facec09c0e1b,integrated_gradients_qwen,precision_at_k,0.16666666666666666,target,Synonymy,qwen
task2_qwen_plausibility,d5f9facec09c0e1b,integrated_gradients_qwen,recall_at_k,0.16666666666666666,target,Synonymy,qwen
task2_qwen_plausibility,d5f9facec09c0e1b,integrated_gradients_qwen,f1_at_k,0.16666666666666666,target,Synonymy,qwen
task2_qwen_plausibility,d5f9facec09c0e1b,integrated_gradients_qwen,auprc,0.11860240175887019,target,Synonymy,qwen
task2_qwen_plausibility,d5f9facec09c0e1b,integrated_gradients_qwen,precision_at_k,0.08333333333333333,target,Modulation,qwen
task2_qwen_plausibility,d5f9facec09c0e1b,integrated_gradients_qwen,recall_at_k,0.08333333333333333,target,Modulation,qwen
task2_qwen_plausibility,d5f9facec09c0e1b,integrated_gradients_qwen,f1_at_k,0.08333333333333333,target,Modulation,qwen
task2_qwen_plausibility,d5f9facec09c0e1b,integrated_gradients_qwen,auprc,0.09281443978502735,target,Modulation,qwen
task2_qwen_plausibility,e02841689d8dbd93,integrated_gradients_qwen,precision_at_k,0.13043478260869565,target,Synonymy,qwen
task2_qwen_plausibility,e02841689d8dbd93,integrated_gradients_qwen,recall_at_k,0.13043478260869565,target,Synonymy,qwen
task2_qwen_plausibility,e02841689d8dbd93,integrated_gradients_qwen,f1_at_k,0.13043478260869565,target,Synonymy,qwen
task2_qwen_plausibility,e02841689d8dbd93,integrated_gradients_qwen,auprc,0.08791183865301459,target,Synonymy,qwen
task2_qwen_plausibility,e02841689d8dbd93,integrated_gradients_qwen,precision_at_k,0.043478260869565216,target,Modulation,qwen
task2_qwen_plausibility,e02841689d8dbd93,integrated_gradients_qwen,recall_at_k,0.043478260869565216,target,Modulation,qwen
task2_qwen_plausibility,e02841689d8dbd93,integrated_gradients_qwen,f1_at_k,0.043478260869565216,target,Modulation,qwen
task2_qwen_plausibility,e02841689d8dbd93,integrated_gradients_qwen,auprc,0.069003126970558,target,Modulation,qwen
task2_qwen_plausibility,e02841689d8dbd93,integrated_gradients_qwen,precision_at_k,0.13043478260869565,target,Compression,qwen
task2_qwen_plausibility,e02841689d8dbd93,integrated_gradients_qwen,recall_at_k,0.13043478260869565,target,Compression,qwen
task2_qwen_plausibility,e02841689d8dbd93,integrated_gradients_qwen,f1_at_k,0.13043478260869565,target,Compression,qwen
task2_qwen_plausibility,e02841689d8dbd93,integrated_gradients_qwen,auprc,0.10789910704305777,target,Compression,qwen
task2_qwen_plausibility,e02841689d8dbd93,integrated_gradients_qwen,precision_at_k,0.0,target,Syntactic Change,qwen
task2_qwen_plausibility,e02841689d8dbd93,integrated_gradients_qwen,recall_at_k,0.0,target,Syntactic Change,qwen
task2_qwen_plausibility,e02841689d8dbd93,integrated_gradients_qwen,f1_at_k,0.0,target,Syntactic Change,qwen
task2_qwen_plausibility,e02841689d8dbd93,integrated_gradients_qwen,auprc,0.05324132087512755,target,Syntactic Change,qwen
task2_qwen_plausibility,ebc38fd5196585a4,integrated_gradients_qwen,precision_at_k,0.21428571428571427,target,Synonymy,qwen
task2_qwen_plausibility,ebc38fd5196585a4,integrated_gradients_qwen,recall_at_k,0.21428571428571427,target,Synonymy,qwen
task2_qwen_plausibility,ebc38fd5196585a4,integrated_gradients_qwen,f1_at_k,0.21428571428571427,target,Synonymy,qwen
task2_qwen_plausibility,ebc38fd5196585a4,integrated_gradients_qwen,auprc,0.1839844015363108,target,Synonymy,qwen
task2_qwen_plausibility,ebc38fd5196585a4,integrated_gradients_qwen,precision_at_k,0.17857142857142858,target,Modulation,qwen
task2_qwen_plausibility,ebc38fd5196585a4,integrated_gradients_qwen,recall_at_k,0.17857142857142858,target,Modulation,qwen
task2_qwen_plausibility,ebc38fd5196585a4,integrated_gradients_qwen,f1_at_k,0.17857142857142858,target,Modulation,qwen
task2_qwen_plausibility,ebc38fd5196585a4,integrated_gradients_qwen,auprc,0.16522891600295242,target,Modulation,qwen
task2_qwen_plausibility,ebc38fd5196585a4,integrated_gradients_qwen,precision_at_k,0.14285714285714285,target,Compression,qwen
task2_qwen_plausibility,ebc38fd5196585a4,integrated_gradients_qwen,recall_at_k,0.14285714285714285,target,Compression,qwen
task2_qwen_plausibility,ebc38fd5196585a4,integrated_gradients_qwen,f1_at_k,0.14285714285714285,target,Compression,qwen
task2_qwen_plausibility,ebc38fd5196585a4,integrated_gradients_qwen,auprc,0.1858527671501608,target,Compression,qwen
task2_qwen_plausibility,ebc38fd5196585a4,integrated_gradients_qwen,precision_at_k,0.16071428571428573,target,Syntactic Change,qwen
task2_qwen_plausibility,ebc38fd5196585a4,integrated_gradients_qwen,recall_at_k,0.16071428571428573,target,Syntactic Change,qwen
task2_qwen_plausibility,ebc38fd5196585a4,integrated_gradients_qwen,f1_at_k,0.16071428571428573,target,Syntactic Change,qwen
task2_qwen_plausibility,ebc38fd5196585a4,integrated_gradients_qwen,auprc,0.16028083440485041,target,Syntactic Change,qwen
task2_qwen_plausibility,ed97b738e6b56de0,integrated_gradients_qwen,precision_at_k,0.09090909090909091,target,Synonymy,qwen
task2_qwen_plausibility,ed97b738e6b56de0,integrated_gradients_qwen,recall_at_k,0.09090909090909091,target,Synonymy,qwen
task2_qwen_plausibility,ed97b738e6b56de0,integrated_gradients_qwen,f1_at_k,0.09090909090909091,target,Synonymy,qwen
task2_qwen_plausibility,ed97b738e6b56de0,integrated_gradients_qwen,auprc,0.12842595566522105,target,Synonymy,qwen
task2_qwen_plausibility,f09dc1c9066ef363,integrated_gradients_qwen,precision_at_k,0.05555555555555555,target,Synonymy,qwen
task2_qwen_plausibility,f09dc1c9066ef363,integrated_gradients_qwen,recall_at_k,0.05555555555555555,target,Synonymy,qwen
task2_qwen_plausibility,f09dc1c9066ef363,integrated_gradients_qwen,f1_at_k,0.05555555555555555,target,Synonymy,qwen
task2_qwen_plausibility,f09dc1c9066ef363,integrated_gradients_qwen,auprc,0.07366445502997429,target,Synonymy,qwen
task2_qwen_plausibility,f09dc1c9066ef363,integrated_gradients_qwen,precision_at_k,0.05555555555555555,target,Modulation,qwen
task2_qwen_plausibility,f09dc1c9066ef363,integrated_gradients_qwen,recall_at_k,0.05555555555555555,target,Modulation,qwen
task2_qwen_plausibility,f09dc1c9066ef363,integrated_gradients_qwen,f1_at_k,0.05555555555555555,target,Modulation,qwen
task2_qwen_plausibility,f09dc1c9066ef363,integrated_gradients_qwen,auprc,0.0973757254239495,target,Modulation,qwen
task2_qwen_plausibility,f595dbe873610977,integrated_gradients_qwen,precision_at_k,0.14285714285714285,target,Synonymy,qwen
task2_qwen_plausibility,f595dbe873610977,integrated_gradients_qwen,recall_at_k,0.14285714285714285,target,Synonymy,qwen
task2_qwen_plausibility,f595dbe873610977,integrated_gradients_qwen,f1_at_k,0.14285714285714285,target,Synonymy,qwen
task2_qwen_plausibility,f595dbe873610977,integrated_gradients_qwen,auprc,0.06644198863424486,target,Synonymy,qwen
task2_qwen_plausibility,f595dbe873610977,integrated_gradients_qwen,precision_at_k,0.047619047619047616,target,Modulation,qwen
task2_qwen_plausibility,f595dbe873610977,integrated_gradients_qwen,recall_at_k,0.047619047619047616,target,Modulation,qwen
task2_qwen_plausibility,f595dbe873610977,integrated_gradients_qwen,f1_at_k,0.047619047619047616,target,Modulation,qwen
task2_qwen_plausibility,f595dbe873610977,integrated_gradients_qwen,auprc,0.07040421853596567,target,Modulation,qwen
task2_qwen_plausibility,f595dbe873610977,integrated_gradients_qwen,precision_at_k,0.047619047619047616,target,Compression,qwen
task2_qwen_plausibility,f595dbe873610977,integrated_gradients_qwen,recall_at_k,0.047619047619047616,target,Compression,qwen
task2_qwen_plausibility,f595dbe873610977,integrated_gradients_qwen,f1_at_k,0.047619047619047616,target,Compression,qwen
task2_qwen_plausibility,f595dbe873610977,integrated_gradients_qwen,auprc,0.07317814196950917,target,Compression,qwen
task2_qwen_plausibility,f595dbe873610977,integrated_gradients_qwen,precision_at_k,0.047619047619047616,target,Explanation,qwen
task2_qwen_plausibility,f595dbe873610977,integrated_gradients_qwen,recall_at_k,0.047619047619047616,target,Explanation,qwen
task2_qwen_plausibility,f595dbe873610977,integrated_gradients_qwen,f1_at_k,0.047619047619047616,target,Explanation,qwen
task2_qwen_plausibility,f595dbe873610977,integrated_gradients_qwen,auprc,0.0881903356061724,target,Explanation,qwen
task2_qwen_plausibility,f595dbe873610977,integrated_gradients_qwen,precision_at_k,0.047619047619047616,target,Syntactic Change,qwen
task2_qwen_plausibility,f595dbe873610977,integrated_gradients_qwen,recall_at_k,0.047619047619047616,target,Syntactic Change,qwen
task2_qwen_plausibility,f595dbe873610977,integrated_gradients_qwen,f1_at_k,0.047619047619047616,target,Syntactic Change,qwen
task2_qwen_plausibility,f595dbe873610977,integrated_gradients_qwen,auprc,0.06443860764518672,target,Syntactic Change,qwen
task2_qwen_plausibility,f5fae2abe84040c6,integrated_gradients_qwen,precision_at_k,0.08333333333333333,target,Synonymy,qwen
task2_qwen_plausibility,f5fae2abe84040c6,integrated_gradients_qwen,recall_at_k,0.08333333333333333,target,Synonymy,qwen
task2_qwen_plausibility,f5fae2abe84040c6,integrated_gradients_qwen,f1_at_k,0.08333333333333333,target,Synonymy,qwen
task2_qwen_plausibility,f5fae2abe84040c6,integrated_gradients_qwen,auprc,0.09163249377512915,target,Synonymy,qwen
task2_qwen_plausibility,f5fae2abe84040c6,integrated_gradients_qwen,precision_at_k,0.0,target,Modulation,qwen
task2_qwen_plausibility,f5fae2abe84040c6,integrated_gradients_qwen,recall_at_k,0.0,target,Modulation,qwen
task2_qwen_plausibility,f5fae2abe84040c6,integrated_gradients_qwen,f1_at_k,0.0,target,Modulation,qwen
task2_qwen_plausibility,f5fae2abe84040c6,integrated_gradients_qwen,auprc,0.04493709971735346,target,Modulation,qwen
task2_qwen_plausibility,fb0854572fb09c00,integrated_gradients_qwen,precision_at_k,0.15384615384615385,target,Synonymy,qwen
task2_qwen_plausibility,fb0854572fb09c00,integrated_gradients_qwen,recall_at_k,0.15384615384615385,target,Synonymy,qwen
task2_qwen_plausibility,fb0854572fb09c00,integrated_gradients_qwen,f1_at_k,0.15384615384615385,target,Synonymy,qwen
task2_qwen_plausibility,fb0854572fb09c00,integrated_gradients_qwen,auprc,0.13841137130943365,target,Synonymy,qwen
task2_qwen_plausibility,fb0854572fb09c00,integrated_gradients_qwen,precision_at_k,0.1282051282051282,target,Modulation,qwen
task2_qwen_plausibility,fb0854572fb09c00,integrated_gradients_qwen,recall_at_k,0.1282051282051282,target,Modulation,qwen
task2_qwen_plausibility,fb0854572fb09c00,integrated_gradients_qwen,f1_at_k,0.1282051282051282,target,Modulation,qwen
task2_qwen_plausibility,fb0854572fb09c00,integrated_gradients_qwen,auprc,0.1955345101746622,target,Modulation,qwen
task2_qwen_plausibility,fb0854572fb09c00,integrated_gradients_qwen,precision_at_k,0.05128205128205128,target,Explanation,qwen
task2_qwen_plausibility,fb0854572fb09c00,integrated_gradients_qwen,recall_at_k,0.05128205128205128,target,Explanation,qwen
task2_qwen_plausibility,fb0854572fb09c00,integrated_gradients_qwen,f1_at_k,0.05128205128205128,target,Explanation,qwen
task2_qwen_plausibility,fb0854572fb09c00,integrated_gradients_qwen,auprc,0.08167341916067117,target,Explanation,qwen
task2_qwen_plausibility,fb0854572fb09c00,integrated_gradients_qwen,precision_at_k,0.0,target,Syntactic Change,qwen
task2_qwen_plausibility,fb0854572fb09c00,integrated_gradients_qwen,recall_at_k,0.0,target,Syntactic Change,qwen
task2_qwen_plausibility,fb0854572fb09c00,integrated_gradients_qwen,f1_at_k,0.0,target,Syntactic Change,qwen
task2_qwen_plausibility,fb0854572fb09c00,integrated_gradients_qwen,auprc,0.0928834737056597,target,Syntactic Change,qwen
task2_qwen_plausibility,fcdca612e90d0d5a,integrated_gradients_qwen,precision_at_k,0.15789473684210525,target,Synonymy,qwen
task2_qwen_plausibility,fcdca612e90d0d5a,integrated_gradients_qwen,recall_at_k,0.15789473684210525,target,Synonymy,qwen
task2_qwen_plausibility,fcdca612e90d0d5a,integrated_gradients_qwen,f1_at_k,0.15789473684210525,target,Synonymy,qwen
task2_qwen_plausibility,fcdca612e90d0d5a,integrated_gradients_qwen,auprc,0.1571064989235156,target,Synonymy,qwen
task2_qwen_plausibility,fcdca612e90d0d5a,integrated_gradients_qwen,precision_at_k,0.10526315789473684,target,Modulation,qwen
task2_qwen_plausibility,fcdca612e90d0d5a,integrated_gradients_qwen,recall_at_k,0.10526315789473684,target,Modulation,qwen
task2_qwen_plausibility,fcdca612e90d0d5a,integrated_gradients_qwen,f1_at_k,0.10526315789473684,target,Modulation,qwen
task2_qwen_plausibility,fcdca612e90d0d5a,integrated_gradients_qwen,auprc,0.09266579610143476,target,Modulation,qwen
task2_qwen_plausibility,fcdca612e90d0d5a,integrated_gradients_qwen,precision_at_k,0.10526315789473684,target,Compression,qwen
task2_qwen_plausibility,fcdca612e90d0d5a,integrated_gradients_qwen,recall_at_k,0.10526315789473684,target,Compression,qwen
task2_qwen_plausibility,fcdca612e90d0d5a,integrated_gradients_qwen,f1_at_k,0.10526315789473684,target,Compression,qwen
task2_qwen_plausibility,fcdca612e90d0d5a,integrated_gradients_qwen,auprc,0.16693149784409336,target,Compression,qwen
task2_qwen_plausibility,fcdca612e90d0d5a,integrated_gradients_qwen,precision_at_k,0.15789473684210525,target,Syntactic Change,qwen
task2_qwen_plausibility,fcdca612e90d0d5a,integrated_gradients_qwen,recall_at_k,0.15789473684210525,target,Syntactic Change,qwen
task2_qwen_plausibility,fcdca612e90d0d5a,integrated_gradients_qwen,f1_at_k,0.15789473684210525,target,Syntactic Change,qwen
task2_qwen_plausibility,fcdca612e90d0d5a,integrated_gradients_qwen,auprc,0.08680984398817815,target,Syntactic Change,qwen
task2_qwen_plausibility,852e307c048eb4ff,integrated_gradients_qwen,precision_at_k,0.0,target,Synonymy,qwen
task2_qwen_plausibility,852e307c048eb4ff,integrated_gradients_qwen,recall_at_k,0.0,target,Synonymy,qwen
task2_qwen_plausibility,852e307c048eb4ff,integrated_gradients_qwen,f1_at_k,0.0,target,Synonymy,qwen
task2_qwen_plausibility,852e307c048eb4ff,integrated_gradients_qwen,auprc,0.03820474011862856,target,Synonymy,qwen
task2_qwen_plausibility,852e307c048eb4ff,integrated_gradients_qwen,precision_at_k,0.0,target,Compression,qwen
task2_qwen_plausibility,852e307c048eb4ff,integrated_gradients_qwen,recall_at_k,0.0,target,Compression,qwen
task2_qwen_plausibility,852e307c048eb4ff,integrated_gradients_qwen,f1_at_k,0.0,target,Compression,qwen
task2_qwen_plausibility,852e307c048eb4ff,integrated_gradients_qwen,auprc,0.07495030309728376,target,Compression,qwen
task2_qwen_plausibility,35654cc5a0362f73,integrated_gradients_qwen,precision_at_k,0.14285714285714285,target,Synonymy,qwen
task2_qwen_plausibility,35654cc5a0362f73,integrated_gradients_qwen,recall_at_k,0.14285714285714285,target,Synonymy,qwen
task2_qwen_plausibility,35654cc5a0362f73,integrated_gradients_qwen,f1_at_k,0.14285714285714285,target,Synonymy,qwen
task2_qwen_plausibility,35654cc5a0362f73,integrated_gradients_qwen,auprc,0.11426533921126789,target,Synonymy,qwen
task2_qwen_plausibility,35654cc5a0362f73,integrated_gradients_qwen,precision_at_k,0.10714285714285714,target,Modulation,qwen
task2_qwen_plausibility,35654cc5a0362f73,integrated_gradients_qwen,recall_at_k,0.10714285714285714,target,Modulation,qwen
task2_qwen_plausibility,35654cc5a0362f73,integrated_gradients_qwen,f1_at_k,0.10714285714285714,target,Modulation,qwen
task2_qwen_plausibility,35654cc5a0362f73,integrated_gradients_qwen,auprc,0.09862176894340546,target,Modulation,qwen
task2_qwen_plausibility,35654cc5a0362f73,integrated_gradients_qwen,precision_at_k,0.17857142857142858,target,Compression,qwen
task2_qwen_plausibility,35654cc5a0362f73,integrated_gradients_qwen,recall_at_k,0.17857142857142858,target,Compression,qwen
task2_qwen_plausibility,35654cc5a0362f73,integrated_gradients_qwen,f1_at_k,0.17857142857142858,target,Compression,qwen
task2_qwen_plausibility,35654cc5a0362f73,integrated_gradients_qwen,auprc,0.14359122586492734,target,Compression,qwen
task2_qwen_plausibility,35654cc5a0362f73,integrated_gradients_qwen,precision_at_k,0.17857142857142858,target,Syntactic Change,qwen
task2_qwen_plausibility,35654cc5a0362f73,integrated_gradients_qwen,recall_at_k,0.17857142857142858,target,Syntactic Change,qwen
task2_qwen_plausibility,35654cc5a0362f73,integrated_gradients_qwen,f1_at_k,0.17857142857142858,target,Syntactic Change,qwen
task2_qwen_plausibility,35654cc5a0362f73,integrated_gradients_qwen,auprc,0.1847655586938297,target,Syntactic Change,qwen
task2_qwen_plausibility,8f01554dcbf4fc96,integrated_gradients_qwen,precision_at_k,0.1111111111111111,target,Synonymy,qwen
task2_qwen_plausibility,8f01554dcbf4fc96,integrated_gradients_qwen,recall_at_k,0.1111111111111111,target,Synonymy,qwen
task2_qwen_plausibility,8f01554dcbf4fc96,integrated_gradients_qwen,f1_at_k,0.1111111111111111,target,Synonymy,qwen
task2_qwen_plausibility,8f01554dcbf4fc96,integrated_gradients_qwen,auprc,0.0658424650263831,target,Synonymy,qwen
task2_qwen_plausibility,8f01554dcbf4fc96,integrated_gradients_qwen,precision_at_k,0.0,target,Syntactic Change,qwen
task2_qwen_plausibility,8f01554dcbf4fc96,integrated_gradients_qwen,recall_at_k,0.0,target,Syntactic Change,qwen
task2_qwen_plausibility,8f01554dcbf4fc96,integrated_gradients_qwen,f1_at_k,0.0,target,Syntactic Change,qwen
task2_qwen_plausibility,8f01554dcbf4fc96,integrated_gradients_qwen,auprc,0.05880947190226228,target,Syntactic Change,qwen
task2_qwen_plausibility,b5b875edf1cbdd7a,integrated_gradients_qwen,precision_at_k,0.0,target,Synonymy,qwen
task2_qwen_plausibility,b5b875edf1cbdd7a,integrated_gradients_qwen,recall_at_k,0.0,target,Synonymy,qwen
task2_qwen_plausibility,b5b875edf1cbdd7a,integrated_gradients_qwen,f1_at_k,0.0,target,Synonymy,qwen
task2_qwen_plausibility,b5b875edf1cbdd7a,integrated_gradients_qwen,auprc,0.2,target,Synonymy,qwen
task2_qwen_plausibility,b5b875edf1cbdd7a,integrated_gradients_qwen,precision_at_k,0.0,target,Modulation,qwen
task2_qwen_plausibility,b5b875edf1cbdd7a,integrated_gradients_qwen,recall_at_k,0.0,target,Modulation,qwen
task2_qwen_plausibility,b5b875edf1cbdd7a,integrated_gradients_qwen,f1_at_k,0.0,target,Modulation,qwen
task2_qwen_plausibility,b5b875edf1cbdd7a,integrated_gradients_qwen,auprc,0.05,target,Modulation,qwen
task2_qwen_plausibility,78ddd95ac6d81b86,integrated_gradients_qwen,precision_at_k,0.20833333333333334,target,Synonymy,qwen
task2_qwen_plausibility,78ddd95ac6d81b86,integrated_gradients_qwen,recall_at_k,0.20833333333333334,target,Synonymy,qwen
task2_qwen_plausibility,78ddd95ac6d81b86,integrated_gradients_qwen,f1_at_k,0.20833333333333334,target,Synonymy,qwen
task2_qwen_plausibility,78ddd95ac6d81b86,integrated_gradients_qwen,auprc,0.17023732539222813,target,Synonymy,qwen
task2_qwen_plausibility,78ddd95ac6d81b86,integrated_gradients_qwen,precision_at_k,0.08333333333333333,target,Syntactic Change,qwen
task2_qwen_plausibility,78ddd95ac6d81b86,integrated_gradients_qwen,recall_at_k,0.08333333333333333,target,Syntactic Change,qwen
task2_qwen_plausibility,78ddd95ac6d81b86,integrated_gradients_qwen,f1_at_k,0.08333333333333333,target,Syntactic Change,qwen
task2_qwen_plausibility,78ddd95ac6d81b86,integrated_gradients_qwen,auprc,0.08920044860778197,target,Syntactic Change,qwen
task2_qwen_plausibility,6c4291a280bc701d,integrated_gradients_qwen,precision_at_k,0.06666666666666667,target,Synonymy,qwen
task2_qwen_plausibility,6c4291a280bc701d,integrated_gradients_qwen,recall_at_k,0.06666666666666667,target,Synonymy,qwen
task2_qwen_plausibility,6c4291a280bc701d,integrated_gradients_qwen,f1_at_k,0.06666666666666667,target,Synonymy,qwen
task2_qwen_plausibility,6c4291a280bc701d,integrated_gradients_qwen,auprc,0.11503088724819861,target,Synonymy,qwen
task2_qwen_plausibility,6c4291a280bc701d,integrated_gradients_qwen,precision_at_k,0.06666666666666667,target,Syntactic Change,qwen
task2_qwen_plausibility,6c4291a280bc701d,integrated_gradients_qwen,recall_at_k,0.06666666666666667,target,Syntactic Change,qwen
task2_qwen_plausibility,6c4291a280bc701d,integrated_gradients_qwen,f1_at_k,0.06666666666666667,target,Syntactic Change,qwen
task2_qwen_plausibility,6c4291a280bc701d,integrated_gradients_qwen,auprc,0.08766459920709369,target,Syntactic Change,qwen
task2_qwen_plausibility,cf47a8639d43e385,integrated_gradients_qwen,precision_at_k,0.1111111111111111,target,Modulation,qwen
task2_qwen_plausibility,cf47a8639d43e385,integrated_gradients_qwen,recall_at_k,0.1111111111111111,target,Modulation,qwen
task2_qwen_plausibility,cf47a8639d43e385,integrated_gradients_qwen,f1_at_k,0.1111111111111111,target,Modulation,qwen
task2_qwen_plausibility,cf47a8639d43e385,integrated_gradients_qwen,auprc,0.11610117472087608,target,Modulation,qwen
task2_qwen_plausibility,d7c3580bbee86abb,integrated_gradients_qwen,precision_at_k,0.16129032258064516,target,Synonymy,qwen
task2_qwen_plausibility,d7c3580bbee86abb,integrated_gradients_qwen,recall_at_k,0.16129032258064516,target,Synonymy,qwen
task2_qwen_plausibility,d7c3580bbee86abb,integrated_gradients_qwen,f1_at_k,0.16129032258064516,target,Synonymy,qwen
task2_qwen_plausibility,d7c3580bbee86abb,integrated_gradients_qwen,auprc,0.178718122150321,target,Synonymy,qwen
task2_qwen_plausibility,d7c3580bbee86abb,integrated_gradients_qwen,precision_at_k,0.22580645161290322,target,Explanation,qwen
task2_qwen_plausibility,d7c3580bbee86abb,integrated_gradients_qwen,recall_at_k,0.22580645161290322,target,Explanation,qwen
task2_qwen_plausibility,d7c3580bbee86abb,integrated_gradients_qwen,f1_at_k,0.22580645161290322,target,Explanation,qwen
task2_qwen_plausibility,d7c3580bbee86abb,integrated_gradients_qwen,auprc,0.23551901468390088,target,Explanation,qwen
task2_qwen_plausibility,d7c3580bbee86abb,integrated_gradients_qwen,precision_at_k,0.12903225806451613,target,Syntactic Change,qwen
task2_qwen_plausibility,d7c3580bbee86abb,integrated_gradients_qwen,recall_at_k,0.12903225806451613,target,Syntactic Change,qwen
task2_qwen_plausibility,d7c3580bbee86abb,integrated_gradients_qwen,f1_at_k,0.12903225806451613,target,Syntactic Change,qwen
task2_qwen_plausibility,d7c3580bbee86abb,integrated_gradients_qwen,auprc,0.16357515014054885,target,Syntactic Change,qwen
task2_qwen_plausibility,0bee3c80b3f3a4e3,integrated_gradients_qwen,precision_at_k,0.07142857142857142,target,Synonymy,qwen
task2_qwen_plausibility,0bee3c80b3f3a4e3,integrated_gradients_qwen,recall_at_k,0.07142857142857142,target,Synonymy,qwen
task2_qwen_plausibility,0bee3c80b3f3a4e3,integrated_gradients_qwen,f1_at_k,0.07142857142857142,target,Synonymy,qwen
task2_qwen_plausibility,0bee3c80b3f3a4e3,integrated_gradients_qwen,auprc,0.07498787279295532,target,Synonymy,qwen
task2_qwen_plausibility,0bee3c80b3f3a4e3,integrated_gradients_qwen,precision_at_k,0.07142857142857142,target,Explanation,qwen
task2_qwen_plausibility,0bee3c80b3f3a4e3,integrated_gradients_qwen,recall_at_k,0.07142857142857142,target,Explanation,qwen
task2_qwen_plausibility,0bee3c80b3f3a4e3,integrated_gradients_qwen,f1_at_k,0.07142857142857142,target,Explanation,qwen
task2_qwen_plausibility,0bee3c80b3f3a4e3,integrated_gradients_qwen,auprc,0.11222142593977853,target,Explanation,qwen
task2_qwen_plausibility,60bd4a9b2a24cf24,integrated_gradients_qwen,precision_at_k,0.1111111111111111,target,Synonymy,qwen
task2_qwen_plausibility,60bd4a9b2a24cf24,integrated_gradients_qwen,recall_at_k,0.1111111111111111,target,Synonymy,qwen
task2_qwen_plausibility,60bd4a9b2a24cf24,integrated_gradients_qwen,f1_at_k,0.1111111111111111,target,Synonymy,qwen
task2_qwen_plausibility,60bd4a9b2a24cf24,integrated_gradients_qwen,auprc,0.1910087367658698,target,Synonymy,qwen
task2_qwen_plausibility,cee27584b62acfdb,integrated_gradients_qwen,precision_at_k,0.05714285714285714,target,Explanation,qwen
task2_qwen_plausibility,cee27584b62acfdb,integrated_gradients_qwen,recall_at_k,0.05714285714285714,target,Explanation,qwen
task2_qwen_plausibility,cee27584b62acfdb,integrated_gradients_qwen,f1_at_k,0.05714285714285714,target,Explanation,qwen
task2_qwen_plausibility,cee27584b62acfdb,integrated_gradients_qwen,auprc,0.10993044799927812,target,Explanation,qwen
task2_qwen_plausibility,70c01da3e31edc51,integrated_gradients_qwen,precision_at_k,0.2631578947368421,target,Synonymy,qwen
task2_qwen_plausibility,70c01da3e31edc51,integrated_gradients_qwen,recall_at_k,0.2631578947368421,target,Synonymy,qwen
task2_qwen_plausibility,70c01da3e31edc51,integrated_gradients_qwen,f1_at_k,0.2631578947368421,target,Synonymy,qwen
task2_qwen_plausibility,70c01da3e31edc51,integrated_gradients_qwen,auprc,0.1999331634458552,target,Synonymy,qwen
task2_qwen_plausibility,c8a019be7dbf356f,integrated_gradients_qwen,precision_at_k,0.15384615384615385,target,Explanation,qwen
task2_qwen_plausibility,c8a019be7dbf356f,integrated_gradients_qwen,recall_at_k,0.15384615384615385,target,Explanation,qwen
task2_qwen_plausibility,c8a019be7dbf356f,integrated_gradients_qwen,f1_at_k,0.15384615384615385,target,Explanation,qwen
task2_qwen_plausibility,c8a019be7dbf356f,integrated_gradients_qwen,auprc,0.1198215393528327,target,Explanation,qwen
task2_qwen_plausibility,c96c7712b47dd5e5,integrated_gradients_qwen,precision_at_k,0.09090909090909091,target,Explanation,qwen
task2_qwen_plausibility,c96c7712b47dd5e5,integrated_gradients_qwen,recall_at_k,0.09090909090909091,target,Explanation,qwen
task2_qwen_plausibility,c96c7712b47dd5e5,integrated_gradients_qwen,f1_at_k,0.09090909090909091,target,Explanation,qwen
task2_qwen_plausibility,c96c7712b47dd5e5,integrated_gradients_qwen,auprc,0.10394873217387361,target,Explanation,qwen
task2_qwen_plausibility,dc467fa75f708da3,integrated_gradients_qwen,precision_at_k,0.0,target,Synonymy,qwen
task2_qwen_plausibility,dc467fa75f708da3,integrated_gradients_qwen,recall_at_k,0.0,target,Synonymy,qwen
task2_qwen_plausibility,dc467fa75f708da3,integrated_gradients_qwen,f1_at_k,0.0,target,Synonymy,qwen
task2_qwen_plausibility,dc467fa75f708da3,integrated_gradients_qwen,auprc,0.056739811912225706,target,Synonymy,qwen
task2_qwen_plausibility,dc467fa75f708da3,integrated_gradients_qwen,precision_at_k,0.0,target,Explanation,qwen
task2_qwen_plausibility,dc467fa75f708da3,integrated_gradients_qwen,recall_at_k,0.0,target,Explanation,qwen
task2_qwen_plausibility,dc467fa75f708da3,integrated_gradients_qwen,f1_at_k,0.0,target,Explanation,qwen
task2_qwen_plausibility,dc467fa75f708da3,integrated_gradients_qwen,auprc,0.0445906432748538,target,Explanation,qwen
task2_qwen_plausibility,dc467fa75f708da3,integrated_gradients_qwen,precision_at_k,0.0,target,Syntactic Change,qwen
task2_qwen_plausibility,dc467fa75f708da3,integrated_gradients_qwen,recall_at_k,0.0,target,Syntactic Change,qwen
task2_qwen_plausibility,dc467fa75f708da3,integrated_gradients_qwen,f1_at_k,0.0,target,Syntactic Change,qwen
task2_qwen_plausibility,dc467fa75f708da3,integrated_gradients_qwen,auprc,0.035794030530872635,target,Syntactic Change,qwen
task2_qwen_plausibility,8ed51d2e3ec945c2,integrated_gradients_qwen,precision_at_k,0.0,target,Syntactic Change,qwen
task2_qwen_plausibility,8ed51d2e3ec945c2,integrated_gradients_qwen,recall_at_k,0.0,target,Syntactic Change,qwen
task2_qwen_plausibility,8ed51d2e3ec945c2,integrated_gradients_qwen,f1_at_k,0.0,target,Syntactic Change,qwen
task2_qwen_plausibility,8ed51d2e3ec945c2,integrated_gradients_qwen,auprc,0.03409090909090909,target,Syntactic Change,qwen
task2_qwen_plausibility,e1b4cafdfad72c6c,integrated_gradients_qwen,precision_at_k,0.08333333333333333,target,Synonymy,qwen
task2_qwen_plausibility,e1b4cafdfad72c6c,integrated_gradients_qwen,recall_at_k,0.08333333333333333,target,Synonymy,qwen
task2_qwen_plausibility,e1b4cafdfad72c6c,integrated_gradients_qwen,f1_at_k,0.08333333333333333,target,Synonymy,qwen
task2_qwen_plausibility,e1b4cafdfad72c6c,integrated_gradients_qwen,auprc,0.08051076196616647,target,Synonymy,qwen
task2_qwen_plausibility,e1b4cafdfad72c6c,integrated_gradients_qwen,precision_at_k,0.1388888888888889,target,Compression,qwen
task2_qwen_plausibility,e1b4cafdfad72c6c,integrated_gradients_qwen,recall_at_k,0.1388888888888889,target,Compression,qwen
task2_qwen_plausibility,e1b4cafdfad72c6c,integrated_gradients_qwen,f1_at_k,0.1388888888888889,target,Compression,qwen
task2_qwen_plausibility,e1b4cafdfad72c6c,integrated_gradients_qwen,auprc,0.14297065710001938,target,Compression,qwen
task2_qwen_plausibility,e1b4cafdfad72c6c,integrated_gradients_qwen,precision_at_k,0.08333333333333333,target,Syntactic Change,qwen
task2_qwen_plausibility,e1b4cafdfad72c6c,integrated_gradients_qwen,recall_at_k,0.08333333333333333,target,Syntactic Change,qwen
task2_qwen_plausibility,e1b4cafdfad72c6c,integrated_gradients_qwen,f1_at_k,0.08333333333333333,target,Syntactic Change,qwen
task2_qwen_plausibility,e1b4cafdfad72c6c,integrated_gradients_qwen,auprc,0.12887177382004306,target,Syntactic Change,qwen
task2_qwen_plausibility,5546c05a89c40191,integrated_gradients_qwen,precision_at_k,0.058823529411764705,target,Synonymy,qwen
task2_qwen_plausibility,5546c05a89c40191,integrated_gradients_qwen,recall_at_k,0.058823529411764705,target,Synonymy,qwen
task2_qwen_plausibility,5546c05a89c40191,integrated_gradients_qwen,f1_at_k,0.058823529411764705,target,Synonymy,qwen
task2_qwen_plausibility,5546c05a89c40191,integrated_gradients_qwen,auprc,0.04970145784047392,target,Synonymy,qwen
task2_qwen_plausibility,5546c05a89c40191,integrated_gradients_qwen,precision_at_k,0.0,target,Compression,qwen
task2_qwen_plausibility,5546c05a89c40191,integrated_gradients_qwen,recall_at_k,0.0,target,Compression,qwen
task2_qwen_plausibility,5546c05a89c40191,integrated_gradients_qwen,f1_at_k,0.0,target,Compression,qwen
task2_qwen_plausibility,5546c05a89c40191,integrated_gradients_qwen,auprc,0.09511307859258514,target,Compression,qwen
task2_qwen_plausibility,5546c05a89c40191,integrated_gradients_qwen,precision_at_k,0.11764705882352941,target,Omission,qwen
task2_qwen_plausibility,5546c05a89c40191,integrated_gradients_qwen,recall_at_k,0.11764705882352941,target,Omission,qwen
task2_qwen_plausibility,5546c05a89c40191,integrated_gradients_qwen,f1_at_k,0.11764705882352941,target,Omission,qwen
task2_qwen_plausibility,5546c05a89c40191,integrated_gradients_qwen,auprc,0.09146859418336173,target,Omission,qwen
task2_qwen_plausibility,7f9b3cb38ade349a,integrated_gradients_qwen,precision_at_k,0.14285714285714285,target,Modulation,qwen
task2_qwen_plausibility,7f9b3cb38ade349a,integrated_gradients_qwen,recall_at_k,0.14285714285714285,target,Modulation,qwen
task2_qwen_plausibility,7f9b3cb38ade349a,integrated_gradients_qwen,f1_at_k,0.14285714285714285,target,Modulation,qwen
task2_qwen_plausibility,7f9b3cb38ade349a,integrated_gradients_qwen,auprc,0.17978204848708448,target,Modulation,qwen
task2_qwen_plausibility,7f9b3cb38ade349a,integrated_gradients_qwen,precision_at_k,0.14285714285714285,target,Syntactic Change,qwen
task2_qwen_plausibility,7f9b3cb38ade349a,integrated_gradients_qwen,recall_at_k,0.14285714285714285,target,Syntactic Change,qwen
task2_qwen_plausibility,7f9b3cb38ade349a,integrated_gradients_qwen,f1_at_k,0.14285714285714285,target,Syntactic Change,qwen
task2_qwen_plausibility,7f9b3cb38ade349a,integrated_gradients_qwen,auprc,0.12474384875071964,target,Syntactic Change,qwen
task2_qwen_plausibility,9aa1203ee6be38bb,integrated_gradients_qwen,precision_at_k,0.0,target,Synonymy,qwen
task2_qwen_plausibility,9aa1203ee6be38bb,integrated_gradients_qwen,recall_at_k,0.0,target,Synonymy,qwen
task2_qwen_plausibility,9aa1203ee6be38bb,integrated_gradients_qwen,f1_at_k,0.0,target,Synonymy,qwen
task2_qwen_plausibility,9aa1203ee6be38bb,integrated_gradients_qwen,auprc,0.002688172043010753,target,Synonymy,qwen
task2_qwen_plausibility,5229de14db35a713,integrated_gradients_qwen,precision_at_k,0.13636363636363635,target,Synonymy,qwen
task2_qwen_plausibility,5229de14db35a713,integrated_gradients_qwen,recall_at_k,0.13636363636363635,target,Synonymy,qwen
task2_qwen_plausibility,5229de14db35a713,integrated_gradients_qwen,f1_at_k,0.13636363636363635,target,Synonymy,qwen
task2_qwen_plausibility,5229de14db35a713,integrated_gradients_qwen,auprc,0.09231675930952929,target,Synonymy,qwen
task2_qwen_plausibility,5229de14db35a713,integrated_gradients_qwen,precision_at_k,0.045454545454545456,target,Compression,qwen
task2_qwen_plausibility,5229de14db35a713,integrated_gradients_qwen,recall_at_k,0.045454545454545456,target,Compression,qwen
task2_qwen_plausibility,5229de14db35a713,integrated_gradients_qwen,f1_at_k,0.045454545454545456,target,Compression,qwen
task2_qwen_plausibility,5229de14db35a713,integrated_gradients_qwen,auprc,0.09294211583212644,target,Compression,qwen
task2_qwen_plausibility,5229de14db35a713,integrated_gradients_qwen,precision_at_k,0.09090909090909091,target,Syntactic Change,qwen
task2_qwen_plausibility,5229de14db35a713,integrated_gradients_qwen,recall_at_k,0.09090909090909091,target,Syntactic Change,qwen
task2_qwen_plausibility,5229de14db35a713,integrated_gradients_qwen,f1_at_k,0.09090909090909091,target,Syntactic Change,qwen
task2_qwen_plausibility,5229de14db35a713,integrated_gradients_qwen,auprc,0.06910773776970779,target,Syntactic Change,qwen
task2_qwen_plausibility,0b13ef510cf62672,integrated_gradients_qwen,precision_at_k,0.0,target,Synonymy,qwen
task2_qwen_plausibility,0b13ef510cf62672,integrated_gradients_qwen,recall_at_k,0.0,target,Synonymy,qwen
task2_qwen_plausibility,0b13ef510cf62672,integrated_gradients_qwen,f1_at_k,0.0,target,Synonymy,qwen
task2_qwen_plausibility,0b13ef510cf62672,integrated_gradients_qwen,auprc,0.3333333333333333,target,Synonymy,qwen
task2_qwen_plausibility,0b13ef510cf62672,integrated_gradients_qwen,precision_at_k,0.0,target,Compression,qwen
task2_qwen_plausibility,0b13ef510cf62672,integrated_gradients_qwen,recall_at_k,0.0,target,Compression,qwen
task2_qwen_plausibility,0b13ef510cf62672,integrated_gradients_qwen,f1_at_k,0.0,target,Compression,qwen
task2_qwen_plausibility,0b13ef510cf62672,integrated_gradients_qwen,auprc,0.011363636363636364,target,Compression,qwen
task2_qwen_plausibility,0d37251fcd910029,integrated_gradients_qwen,precision_at_k,0.09803921568627451,target,Synonymy,qwen
task2_qwen_plausibility,0d37251fcd910029,integrated_gradients_qwen,recall_at_k,0.09803921568627451,target,Synonymy,qwen
task2_qwen_plausibility,0d37251fcd910029,integrated_gradients_qwen,f1_at_k,0.09803921568627451,target,Synonymy,qwen
task2_qwen_plausibility,0d37251fcd910029,integrated_gradients_qwen,auprc,0.11311725264401826,target,Synonymy,qwen
task2_qwen_plausibility,0d37251fcd910029,integrated_gradients_qwen,precision_at_k,0.1568627450980392,target,Modulation,qwen
task2_qwen_plausibility,0d37251fcd910029,integrated_gradients_qwen,recall_at_k,0.1568627450980392,target,Modulation,qwen
task2_qwen_plausibility,0d37251fcd910029,integrated_gradients_qwen,f1_at_k,0.1568627450980392,target,Modulation,qwen
task2_qwen_plausibility,0d37251fcd910029,integrated_gradients_qwen,auprc,0.12568725380278564,target,Modulation,qwen
task2_qwen_plausibility,0d37251fcd910029,integrated_gradients_qwen,precision_at_k,0.13725490196078433,target,Compression,qwen
task2_qwen_plausibility,0d37251fcd910029,integrated_gradients_qwen,recall_at_k,0.13725490196078433,target,Compression,qwen
task2_qwen_plausibility,0d37251fcd910029,integrated_gradients_qwen,f1_at_k,0.13725490196078433,target,Compression,qwen
task2_qwen_plausibility,0d37251fcd910029,integrated_gradients_qwen,auprc,0.15771219604568734,target,Compression,qwen
task2_qwen_plausibility,0d37251fcd910029,integrated_gradients_qwen,precision_at_k,0.11764705882352941,target,Explanation,qwen
task2_qwen_plausibility,0d37251fcd910029,integrated_gradients_qwen,recall_at_k,0.11764705882352941,target,Explanation,qwen
task2_qwen_plausibility,0d37251fcd910029,integrated_gradients_qwen,f1_at_k,0.11764705882352941,target,Explanation,qwen
task2_qwen_plausibility,0d37251fcd910029,integrated_gradients_qwen,auprc,0.1585483956109269,target,Explanation,qwen
task2_qwen_plausibility,0d37251fcd910029,integrated_gradients_qwen,precision_at_k,0.1568627450980392,target,Syntactic Change,qwen
task2_qwen_plausibility,0d37251fcd910029,integrated_gradients_qwen,recall_at_k,0.1568627450980392,target,Syntactic Change,qwen
task2_qwen_plausibility,0d37251fcd910029,integrated_gradients_qwen,f1_at_k,0.1568627450980392,target,Syntactic Change,qwen
task2_qwen_plausibility,0d37251fcd910029,integrated_gradients_qwen,auprc,0.1608651352380103,target,Syntactic Change,qwen
task2_qwen_plausibility,0d37251fcd910029,integrated_gradients_qwen,precision_at_k,0.13725490196078433,target,Omission,qwen
task2_qwen_plausibility,0d37251fcd910029,integrated_gradients_qwen,recall_at_k,0.13725490196078433,target,Omission,qwen
task2_qwen_plausibility,0d37251fcd910029,integrated_gradients_qwen,f1_at_k,0.13725490196078433,target,Omission,qwen
task2_qwen_plausibility,0d37251fcd910029,integrated_gradients_qwen,auprc,0.1228424808246648,target,Omission,qwen
task2_qwen_plausibility,196c5fc88b6d8d1a,integrated_gradients_qwen,precision_at_k,0.0,target,Synonymy,qwen
task2_qwen_plausibility,196c5fc88b6d8d1a,integrated_gradients_qwen,recall_at_k,0.0,target,Synonymy,qwen
task2_qwen_plausibility,196c5fc88b6d8d1a,integrated_gradients_qwen,f1_at_k,0.0,target,Synonymy,qwen
task2_qwen_plausibility,196c5fc88b6d8d1a,integrated_gradients_qwen,auprc,0.5,target,Synonymy,qwen
task2_qwen_plausibility,19773470d2987b8c,integrated_gradients_qwen,precision_at_k,0.0,target,Synonymy,qwen
task2_qwen_plausibility,19773470d2987b8c,integrated_gradients_qwen,recall_at_k,0.0,target,Synonymy,qwen
task2_qwen_plausibility,19773470d2987b8c,integrated_gradients_qwen,f1_at_k,0.0,target,Synonymy,qwen
task2_qwen_plausibility,19773470d2987b8c,integrated_gradients_qwen,auprc,0.054860403834650885,target,Synonymy,qwen
task2_qwen_plausibility,19773470d2987b8c,integrated_gradients_qwen,precision_at_k,0.0,target,Modulation,qwen
task2_qwen_plausibility,19773470d2987b8c,integrated_gradients_qwen,recall_at_k,0.0,target,Modulation,qwen
task2_qwen_plausibility,19773470d2987b8c,integrated_gradients_qwen,f1_at_k,0.0,target,Modulation,qwen
task2_qwen_plausibility,19773470d2987b8c,integrated_gradients_qwen,auprc,0.03383548541367767,target,Modulation,qwen
task2_qwen_plausibility,19773470d2987b8c,integrated_gradients_qwen,precision_at_k,0.0,target,Syntactic Change,qwen
task2_qwen_plausibility,19773470d2987b8c,integrated_gradients_qwen,recall_at_k,0.0,target,Syntactic Change,qwen
task2_qwen_plausibility,19773470d2987b8c,integrated_gradients_qwen,f1_at_k,0.0,target,Syntactic Change,qwen
task2_qwen_plausibility,19773470d2987b8c,integrated_gradients_qwen,auprc,0.018409082423404388,target,Syntactic Change,qwen
task2_qwen_plausibility,1a408162a7e9e7a1,integrated_gradients_qwen,precision_at_k,0.0,target,Synonymy,qwen
task2_qwen_plausibility,1a408162a7e9e7a1,integrated_gradients_qwen,recall_at_k,0.0,target,Synonymy,qwen
task2_qwen_plausibility,1a408162a7e9e7a1,integrated_gradients_qwen,f1_at_k,0.0,target,Synonymy,qwen
task2_qwen_plausibility,1a408162a7e9e7a1,integrated_gradients_qwen,auprc,0.056834795922398776,target,Synonymy,qwen
task2_qwen_plausibility,1a408162a7e9e7a1,integrated_gradients_qwen,precision_at_k,0.08695652173913043,target,Modulation,qwen
task2_qwen_plausibility,1a408162a7e9e7a1,integrated_gradients_qwen,recall_at_k,0.08695652173913043,target,Modulation,qwen
task2_qwen_plausibility,1a408162a7e9e7a1,integrated_gradients_qwen,f1_at_k,0.08695652173913043,target,Modulation,qwen
task2_qwen_plausibility,1a408162a7e9e7a1,integrated_gradients_qwen,auprc,0.06060015367829143,target,Modulation,qwen
task2_qwen_plausibility,1a408162a7e9e7a1,integrated_gradients_qwen,precision_at_k,0.043478260869565216,target,Compression,qwen
task2_qwen_plausibility,1a408162a7e9e7a1,integrated_gradients_qwen,recall_at_k,0.043478260869565216,target,Compression,qwen
task2_qwen_plausibility,1a408162a7e9e7a1,integrated_gradients_qwen,f1_at_k,0.043478260869565216,target,Compression,qwen
task2_qwen_plausibility,1a408162a7e9e7a1,integrated_gradients_qwen,auprc,0.08117587392015242,target,Compression,qwen
task2_qwen_plausibility,1a408162a7e9e7a1,integrated_gradients_qwen,precision_at_k,0.043478260869565216,target,Syntactic Change,qwen
task2_qwen_plausibility,1a408162a7e9e7a1,integrated_gradients_qwen,recall_at_k,0.043478260869565216,target,Syntactic Change,qwen
task2_qwen_plausibility,1a408162a7e9e7a1,integrated_gradients_qwen,f1_at_k,0.043478260869565216,target,Syntactic Change,qwen
task2_qwen_plausibility,1a408162a7e9e7a1,integrated_gradients_qwen,auprc,0.08601248571400869,target,Syntactic Change,qwen
task2_qwen_plausibility,1a408162a7e9e7a1,integrated_gradients_qwen,precision_at_k,0.043478260869565216,target,Omission,qwen
task2_qwen_plausibility,1a408162a7e9e7a1,integrated_gradients_qwen,recall_at_k,0.043478260869565216,target,Omission,qwen
task2_qwen_plausibility,1a408162a7e9e7a1,integrated_gradients_qwen,f1_at_k,0.043478260869565216,target,Omission,qwen
task2_qwen_plausibility,1a408162a7e9e7a1,integrated_gradients_qwen,auprc,0.06517290142819644,target,Omission,qwen
task2_qwen_plausibility,385eb3628ca82dc9,integrated_gradients_qwen,precision_at_k,0.08333333333333333,target,Synonymy,qwen
task2_qwen_plausibility,385eb3628ca82dc9,integrated_gradients_qwen,recall_at_k,0.08333333333333333,target,Synonymy,qwen
task2_qwen_plausibility,385eb3628ca82dc9,integrated_gradients_qwen,f1_at_k,0.08333333333333333,target,Synonymy,qwen
task2_qwen_plausibility,385eb3628ca82dc9,integrated_gradients_qwen,auprc,0.11758550857809202,target,Synonymy,qwen
task2_qwen_plausibility,385eb3628ca82dc9,integrated_gradients_qwen,precision_at_k,0.125,target,Modulation,qwen
task2_qwen_plausibility,385eb3628ca82dc9,integrated_gradients_qwen,recall_at_k,0.125,target,Modulation,qwen
task2_qwen_plausibility,385eb3628ca82dc9,integrated_gradients_qwen,f1_at_k,0.125,target,Modulation,qwen
task2_qwen_plausibility,385eb3628ca82dc9,integrated_gradients_qwen,auprc,0.09490809108474943,target,Modulation,qwen
task2_qwen_plausibility,385eb3628ca82dc9,integrated_gradients_qwen,precision_at_k,0.041666666666666664,target,Syntactic Change,qwen
task2_qwen_plausibility,385eb3628ca82dc9,integrated_gradients_qwen,recall_at_k,0.041666666666666664,target,Syntactic Change,qwen
task2_qwen_plausibility,385eb3628ca82dc9,integrated_gradients_qwen,f1_at_k,0.041666666666666664,target,Syntactic Change,qwen
task2_qwen_plausibility,385eb3628ca82dc9,integrated_gradients_qwen,auprc,0.07695804564908873,target,Syntactic Change,qwen
task2_qwen_plausibility,385eb3628ca82dc9,integrated_gradients_qwen,precision_at_k,0.125,target,Omission,qwen
task2_qwen_plausibility,385eb3628ca82dc9,integrated_gradients_qwen,recall_at_k,0.125,target,Omission,qwen
task2_qwen_plausibility,385eb3628ca82dc9,integrated_gradients_qwen,f1_at_k,0.125,target,Omission,qwen
task2_qwen_plausibility,385eb3628ca82dc9,integrated_gradients_qwen,auprc,0.09786862490108073,target,Omission,qwen
task2_qwen_plausibility,467d362e647d1b0b,integrated_gradients_qwen,precision_at_k,0.0,target,Synonymy,qwen
task2_qwen_plausibility,467d362e647d1b0b,integrated_gradients_qwen,recall_at_k,0.0,target,Synonymy,qwen
task2_qwen_plausibility,467d362e647d1b0b,integrated_gradients_qwen,f1_at_k,0.0,target,Synonymy,qwen
task2_qwen_plausibility,467d362e647d1b0b,integrated_gradients_qwen,auprc,0.0748750106299348,target,Synonymy,qwen
task2_qwen_plausibility,467d362e647d1b0b,integrated_gradients_qwen,precision_at_k,0.05263157894736842,target,Modulation,qwen
task2_qwen_plausibility,467d362e647d1b0b,integrated_gradients_qwen,recall_at_k,0.05263157894736842,target,Modulation,qwen
task2_qwen_plausibility,467d362e647d1b0b,integrated_gradients_qwen,f1_at_k,0.05263157894736842,target,Modulation,qwen
task2_qwen_plausibility,467d362e647d1b0b,integrated_gradients_qwen,auprc,0.0952732841479228,target,Modulation,qwen
task2_qwen_plausibility,467d362e647d1b0b,integrated_gradients_qwen,precision_at_k,0.05263157894736842,target,Compression,qwen
task2_qwen_plausibility,467d362e647d1b0b,integrated_gradients_qwen,recall_at_k,0.05263157894736842,target,Compression,qwen
task2_qwen_plausibility,467d362e647d1b0b,integrated_gradients_qwen,f1_at_k,0.05263157894736842,target,Compression,qwen
task2_qwen_plausibility,467d362e647d1b0b,integrated_gradients_qwen,auprc,0.1027168508518619,target,Compression,qwen
task2_qwen_plausibility,467d362e647d1b0b,integrated_gradients_qwen,precision_at_k,0.05263157894736842,target,Syntactic Change,qwen
task2_qwen_plausibility,467d362e647d1b0b,integrated_gradients_qwen,recall_at_k,0.05263157894736842,target,Syntactic Change,qwen
task2_qwen_plausibility,467d362e647d1b0b,integrated_gradients_qwen,f1_at_k,0.05263157894736842,target,Syntactic Change,qwen
task2_qwen_plausibility,467d362e647d1b0b,integrated_gradients_qwen,auprc,0.11665865523593387,target,Syntactic Change,qwen
task2_qwen_plausibility,467d362e647d1b0b,integrated_gradients_qwen,precision_at_k,0.10526315789473684,target,Omission,qwen
task2_qwen_plausibility,467d362e647d1b0b,integrated_gradients_qwen,recall_at_k,0.10526315789473684,target,Omission,qwen
task2_qwen_plausibility,467d362e647d1b0b,integrated_gradients_qwen,f1_at_k,0.10526315789473684,target,Omission,qwen
task2_qwen_plausibility,467d362e647d1b0b,integrated_gradients_qwen,auprc,0.08477984104147449,target,Omission,qwen
task2_qwen_plausibility,4a3b8751b4125005,integrated_gradients_qwen,precision_at_k,0.037037037037037035,target,Synonymy,qwen
task2_qwen_plausibility,4a3b8751b4125005,integrated_gradients_qwen,recall_at_k,0.037037037037037035,target,Synonymy,qwen
task2_qwen_plausibility,4a3b8751b4125005,integrated_gradients_qwen,f1_at_k,0.037037037037037035,target,Synonymy,qwen
task2_qwen_plausibility,4a3b8751b4125005,integrated_gradients_qwen,auprc,0.04857640717562045,target,Synonymy,qwen
task2_qwen_plausibility,4a3b8751b4125005,integrated_gradients_qwen,precision_at_k,0.037037037037037035,target,Modulation,qwen
task2_qwen_plausibility,4a3b8751b4125005,integrated_gradients_qwen,recall_at_k,0.037037037037037035,target,Modulation,qwen
task2_qwen_plausibility,4a3b8751b4125005,integrated_gradients_qwen,f1_at_k,0.037037037037037035,target,Modulation,qwen
task2_qwen_plausibility,4a3b8751b4125005,integrated_gradients_qwen,auprc,0.07051079988179246,target,Modulation,qwen
task2_qwen_plausibility,4a3b8751b4125005,integrated_gradients_qwen,precision_at_k,0.037037037037037035,target,Compression,qwen
task2_qwen_plausibility,4a3b8751b4125005,integrated_gradients_qwen,recall_at_k,0.037037037037037035,target,Compression,qwen
task2_qwen_plausibility,4a3b8751b4125005,integrated_gradients_qwen,f1_at_k,0.037037037037037035,target,Compression,qwen
task2_qwen_plausibility,4a3b8751b4125005,integrated_gradients_qwen,auprc,0.08284560150369077,target,Compression,qwen
task2_qwen_plausibility,4a3b8751b4125005,integrated_gradients_qwen,precision_at_k,0.037037037037037035,target,Syntactic Change,qwen
task2_qwen_plausibility,4a3b8751b4125005,integrated_gradients_qwen,recall_at_k,0.037037037037037035,target,Syntactic Change,qwen
task2_qwen_plausibility,4a3b8751b4125005,integrated_gradients_qwen,f1_at_k,0.037037037037037035,target,Syntactic Change,qwen
task2_qwen_plausibility,4a3b8751b4125005,integrated_gradients_qwen,auprc,0.07045620447829334,target,Syntactic Change,qwen
task2_qwen_plausibility,4a3b8751b4125005,integrated_gradients_qwen,precision_at_k,0.1111111111111111,target,Omission,qwen
task2_qwen_plausibility,4a3b8751b4125005,integrated_gradients_qwen,recall_at_k,0.1111111111111111,target,Omission,qwen
task2_qwen_plausibility,4a3b8751b4125005,integrated_gradients_qwen,f1_at_k,0.1111111111111111,target,Omission,qwen
task2_qwen_plausibility,4a3b8751b4125005,integrated_gradients_qwen,auprc,0.08635084710919097,target,Omission,qwen
task2_qwen_plausibility,5074919f86c4fc4e,integrated_gradients_qwen,precision_at_k,0.0,target,Synonymy,qwen
task2_qwen_plausibility,5074919f86c4fc4e,integrated_gradients_qwen,recall_at_k,0.0,target,Synonymy,qwen
task2_qwen_plausibility,5074919f86c4fc4e,integrated_gradients_qwen,f1_at_k,0.0,target,Synonymy,qwen
task2_qwen_plausibility,5074919f86c4fc4e,integrated_gradients_qwen,auprc,0.045397608269320995,target,Synonymy,qwen
task2_qwen_plausibility,5074919f86c4fc4e,integrated_gradients_qwen,precision_at_k,0.0,target,Modulation,qwen
task2_qwen_plausibility,5074919f86c4fc4e,integrated_gradients_qwen,recall_at_k,0.0,target,Modulation,qwen
task2_qwen_plausibility,5074919f86c4fc4e,integrated_gradients_qwen,f1_at_k,0.0,target,Modulation,qwen
task2_qwen_plausibility,5074919f86c4fc4e,integrated_gradients_qwen,auprc,0.08102314659100643,target,Modulation,qwen
task2_qwen_plausibility,5074919f86c4fc4e,integrated_gradients_qwen,precision_at_k,0.0,target,Compression,qwen
task2_qwen_plausibility,5074919f86c4fc4e,integrated_gradients_qwen,recall_at_k,0.0,target,Compression,qwen
task2_qwen_plausibility,5074919f86c4fc4e,integrated_gradients_qwen,f1_at_k,0.0,target,Compression,qwen
task2_qwen_plausibility,5074919f86c4fc4e,integrated_gradients_qwen,auprc,0.10882363362657463,target,Compression,qwen
task2_qwen_plausibility,5074919f86c4fc4e,integrated_gradients_qwen,precision_at_k,0.0,target,Syntactic Change,qwen
task2_qwen_plausibility,5074919f86c4fc4e,integrated_gradients_qwen,recall_at_k,0.0,target,Syntactic Change,qwen
task2_qwen_plausibility,5074919f86c4fc4e,integrated_gradients_qwen,f1_at_k,0.0,target,Syntactic Change,qwen
task2_qwen_plausibility,5074919f86c4fc4e,integrated_gradients_qwen,auprc,0.032976749165009527,target,Syntactic Change,qwen
task2_qwen_plausibility,5074919f86c4fc4e,integrated_gradients_qwen,precision_at_k,0.1,target,Omission,qwen
task2_qwen_plausibility,5074919f86c4fc4e,integrated_gradients_qwen,recall_at_k,0.1,target,Omission,qwen
task2_qwen_plausibility,5074919f86c4fc4e,integrated_gradients_qwen,f1_at_k,0.10000000000000002,target,Omission,qwen
task2_qwen_plausibility,5074919f86c4fc4e,integrated_gradients_qwen,auprc,0.05078238632668781,target,Omission,qwen
task2_qwen_plausibility,68fcbd3c26b53cfa,integrated_gradients_qwen,precision_at_k,0.09090909090909091,target,Synonymy,qwen
task2_qwen_plausibility,68fcbd3c26b53cfa,integrated_gradients_qwen,recall_at_k,0.09090909090909091,target,Synonymy,qwen
task2_qwen_plausibility,68fcbd3c26b53cfa,integrated_gradients_qwen,f1_at_k,0.09090909090909091,target,Synonymy,qwen
task2_qwen_plausibility,68fcbd3c26b53cfa,integrated_gradients_qwen,auprc,0.0938276903033928,target,Synonymy,qwen
task2_qwen_plausibility,68fcbd3c26b53cfa,integrated_gradients_qwen,precision_at_k,0.09090909090909091,target,Modulation,qwen
task2_qwen_plausibility,68fcbd3c26b53cfa,integrated_gradients_qwen,recall_at_k,0.09090909090909091,target,Modulation,qwen
task2_qwen_plausibility,68fcbd3c26b53cfa,integrated_gradients_qwen,f1_at_k,0.09090909090909091,target,Modulation,qwen
task2_qwen_plausibility,68fcbd3c26b53cfa,integrated_gradients_qwen,auprc,0.09252607507591094,target,Modulation,qwen
task2_qwen_plausibility,68fcbd3c26b53cfa,integrated_gradients_qwen,precision_at_k,0.12121212121212122,target,Compression,qwen
task2_qwen_plausibility,68fcbd3c26b53cfa,integrated_gradients_qwen,recall_at_k,0.12121212121212122,target,Compression,qwen
task2_qwen_plausibility,68fcbd3c26b53cfa,integrated_gradients_qwen,f1_at_k,0.12121212121212122,target,Compression,qwen
task2_qwen_plausibility,68fcbd3c26b53cfa,integrated_gradients_qwen,auprc,0.13896025166403098,target,Compression,qwen
task2_qwen_plausibility,68fcbd3c26b53cfa,integrated_gradients_qwen,precision_at_k,0.030303030303030304,target,Syntactic Change,qwen
task2_qwen_plausibility,68fcbd3c26b53cfa,integrated_gradients_qwen,recall_at_k,0.030303030303030304,target,Syntactic Change,qwen
task2_qwen_plausibility,68fcbd3c26b53cfa,integrated_gradients_qwen,f1_at_k,0.030303030303030304,target,Syntactic Change,qwen
task2_qwen_plausibility,68fcbd3c26b53cfa,integrated_gradients_qwen,auprc,0.09689799796850278,target,Syntactic Change,qwen
task2_qwen_plausibility,68fcbd3c26b53cfa,integrated_gradients_qwen,precision_at_k,0.09090909090909091,target,Omission,qwen
task2_qwen_plausibility,68fcbd3c26b53cfa,integrated_gradients_qwen,recall_at_k,0.09090909090909091,target,Omission,qwen
task2_qwen_plausibility,68fcbd3c26b53cfa,integrated_gradients_qwen,f1_at_k,0.09090909090909091,target,Omission,qwen
task2_qwen_plausibility,68fcbd3c26b53cfa,integrated_gradients_qwen,auprc,0.09962309924027264,target,Omission,qwen
task2_qwen_plausibility,7d686d6c59438eee,integrated_gradients_qwen,precision_at_k,0.1875,target,Synonymy,qwen
task2_qwen_plausibility,7d686d6c59438eee,integrated_gradients_qwen,recall_at_k,0.1875,target,Synonymy,qwen
task2_qwen_plausibility,7d686d6c59438eee,integrated_gradients_qwen,f1_at_k,0.1875,target,Synonymy,qwen
task2_qwen_plausibility,7d686d6c59438eee,integrated_gradients_qwen,auprc,0.10259136564189775,target,Synonymy,qwen
task2_qwen_plausibility,7d686d6c59438eee,integrated_gradients_qwen,precision_at_k,0.0,target,Modulation,qwen
task2_qwen_plausibility,7d686d6c59438eee,integrated_gradients_qwen,recall_at_k,0.0,target,Modulation,qwen
task2_qwen_plausibility,7d686d6c59438eee,integrated_gradients_qwen,f1_at_k,0.0,target,Modulation,qwen
task2_qwen_plausibility,7d686d6c59438eee,integrated_gradients_qwen,auprc,0.06781692798099903,target,Modulation,qwen
task2_qwen_plausibility,7d686d6c59438eee,integrated_gradients_qwen,precision_at_k,0.125,target,Syntactic Change,qwen
task2_qwen_plausibility,7d686d6c59438eee,integrated_gradients_qwen,recall_at_k,0.125,target,Syntactic Change,qwen
task2_qwen_plausibility,7d686d6c59438eee,integrated_gradients_qwen,f1_at_k,0.125,target,Syntactic Change,qwen
task2_qwen_plausibility,7d686d6c59438eee,integrated_gradients_qwen,auprc,0.0804073128952447,target,Syntactic Change,qwen
task2_qwen_plausibility,7e1411eb93b6764f,integrated_gradients_qwen,precision_at_k,0.2857142857142857,target,Synonymy,qwen
task2_qwen_plausibility,7e1411eb93b6764f,integrated_gradients_qwen,recall_at_k,0.2857142857142857,target,Synonymy,qwen
task2_qwen_plausibility,7e1411eb93b6764f,integrated_gradients_qwen,f1_at_k,0.2857142857142857,target,Synonymy,qwen
task2_qwen_plausibility,7e1411eb93b6764f,integrated_gradients_qwen,auprc,0.1580147064910497,target,Synonymy,qwen
task2_qwen_plausibility,7e1411eb93b6764f,integrated_gradients_qwen,precision_at_k,0.0,target,Modulation,qwen
task2_qwen_plausibility,7e1411eb93b6764f,integrated_gradients_qwen,recall_at_k,0.0,target,Modulation,qwen
task2_qwen_plausibility,7e1411eb93b6764f,integrated_gradients_qwen,f1_at_k,0.0,target,Modulation,qwen
task2_qwen_plausibility,7e1411eb93b6764f,integrated_gradients_qwen,auprc,0.03472976318214414,target,Modulation,qwen
task2_qwen_plausibility,7e1411eb93b6764f,integrated_gradients_qwen,precision_at_k,0.0,target,Compression,qwen
task2_qwen_plausibility,7e1411eb93b6764f,integrated_gradients_qwen,recall_at_k,0.0,target,Compression,qwen
task2_qwen_plausibility,7e1411eb93b6764f,integrated_gradients_qwen,f1_at_k,0.0,target,Compression,qwen
task2_qwen_plausibility,7e1411eb93b6764f,integrated_gradients_qwen,auprc,0.04478113637758894,target,Compression,qwen
task2_qwen_plausibility,7e1411eb93b6764f,integrated_gradients_qwen,precision_at_k,0.14285714285714285,target,Syntactic Change,qwen
task2_qwen_plausibility,7e1411eb93b6764f,integrated_gradients_qwen,recall_at_k,0.14285714285714285,target,Syntactic Change,qwen
task2_qwen_plausibility,7e1411eb93b6764f,integrated_gradients_qwen,f1_at_k,0.14285714285714285,target,Syntactic Change,qwen
task2_qwen_plausibility,7e1411eb93b6764f,integrated_gradients_qwen,auprc,0.07730919642667951,target,Syntactic Change,qwen
task2_qwen_plausibility,7e1411eb93b6764f,integrated_gradients_qwen,precision_at_k,0.0,target,Omission,qwen
task2_qwen_plausibility,7e1411eb93b6764f,integrated_gradients_qwen,recall_at_k,0.0,target,Omission,qwen
task2_qwen_plausibility,7e1411eb93b6764f,integrated_gradients_qwen,f1_at_k,0.0,target,Omission,qwen
task2_qwen_plausibility,7e1411eb93b6764f,integrated_gradients_qwen,auprc,0.10823497445773475,target,Omission,qwen
task2_qwen_plausibility,845f231d95d5cc72,integrated_gradients_qwen,precision_at_k,0.08108108108108109,target,Synonymy,qwen
task2_qwen_plausibility,845f231d95d5cc72,integrated_gradients_qwen,recall_at_k,0.08108108108108109,target,Synonymy,qwen
task2_qwen_plausibility,845f231d95d5cc72,integrated_gradients_qwen,f1_at_k,0.08108108108108109,target,Synonymy,qwen
task2_qwen_plausibility,845f231d95d5cc72,integrated_gradients_qwen,auprc,0.08456808705489885,target,Synonymy,qwen
task2_qwen_plausibility,845f231d95d5cc72,integrated_gradients_qwen,precision_at_k,0.10810810810810811,target,Modulation,qwen
task2_qwen_plausibility,845f231d95d5cc72,integrated_gradients_qwen,recall_at_k,0.10810810810810811,target,Modulation,qwen
task2_qwen_plausibility,845f231d95d5cc72,integrated_gradients_qwen,f1_at_k,0.10810810810810811,target,Modulation,qwen
task2_qwen_plausibility,845f231d95d5cc72,integrated_gradients_qwen,auprc,0.09249985300189514,target,Modulation,qwen
task2_qwen_plausibility,845f231d95d5cc72,integrated_gradients_qwen,precision_at_k,0.10810810810810811,target,Compression,qwen
task2_qwen_plausibility,845f231d95d5cc72,integrated_gradients_qwen,recall_at_k,0.10810810810810811,target,Compression,qwen
task2_qwen_plausibility,845f231d95d5cc72,integrated_gradients_qwen,f1_at_k,0.10810810810810811,target,Compression,qwen
task2_qwen_plausibility,845f231d95d5cc72,integrated_gradients_qwen,auprc,0.11958868255830182,target,Compression,qwen
task2_qwen_plausibility,845f231d95d5cc72,integrated_gradients_qwen,precision_at_k,0.08108108108108109,target,Syntactic Change,qwen
task2_qwen_plausibility,845f231d95d5cc72,integrated_gradients_qwen,recall_at_k,0.08108108108108109,target,Syntactic Change,qwen
task2_qwen_plausibility,845f231d95d5cc72,integrated_gradients_qwen,f1_at_k,0.08108108108108109,target,Syntactic Change,qwen
task2_qwen_plausibility,845f231d95d5cc72,integrated_gradients_qwen,auprc,0.1286172204984854,target,Syntactic Change,qwen
task2_qwen_plausibility,845f231d95d5cc72,integrated_gradients_qwen,precision_at_k,0.10810810810810811,target,Omission,qwen
task2_qwen_plausibility,845f231d95d5cc72,integrated_gradients_qwen,recall_at_k,0.10810810810810811,target,Omission,qwen
task2_qwen_plausibility,845f231d95d5cc72,integrated_gradients_qwen,f1_at_k,0.10810810810810811,target,Omission,qwen
task2_qwen_plausibility,845f231d95d5cc72,integrated_gradients_qwen,auprc,0.12311399804533633,target,Omission,qwen
task2_qwen_plausibility,90d2c76b0f165f7f,integrated_gradients_qwen,precision_at_k,0.05,target,Synonymy,qwen
task2_qwen_plausibility,90d2c76b0f165f7f,integrated_gradients_qwen,recall_at_k,0.05,target,Synonymy,qwen
task2_qwen_plausibility,90d2c76b0f165f7f,integrated_gradients_qwen,f1_at_k,0.05000000000000001,target,Synonymy,qwen
task2_qwen_plausibility,90d2c76b0f165f7f,integrated_gradients_qwen,auprc,0.08019707687048071,target,Synonymy,qwen
task2_qwen_plausibility,90d2c76b0f165f7f,integrated_gradients_qwen,precision_at_k,0.1,target,Modulation,qwen
task2_qwen_plausibility,90d2c76b0f165f7f,integrated_gradients_qwen,recall_at_k,0.1,target,Modulation,qwen
task2_qwen_plausibility,90d2c76b0f165f7f,integrated_gradients_qwen,f1_at_k,0.10000000000000002,target,Modulation,qwen
task2_qwen_plausibility,90d2c76b0f165f7f,integrated_gradients_qwen,auprc,0.09359018668473593,target,Modulation,qwen
task2_qwen_plausibility,90d2c76b0f165f7f,integrated_gradients_qwen,precision_at_k,0.125,target,Compression,qwen
task2_qwen_plausibility,90d2c76b0f165f7f,integrated_gradients_qwen,recall_at_k,0.125,target,Compression,qwen
task2_qwen_plausibility,90d2c76b0f165f7f,integrated_gradients_qwen,f1_at_k,0.125,target,Compression,qwen
task2_qwen_plausibility,90d2c76b0f165f7f,integrated_gradients_qwen,auprc,0.17330524591790375,target,Compression,qwen
task2_qwen_plausibility,90d2c76b0f165f7f,integrated_gradients_qwen,precision_at_k,0.2,target,Syntactic Change,qwen
task2_qwen_plausibility,90d2c76b0f165f7f,integrated_gradients_qwen,recall_at_k,0.2,target,Syntactic Change,qwen
task2_qwen_plausibility,90d2c76b0f165f7f,integrated_gradients_qwen,f1_at_k,0.20000000000000004,target,Syntactic Change,qwen
task2_qwen_plausibility,90d2c76b0f165f7f,integrated_gradients_qwen,auprc,0.15044463775545674,target,Syntactic Change,qwen
task2_qwen_plausibility,90d2c76b0f165f7f,integrated_gradients_qwen,precision_at_k,0.125,target,Omission,qwen
task2_qwen_plausibility,90d2c76b0f165f7f,integrated_gradients_qwen,recall_at_k,0.125,target,Omission,qwen
task2_qwen_plausibility,90d2c76b0f165f7f,integrated_gradients_qwen,f1_at_k,0.125,target,Omission,qwen
task2_qwen_plausibility,90d2c76b0f165f7f,integrated_gradients_qwen,auprc,0.11373085519107416,target,Omission,qwen
task2_qwen_plausibility,9f53b3d5371489c1,integrated_gradients_qwen,precision_at_k,0.03225806451612903,target,Synonymy,qwen
task2_qwen_plausibility,9f53b3d5371489c1,integrated_gradients_qwen,recall_at_k,0.03225806451612903,target,Synonymy,qwen
task2_qwen_plausibility,9f53b3d5371489c1,integrated_gradients_qwen,f1_at_k,0.03225806451612903,target,Synonymy,qwen
task2_qwen_plausibility,9f53b3d5371489c1,integrated_gradients_qwen,auprc,0.06037878336589188,target,Synonymy,qwen
task2_qwen_plausibility,9f53b3d5371489c1,integrated_gradients_qwen,precision_at_k,0.12903225806451613,target,Modulation,qwen
task2_qwen_plausibility,9f53b3d5371489c1,integrated_gradients_qwen,recall_at_k,0.12903225806451613,target,Modulation,qwen
task2_qwen_plausibility,9f53b3d5371489c1,integrated_gradients_qwen,f1_at_k,0.12903225806451613,target,Modulation,qwen
task2_qwen_plausibility,9f53b3d5371489c1,integrated_gradients_qwen,auprc,0.09404047490622727,target,Modulation,qwen
task2_qwen_plausibility,9f53b3d5371489c1,integrated_gradients_qwen,precision_at_k,0.06451612903225806,target,Compression,qwen
task2_qwen_plausibility,9f53b3d5371489c1,integrated_gradients_qwen,recall_at_k,0.06451612903225806,target,Compression,qwen
task2_qwen_plausibility,9f53b3d5371489c1,integrated_gradients_qwen,f1_at_k,0.06451612903225806,target,Compression,qwen
task2_qwen_plausibility,9f53b3d5371489c1,integrated_gradients_qwen,auprc,0.11593432744199668,target,Compression,qwen
task2_qwen_plausibility,9f53b3d5371489c1,integrated_gradients_qwen,precision_at_k,0.0967741935483871,target,Syntactic Change,qwen
task2_qwen_plausibility,9f53b3d5371489c1,integrated_gradients_qwen,recall_at_k,0.0967741935483871,target,Syntactic Change,qwen
task2_qwen_plausibility,9f53b3d5371489c1,integrated_gradients_qwen,f1_at_k,0.0967741935483871,target,Syntactic Change,qwen
task2_qwen_plausibility,9f53b3d5371489c1,integrated_gradients_qwen,auprc,0.10257656247324809,target,Syntactic Change,qwen
task2_qwen_plausibility,9f53b3d5371489c1,integrated_gradients_qwen,precision_at_k,0.0,target,Omission,qwen
task2_qwen_plausibility,9f53b3d5371489c1,integrated_gradients_qwen,recall_at_k,0.0,target,Omission,qwen
task2_qwen_plausibility,9f53b3d5371489c1,integrated_gradients_qwen,f1_at_k,0.0,target,Omission,qwen
task2_qwen_plausibility,9f53b3d5371489c1,integrated_gradients_qwen,auprc,0.05334736421777289,target,Omission,qwen
task2_qwen_plausibility,ae611fb0737a6e18,integrated_gradients_qwen,precision_at_k,0.125,target,Synonymy,qwen
task2_qwen_plausibility,ae611fb0737a6e18,integrated_gradients_qwen,recall_at_k,0.125,target,Synonymy,qwen
task2_qwen_plausibility,ae611fb0737a6e18,integrated_gradients_qwen,f1_at_k,0.125,target,Synonymy,qwen
task2_qwen_plausibility,ae611fb0737a6e18,integrated_gradients_qwen,auprc,0.09475631153201841,target,Synonymy,qwen
task2_qwen_plausibility,c8ec09f4bdb89da4,integrated_gradients_qwen,precision_at_k,0.2,target,Synonymy,qwen
task2_qwen_plausibility,c8ec09f4bdb89da4,integrated_gradients_qwen,recall_at_k,0.2,target,Synonymy,qwen
task2_qwen_plausibility,c8ec09f4bdb89da4,integrated_gradients_qwen,f1_at_k,0.20000000000000004,target,Synonymy,qwen
task2_qwen_plausibility,c8ec09f4bdb89da4,integrated_gradients_qwen,auprc,0.13749293933220363,target,Synonymy,qwen
task2_qwen_plausibility,c8ec09f4bdb89da4,integrated_gradients_qwen,precision_at_k,0.0,target,Modulation,qwen
task2_qwen_plausibility,c8ec09f4bdb89da4,integrated_gradients_qwen,recall_at_k,0.0,target,Modulation,qwen
task2_qwen_plausibility,c8ec09f4bdb89da4,integrated_gradients_qwen,f1_at_k,0.0,target,Modulation,qwen
task2_qwen_plausibility,c8ec09f4bdb89da4,integrated_gradients_qwen,auprc,0.07272176620002707,target,Modulation,qwen
task2_qwen_plausibility,c8ec09f4bdb89da4,integrated_gradients_qwen,precision_at_k,0.0,target,Syntactic Change,qwen
task2_qwen_plausibility,c8ec09f4bdb89da4,integrated_gradients_qwen,recall_at_k,0.0,target,Syntactic Change,qwen
task2_qwen_plausibility,c8ec09f4bdb89da4,integrated_gradients_qwen,f1_at_k,0.0,target,Syntactic Change,qwen
task2_qwen_plausibility,c8ec09f4bdb89da4,integrated_gradients_qwen,auprc,0.07613091128902078,target,Syntactic Change,qwen
task2_qwen_plausibility,c8ec09f4bdb89da4,integrated_gradients_qwen,precision_at_k,0.0,target,Omission,qwen
task2_qwen_plausibility,c8ec09f4bdb89da4,integrated_gradients_qwen,recall_at_k,0.0,target,Omission,qwen
task2_qwen_plausibility,c8ec09f4bdb89da4,integrated_gradients_qwen,f1_at_k,0.0,target,Omission,qwen
task2_qwen_plausibility,c8ec09f4bdb89da4,integrated_gradients_qwen,auprc,0.034173967078111704,target,Omission,qwen
task2_qwen_plausibility,d71f511788d7755a,integrated_gradients_qwen,precision_at_k,0.1780821917808219,target,Synonymy,qwen
task2_qwen_plausibility,d71f511788d7755a,integrated_gradients_qwen,recall_at_k,0.1780821917808219,target,Synonymy,qwen
task2_qwen_plausibility,d71f511788d7755a,integrated_gradients_qwen,f1_at_k,0.17808219178082194,target,Synonymy,qwen
task2_qwen_plausibility,d71f511788d7755a,integrated_gradients_qwen,auprc,0.162071944606901,target,Synonymy,qwen
task2_qwen_plausibility,d71f511788d7755a,integrated_gradients_qwen,precision_at_k,0.0684931506849315,target,Modulation,qwen
task2_qwen_plausibility,d71f511788d7755a,integrated_gradients_qwen,recall_at_k,0.0684931506849315,target,Modulation,qwen
task2_qwen_plausibility,d71f511788d7755a,integrated_gradients_qwen,f1_at_k,0.0684931506849315,target,Modulation,qwen
task2_qwen_plausibility,d71f511788d7755a,integrated_gradients_qwen,auprc,0.12082071108477394,target,Modulation,qwen
task2_qwen_plausibility,d71f511788d7755a,integrated_gradients_qwen,precision_at_k,0.136986301369863,target,Compression,qwen
task2_qwen_plausibility,d71f511788d7755a,integrated_gradients_qwen,recall_at_k,0.136986301369863,target,Compression,qwen
task2_qwen_plausibility,d71f511788d7755a,integrated_gradients_qwen,f1_at_k,0.136986301369863,target,Compression,qwen
task2_qwen_plausibility,d71f511788d7755a,integrated_gradients_qwen,auprc,0.2075797356979527,target,Compression,qwen
task2_qwen_plausibility,d71f511788d7755a,integrated_gradients_qwen,precision_at_k,0.1506849315068493,target,Explanation,qwen
task2_qwen_plausibility,d71f511788d7755a,integrated_gradients_qwen,recall_at_k,0.1506849315068493,target,Explanation,qwen
task2_qwen_plausibility,d71f511788d7755a,integrated_gradients_qwen,f1_at_k,0.1506849315068493,target,Explanation,qwen
task2_qwen_plausibility,d71f511788d7755a,integrated_gradients_qwen,auprc,0.13968449865687366,target,Explanation,qwen
task2_qwen_plausibility,d71f511788d7755a,integrated_gradients_qwen,precision_at_k,0.1232876712328767,target,Syntactic Change,qwen
task2_qwen_plausibility,d71f511788d7755a,integrated_gradients_qwen,recall_at_k,0.1232876712328767,target,Syntactic Change,qwen
task2_qwen_plausibility,d71f511788d7755a,integrated_gradients_qwen,f1_at_k,0.1232876712328767,target,Syntactic Change,qwen
task2_qwen_plausibility,d71f511788d7755a,integrated_gradients_qwen,auprc,0.16738456387745101,target,Syntactic Change,qwen
task2_qwen_plausibility,d71f511788d7755a,integrated_gradients_qwen,precision_at_k,0.136986301369863,target,Omission,qwen
task2_qwen_plausibility,d71f511788d7755a,integrated_gradients_qwen,recall_at_k,0.136986301369863,target,Omission,qwen
task2_qwen_plausibility,d71f511788d7755a,integrated_gradients_qwen,f1_at_k,0.136986301369863,target,Omission,qwen
task2_qwen_plausibility,d71f511788d7755a,integrated_gradients_qwen,auprc,0.14475540961797306,target,Omission,qwen
task2_qwen_plausibility,d8eef360c7b226f8,integrated_gradients_qwen,precision_at_k,0.14285714285714285,target,Synonymy,qwen
task2_qwen_plausibility,d8eef360c7b226f8,integrated_gradients_qwen,recall_at_k,0.14285714285714285,target,Synonymy,qwen
task2_qwen_plausibility,d8eef360c7b226f8,integrated_gradients_qwen,f1_at_k,0.14285714285714285,target,Synonymy,qwen
task2_qwen_plausibility,d8eef360c7b226f8,integrated_gradients_qwen,auprc,0.12579500561016135,target,Synonymy,qwen
task2_qwen_plausibility,d8eef360c7b226f8,integrated_gradients_qwen,precision_at_k,0.09523809523809523,target,Modulation,qwen
task2_qwen_plausibility,d8eef360c7b226f8,integrated_gradients_qwen,recall_at_k,0.09523809523809523,target,Modulation,qwen
task2_qwen_plausibility,d8eef360c7b226f8,integrated_gradients_qwen,f1_at_k,0.09523809523809523,target,Modulation,qwen
task2_qwen_plausibility,d8eef360c7b226f8,integrated_gradients_qwen,auprc,0.13286487820612608,target,Modulation,qwen
task2_qwen_plausibility,d8eef360c7b226f8,integrated_gradients_qwen,precision_at_k,0.2857142857142857,target,Compression,qwen
task2_qwen_plausibility,d8eef360c7b226f8,integrated_gradients_qwen,recall_at_k,0.2857142857142857,target,Compression,qwen
task2_qwen_plausibility,d8eef360c7b226f8,integrated_gradients_qwen,f1_at_k,0.2857142857142857,target,Compression,qwen
task2_qwen_plausibility,d8eef360c7b226f8,integrated_gradients_qwen,auprc,0.21821691880625355,target,Compression,qwen
task2_qwen_plausibility,d8eef360c7b226f8,integrated_gradients_qwen,precision_at_k,0.07142857142857142,target,Syntactic Change,qwen
task2_qwen_plausibility,d8eef360c7b226f8,integrated_gradients_qwen,recall_at_k,0.07142857142857142,target,Syntactic Change,qwen
task2_qwen_plausibility,d8eef360c7b226f8,integrated_gradients_qwen,f1_at_k,0.07142857142857142,target,Syntactic Change,qwen
task2_qwen_plausibility,d8eef360c7b226f8,integrated_gradients_qwen,auprc,0.12149361093962094,target,Syntactic Change,qwen
task2_qwen_plausibility,d8eef360c7b226f8,integrated_gradients_qwen,precision_at_k,0.14285714285714285,target,Omission,qwen
task2_qwen_plausibility,d8eef360c7b226f8,integrated_gradients_qwen,recall_at_k,0.14285714285714285,target,Omission,qwen
task2_qwen_plausibility,d8eef360c7b226f8,integrated_gradients_qwen,f1_at_k,0.14285714285714285,target,Omission,qwen
task2_qwen_plausibility,d8eef360c7b226f8,integrated_gradients_qwen,auprc,0.13394538934516165,target,Omission,qwen
task2_qwen_plausibility,db9d242ec7c52178,integrated_gradients_qwen,precision_at_k,0.16666666666666666,target,Synonymy,qwen
task2_qwen_plausibility,db9d242ec7c52178,integrated_gradients_qwen,recall_at_k,0.16666666666666666,target,Synonymy,qwen
task2_qwen_plausibility,db9d242ec7c52178,integrated_gradients_qwen,f1_at_k,0.16666666666666666,target,Synonymy,qwen
task2_qwen_plausibility,db9d242ec7c52178,integrated_gradients_qwen,auprc,0.11098893426867086,target,Synonymy,qwen
task2_qwen_plausibility,db9d242ec7c52178,integrated_gradients_qwen,precision_at_k,0.05555555555555555,target,Modulation,qwen
task2_qwen_plausibility,db9d242ec7c52178,integrated_gradients_qwen,recall_at_k,0.05555555555555555,target,Modulation,qwen
task2_qwen_plausibility,db9d242ec7c52178,integrated_gradients_qwen,f1_at_k,0.05555555555555555,target,Modulation,qwen
task2_qwen_plausibility,db9d242ec7c52178,integrated_gradients_qwen,auprc,0.08555111923197767,target,Modulation,qwen
task2_qwen_plausibility,db9d242ec7c52178,integrated_gradients_qwen,precision_at_k,0.0,target,Compression,qwen
task2_qwen_plausibility,db9d242ec7c52178,integrated_gradients_qwen,recall_at_k,0.0,target,Compression,qwen
task2_qwen_plausibility,db9d242ec7c52178,integrated_gradients_qwen,f1_at_k,0.0,target,Compression,qwen
task2_qwen_plausibility,db9d242ec7c52178,integrated_gradients_qwen,auprc,0.06708579998415244,target,Compression,qwen
task2_qwen_plausibility,db9d242ec7c52178,integrated_gradients_qwen,precision_at_k,0.05555555555555555,target,Syntactic Change,qwen
task2_qwen_plausibility,db9d242ec7c52178,integrated_gradients_qwen,recall_at_k,0.05555555555555555,target,Syntactic Change,qwen
task2_qwen_plausibility,db9d242ec7c52178,integrated_gradients_qwen,f1_at_k,0.05555555555555555,target,Syntactic Change,qwen
task2_qwen_plausibility,db9d242ec7c52178,integrated_gradients_qwen,auprc,0.07695200885807142,target,Syntactic Change,qwen
task2_qwen_plausibility,db9d242ec7c52178,integrated_gradients_qwen,precision_at_k,0.0,target,Omission,qwen
task2_qwen_plausibility,db9d242ec7c52178,integrated_gradients_qwen,recall_at_k,0.0,target,Omission,qwen
task2_qwen_plausibility,db9d242ec7c52178,integrated_gradients_qwen,f1_at_k,0.0,target,Omission,qwen
task2_qwen_plausibility,db9d242ec7c52178,integrated_gradients_qwen,auprc,0.07649328624571707,target,Omission,qwen
task2_qwen_plausibility,e5bc02d62cc000ba,integrated_gradients_qwen,precision_at_k,0.1346153846153846,target,Synonymy,qwen
task2_qwen_plausibility,e5bc02d62cc000ba,integrated_gradients_qwen,recall_at_k,0.1346153846153846,target,Synonymy,qwen
task2_qwen_plausibility,e5bc02d62cc000ba,integrated_gradients_qwen,f1_at_k,0.1346153846153846,target,Synonymy,qwen
task2_qwen_plausibility,e5bc02d62cc000ba,integrated_gradients_qwen,auprc,0.09558336690393222,target,Synonymy,qwen
task2_qwen_plausibility,e5bc02d62cc000ba,integrated_gradients_qwen,precision_at_k,0.11538461538461539,target,Modulation,qwen
task2_qwen_plausibility,e5bc02d62cc000ba,integrated_gradients_qwen,recall_at_k,0.11538461538461539,target,Modulation,qwen
task2_qwen_plausibility,e5bc02d62cc000ba,integrated_gradients_qwen,f1_at_k,0.11538461538461539,target,Modulation,qwen
task2_qwen_plausibility,e5bc02d62cc000ba,integrated_gradients_qwen,auprc,0.09374504358459619,target,Modulation,qwen
task2_qwen_plausibility,e5bc02d62cc000ba,integrated_gradients_qwen,precision_at_k,0.038461538461538464,target,Compression,qwen
task2_qwen_plausibility,e5bc02d62cc000ba,integrated_gradients_qwen,recall_at_k,0.038461538461538464,target,Compression,qwen
task2_qwen_plausibility,e5bc02d62cc000ba,integrated_gradients_qwen,f1_at_k,0.038461538461538464,target,Compression,qwen
task2_qwen_plausibility,e5bc02d62cc000ba,integrated_gradients_qwen,auprc,0.10564147704519741,target,Compression,qwen
task2_qwen_plausibility,e5bc02d62cc000ba,integrated_gradients_qwen,precision_at_k,0.1346153846153846,target,Explanation,qwen
task2_qwen_plausibility,e5bc02d62cc000ba,integrated_gradients_qwen,recall_at_k,0.1346153846153846,target,Explanation,qwen
task2_qwen_plausibility,e5bc02d62cc000ba,integrated_gradients_qwen,f1_at_k,0.1346153846153846,target,Explanation,qwen
task2_qwen_plausibility,e5bc02d62cc000ba,integrated_gradients_qwen,auprc,0.10826895870448698,target,Explanation,qwen
task2_qwen_plausibility,e5bc02d62cc000ba,integrated_gradients_qwen,precision_at_k,0.1346153846153846,target,Syntactic Change,qwen
task2_qwen_plausibility,e5bc02d62cc000ba,integrated_gradients_qwen,recall_at_k,0.1346153846153846,target,Syntactic Change,qwen
task2_qwen_plausibility,e5bc02d62cc000ba,integrated_gradients_qwen,f1_at_k,0.1346153846153846,target,Syntactic Change,qwen
task2_qwen_plausibility,e5bc02d62cc000ba,integrated_gradients_qwen,auprc,0.09920957366598876,target,Syntactic Change,qwen
task2_qwen_plausibility,e5bc02d62cc000ba,integrated_gradients_qwen,precision_at_k,0.09615384615384616,target,Omission,qwen
task2_qwen_plausibility,e5bc02d62cc000ba,integrated_gradients_qwen,recall_at_k,0.09615384615384616,target,Omission,qwen
task2_qwen_plausibility,e5bc02d62cc000ba,integrated_gradients_qwen,f1_at_k,0.09615384615384616,target,Omission,qwen
task2_qwen_plausibility,e5bc02d62cc000ba,integrated_gradients_qwen,auprc,0.09203303426026199,target,Omission,qwen
task2_qwen_plausibility,ecab5677bc5ae164,integrated_gradients_qwen,precision_at_k,0.0,target,Synonymy,qwen
task2_qwen_plausibility,ecab5677bc5ae164,integrated_gradients_qwen,recall_at_k,0.0,target,Synonymy,qwen
task2_qwen_plausibility,ecab5677bc5ae164,integrated_gradients_qwen,f1_at_k,0.0,target,Synonymy,qwen
task2_qwen_plausibility,ecab5677bc5ae164,integrated_gradients_qwen,auprc,0.027273801636409294,target,Synonymy,qwen
task2_qwen_plausibility,f716126e55aeccd5,integrated_gradients_qwen,precision_at_k,0.058823529411764705,target,Synonymy,qwen
task2_qwen_plausibility,f716126e55aeccd5,integrated_gradients_qwen,recall_at_k,0.058823529411764705,target,Synonymy,qwen
task2_qwen_plausibility,f716126e55aeccd5,integrated_gradients_qwen,f1_at_k,0.058823529411764705,target,Synonymy,qwen
task2_qwen_plausibility,f716126e55aeccd5,integrated_gradients_qwen,auprc,0.06348675257217287,target,Synonymy,qwen
task2_qwen_plausibility,f716126e55aeccd5,integrated_gradients_qwen,precision_at_k,0.029411764705882353,target,Modulation,qwen
task2_qwen_plausibility,f716126e55aeccd5,integrated_gradients_qwen,recall_at_k,0.029411764705882353,target,Modulation,qwen
task2_qwen_plausibility,f716126e55aeccd5,integrated_gradients_qwen,f1_at_k,0.029411764705882353,target,Modulation,qwen
task2_qwen_plausibility,f716126e55aeccd5,integrated_gradients_qwen,auprc,0.08227821311260619,target,Modulation,qwen
task2_qwen_plausibility,f716126e55aeccd5,integrated_gradients_qwen,precision_at_k,0.17647058823529413,target,Compression,qwen
task2_qwen_plausibility,f716126e55aeccd5,integrated_gradients_qwen,recall_at_k,0.17647058823529413,target,Compression,qwen
task2_qwen_plausibility,f716126e55aeccd5,integrated_gradients_qwen,f1_at_k,0.17647058823529413,target,Compression,qwen
task2_qwen_plausibility,f716126e55aeccd5,integrated_gradients_qwen,auprc,0.14620776782055922,target,Compression,qwen
task2_qwen_plausibility,f716126e55aeccd5,integrated_gradients_qwen,precision_at_k,0.11764705882352941,target,Syntactic Change,qwen
task2_qwen_plausibility,f716126e55aeccd5,integrated_gradients_qwen,recall_at_k,0.11764705882352941,target,Syntactic Change,qwen
task2_qwen_plausibility,f716126e55aeccd5,integrated_gradients_qwen,f1_at_k,0.11764705882352941,target,Syntactic Change,qwen
task2_qwen_plausibility,f716126e55aeccd5,integrated_gradients_qwen,auprc,0.11213129327063825,target,Syntactic Change,qwen
task2_qwen_plausibility,fbe2e558b7326293,integrated_gradients_qwen,precision_at_k,0.17777777777777778,target,Synonymy,qwen
task2_qwen_plausibility,fbe2e558b7326293,integrated_gradients_qwen,recall_at_k,0.17777777777777778,target,Synonymy,qwen
task2_qwen_plausibility,fbe2e558b7326293,integrated_gradients_qwen,f1_at_k,0.17777777777777778,target,Synonymy,qwen
task2_qwen_plausibility,fbe2e558b7326293,integrated_gradients_qwen,auprc,0.11829924691515445,target,Synonymy,qwen
task2_qwen_plausibility,fbe2e558b7326293,integrated_gradients_qwen,precision_at_k,0.1111111111111111,target,Modulation,qwen
task2_qwen_plausibility,fbe2e558b7326293,integrated_gradients_qwen,recall_at_k,0.1111111111111111,target,Modulation,qwen
task2_qwen_plausibility,fbe2e558b7326293,integrated_gradients_qwen,f1_at_k,0.1111111111111111,target,Modulation,qwen
task2_qwen_plausibility,fbe2e558b7326293,integrated_gradients_qwen,auprc,0.1347144653819769,target,Modulation,qwen
task2_qwen_plausibility,fbe2e558b7326293,integrated_gradients_qwen,precision_at_k,0.17777777777777778,target,Compression,qwen
task2_qwen_plausibility,fbe2e558b7326293,integrated_gradients_qwen,recall_at_k,0.17777777777777778,target,Compression,qwen
task2_qwen_plausibility,fbe2e558b7326293,integrated_gradients_qwen,f1_at_k,0.17777777777777778,target,Compression,qwen
task2_qwen_plausibility,fbe2e558b7326293,integrated_gradients_qwen,auprc,0.16291465361097884,target,Compression,qwen
task2_qwen_plausibility,fbe2e558b7326293,integrated_gradients_qwen,precision_at_k,0.06666666666666667,target,Syntactic Change,qwen
task2_qwen_plausibility,fbe2e558b7326293,integrated_gradients_qwen,recall_at_k,0.06666666666666667,target,Syntactic Change,qwen
task2_qwen_plausibility,fbe2e558b7326293,integrated_gradients_qwen,f1_at_k,0.06666666666666667,target,Syntactic Change,qwen
task2_qwen_plausibility,fbe2e558b7326293,integrated_gradients_qwen,auprc,0.11219297552970109,target,Syntactic Change,qwen
task2_qwen_plausibility,0d8ed1fae1326a38,integrated_gradients_qwen,precision_at_k,0.1509433962264151,target,Synonymy,qwen
task2_qwen_plausibility,0d8ed1fae1326a38,integrated_gradients_qwen,recall_at_k,0.1509433962264151,target,Synonymy,qwen
task2_qwen_plausibility,0d8ed1fae1326a38,integrated_gradients_qwen,f1_at_k,0.1509433962264151,target,Synonymy,qwen
task2_qwen_plausibility,0d8ed1fae1326a38,integrated_gradients_qwen,auprc,0.12571307573074514,target,Synonymy,qwen
task2_qwen_plausibility,0d8ed1fae1326a38,integrated_gradients_qwen,precision_at_k,0.07547169811320754,target,Modulation,qwen
task2_qwen_plausibility,0d8ed1fae1326a38,integrated_gradients_qwen,recall_at_k,0.07547169811320754,target,Modulation,qwen
task2_qwen_plausibility,0d8ed1fae1326a38,integrated_gradients_qwen,f1_at_k,0.07547169811320754,target,Modulation,qwen
task2_qwen_plausibility,0d8ed1fae1326a38,integrated_gradients_qwen,auprc,0.11886306457338666,target,Modulation,qwen
task2_qwen_plausibility,0d8ed1fae1326a38,integrated_gradients_qwen,precision_at_k,0.18867924528301888,target,Compression,qwen
task2_qwen_plausibility,0d8ed1fae1326a38,integrated_gradients_qwen,recall_at_k,0.18867924528301888,target,Compression,qwen
task2_qwen_plausibility,0d8ed1fae1326a38,integrated_gradients_qwen,f1_at_k,0.18867924528301885,target,Compression,qwen
task2_qwen_plausibility,0d8ed1fae1326a38,integrated_gradients_qwen,auprc,0.24106989016067656,target,Compression,qwen
task2_qwen_plausibility,0d8ed1fae1326a38,integrated_gradients_qwen,precision_at_k,0.20754716981132076,target,Explanation,qwen
task2_qwen_plausibility,0d8ed1fae1326a38,integrated_gradients_qwen,recall_at_k,0.20754716981132076,target,Explanation,qwen
task2_qwen_plausibility,0d8ed1fae1326a38,integrated_gradients_qwen,f1_at_k,0.20754716981132076,target,Explanation,qwen
task2_qwen_plausibility,0d8ed1fae1326a38,integrated_gradients_qwen,auprc,0.2398855334129978,target,Explanation,qwen
task2_qwen_plausibility,0d8ed1fae1326a38,integrated_gradients_qwen,precision_at_k,0.18867924528301888,target,Syntactic Change,qwen
task2_qwen_plausibility,0d8ed1fae1326a38,integrated_gradients_qwen,recall_at_k,0.18867924528301888,target,Syntactic Change,qwen
task2_qwen_plausibility,0d8ed1fae1326a38,integrated_gradients_qwen,f1_at_k,0.18867924528301885,target,Syntactic Change,qwen
task2_qwen_plausibility,0d8ed1fae1326a38,integrated_gradients_qwen,auprc,0.20549189640750354,target,Syntactic Change,qwen
task2_qwen_plausibility,161a615d7857bc73,integrated_gradients_qwen,precision_at_k,0.0,target,Synonymy,qwen
task2_qwen_plausibility,161a615d7857bc73,integrated_gradients_qwen,recall_at_k,0.0,target,Synonymy,qwen
task2_qwen_plausibility,161a615d7857bc73,integrated_gradients_qwen,f1_at_k,0.0,target,Synonymy,qwen
task2_qwen_plausibility,161a615d7857bc73,integrated_gradients_qwen,auprc,0.0480036956009496,target,Synonymy,qwen
task2_qwen_plausibility,161a615d7857bc73,integrated_gradients_qwen,precision_at_k,0.0,target,Modulation,qwen
task2_qwen_plausibility,161a615d7857bc73,integrated_gradients_qwen,recall_at_k,0.0,target,Modulation,qwen
task2_qwen_plausibility,161a615d7857bc73,integrated_gradients_qwen,f1_at_k,0.0,target,Modulation,qwen
task2_qwen_plausibility,161a615d7857bc73,integrated_gradients_qwen,auprc,0.044290866922786845,target,Modulation,qwen
task2_qwen_plausibility,161a615d7857bc73,integrated_gradients_qwen,precision_at_k,0.0,target,Compression,qwen
task2_qwen_plausibility,161a615d7857bc73,integrated_gradients_qwen,recall_at_k,0.0,target,Compression,qwen
task2_qwen_plausibility,161a615d7857bc73,integrated_gradients_qwen,f1_at_k,0.0,target,Compression,qwen
task2_qwen_plausibility,161a615d7857bc73,integrated_gradients_qwen,auprc,0.058304986725519536,target,Compression,qwen
task2_qwen_plausibility,1af07aee67fb8b34,integrated_gradients_qwen,precision_at_k,0.14285714285714285,target,Synonymy,qwen
task2_qwen_plausibility,1af07aee67fb8b34,integrated_gradients_qwen,recall_at_k,0.14285714285714285,target,Synonymy,qwen
task2_qwen_plausibility,1af07aee67fb8b34,integrated_gradients_qwen,f1_at_k,0.14285714285714285,target,Synonymy,qwen
task2_qwen_plausibility,1af07aee67fb8b34,integrated_gradients_qwen,auprc,0.09264622163760586,target,Synonymy,qwen
task2_qwen_plausibility,1af07aee67fb8b34,integrated_gradients_qwen,precision_at_k,0.14285714285714285,target,Modulation,qwen
task2_qwen_plausibility,1af07aee67fb8b34,integrated_gradients_qwen,recall_at_k,0.14285714285714285,target,Modulation,qwen
task2_qwen_plausibility,1af07aee67fb8b34,integrated_gradients_qwen,f1_at_k,0.14285714285714285,target,Modulation,qwen
task2_qwen_plausibility,1af07aee67fb8b34,integrated_gradients_qwen,auprc,0.11285682031685768,target,Modulation,qwen
task2_qwen_plausibility,1af07aee67fb8b34,integrated_gradients_qwen,precision_at_k,0.07142857142857142,target,Compression,qwen
task2_qwen_plausibility,1af07aee67fb8b34,integrated_gradients_qwen,recall_at_k,0.07142857142857142,target,Compression,qwen
task2_qwen_plausibility,1af07aee67fb8b34,integrated_gradients_qwen,f1_at_k,0.07142857142857142,target,Compression,qwen
task2_qwen_plausibility,1af07aee67fb8b34,integrated_gradients_qwen,auprc,0.10563805711843643,target,Compression,qwen
task2_qwen_plausibility,1af07aee67fb8b34,integrated_gradients_qwen,precision_at_k,0.03571428571428571,target,Syntactic Change,qwen
task2_qwen_plausibility,1af07aee67fb8b34,integrated_gradients_qwen,recall_at_k,0.03571428571428571,target,Syntactic Change,qwen
task2_qwen_plausibility,1af07aee67fb8b34,integrated_gradients_qwen,f1_at_k,0.03571428571428571,target,Syntactic Change,qwen
task2_qwen_plausibility,1af07aee67fb8b34,integrated_gradients_qwen,auprc,0.07704815393583878,target,Syntactic Change,qwen
task2_qwen_plausibility,1e28d65b0fd66a9b,integrated_gradients_qwen,precision_at_k,0.10810810810810811,target,Synonymy,qwen
task2_qwen_plausibility,1e28d65b0fd66a9b,integrated_gradients_qwen,recall_at_k,0.10810810810810811,target,Synonymy,qwen
task2_qwen_plausibility,1e28d65b0fd66a9b,integrated_gradients_qwen,f1_at_k,0.10810810810810811,target,Synonymy,qwen
task2_qwen_plausibility,1e28d65b0fd66a9b,integrated_gradients_qwen,auprc,0.09838321926173649,target,Synonymy,qwen
task2_qwen_plausibility,1e28d65b0fd66a9b,integrated_gradients_qwen,precision_at_k,0.05405405405405406,target,Modulation,qwen
task2_qwen_plausibility,1e28d65b0fd66a9b,integrated_gradients_qwen,recall_at_k,0.05405405405405406,target,Modulation,qwen
task2_qwen_plausibility,1e28d65b0fd66a9b,integrated_gradients_qwen,f1_at_k,0.05405405405405406,target,Modulation,qwen
task2_qwen_plausibility,1e28d65b0fd66a9b,integrated_gradients_qwen,auprc,0.08443214644532282,target,Modulation,qwen
task2_qwen_plausibility,1e28d65b0fd66a9b,integrated_gradients_qwen,precision_at_k,0.13513513513513514,target,Compression,qwen
task2_qwen_plausibility,1e28d65b0fd66a9b,integrated_gradients_qwen,recall_at_k,0.13513513513513514,target,Compression,qwen
task2_qwen_plausibility,1e28d65b0fd66a9b,integrated_gradients_qwen,f1_at_k,0.13513513513513514,target,Compression,qwen
task2_qwen_plausibility,1e28d65b0fd66a9b,integrated_gradients_qwen,auprc,0.16540234377194452,target,Compression,qwen
task2_qwen_plausibility,1e28d65b0fd66a9b,integrated_gradients_qwen,precision_at_k,0.05405405405405406,target,Explanation,qwen
task2_qwen_plausibility,1e28d65b0fd66a9b,integrated_gradients_qwen,recall_at_k,0.05405405405405406,target,Explanation,qwen
task2_qwen_plausibility,1e28d65b0fd66a9b,integrated_gradients_qwen,f1_at_k,0.05405405405405406,target,Explanation,qwen
task2_qwen_plausibility,1e28d65b0fd66a9b,integrated_gradients_qwen,auprc,0.08111588959033408,target,Explanation,qwen
task2_qwen_plausibility,1e28d65b0fd66a9b,integrated_gradients_qwen,precision_at_k,0.05405405405405406,target,Syntactic Change,qwen
task2_qwen_plausibility,1e28d65b0fd66a9b,integrated_gradients_qwen,recall_at_k,0.05405405405405406,target,Syntactic Change,qwen
task2_qwen_plausibility,1e28d65b0fd66a9b,integrated_gradients_qwen,f1_at_k,0.05405405405405406,target,Syntactic Change,qwen
task2_qwen_plausibility,1e28d65b0fd66a9b,integrated_gradients_qwen,auprc,0.10448666848638158,target,Syntactic Change,qwen
task2_qwen_plausibility,22af842e96b28157,integrated_gradients_qwen,precision_at_k,0.21428571428571427,target,Synonymy,qwen
task2_qwen_plausibility,22af842e96b28157,integrated_gradients_qwen,recall_at_k,0.21428571428571427,target,Synonymy,qwen
task2_qwen_plausibility,22af842e96b28157,integrated_gradients_qwen,f1_at_k,0.21428571428571427,target,Synonymy,qwen
task2_qwen_plausibility,22af842e96b28157,integrated_gradients_qwen,auprc,0.15305363314862133,target,Synonymy,qwen
task2_qwen_plausibility,22af842e96b28157,integrated_gradients_qwen,precision_at_k,0.21428571428571427,target,Explanation,qwen
task2_qwen_plausibility,22af842e96b28157,integrated_gradients_qwen,recall_at_k,0.21428571428571427,target,Explanation,qwen
task2_qwen_plausibility,22af842e96b28157,integrated_gradients_qwen,f1_at_k,0.21428571428571427,target,Explanation,qwen
task2_qwen_plausibility,22af842e96b28157,integrated_gradients_qwen,auprc,0.2732235620986226,target,Explanation,qwen
task2_qwen_plausibility,25efa7ce550a65e8,integrated_gradients_qwen,precision_at_k,0.12903225806451613,target,Synonymy,qwen
task2_qwen_plausibility,25efa7ce550a65e8,integrated_gradients_qwen,recall_at_k,0.12903225806451613,target,Synonymy,qwen
task2_qwen_plausibility,25efa7ce550a65e8,integrated_gradients_qwen,f1_at_k,0.12903225806451613,target,Synonymy,qwen
task2_qwen_plausibility,25efa7ce550a65e8,integrated_gradients_qwen,auprc,0.1629694593064594,target,Synonymy,qwen
task2_qwen_plausibility,25efa7ce550a65e8,integrated_gradients_qwen,precision_at_k,0.1935483870967742,target,Modulation,qwen
task2_qwen_plausibility,25efa7ce550a65e8,integrated_gradients_qwen,recall_at_k,0.1935483870967742,target,Modulation,qwen
task2_qwen_plausibility,25efa7ce550a65e8,integrated_gradients_qwen,f1_at_k,0.1935483870967742,target,Modulation,qwen
task2_qwen_plausibility,25efa7ce550a65e8,integrated_gradients_qwen,auprc,0.14066195443356297,target,Modulation,qwen
task2_qwen_plausibility,25efa7ce550a65e8,integrated_gradients_qwen,precision_at_k,0.1774193548387097,target,Compression,qwen
task2_qwen_plausibility,25efa7ce550a65e8,integrated_gradients_qwen,recall_at_k,0.1774193548387097,target,Compression,qwen
task2_qwen_plausibility,25efa7ce550a65e8,integrated_gradients_qwen,f1_at_k,0.17741935483870971,target,Compression,qwen
task2_qwen_plausibility,25efa7ce550a65e8,integrated_gradients_qwen,auprc,0.18996406614571365,target,Compression,qwen
task2_qwen_plausibility,25efa7ce550a65e8,integrated_gradients_qwen,precision_at_k,0.20967741935483872,target,Explanation,qwen
task2_qwen_plausibility,25efa7ce550a65e8,integrated_gradients_qwen,recall_at_k,0.20967741935483872,target,Explanation,qwen
task2_qwen_plausibility,25efa7ce550a65e8,integrated_gradients_qwen,f1_at_k,0.20967741935483872,target,Explanation,qwen
task2_qwen_plausibility,25efa7ce550a65e8,integrated_gradients_qwen,auprc,0.1669417486443402,target,Explanation,qwen
task2_qwen_plausibility,25efa7ce550a65e8,integrated_gradients_qwen,precision_at_k,0.0967741935483871,target,Syntactic Change,qwen
task2_qwen_plausibility,25efa7ce550a65e8,integrated_gradients_qwen,recall_at_k,0.0967741935483871,target,Syntactic Change,qwen
task2_qwen_plausibility,25efa7ce550a65e8,integrated_gradients_qwen,f1_at_k,0.0967741935483871,target,Syntactic Change,qwen
task2_qwen_plausibility,25efa7ce550a65e8,integrated_gradients_qwen,auprc,0.1521222622798644,target,Syntactic Change,qwen
task2_qwen_plausibility,25efa7ce550a65e8,integrated_gradients_qwen,precision_at_k,0.20967741935483872,target,Omission,qwen
task2_qwen_plausibility,25efa7ce550a65e8,integrated_gradients_qwen,recall_at_k,0.20967741935483872,target,Omission,qwen
task2_qwen_plausibility,25efa7ce550a65e8,integrated_gradients_qwen,f1_at_k,0.20967741935483872,target,Omission,qwen
task2_qwen_plausibility,25efa7ce550a65e8,integrated_gradients_qwen,auprc,0.15208142835318128,target,Omission,qwen
task2_qwen_plausibility,2b8cd105f1b02c23,integrated_gradients_qwen,precision_at_k,0.0,target,Synonymy,qwen
task2_qwen_plausibility,2b8cd105f1b02c23,integrated_gradients_qwen,recall_at_k,0.0,target,Synonymy,qwen
task2_qwen_plausibility,2b8cd105f1b02c23,integrated_gradients_qwen,f1_at_k,0.0,target,Synonymy,qwen
task2_qwen_plausibility,2b8cd105f1b02c23,integrated_gradients_qwen,auprc,0.030822625765784928,target,Synonymy,qwen
task2_qwen_plausibility,2b8cd105f1b02c23,integrated_gradients_qwen,precision_at_k,0.0,target,Modulation,qwen
task2_qwen_plausibility,2b8cd105f1b02c23,integrated_gradients_qwen,recall_at_k,0.0,target,Modulation,qwen
task2_qwen_plausibility,2b8cd105f1b02c23,integrated_gradients_qwen,f1_at_k,0.0,target,Modulation,qwen
task2_qwen_plausibility,2b8cd105f1b02c23,integrated_gradients_qwen,auprc,0.028727952864556792,target,Modulation,qwen
task2_qwen_plausibility,2b8cd105f1b02c23,integrated_gradients_qwen,precision_at_k,0.0,target,Syntactic Change,qwen
task2_qwen_plausibility,2b8cd105f1b02c23,integrated_gradients_qwen,recall_at_k,0.0,target,Syntactic Change,qwen
task2_qwen_plausibility,2b8cd105f1b02c23,integrated_gradients_qwen,f1_at_k,0.0,target,Syntactic Change,qwen
task2_qwen_plausibility,2b8cd105f1b02c23,integrated_gradients_qwen,auprc,0.04110020972936634,target,Syntactic Change,qwen
task2_qwen_plausibility,357478fc517ba4b7,integrated_gradients_qwen,precision_at_k,0.125,target,Synonymy,qwen
task2_qwen_plausibility,357478fc517ba4b7,integrated_gradients_qwen,recall_at_k,0.125,target,Synonymy,qwen
task2_qwen_plausibility,357478fc517ba4b7,integrated_gradients_qwen,f1_at_k,0.125,target,Synonymy,qwen
task2_qwen_plausibility,357478fc517ba4b7,integrated_gradients_qwen,auprc,0.08491902144177974,target,Synonymy,qwen
task2_qwen_plausibility,357478fc517ba4b7,integrated_gradients_qwen,precision_at_k,0.0625,target,Modulation,qwen
task2_qwen_plausibility,357478fc517ba4b7,integrated_gradients_qwen,recall_at_k,0.0625,target,Modulation,qwen
task2_qwen_plausibility,357478fc517ba4b7,integrated_gradients_qwen,f1_at_k,0.0625,target,Modulation,qwen
task2_qwen_plausibility,357478fc517ba4b7,integrated_gradients_qwen,auprc,0.10692087979563483,target,Modulation,qwen
task2_qwen_plausibility,357478fc517ba4b7,integrated_gradients_qwen,precision_at_k,0.125,target,Explanation,qwen
task2_qwen_plausibility,357478fc517ba4b7,integrated_gradients_qwen,recall_at_k,0.125,target,Explanation,qwen
task2_qwen_plausibility,357478fc517ba4b7,integrated_gradients_qwen,f1_at_k,0.125,target,Explanation,qwen
task2_qwen_plausibility,357478fc517ba4b7,integrated_gradients_qwen,auprc,0.16311700324322714,target,Explanation,qwen
task2_qwen_plausibility,357478fc517ba4b7,integrated_gradients_qwen,precision_at_k,0.125,target,Syntactic Change,qwen
task2_qwen_plausibility,357478fc517ba4b7,integrated_gradients_qwen,recall_at_k,0.125,target,Syntactic Change,qwen
task2_qwen_plausibility,357478fc517ba4b7,integrated_gradients_qwen,f1_at_k,0.125,target,Syntactic Change,qwen
task2_qwen_plausibility,357478fc517ba4b7,integrated_gradients_qwen,auprc,0.14652568304207378,target,Syntactic Change,qwen
task2_qwen_plausibility,3900769ace2b0443,integrated_gradients_qwen,precision_at_k,0.0625,target,Synonymy,qwen
task2_qwen_plausibility,3900769ace2b0443,integrated_gradients_qwen,recall_at_k,0.0625,target,Synonymy,qwen
task2_qwen_plausibility,3900769ace2b0443,integrated_gradients_qwen,f1_at_k,0.0625,target,Synonymy,qwen
task2_qwen_plausibility,3900769ace2b0443,integrated_gradients_qwen,auprc,0.09309861874585962,target,Synonymy,qwen
task2_qwen_plausibility,3900769ace2b0443,integrated_gradients_qwen,precision_at_k,0.0,target,Modulation,qwen
task2_qwen_plausibility,3900769ace2b0443,integrated_gradients_qwen,recall_at_k,0.0,target,Modulation,qwen
task2_qwen_plausibility,3900769ace2b0443,integrated_gradients_qwen,f1_at_k,0.0,target,Modulation,qwen
task2_qwen_plausibility,3900769ace2b0443,integrated_gradients_qwen,auprc,0.06251680762427052,target,Modulation,qwen
task2_qwen_plausibility,3900769ace2b0443,integrated_gradients_qwen,precision_at_k,0.0,target,Compression,qwen
task2_qwen_plausibility,3900769ace2b0443,integrated_gradients_qwen,recall_at_k,0.0,target,Compression,qwen
task2_qwen_plausibility,3900769ace2b0443,integrated_gradients_qwen,f1_at_k,0.0,target,Compression,qwen
task2_qwen_plausibility,3900769ace2b0443,integrated_gradients_qwen,auprc,0.06174536670837866,target,Compression,qwen
task2_qwen_plausibility,3c14ec055d1f0d11,integrated_gradients_qwen,precision_at_k,0.09333333333333334,target,Synonymy,qwen
task2_qwen_plausibility,3c14ec055d1f0d11,integrated_gradients_qwen,recall_at_k,0.09333333333333334,target,Synonymy,qwen
task2_qwen_plausibility,3c14ec055d1f0d11,integrated_gradients_qwen,f1_at_k,0.09333333333333334,target,Synonymy,qwen
task2_qwen_plausibility,3c14ec055d1f0d11,integrated_gradients_qwen,auprc,0.10203252819409567,target,Synonymy,qwen
task2_qwen_plausibility,3c14ec055d1f0d11,integrated_gradients_qwen,precision_at_k,0.05333333333333334,target,Modulation,qwen
task2_qwen_plausibility,3c14ec055d1f0d11,integrated_gradients_qwen,recall_at_k,0.05333333333333334,target,Modulation,qwen
task2_qwen_plausibility,3c14ec055d1f0d11,integrated_gradients_qwen,f1_at_k,0.053333333333333344,target,Modulation,qwen
task2_qwen_plausibility,3c14ec055d1f0d11,integrated_gradients_qwen,auprc,0.09774365402970336,target,Modulation,qwen
task2_qwen_plausibility,3c14ec055d1f0d11,integrated_gradients_qwen,precision_at_k,0.09333333333333334,target,Compression,qwen
task2_qwen_plausibility,3c14ec055d1f0d11,integrated_gradients_qwen,recall_at_k,0.09333333333333334,target,Compression,qwen
task2_qwen_plausibility,3c14ec055d1f0d11,integrated_gradients_qwen,f1_at_k,0.09333333333333334,target,Compression,qwen
task2_qwen_plausibility,3c14ec055d1f0d11,integrated_gradients_qwen,auprc,0.12341578060056951,target,Compression,qwen
task2_qwen_plausibility,3c14ec055d1f0d11,integrated_gradients_qwen,precision_at_k,0.12,target,Explanation,qwen
task2_qwen_plausibility,3c14ec055d1f0d11,integrated_gradients_qwen,recall_at_k,0.12,target,Explanation,qwen
task2_qwen_plausibility,3c14ec055d1f0d11,integrated_gradients_qwen,f1_at_k,0.12,target,Explanation,qwen
task2_qwen_plausibility,3c14ec055d1f0d11,integrated_gradients_qwen,auprc,0.12322210982993731,target,Explanation,qwen
task2_qwen_plausibility,3c14ec055d1f0d11,integrated_gradients_qwen,precision_at_k,0.06666666666666667,target,Syntactic Change,qwen
task2_qwen_plausibility,3c14ec055d1f0d11,integrated_gradients_qwen,recall_at_k,0.06666666666666667,target,Syntactic Change,qwen
task2_qwen_plausibility,3c14ec055d1f0d11,integrated_gradients_qwen,f1_at_k,0.06666666666666667,target,Syntactic Change,qwen
task2_qwen_plausibility,3c14ec055d1f0d11,integrated_gradients_qwen,auprc,0.12145806669081413,target,Syntactic Change,qwen
task2_qwen_plausibility,3c14ec055d1f0d11,integrated_gradients_qwen,precision_at_k,0.18666666666666668,target,Omission,qwen
task2_qwen_plausibility,3c14ec055d1f0d11,integrated_gradients_qwen,recall_at_k,0.18666666666666668,target,Omission,qwen
task2_qwen_plausibility,3c14ec055d1f0d11,integrated_gradients_qwen,f1_at_k,0.18666666666666668,target,Omission,qwen
task2_qwen_plausibility,3c14ec055d1f0d11,integrated_gradients_qwen,auprc,0.14212281908209456,target,Omission,qwen
task2_qwen_plausibility,3e26eea6bb43c1de,integrated_gradients_qwen,precision_at_k,0.125,target,Synonymy,qwen
task2_qwen_plausibility,3e26eea6bb43c1de,integrated_gradients_qwen,recall_at_k,0.125,target,Synonymy,qwen
task2_qwen_plausibility,3e26eea6bb43c1de,integrated_gradients_qwen,f1_at_k,0.125,target,Synonymy,qwen
task2_qwen_plausibility,3e26eea6bb43c1de,integrated_gradients_qwen,auprc,0.12087581063985962,target,Synonymy,qwen
task2_qwen_plausibility,3e26eea6bb43c1de,integrated_gradients_qwen,precision_at_k,0.08333333333333333,target,Modulation,qwen
task2_qwen_plausibility,3e26eea6bb43c1de,integrated_gradients_qwen,recall_at_k,0.08333333333333333,target,Modulation,qwen
task2_qwen_plausibility,3e26eea6bb43c1de,integrated_gradients_qwen,f1_at_k,0.08333333333333333,target,Modulation,qwen
task2_qwen_plausibility,3e26eea6bb43c1de,integrated_gradients_qwen,auprc,0.12777427141750408,target,Modulation,qwen
task2_qwen_plausibility,3e26eea6bb43c1de,integrated_gradients_qwen,precision_at_k,0.041666666666666664,target,Syntactic Change,qwen
task2_qwen_plausibility,3e26eea6bb43c1de,integrated_gradients_qwen,recall_at_k,0.041666666666666664,target,Syntactic Change,qwen
task2_qwen_plausibility,3e26eea6bb43c1de,integrated_gradients_qwen,f1_at_k,0.041666666666666664,target,Syntactic Change,qwen
task2_qwen_plausibility,3e26eea6bb43c1de,integrated_gradients_qwen,auprc,0.12129958541358646,target,Syntactic Change,qwen
task2_qwen_plausibility,4263c780d7547c5d,integrated_gradients_qwen,precision_at_k,0.09615384615384616,target,Synonymy,qwen
task2_qwen_plausibility,4263c780d7547c5d,integrated_gradients_qwen,recall_at_k,0.09615384615384616,target,Synonymy,qwen
task2_qwen_plausibility,4263c780d7547c5d,integrated_gradients_qwen,f1_at_k,0.09615384615384616,target,Synonymy,qwen
task2_qwen_plausibility,4263c780d7547c5d,integrated_gradients_qwen,auprc,0.09669398187381939,target,Synonymy,qwen
task2_qwen_plausibility,4263c780d7547c5d,integrated_gradients_qwen,precision_at_k,0.07692307692307693,target,Modulation,qwen
task2_qwen_plausibility,4263c780d7547c5d,integrated_gradients_qwen,recall_at_k,0.07692307692307693,target,Modulation,qwen
task2_qwen_plausibility,4263c780d7547c5d,integrated_gradients_qwen,f1_at_k,0.07692307692307693,target,Modulation,qwen
task2_qwen_plausibility,4263c780d7547c5d,integrated_gradients_qwen,auprc,0.10030953170213633,target,Modulation,qwen
task2_qwen_plausibility,4263c780d7547c5d,integrated_gradients_qwen,precision_at_k,0.23076923076923078,target,Compression,qwen
task2_qwen_plausibility,4263c780d7547c5d,integrated_gradients_qwen,recall_at_k,0.23076923076923078,target,Compression,qwen
task2_qwen_plausibility,4263c780d7547c5d,integrated_gradients_qwen,f1_at_k,0.23076923076923078,target,Compression,qwen
task2_qwen_plausibility,4263c780d7547c5d,integrated_gradients_qwen,auprc,0.19929700141896486,target,Compression,qwen
task2_qwen_plausibility,4263c780d7547c5d,integrated_gradients_qwen,precision_at_k,0.25,target,Explanation,qwen
task2_qwen_plausibility,4263c780d7547c5d,integrated_gradients_qwen,recall_at_k,0.25,target,Explanation,qwen
task2_qwen_plausibility,4263c780d7547c5d,integrated_gradients_qwen,f1_at_k,0.25,target,Explanation,qwen
task2_qwen_plausibility,4263c780d7547c5d,integrated_gradients_qwen,auprc,0.22999702979564934,target,Explanation,qwen
task2_qwen_plausibility,4263c780d7547c5d,integrated_gradients_qwen,precision_at_k,0.11538461538461539,target,Syntactic Change,qwen
task2_qwen_plausibility,4263c780d7547c5d,integrated_gradients_qwen,recall_at_k,0.11538461538461539,target,Syntactic Change,qwen
task2_qwen_plausibility,4263c780d7547c5d,integrated_gradients_qwen,f1_at_k,0.11538461538461539,target,Syntactic Change,qwen
task2_qwen_plausibility,4263c780d7547c5d,integrated_gradients_qwen,auprc,0.13019904898177415,target,Syntactic Change,qwen
task2_qwen_plausibility,4263c780d7547c5d,integrated_gradients_qwen,precision_at_k,0.17307692307692307,target,Omission,qwen
task2_qwen_plausibility,4263c780d7547c5d,integrated_gradients_qwen,recall_at_k,0.17307692307692307,target,Omission,qwen
task2_qwen_plausibility,4263c780d7547c5d,integrated_gradients_qwen,f1_at_k,0.17307692307692307,target,Omission,qwen
task2_qwen_plausibility,4263c780d7547c5d,integrated_gradients_qwen,auprc,0.14005436306262886,target,Omission,qwen
task2_qwen_plausibility,4507b6633aab2eab,integrated_gradients_qwen,precision_at_k,0.375,target,Synonymy,qwen
task2_qwen_plausibility,4507b6633aab2eab,integrated_gradients_qwen,recall_at_k,0.375,target,Synonymy,qwen
task2_qwen_plausibility,4507b6633aab2eab,integrated_gradients_qwen,f1_at_k,0.375,target,Synonymy,qwen
task2_qwen_plausibility,4507b6633aab2eab,integrated_gradients_qwen,auprc,0.23339117455871042,target,Synonymy,qwen
task2_qwen_plausibility,4507b6633aab2eab,integrated_gradients_qwen,precision_at_k,0.0,target,Compression,qwen
task2_qwen_plausibility,4507b6633aab2eab,integrated_gradients_qwen,recall_at_k,0.0,target,Compression,qwen
task2_qwen_plausibility,4507b6633aab2eab,integrated_gradients_qwen,f1_at_k,0.0,target,Compression,qwen
task2_qwen_plausibility,4507b6633aab2eab,integrated_gradients_qwen,auprc,0.04122936271041328,target,Compression,qwen
task2_qwen_plausibility,4507b6633aab2eab,integrated_gradients_qwen,precision_at_k,0.0,target,Syntactic Change,qwen
task2_qwen_plausibility,4507b6633aab2eab,integrated_gradients_qwen,recall_at_k,0.0,target,Syntactic Change,qwen
task2_qwen_plausibility,4507b6633aab2eab,integrated_gradients_qwen,f1_at_k,0.0,target,Syntactic Change,qwen
task2_qwen_plausibility,4507b6633aab2eab,integrated_gradients_qwen,auprc,0.045772052240269194,target,Syntactic Change,qwen
task2_qwen_plausibility,45ecc17263f4631b,integrated_gradients_qwen,precision_at_k,0.15384615384615385,target,Synonymy,qwen
task2_qwen_plausibility,45ecc17263f4631b,integrated_gradients_qwen,recall_at_k,0.15384615384615385,target,Synonymy,qwen
task2_qwen_plausibility,45ecc17263f4631b,integrated_gradients_qwen,f1_at_k,0.15384615384615385,target,Synonymy,qwen
task2_qwen_plausibility,45ecc17263f4631b,integrated_gradients_qwen,auprc,0.1574711181607977,target,Synonymy,qwen
task2_qwen_plausibility,45ecc17263f4631b,integrated_gradients_qwen,precision_at_k,0.3076923076923077,target,Modulation,qwen
task2_qwen_plausibility,45ecc17263f4631b,integrated_gradients_qwen,recall_at_k,0.3076923076923077,target,Modulation,qwen
task2_qwen_plausibility,45ecc17263f4631b,integrated_gradients_qwen,f1_at_k,0.3076923076923077,target,Modulation,qwen
task2_qwen_plausibility,45ecc17263f4631b,integrated_gradients_qwen,auprc,0.1794772372743462,target,Modulation,qwen
task2_qwen_plausibility,45ecc17263f4631b,integrated_gradients_qwen,precision_at_k,0.0,target,Compression,qwen
task2_qwen_plausibility,45ecc17263f4631b,integrated_gradients_qwen,recall_at_k,0.0,target,Compression,qwen
task2_qwen_plausibility,45ecc17263f4631b,integrated_gradients_qwen,f1_at_k,0.0,target,Compression,qwen
task2_qwen_plausibility,45ecc17263f4631b,integrated_gradients_qwen,auprc,0.05594517023679311,target,Compression,qwen
task2_qwen_plausibility,45ecc17263f4631b,integrated_gradients_qwen,precision_at_k,0.07692307692307693,target,Syntactic Change,qwen
task2_qwen_plausibility,45ecc17263f4631b,integrated_gradients_qwen,recall_at_k,0.07692307692307693,target,Syntactic Change,qwen
task2_qwen_plausibility,45ecc17263f4631b,integrated_gradients_qwen,f1_at_k,0.07692307692307693,target,Syntactic Change,qwen
task2_qwen_plausibility,45ecc17263f4631b,integrated_gradients_qwen,auprc,0.06872098292643182,target,Syntactic Change,qwen
task2_qwen_plausibility,51892636b91813bc,integrated_gradients_qwen,precision_at_k,0.23076923076923078,target,Synonymy,qwen
task2_qwen_plausibility,51892636b91813bc,integrated_gradients_qwen,recall_at_k,0.23076923076923078,target,Synonymy,qwen
task2_qwen_plausibility,51892636b91813bc,integrated_gradients_qwen,f1_at_k,0.23076923076923078,target,Synonymy,qwen
task2_qwen_plausibility,51892636b91813bc,integrated_gradients_qwen,auprc,0.19569817606065443,target,Synonymy,qwen
task2_qwen_plausibility,51892636b91813bc,integrated_gradients_qwen,precision_at_k,0.1346153846153846,target,Modulation,qwen
task2_qwen_plausibility,51892636b91813bc,integrated_gradients_qwen,recall_at_k,0.1346153846153846,target,Modulation,qwen
task2_qwen_plausibility,51892636b91813bc,integrated_gradients_qwen,f1_at_k,0.1346153846153846,target,Modulation,qwen
task2_qwen_plausibility,51892636b91813bc,integrated_gradients_qwen,auprc,0.16130649497608013,target,Modulation,qwen
task2_qwen_plausibility,51892636b91813bc,integrated_gradients_qwen,precision_at_k,0.15384615384615385,target,Compression,qwen
task2_qwen_plausibility,51892636b91813bc,integrated_gradients_qwen,recall_at_k,0.15384615384615385,target,Compression,qwen
task2_qwen_plausibility,51892636b91813bc,integrated_gradients_qwen,f1_at_k,0.15384615384615385,target,Compression,qwen
task2_qwen_plausibility,51892636b91813bc,integrated_gradients_qwen,auprc,0.17587362076189528,target,Compression,qwen
task2_qwen_plausibility,51892636b91813bc,integrated_gradients_qwen,precision_at_k,0.1346153846153846,target,Syntactic Change,qwen
task2_qwen_plausibility,51892636b91813bc,integrated_gradients_qwen,recall_at_k,0.1346153846153846,target,Syntactic Change,qwen
task2_qwen_plausibility,51892636b91813bc,integrated_gradients_qwen,f1_at_k,0.1346153846153846,target,Syntactic Change,qwen
task2_qwen_plausibility,51892636b91813bc,integrated_gradients_qwen,auprc,0.12066735916818669,target,Syntactic Change,qwen
task2_qwen_plausibility,51892636b91813bc,integrated_gradients_qwen,precision_at_k,0.1346153846153846,target,Omission,qwen
task2_qwen_plausibility,51892636b91813bc,integrated_gradients_qwen,recall_at_k,0.1346153846153846,target,Omission,qwen
task2_qwen_plausibility,51892636b91813bc,integrated_gradients_qwen,f1_at_k,0.1346153846153846,target,Omission,qwen
task2_qwen_plausibility,51892636b91813bc,integrated_gradients_qwen,auprc,0.13383604168877056,target,Omission,qwen
task2_qwen_plausibility,5764f4b7cbed6c24,integrated_gradients_qwen,precision_at_k,0.1282051282051282,target,Synonymy,qwen
task2_qwen_plausibility,5764f4b7cbed6c24,integrated_gradients_qwen,recall_at_k,0.1282051282051282,target,Synonymy,qwen
task2_qwen_plausibility,5764f4b7cbed6c24,integrated_gradients_qwen,f1_at_k,0.1282051282051282,target,Synonymy,qwen
task2_qwen_plausibility,5764f4b7cbed6c24,integrated_gradients_qwen,auprc,0.0951134371834165,target,Synonymy,qwen
task2_qwen_plausibility,5764f4b7cbed6c24,integrated_gradients_qwen,precision_at_k,0.3076923076923077,target,Modulation,qwen
task2_qwen_plausibility,5764f4b7cbed6c24,integrated_gradients_qwen,recall_at_k,0.3076923076923077,target,Modulation,qwen
task2_qwen_plausibility,5764f4b7cbed6c24,integrated_gradients_qwen,f1_at_k,0.3076923076923077,target,Modulation,qwen
task2_qwen_plausibility,5764f4b7cbed6c24,integrated_gradients_qwen,auprc,0.17915533010999168,target,Modulation,qwen
task2_qwen_plausibility,5764f4b7cbed6c24,integrated_gradients_qwen,precision_at_k,0.10256410256410256,target,Compression,qwen
task2_qwen_plausibility,5764f4b7cbed6c24,integrated_gradients_qwen,recall_at_k,0.10256410256410256,target,Compression,qwen
task2_qwen_plausibility,5764f4b7cbed6c24,integrated_gradients_qwen,f1_at_k,0.10256410256410256,target,Compression,qwen
task2_qwen_plausibility,5764f4b7cbed6c24,integrated_gradients_qwen,auprc,0.12000944460309274,target,Compression,qwen
task2_qwen_plausibility,5764f4b7cbed6c24,integrated_gradients_qwen,precision_at_k,0.15384615384615385,target,Syntactic Change,qwen
task2_qwen_plausibility,5764f4b7cbed6c24,integrated_gradients_qwen,recall_at_k,0.15384615384615385,target,Syntactic Change,qwen
task2_qwen_plausibility,5764f4b7cbed6c24,integrated_gradients_qwen,f1_at_k,0.15384615384615385,target,Syntactic Change,qwen
task2_qwen_plausibility,5764f4b7cbed6c24,integrated_gradients_qwen,auprc,0.1387183422594509,target,Syntactic Change,qwen
task2_qwen_plausibility,660efcf9a6a49ac8,integrated_gradients_qwen,precision_at_k,0.11940298507462686,target,Synonymy,qwen
task2_qwen_plausibility,660efcf9a6a49ac8,integrated_gradients_qwen,recall_at_k,0.11940298507462686,target,Synonymy,qwen
task2_qwen_plausibility,660efcf9a6a49ac8,integrated_gradients_qwen,f1_at_k,0.11940298507462686,target,Synonymy,qwen
task2_qwen_plausibility,660efcf9a6a49ac8,integrated_gradients_qwen,auprc,0.15235159134839454,target,Synonymy,qwen
task2_qwen_plausibility,660efcf9a6a49ac8,integrated_gradients_qwen,precision_at_k,0.1791044776119403,target,Modulation,qwen
task2_qwen_plausibility,660efcf9a6a49ac8,integrated_gradients_qwen,recall_at_k,0.1791044776119403,target,Modulation,qwen
task2_qwen_plausibility,660efcf9a6a49ac8,integrated_gradients_qwen,f1_at_k,0.17910447761194032,target,Modulation,qwen
task2_qwen_plausibility,660efcf9a6a49ac8,integrated_gradients_qwen,auprc,0.18180438205755417,target,Modulation,qwen
task2_qwen_plausibility,660efcf9a6a49ac8,integrated_gradients_qwen,precision_at_k,0.26865671641791045,target,Compression,qwen
task2_qwen_plausibility,660efcf9a6a49ac8,integrated_gradients_qwen,recall_at_k,0.26865671641791045,target,Compression,qwen
task2_qwen_plausibility,660efcf9a6a49ac8,integrated_gradients_qwen,f1_at_k,0.26865671641791045,target,Compression,qwen
task2_qwen_plausibility,660efcf9a6a49ac8,integrated_gradients_qwen,auprc,0.27693257416432937,target,Compression,qwen
task2_qwen_plausibility,660efcf9a6a49ac8,integrated_gradients_qwen,precision_at_k,0.19402985074626866,target,Syntactic Change,qwen
task2_qwen_plausibility,660efcf9a6a49ac8,integrated_gradients_qwen,recall_at_k,0.19402985074626866,target,Syntactic Change,qwen
task2_qwen_plausibility,660efcf9a6a49ac8,integrated_gradients_qwen,f1_at_k,0.19402985074626866,target,Syntactic Change,qwen
task2_qwen_plausibility,660efcf9a6a49ac8,integrated_gradients_qwen,auprc,0.19722059149626223,target,Syntactic Change,qwen
task2_qwen_plausibility,660efcf9a6a49ac8,integrated_gradients_qwen,precision_at_k,0.22388059701492538,target,Omission,qwen
task2_qwen_plausibility,660efcf9a6a49ac8,integrated_gradients_qwen,recall_at_k,0.22388059701492538,target,Omission,qwen
task2_qwen_plausibility,660efcf9a6a49ac8,integrated_gradients_qwen,f1_at_k,0.22388059701492538,target,Omission,qwen
task2_qwen_plausibility,660efcf9a6a49ac8,integrated_gradients_qwen,auprc,0.19683888303148492,target,Omission,qwen
task2_qwen_plausibility,68d0e00ff727912e,integrated_gradients_qwen,precision_at_k,0.06896551724137931,target,Synonymy,qwen
task2_qwen_plausibility,68d0e00ff727912e,integrated_gradients_qwen,recall_at_k,0.06896551724137931,target,Synonymy,qwen
task2_qwen_plausibility,68d0e00ff727912e,integrated_gradients_qwen,f1_at_k,0.06896551724137931,target,Synonymy,qwen
task2_qwen_plausibility,68d0e00ff727912e,integrated_gradients_qwen,auprc,0.09985633244547551,target,Synonymy,qwen
task2_qwen_plausibility,68d0e00ff727912e,integrated_gradients_qwen,precision_at_k,0.1724137931034483,target,Modulation,qwen
task2_qwen_plausibility,68d0e00ff727912e,integrated_gradients_qwen,recall_at_k,0.1724137931034483,target,Modulation,qwen
task2_qwen_plausibility,68d0e00ff727912e,integrated_gradients_qwen,f1_at_k,0.1724137931034483,target,Modulation,qwen
task2_qwen_plausibility,68d0e00ff727912e,integrated_gradients_qwen,auprc,0.14233102541488518,target,Modulation,qwen
task2_qwen_plausibility,68d0e00ff727912e,integrated_gradients_qwen,precision_at_k,0.10344827586206896,target,Compression,qwen
task2_qwen_plausibility,68d0e00ff727912e,integrated_gradients_qwen,recall_at_k,0.10344827586206896,target,Compression,qwen
task2_qwen_plausibility,68d0e00ff727912e,integrated_gradients_qwen,f1_at_k,0.10344827586206896,target,Compression,qwen
task2_qwen_plausibility,68d0e00ff727912e,integrated_gradients_qwen,auprc,0.13853300387762257,target,Compression,qwen
task2_qwen_plausibility,68d0e00ff727912e,integrated_gradients_qwen,precision_at_k,0.0,target,Syntactic Change,qwen
task2_qwen_plausibility,68d0e00ff727912e,integrated_gradients_qwen,recall_at_k,0.0,target,Syntactic Change,qwen
task2_qwen_plausibility,68d0e00ff727912e,integrated_gradients_qwen,f1_at_k,0.0,target,Syntactic Change,qwen
task2_qwen_plausibility,68d0e00ff727912e,integrated_gradients_qwen,auprc,0.08951117784439222,target,Syntactic Change,qwen
task2_qwen_plausibility,68d0e00ff727912e,integrated_gradients_qwen,precision_at_k,0.06896551724137931,target,Omission,qwen
task2_qwen_plausibility,68d0e00ff727912e,integrated_gradients_qwen,recall_at_k,0.06896551724137931,target,Omission,qwen
task2_qwen_plausibility,68d0e00ff727912e,integrated_gradients_qwen,f1_at_k,0.06896551724137931,target,Omission,qwen
task2_qwen_plausibility,68d0e00ff727912e,integrated_gradients_qwen,auprc,0.08992298954861573,target,Omission,qwen
task2_qwen_plausibility,7c72952e67be8e1b,integrated_gradients_qwen,precision_at_k,0.1111111111111111,target,Synonymy,qwen
task2_qwen_plausibility,7c72952e67be8e1b,integrated_gradients_qwen,recall_at_k,0.1111111111111111,target,Synonymy,qwen
task2_qwen_plausibility,7c72952e67be8e1b,integrated_gradients_qwen,f1_at_k,0.1111111111111111,target,Synonymy,qwen
task2_qwen_plausibility,7c72952e67be8e1b,integrated_gradients_qwen,auprc,0.09275659807636914,target,Synonymy,qwen
task2_qwen_plausibility,7c72952e67be8e1b,integrated_gradients_qwen,precision_at_k,0.1111111111111111,target,Compression,qwen
task2_qwen_plausibility,7c72952e67be8e1b,integrated_gradients_qwen,recall_at_k,0.1111111111111111,target,Compression,qwen
task2_qwen_plausibility,7c72952e67be8e1b,integrated_gradients_qwen,f1_at_k,0.1111111111111111,target,Compression,qwen
task2_qwen_plausibility,7c72952e67be8e1b,integrated_gradients_qwen,auprc,0.08028992656257916,target,Compression,qwen
task2_qwen_plausibility,7e54bde8de12fb3b,integrated_gradients_qwen,precision_at_k,0.09523809523809523,target,Synonymy,qwen
task2_qwen_plausibility,7e54bde8de12fb3b,integrated_gradients_qwen,recall_at_k,0.09523809523809523,target,Synonymy,qwen
task2_qwen_plausibility,7e54bde8de12fb3b,integrated_gradients_qwen,f1_at_k,0.09523809523809523,target,Synonymy,qwen
task2_qwen_plausibility,7e54bde8de12fb3b,integrated_gradients_qwen,auprc,0.09408679517357053,target,Synonymy,qwen
task2_qwen_plausibility,7e54bde8de12fb3b,integrated_gradients_qwen,precision_at_k,0.15873015873015872,target,Modulation,qwen
task2_qwen_plausibility,7e54bde8de12fb3b,integrated_gradients_qwen,recall_at_k,0.15873015873015872,target,Modulation,qwen
task2_qwen_plausibility,7e54bde8de12fb3b,integrated_gradients_qwen,f1_at_k,0.15873015873015872,target,Modulation,qwen
task2_qwen_plausibility,7e54bde8de12fb3b,integrated_gradients_qwen,auprc,0.12747341957755642,target,Modulation,qwen
task2_qwen_plausibility,7e54bde8de12fb3b,integrated_gradients_qwen,precision_at_k,0.12698412698412698,target,Compression,qwen
task2_qwen_plausibility,7e54bde8de12fb3b,integrated_gradients_qwen,recall_at_k,0.12698412698412698,target,Compression,qwen
task2_qwen_plausibility,7e54bde8de12fb3b,integrated_gradients_qwen,f1_at_k,0.12698412698412698,target,Compression,qwen
task2_qwen_plausibility,7e54bde8de12fb3b,integrated_gradients_qwen,auprc,0.15453025270370543,target,Compression,qwen
task2_qwen_plausibility,7e54bde8de12fb3b,integrated_gradients_qwen,precision_at_k,0.12698412698412698,target,Explanation,qwen
task2_qwen_plausibility,7e54bde8de12fb3b,integrated_gradients_qwen,recall_at_k,0.12698412698412698,target,Explanation,qwen
task2_qwen_plausibility,7e54bde8de12fb3b,integrated_gradients_qwen,f1_at_k,0.12698412698412698,target,Explanation,qwen
task2_qwen_plausibility,7e54bde8de12fb3b,integrated_gradients_qwen,auprc,0.13084784968428523,target,Explanation,qwen
task2_qwen_plausibility,7e54bde8de12fb3b,integrated_gradients_qwen,precision_at_k,0.09523809523809523,target,Syntactic Change,qwen
task2_qwen_plausibility,7e54bde8de12fb3b,integrated_gradients_qwen,recall_at_k,0.09523809523809523,target,Syntactic Change,qwen
task2_qwen_plausibility,7e54bde8de12fb3b,integrated_gradients_qwen,f1_at_k,0.09523809523809523,target,Syntactic Change,qwen
task2_qwen_plausibility,7e54bde8de12fb3b,integrated_gradients_qwen,auprc,0.1313613108616493,target,Syntactic Change,qwen
task2_qwen_plausibility,9890c1fd323f06fc,integrated_gradients_qwen,precision_at_k,0.08108108108108109,target,Synonymy,qwen
task2_qwen_plausibility,9890c1fd323f06fc,integrated_gradients_qwen,recall_at_k,0.08108108108108109,target,Synonymy,qwen
task2_qwen_plausibility,9890c1fd323f06fc,integrated_gradients_qwen,f1_at_k,0.08108108108108109,target,Synonymy,qwen
task2_qwen_plausibility,9890c1fd323f06fc,integrated_gradients_qwen,auprc,0.08464627342057945,target,Synonymy,qwen
task2_qwen_plausibility,9890c1fd323f06fc,integrated_gradients_qwen,precision_at_k,0.05405405405405406,target,Modulation,qwen
task2_qwen_plausibility,9890c1fd323f06fc,integrated_gradients_qwen,recall_at_k,0.05405405405405406,target,Modulation,qwen
task2_qwen_plausibility,9890c1fd323f06fc,integrated_gradients_qwen,f1_at_k,0.05405405405405406,target,Modulation,qwen
task2_qwen_plausibility,9890c1fd323f06fc,integrated_gradients_qwen,auprc,0.08818464099097878,target,Modulation,qwen
task2_qwen_plausibility,9890c1fd323f06fc,integrated_gradients_qwen,precision_at_k,0.08108108108108109,target,Compression,qwen
task2_qwen_plausibility,9890c1fd323f06fc,integrated_gradients_qwen,recall_at_k,0.08108108108108109,target,Compression,qwen
task2_qwen_plausibility,9890c1fd323f06fc,integrated_gradients_qwen,f1_at_k,0.08108108108108109,target,Compression,qwen
task2_qwen_plausibility,9890c1fd323f06fc,integrated_gradients_qwen,auprc,0.1254045189948079,target,Compression,qwen
task2_qwen_plausibility,9890c1fd323f06fc,integrated_gradients_qwen,precision_at_k,0.16216216216216217,target,Syntactic Change,qwen
task2_qwen_plausibility,9890c1fd323f06fc,integrated_gradients_qwen,recall_at_k,0.16216216216216217,target,Syntactic Change,qwen
task2_qwen_plausibility,9890c1fd323f06fc,integrated_gradients_qwen,f1_at_k,0.16216216216216217,target,Syntactic Change,qwen
task2_qwen_plausibility,9890c1fd323f06fc,integrated_gradients_qwen,auprc,0.12454561921527968,target,Syntactic Change,qwen
task2_qwen_plausibility,9890c1fd323f06fc,integrated_gradients_qwen,precision_at_k,0.02702702702702703,target,Omission,qwen
task2_qwen_plausibility,9890c1fd323f06fc,integrated_gradients_qwen,recall_at_k,0.02702702702702703,target,Omission,qwen
task2_qwen_plausibility,9890c1fd323f06fc,integrated_gradients_qwen,f1_at_k,0.02702702702702703,target,Omission,qwen
task2_qwen_plausibility,9890c1fd323f06fc,integrated_gradients_qwen,auprc,0.067494048246482,target,Omission,qwen
task2_qwen_plausibility,a58f01630c847e1b,integrated_gradients_qwen,precision_at_k,0.07692307692307693,target,Synonymy,qwen
task2_qwen_plausibility,a58f01630c847e1b,integrated_gradients_qwen,recall_at_k,0.07692307692307693,target,Synonymy,qwen
task2_qwen_plausibility,a58f01630c847e1b,integrated_gradients_qwen,f1_at_k,0.07692307692307693,target,Synonymy,qwen
task2_qwen_plausibility,a58f01630c847e1b,integrated_gradients_qwen,auprc,0.05990629612063902,target,Synonymy,qwen
task2_qwen_plausibility,a58f01630c847e1b,integrated_gradients_qwen,precision_at_k,0.07692307692307693,target,Modulation,qwen
task2_qwen_plausibility,a58f01630c847e1b,integrated_gradients_qwen,recall_at_k,0.07692307692307693,target,Modulation,qwen
task2_qwen_plausibility,a58f01630c847e1b,integrated_gradients_qwen,f1_at_k,0.07692307692307693,target,Modulation,qwen
task2_qwen_plausibility,a58f01630c847e1b,integrated_gradients_qwen,auprc,0.07272129794086998,target,Modulation,qwen
task2_qwen_plausibility,a58f01630c847e1b,integrated_gradients_qwen,precision_at_k,0.11538461538461539,target,Compression,qwen
task2_qwen_plausibility,a58f01630c847e1b,integrated_gradients_qwen,recall_at_k,0.11538461538461539,target,Compression,qwen
task2_qwen_plausibility,a58f01630c847e1b,integrated_gradients_qwen,f1_at_k,0.11538461538461539,target,Compression,qwen
task2_qwen_plausibility,a58f01630c847e1b,integrated_gradients_qwen,auprc,0.11444303198207804,target,Compression,qwen
task2_qwen_plausibility,a58f01630c847e1b,integrated_gradients_qwen,precision_at_k,0.0,target,Explanation,qwen
task2_qwen_plausibility,a58f01630c847e1b,integrated_gradients_qwen,recall_at_k,0.0,target,Explanation,qwen
task2_qwen_plausibility,a58f01630c847e1b,integrated_gradients_qwen,f1_at_k,0.0,target,Explanation,qwen
task2_qwen_plausibility,a58f01630c847e1b,integrated_gradients_qwen,auprc,0.06898376553779001,target,Explanation,qwen
task2_qwen_plausibility,a58f01630c847e1b,integrated_gradients_qwen,precision_at_k,0.0,target,Syntactic Change,qwen
task2_qwen_plausibility,a58f01630c847e1b,integrated_gradients_qwen,recall_at_k,0.0,target,Syntactic Change,qwen
task2_qwen_plausibility,a58f01630c847e1b,integrated_gradients_qwen,f1_at_k,0.0,target,Syntactic Change,qwen
task2_qwen_plausibility,a58f01630c847e1b,integrated_gradients_qwen,auprc,0.07654291660989375,target,Syntactic Change,qwen
task2_qwen_plausibility,a620c5babe6035a2,integrated_gradients_qwen,precision_at_k,0.15555555555555556,target,Synonymy,qwen
task2_qwen_plausibility,a620c5babe6035a2,integrated_gradients_qwen,recall_at_k,0.15555555555555556,target,Synonymy,qwen
task2_qwen_plausibility,a620c5babe6035a2,integrated_gradients_qwen,f1_at_k,0.15555555555555556,target,Synonymy,qwen
task2_qwen_plausibility,a620c5babe6035a2,integrated_gradients_qwen,auprc,0.15551402923856703,target,Synonymy,qwen
task2_qwen_plausibility,a620c5babe6035a2,integrated_gradients_qwen,precision_at_k,0.2222222222222222,target,Modulation,qwen
task2_qwen_plausibility,a620c5babe6035a2,integrated_gradients_qwen,recall_at_k,0.2222222222222222,target,Modulation,qwen
task2_qwen_plausibility,a620c5babe6035a2,integrated_gradients_qwen,f1_at_k,0.2222222222222222,target,Modulation,qwen
task2_qwen_plausibility,a620c5babe6035a2,integrated_gradients_qwen,auprc,0.20068606687736248,target,Modulation,qwen
task2_qwen_plausibility,a620c5babe6035a2,integrated_gradients_qwen,precision_at_k,0.17777777777777778,target,Compression,qwen
task2_qwen_plausibility,a620c5babe6035a2,integrated_gradients_qwen,recall_at_k,0.17777777777777778,target,Compression,qwen
task2_qwen_plausibility,a620c5babe6035a2,integrated_gradients_qwen,f1_at_k,0.17777777777777778,target,Compression,qwen
task2_qwen_plausibility,a620c5babe6035a2,integrated_gradients_qwen,auprc,0.18344237948037015,target,Compression,qwen
task2_qwen_plausibility,a620c5babe6035a2,integrated_gradients_qwen,precision_at_k,0.3333333333333333,target,Explanation,qwen
task2_qwen_plausibility,a620c5babe6035a2,integrated_gradients_qwen,recall_at_k,0.3333333333333333,target,Explanation,qwen
task2_qwen_plausibility,a620c5babe6035a2,integrated_gradients_qwen,f1_at_k,0.3333333333333333,target,Explanation,qwen
task2_qwen_plausibility,a620c5babe6035a2,integrated_gradients_qwen,auprc,0.29388385058345784,target,Explanation,qwen
task2_qwen_plausibility,a620c5babe6035a2,integrated_gradients_qwen,precision_at_k,0.1111111111111111,target,Syntactic Change,qwen
task2_qwen_plausibility,a620c5babe6035a2,integrated_gradients_qwen,recall_at_k,0.1111111111111111,target,Syntactic Change,qwen
task2_qwen_plausibility,a620c5babe6035a2,integrated_gradients_qwen,f1_at_k,0.1111111111111111,target,Syntactic Change,qwen
task2_qwen_plausibility,a620c5babe6035a2,integrated_gradients_qwen,auprc,0.15759344486693014,target,Syntactic Change,qwen
task2_qwen_plausibility,a620c5babe6035a2,integrated_gradients_qwen,precision_at_k,0.1111111111111111,target,Omission,qwen
task2_qwen_plausibility,a620c5babe6035a2,integrated_gradients_qwen,recall_at_k,0.1111111111111111,target,Omission,qwen
task2_qwen_plausibility,a620c5babe6035a2,integrated_gradients_qwen,f1_at_k,0.1111111111111111,target,Omission,qwen
task2_qwen_plausibility,a620c5babe6035a2,integrated_gradients_qwen,auprc,0.15597619066698704,target,Omission,qwen
task2_qwen_plausibility,a93d266d784d316f,integrated_gradients_qwen,precision_at_k,0.06666666666666667,target,Explanation,qwen
task2_qwen_plausibility,a93d266d784d316f,integrated_gradients_qwen,recall_at_k,0.06666666666666667,target,Explanation,qwen
task2_qwen_plausibility,a93d266d784d316f,integrated_gradients_qwen,f1_at_k,0.06666666666666667,target,Explanation,qwen
task2_qwen_plausibility,a93d266d784d316f,integrated_gradients_qwen,auprc,0.103324642989317,target,Explanation,qwen
task2_qwen_plausibility,ae214850d5596982,integrated_gradients_qwen,precision_at_k,0.14285714285714285,target,Synonymy,qwen
task2_qwen_plausibility,ae214850d5596982,integrated_gradients_qwen,recall_at_k,0.14285714285714285,target,Synonymy,qwen
task2_qwen_plausibility,ae214850d5596982,integrated_gradients_qwen,f1_at_k,0.14285714285714285,target,Synonymy,qwen
task2_qwen_plausibility,ae214850d5596982,integrated_gradients_qwen,auprc,0.09094510281601034,target,Synonymy,qwen
task2_qwen_plausibility,ae214850d5596982,integrated_gradients_qwen,precision_at_k,0.0,target,Modulation,qwen
task2_qwen_plausibility,ae214850d5596982,integrated_gradients_qwen,recall_at_k,0.0,target,Modulation,qwen
task2_qwen_plausibility,ae214850d5596982,integrated_gradients_qwen,f1_at_k,0.0,target,Modulation,qwen
task2_qwen_plausibility,ae214850d5596982,integrated_gradients_qwen,auprc,0.046682849091294186,target,Modulation,qwen
task2_qwen_plausibility,afa62987cea13068,integrated_gradients_qwen,precision_at_k,0.0,target,Synonymy,qwen
task2_qwen_plausibility,afa62987cea13068,integrated_gradients_qwen,recall_at_k,0.0,target,Synonymy,qwen
task2_qwen_plausibility,afa62987cea13068,integrated_gradients_qwen,f1_at_k,0.0,target,Synonymy,qwen
task2_qwen_plausibility,afa62987cea13068,integrated_gradients_qwen,auprc,0.05814192442084398,target,Synonymy,qwen
task2_qwen_plausibility,afa62987cea13068,integrated_gradients_qwen,precision_at_k,0.10526315789473684,target,Modulation,qwen
task2_qwen_plausibility,afa62987cea13068,integrated_gradients_qwen,recall_at_k,0.10526315789473684,target,Modulation,qwen
task2_qwen_plausibility,afa62987cea13068,integrated_gradients_qwen,f1_at_k,0.10526315789473684,target,Modulation,qwen
task2_qwen_plausibility,afa62987cea13068,integrated_gradients_qwen,auprc,0.05653575699434145,target,Modulation,qwen
task2_qwen_plausibility,afa62987cea13068,integrated_gradients_qwen,precision_at_k,0.05263157894736842,target,Compression,qwen
task2_qwen_plausibility,afa62987cea13068,integrated_gradients_qwen,recall_at_k,0.05263157894736842,target,Compression,qwen
task2_qwen_plausibility,afa62987cea13068,integrated_gradients_qwen,f1_at_k,0.05263157894736842,target,Compression,qwen
task2_qwen_plausibility,afa62987cea13068,integrated_gradients_qwen,auprc,0.07891189889219749,target,Compression,qwen
task2_qwen_plausibility,afa62987cea13068,integrated_gradients_qwen,precision_at_k,0.0,target,Syntactic Change,qwen
task2_qwen_plausibility,afa62987cea13068,integrated_gradients_qwen,recall_at_k,0.0,target,Syntactic Change,qwen
task2_qwen_plausibility,afa62987cea13068,integrated_gradients_qwen,f1_at_k,0.0,target,Syntactic Change,qwen
task2_qwen_plausibility,afa62987cea13068,integrated_gradients_qwen,auprc,0.056308785585815854,target,Syntactic Change,qwen
task2_qwen_plausibility,d2f2e7f20eec472a,integrated_gradients_qwen,precision_at_k,0.18181818181818182,target,Synonymy,qwen
task2_qwen_plausibility,d2f2e7f20eec472a,integrated_gradients_qwen,recall_at_k,0.18181818181818182,target,Synonymy,qwen
task2_qwen_plausibility,d2f2e7f20eec472a,integrated_gradients_qwen,f1_at_k,0.18181818181818182,target,Synonymy,qwen
task2_qwen_plausibility,d2f2e7f20eec472a,integrated_gradients_qwen,auprc,0.13892527982949301,target,Synonymy,qwen
task2_qwen_plausibility,d2f2e7f20eec472a,integrated_gradients_qwen,precision_at_k,0.0,target,Modulation,qwen
task2_qwen_plausibility,d2f2e7f20eec472a,integrated_gradients_qwen,recall_at_k,0.0,target,Modulation,qwen
task2_qwen_plausibility,d2f2e7f20eec472a,integrated_gradients_qwen,f1_at_k,0.0,target,Modulation,qwen
task2_qwen_plausibility,d2f2e7f20eec472a,integrated_gradients_qwen,auprc,0.04083495231869379,target,Modulation,qwen
task2_qwen_plausibility,d2f2e7f20eec472a,integrated_gradients_qwen,precision_at_k,0.0,target,Syntactic Change,qwen
task2_qwen_plausibility,d2f2e7f20eec472a,integrated_gradients_qwen,recall_at_k,0.0,target,Syntactic Change,qwen
task2_qwen_plausibility,d2f2e7f20eec472a,integrated_gradients_qwen,f1_at_k,0.0,target,Syntactic Change,qwen
task2_qwen_plausibility,d2f2e7f20eec472a,integrated_gradients_qwen,auprc,0.05747031837127549,target,Syntactic Change,qwen
task2_qwen_plausibility,d529a52fe5e1accf,integrated_gradients_qwen,precision_at_k,0.0,target,Synonymy,qwen
task2_qwen_plausibility,d529a52fe5e1accf,integrated_gradients_qwen,recall_at_k,0.0,target,Synonymy,qwen
task2_qwen_plausibility,d529a52fe5e1accf,integrated_gradients_qwen,f1_at_k,0.0,target,Synonymy,qwen
task2_qwen_plausibility,d529a52fe5e1accf,integrated_gradients_qwen,auprc,0.0545237517642921,target,Synonymy,qwen
task2_qwen_plausibility,d529a52fe5e1accf,integrated_gradients_qwen,precision_at_k,0.06451612903225806,target,Modulation,qwen
task2_qwen_plausibility,d529a52fe5e1accf,integrated_gradients_qwen,recall_at_k,0.06451612903225806,target,Modulation,qwen
task2_qwen_plausibility,d529a52fe5e1accf,integrated_gradients_qwen,f1_at_k,0.06451612903225806,target,Modulation,qwen
task2_qwen_plausibility,d529a52fe5e1accf,integrated_gradients_qwen,auprc,0.08314638300706235,target,Modulation,qwen
task2_qwen_plausibility,d529a52fe5e1accf,integrated_gradients_qwen,precision_at_k,0.12903225806451613,target,Compression,qwen
task2_qwen_plausibility,d529a52fe5e1accf,integrated_gradients_qwen,recall_at_k,0.12903225806451613,target,Compression,qwen
task2_qwen_plausibility,d529a52fe5e1accf,integrated_gradients_qwen,f1_at_k,0.12903225806451613,target,Compression,qwen
task2_qwen_plausibility,d529a52fe5e1accf,integrated_gradients_qwen,auprc,0.1195695848540018,target,Compression,qwen
task2_qwen_plausibility,d529a52fe5e1accf,integrated_gradients_qwen,precision_at_k,0.1935483870967742,target,Explanation,qwen
task2_qwen_plausibility,d529a52fe5e1accf,integrated_gradients_qwen,recall_at_k,0.1935483870967742,target,Explanation,qwen
task2_qwen_plausibility,d529a52fe5e1accf,integrated_gradients_qwen,f1_at_k,0.1935483870967742,target,Explanation,qwen
task2_qwen_plausibility,d529a52fe5e1accf,integrated_gradients_qwen,auprc,0.11143333433532114,target,Explanation,qwen
task2_qwen_plausibility,d529a52fe5e1accf,integrated_gradients_qwen,precision_at_k,0.0967741935483871,target,Syntactic Change,qwen
task2_qwen_plausibility,d529a52fe5e1accf,integrated_gradients_qwen,recall_at_k,0.0967741935483871,target,Syntactic Change,qwen
task2_qwen_plausibility,d529a52fe5e1accf,integrated_gradients_qwen,f1_at_k,0.0967741935483871,target,Syntactic Change,qwen
task2_qwen_plausibility,d529a52fe5e1accf,integrated_gradients_qwen,auprc,0.07944985119774407,target,Syntactic Change,qwen
task2_qwen_plausibility,d529a52fe5e1accf,integrated_gradients_qwen,precision_at_k,0.0967741935483871,target,Omission,qwen
task2_qwen_plausibility,d529a52fe5e1accf,integrated_gradients_qwen,recall_at_k,0.0967741935483871,target,Omission,qwen
task2_qwen_plausibility,d529a52fe5e1accf,integrated_gradients_qwen,f1_at_k,0.0967741935483871,target,Omission,qwen
task2_qwen_plausibility,d529a52fe5e1accf,integrated_gradients_qwen,auprc,0.0816198033795674,target,Omission,qwen
task2_qwen_plausibility,e1635557c291c741,integrated_gradients_qwen,precision_at_k,0.0,target,Synonymy,qwen
task2_qwen_plausibility,e1635557c291c741,integrated_gradients_qwen,recall_at_k,0.0,target,Synonymy,qwen
task2_qwen_plausibility,e1635557c291c741,integrated_gradients_qwen,f1_at_k,0.0,target,Synonymy,qwen
task2_qwen_plausibility,e1635557c291c741,integrated_gradients_qwen,auprc,0.024620974815186065,target,Synonymy,qwen
task2_qwen_plausibility,e1635557c291c741,integrated_gradients_qwen,precision_at_k,0.0,target,Modulation,qwen
task2_qwen_plausibility,e1635557c291c741,integrated_gradients_qwen,recall_at_k,0.0,target,Modulation,qwen
task2_qwen_plausibility,e1635557c291c741,integrated_gradients_qwen,f1_at_k,0.0,target,Modulation,qwen
task2_qwen_plausibility,e1635557c291c741,integrated_gradients_qwen,auprc,0.03585829493087558,target,Modulation,qwen
task2_qwen_plausibility,e1635557c291c741,integrated_gradients_qwen,precision_at_k,0.0,target,Syntactic Change,qwen
task2_qwen_plausibility,e1635557c291c741,integrated_gradients_qwen,recall_at_k,0.0,target,Syntactic Change,qwen
task2_qwen_plausibility,e1635557c291c741,integrated_gradients_qwen,f1_at_k,0.0,target,Syntactic Change,qwen
task2_qwen_plausibility,e1635557c291c741,integrated_gradients_qwen,auprc,0.08476190476190476,target,Syntactic Change,qwen
task2_qwen_plausibility,ec435d1ae8212c0b,integrated_gradients_qwen,precision_at_k,0.0,target,Synonymy,qwen
task2_qwen_plausibility,ec435d1ae8212c0b,integrated_gradients_qwen,recall_at_k,0.0,target,Synonymy,qwen
task2_qwen_plausibility,ec435d1ae8212c0b,integrated_gradients_qwen,f1_at_k,0.0,target,Synonymy,qwen
task2_qwen_plausibility,ec435d1ae8212c0b,integrated_gradients_qwen,auprc,0.03278418436072377,target,Synonymy,qwen
task2_qwen_plausibility,ec435d1ae8212c0b,integrated_gradients_qwen,precision_at_k,0.0,target,Modulation,qwen
task2_qwen_plausibility,ec435d1ae8212c0b,integrated_gradients_qwen,recall_at_k,0.0,target,Modulation,qwen
task2_qwen_plausibility,ec435d1ae8212c0b,integrated_gradients_qwen,f1_at_k,0.0,target,Modulation,qwen
task2_qwen_plausibility,ec435d1ae8212c0b,integrated_gradients_qwen,auprc,0.05167995213040183,target,Modulation,qwen
task2_qwen_plausibility,f3ab5a6cd6537ab7,integrated_gradients_qwen,precision_at_k,0.07692307692307693,target,Synonymy,qwen
task2_qwen_plausibility,f3ab5a6cd6537ab7,integrated_gradients_qwen,recall_at_k,0.07692307692307693,target,Synonymy,qwen
task2_qwen_plausibility,f3ab5a6cd6537ab7,integrated_gradients_qwen,f1_at_k,0.07692307692307693,target,Synonymy,qwen
task2_qwen_plausibility,f3ab5a6cd6537ab7,integrated_gradients_qwen,auprc,0.08506004390234076,target,Synonymy,qwen
task2_qwen_plausibility,f3ab5a6cd6537ab7,integrated_gradients_qwen,precision_at_k,0.07692307692307693,target,Modulation,qwen
task2_qwen_plausibility,f3ab5a6cd6537ab7,integrated_gradients_qwen,recall_at_k,0.07692307692307693,target,Modulation,qwen
task2_qwen_plausibility,f3ab5a6cd6537ab7,integrated_gradients_qwen,f1_at_k,0.07692307692307693,target,Modulation,qwen
task2_qwen_plausibility,f3ab5a6cd6537ab7,integrated_gradients_qwen,auprc,0.05806010367926392,target,Modulation,qwen
task2_qwen_plausibility,f6b714bbbe2b60d7,integrated_gradients_qwen,precision_at_k,0.08333333333333333,target,Synonymy,qwen
task2_qwen_plausibility,f6b714bbbe2b60d7,integrated_gradients_qwen,recall_at_k,0.08333333333333333,target,Synonymy,qwen
task2_qwen_plausibility,f6b714bbbe2b60d7,integrated_gradients_qwen,f1_at_k,0.08333333333333333,target,Synonymy,qwen
task2_qwen_plausibility,f6b714bbbe2b60d7,integrated_gradients_qwen,auprc,0.08468126782015792,target,Synonymy,qwen
task2_qwen_plausibility,f6b714bbbe2b60d7,integrated_gradients_qwen,precision_at_k,0.20833333333333334,target,Modulation,qwen
task2_qwen_plausibility,f6b714bbbe2b60d7,integrated_gradients_qwen,recall_at_k,0.20833333333333334,target,Modulation,qwen
task2_qwen_plausibility,f6b714bbbe2b60d7,integrated_gradients_qwen,f1_at_k,0.20833333333333334,target,Modulation,qwen
task2_qwen_plausibility,f6b714bbbe2b60d7,integrated_gradients_qwen,auprc,0.1308699636619072,target,Modulation,qwen
task2_qwen_plausibility,f6b714bbbe2b60d7,integrated_gradients_qwen,precision_at_k,0.125,target,Compression,qwen
task2_qwen_plausibility,f6b714bbbe2b60d7,integrated_gradients_qwen,recall_at_k,0.125,target,Compression,qwen
task2_qwen_plausibility,f6b714bbbe2b60d7,integrated_gradients_qwen,f1_at_k,0.125,target,Compression,qwen
task2_qwen_plausibility,f6b714bbbe2b60d7,integrated_gradients_qwen,auprc,0.12589364970103062,target,Compression,qwen
task2_qwen_plausibility,f6b714bbbe2b60d7,integrated_gradients_qwen,precision_at_k,0.0,target,Explanation,qwen
task2_qwen_plausibility,f6b714bbbe2b60d7,integrated_gradients_qwen,recall_at_k,0.0,target,Explanation,qwen
task2_qwen_plausibility,f6b714bbbe2b60d7,integrated_gradients_qwen,f1_at_k,0.0,target,Explanation,qwen
task2_qwen_plausibility,f6b714bbbe2b60d7,integrated_gradients_qwen,auprc,0.06866227282929728,target,Explanation,qwen
task2_qwen_plausibility,f6b714bbbe2b60d7,integrated_gradients_qwen,precision_at_k,0.08333333333333333,target,Syntactic Change,qwen
task2_qwen_plausibility,f6b714bbbe2b60d7,integrated_gradients_qwen,recall_at_k,0.08333333333333333,target,Syntactic Change,qwen
task2_qwen_plausibility,f6b714bbbe2b60d7,integrated_gradients_qwen,f1_at_k,0.08333333333333333,target,Syntactic Change,qwen
task2_qwen_plausibility,f6b714bbbe2b60d7,integrated_gradients_qwen,auprc,0.09336425330309389,target,Syntactic Change,qwen
task2_qwen_plausibility,fd519ad255631654,integrated_gradients_qwen,precision_at_k,0.02631578947368421,target,Synonymy,qwen
task2_qwen_plausibility,fd519ad255631654,integrated_gradients_qwen,recall_at_k,0.02631578947368421,target,Synonymy,qwen
task2_qwen_plausibility,fd519ad255631654,integrated_gradients_qwen,f1_at_k,0.02631578947368421,target,Synonymy,qwen
task2_qwen_plausibility,fd519ad255631654,integrated_gradients_qwen,auprc,0.059849169918258824,target,Synonymy,qwen
task2_qwen_plausibility,fd519ad255631654,integrated_gradients_qwen,precision_at_k,0.07894736842105263,target,Modulation,qwen
task2_qwen_plausibility,fd519ad255631654,integrated_gradients_qwen,recall_at_k,0.07894736842105263,target,Modulation,qwen
task2_qwen_plausibility,fd519ad255631654,integrated_gradients_qwen,f1_at_k,0.07894736842105263,target,Modulation,qwen
task2_qwen_plausibility,fd519ad255631654,integrated_gradients_qwen,auprc,0.08199905132855487,target,Modulation,qwen
task2_qwen_plausibility,fd519ad255631654,integrated_gradients_qwen,precision_at_k,0.05263157894736842,target,Compression,qwen
task2_qwen_plausibility,fd519ad255631654,integrated_gradients_qwen,recall_at_k,0.05263157894736842,target,Compression,qwen
task2_qwen_plausibility,fd519ad255631654,integrated_gradients_qwen,f1_at_k,0.05263157894736842,target,Compression,qwen
task2_qwen_plausibility,fd519ad255631654,integrated_gradients_qwen,auprc,0.12312524277310702,target,Compression,qwen
task2_qwen_plausibility,fd519ad255631654,integrated_gradients_qwen,precision_at_k,0.02631578947368421,target,Syntactic Change,qwen
task2_qwen_plausibility,fd519ad255631654,integrated_gradients_qwen,recall_at_k,0.02631578947368421,target,Syntactic Change,qwen
task2_qwen_plausibility,fd519ad255631654,integrated_gradients_qwen,f1_at_k,0.02631578947368421,target,Syntactic Change,qwen
task2_qwen_plausibility,fd519ad255631654,integrated_gradients_qwen,auprc,0.10033706086416316,target,Syntactic Change,qwen
task2_qwen_plausibility,fd519ad255631654,integrated_gradients_qwen,precision_at_k,0.07894736842105263,target,Omission,qwen
task2_qwen_plausibility,fd519ad255631654,integrated_gradients_qwen,recall_at_k,0.07894736842105263,target,Omission,qwen
task2_qwen_plausibility,fd519ad255631654,integrated_gradients_qwen,f1_at_k,0.07894736842105263,target,Omission,qwen
task2_qwen_plausibility,fd519ad255631654,integrated_gradients_qwen,auprc,0.10278799848904457,target,Omission,qwen
