run_id,example_id,method,metric,value,slice_name,slice_value,metadata,source,model
task2_plausibility,071d5037c44a2142,integrated_gradients,precision_at_k,0.3333333333333333,target,Illocutionary Change,"{'n_gold_tokens': 27, 'k': 27}",plausibility_mbert,mbert
task2_plausibility,071d5037c44a2142,integrated_gradients,recall_at_k,0.3333333333333333,target,Illocutionary Change,"{'n_gold_tokens': 27, 'k': 27}",plausibility_mbert,mbert
task2_plausibility,071d5037c44a2142,integrated_gradients,f1_at_k,0.3333333333333333,target,Illocutionary Change,"{'n_gold_tokens': 27, 'k': 27}",plausibility_mbert,mbert
task2_plausibility,071d5037c44a2142,integrated_gradients,auprc,0.389873429336942,target,Illocutionary Change,"{'n_gold_tokens': 27, 'k': 27}",plausibility_mbert,mbert
task2_plausibility,13934b46dc51117d,integrated_gradients,precision_at_k,0.34375,target,Illocutionary Change,"{'n_gold_tokens': 32, 'k': 32}",plausibility_mbert,mbert
task2_plausibility,13934b46dc51117d,integrated_gradients,recall_at_k,0.34375,target,Illocutionary Change,"{'n_gold_tokens': 32, 'k': 32}",plausibility_mbert,mbert
task2_plausibility,13934b46dc51117d,integrated_gradients,f1_at_k,0.34375,target,Illocutionary Change,"{'n_gold_tokens': 32, 'k': 32}",plausibility_mbert,mbert
task2_plausibility,13934b46dc51117d,integrated_gradients,auprc,0.3646890599524366,target,Illocutionary Change,"{'n_gold_tokens': 32, 'k': 32}",plausibility_mbert,mbert
task2_plausibility,15617fbe9b414a10,integrated_gradients,precision_at_k,0.2439024390243902,target,Illocutionary Change,"{'n_gold_tokens': 41, 'k': 41}",plausibility_mbert,mbert
task2_plausibility,15617fbe9b414a10,integrated_gradients,recall_at_k,0.2439024390243902,target,Illocutionary Change,"{'n_gold_tokens': 41, 'k': 41}",plausibility_mbert,mbert
task2_plausibility,15617fbe9b414a10,integrated_gradients,f1_at_k,0.2439024390243902,target,Illocutionary Change,"{'n_gold_tokens': 41, 'k': 41}",plausibility_mbert,mbert
task2_plausibility,15617fbe9b414a10,integrated_gradients,auprc,0.2736083224197726,target,Illocutionary Change,"{'n_gold_tokens': 41, 'k': 41}",plausibility_mbert,mbert
task2_plausibility,15f60dfdd12c9dd7,integrated_gradients,precision_at_k,0.1363636363636363,target,Illocutionary Change,"{'n_gold_tokens': 22, 'k': 22}",plausibility_mbert,mbert
task2_plausibility,15f60dfdd12c9dd7,integrated_gradients,recall_at_k,0.1363636363636363,target,Illocutionary Change,"{'n_gold_tokens': 22, 'k': 22}",plausibility_mbert,mbert
task2_plausibility,15f60dfdd12c9dd7,integrated_gradients,f1_at_k,0.1363636363636363,target,Illocutionary Change,"{'n_gold_tokens': 22, 'k': 22}",plausibility_mbert,mbert
task2_plausibility,15f60dfdd12c9dd7,integrated_gradients,auprc,0.1785910673966532,target,Illocutionary Change,"{'n_gold_tokens': 22, 'k': 22}",plausibility_mbert,mbert
task2_plausibility,1d1b04eb3e7ce11a,integrated_gradients,precision_at_k,0.375,target,Illocutionary Change,"{'n_gold_tokens': 40, 'k': 40}",plausibility_mbert,mbert
task2_plausibility,1d1b04eb3e7ce11a,integrated_gradients,recall_at_k,0.375,target,Illocutionary Change,"{'n_gold_tokens': 40, 'k': 40}",plausibility_mbert,mbert
task2_plausibility,1d1b04eb3e7ce11a,integrated_gradients,f1_at_k,0.375,target,Illocutionary Change,"{'n_gold_tokens': 40, 'k': 40}",plausibility_mbert,mbert
task2_plausibility,1d1b04eb3e7ce11a,integrated_gradients,auprc,0.3913760273315726,target,Illocutionary Change,"{'n_gold_tokens': 40, 'k': 40}",plausibility_mbert,mbert
task2_plausibility,1f56c7f2a72ee164,integrated_gradients,precision_at_k,0.2291666666666666,target,Illocutionary Change,"{'n_gold_tokens': 48, 'k': 48}",plausibility_mbert,mbert
task2_plausibility,1f56c7f2a72ee164,integrated_gradients,recall_at_k,0.2291666666666666,target,Illocutionary Change,"{'n_gold_tokens': 48, 'k': 48}",plausibility_mbert,mbert
task2_plausibility,1f56c7f2a72ee164,integrated_gradients,f1_at_k,0.2291666666666666,target,Illocutionary Change,"{'n_gold_tokens': 48, 'k': 48}",plausibility_mbert,mbert
task2_plausibility,1f56c7f2a72ee164,integrated_gradients,auprc,0.2389736685968569,target,Illocutionary Change,"{'n_gold_tokens': 48, 'k': 48}",plausibility_mbert,mbert
task2_plausibility,378e7f4f603abab7,integrated_gradients,precision_at_k,0.2,target,Illocutionary Change,"{'n_gold_tokens': 40, 'k': 40}",plausibility_mbert,mbert
task2_plausibility,378e7f4f603abab7,integrated_gradients,recall_at_k,0.2,target,Illocutionary Change,"{'n_gold_tokens': 40, 'k': 40}",plausibility_mbert,mbert
task2_plausibility,378e7f4f603abab7,integrated_gradients,f1_at_k,0.2,target,Illocutionary Change,"{'n_gold_tokens': 40, 'k': 40}",plausibility_mbert,mbert
task2_plausibility,378e7f4f603abab7,integrated_gradients,auprc,0.2292668977942676,target,Illocutionary Change,"{'n_gold_tokens': 40, 'k': 40}",plausibility_mbert,mbert
task2_plausibility,41cea45706409c38,integrated_gradients,precision_at_k,0.1818181818181818,target,Illocutionary Change,"{'n_gold_tokens': 11, 'k': 11}",plausibility_mbert,mbert
task2_plausibility,41cea45706409c38,integrated_gradients,recall_at_k,0.1818181818181818,target,Illocutionary Change,"{'n_gold_tokens': 11, 'k': 11}",plausibility_mbert,mbert
task2_plausibility,41cea45706409c38,integrated_gradients,f1_at_k,0.1818181818181818,target,Illocutionary Change,"{'n_gold_tokens': 11, 'k': 11}",plausibility_mbert,mbert
task2_plausibility,41cea45706409c38,integrated_gradients,auprc,0.1908534761833964,target,Illocutionary Change,"{'n_gold_tokens': 11, 'k': 11}",plausibility_mbert,mbert
task2_plausibility,462fac739a2900aa,integrated_gradients,precision_at_k,0.3461538461538461,target,Illocutionary Change,"{'n_gold_tokens': 26, 'k': 26}",plausibility_mbert,mbert
task2_plausibility,462fac739a2900aa,integrated_gradients,recall_at_k,0.3461538461538461,target,Illocutionary Change,"{'n_gold_tokens': 26, 'k': 26}",plausibility_mbert,mbert
task2_plausibility,462fac739a2900aa,integrated_gradients,f1_at_k,0.3461538461538461,target,Illocutionary Change,"{'n_gold_tokens': 26, 'k': 26}",plausibility_mbert,mbert
task2_plausibility,462fac739a2900aa,integrated_gradients,auprc,0.3996142915933498,target,Illocutionary Change,"{'n_gold_tokens': 26, 'k': 26}",plausibility_mbert,mbert
task2_plausibility,4c738baf46f3aea2,integrated_gradients,precision_at_k,0.4166666666666667,target,Illocutionary Change,"{'n_gold_tokens': 24, 'k': 24}",plausibility_mbert,mbert
task2_plausibility,4c738baf46f3aea2,integrated_gradients,recall_at_k,0.4166666666666667,target,Illocutionary Change,"{'n_gold_tokens': 24, 'k': 24}",plausibility_mbert,mbert
task2_plausibility,4c738baf46f3aea2,integrated_gradients,f1_at_k,0.4166666666666667,target,Illocutionary Change,"{'n_gold_tokens': 24, 'k': 24}",plausibility_mbert,mbert
task2_plausibility,4c738baf46f3aea2,integrated_gradients,auprc,0.4428268512280623,target,Illocutionary Change,"{'n_gold_tokens': 24, 'k': 24}",plausibility_mbert,mbert
task2_plausibility,6a381fb5925d00cc,integrated_gradients,precision_at_k,0.4375,target,Illocutionary Change,"{'n_gold_tokens': 16, 'k': 16}",plausibility_mbert,mbert
task2_plausibility,6a381fb5925d00cc,integrated_gradients,recall_at_k,0.4375,target,Illocutionary Change,"{'n_gold_tokens': 16, 'k': 16}",plausibility_mbert,mbert
task2_plausibility,6a381fb5925d00cc,integrated_gradients,f1_at_k,0.4375,target,Illocutionary Change,"{'n_gold_tokens': 16, 'k': 16}",plausibility_mbert,mbert
task2_plausibility,6a381fb5925d00cc,integrated_gradients,auprc,0.5163021452407465,target,Illocutionary Change,"{'n_gold_tokens': 16, 'k': 16}",plausibility_mbert,mbert
task2_plausibility,7e42bb3d0d6c233d,integrated_gradients,precision_at_k,0.3,target,Illocutionary Change,"{'n_gold_tokens': 20, 'k': 20}",plausibility_mbert,mbert
task2_plausibility,7e42bb3d0d6c233d,integrated_gradients,recall_at_k,0.3,target,Illocutionary Change,"{'n_gold_tokens': 20, 'k': 20}",plausibility_mbert,mbert
task2_plausibility,7e42bb3d0d6c233d,integrated_gradients,f1_at_k,0.3,target,Illocutionary Change,"{'n_gold_tokens': 20, 'k': 20}",plausibility_mbert,mbert
task2_plausibility,7e42bb3d0d6c233d,integrated_gradients,auprc,0.2609483219935218,target,Illocutionary Change,"{'n_gold_tokens': 20, 'k': 20}",plausibility_mbert,mbert
task2_plausibility,7fab8bd42f1452d7,integrated_gradients,precision_at_k,0.2692307692307692,target,Illocutionary Change,"{'n_gold_tokens': 26, 'k': 26}",plausibility_mbert,mbert
task2_plausibility,7fab8bd42f1452d7,integrated_gradients,recall_at_k,0.2692307692307692,target,Illocutionary Change,"{'n_gold_tokens': 26, 'k': 26}",plausibility_mbert,mbert
task2_plausibility,7fab8bd42f1452d7,integrated_gradients,f1_at_k,0.2692307692307692,target,Illocutionary Change,"{'n_gold_tokens': 26, 'k': 26}",plausibility_mbert,mbert
task2_plausibility,7fab8bd42f1452d7,integrated_gradients,auprc,0.2542094686833186,target,Illocutionary Change,"{'n_gold_tokens': 26, 'k': 26}",plausibility_mbert,mbert
task2_plausibility,8cba73e50098825a,integrated_gradients,precision_at_k,0.3720930232558139,target,Illocutionary Change,"{'n_gold_tokens': 43, 'k': 43}",plausibility_mbert,mbert
task2_plausibility,8cba73e50098825a,integrated_gradients,recall_at_k,0.3720930232558139,target,Illocutionary Change,"{'n_gold_tokens': 43, 'k': 43}",plausibility_mbert,mbert
task2_plausibility,8cba73e50098825a,integrated_gradients,f1_at_k,0.3720930232558139,target,Illocutionary Change,"{'n_gold_tokens': 43, 'k': 43}",plausibility_mbert,mbert
task2_plausibility,8cba73e50098825a,integrated_gradients,auprc,0.3491790107031529,target,Illocutionary Change,"{'n_gold_tokens': 43, 'k': 43}",plausibility_mbert,mbert
task2_plausibility,a31adca83e5d0797,integrated_gradients,precision_at_k,0.3055555555555556,target,Illocutionary Change,"{'n_gold_tokens': 36, 'k': 36}",plausibility_mbert,mbert
task2_plausibility,a31adca83e5d0797,integrated_gradients,recall_at_k,0.3055555555555556,target,Illocutionary Change,"{'n_gold_tokens': 36, 'k': 36}",plausibility_mbert,mbert
task2_plausibility,a31adca83e5d0797,integrated_gradients,f1_at_k,0.3055555555555556,target,Illocutionary Change,"{'n_gold_tokens': 36, 'k': 36}",plausibility_mbert,mbert
task2_plausibility,a31adca83e5d0797,integrated_gradients,auprc,0.2950752374979335,target,Illocutionary Change,"{'n_gold_tokens': 36, 'k': 36}",plausibility_mbert,mbert
task2_plausibility,a4b4c81ab3ff1c8a,integrated_gradients,precision_at_k,0.3164556962025316,target,Illocutionary Change,"{'n_gold_tokens': 79, 'k': 79}",plausibility_mbert,mbert
task2_plausibility,a4b4c81ab3ff1c8a,integrated_gradients,recall_at_k,0.3164556962025316,target,Illocutionary Change,"{'n_gold_tokens': 79, 'k': 79}",plausibility_mbert,mbert
task2_plausibility,a4b4c81ab3ff1c8a,integrated_gradients,f1_at_k,0.3164556962025316,target,Illocutionary Change,"{'n_gold_tokens': 79, 'k': 79}",plausibility_mbert,mbert
task2_plausibility,a4b4c81ab3ff1c8a,integrated_gradients,auprc,0.3518161311957179,target,Illocutionary Change,"{'n_gold_tokens': 79, 'k': 79}",plausibility_mbert,mbert
task2_plausibility,b49711b7a2a493e7,integrated_gradients,precision_at_k,0.1875,target,Illocutionary Change,"{'n_gold_tokens': 16, 'k': 16}",plausibility_mbert,mbert
task2_plausibility,b49711b7a2a493e7,integrated_gradients,recall_at_k,0.1875,target,Illocutionary Change,"{'n_gold_tokens': 16, 'k': 16}",plausibility_mbert,mbert
task2_plausibility,b49711b7a2a493e7,integrated_gradients,f1_at_k,0.1875,target,Illocutionary Change,"{'n_gold_tokens': 16, 'k': 16}",plausibility_mbert,mbert
task2_plausibility,b49711b7a2a493e7,integrated_gradients,auprc,0.2679992003281113,target,Illocutionary Change,"{'n_gold_tokens': 16, 'k': 16}",plausibility_mbert,mbert
task2_plausibility,c58ed41c5b381a18,integrated_gradients,precision_at_k,0.358974358974359,target,Illocutionary Change,"{'n_gold_tokens': 39, 'k': 39}",plausibility_mbert,mbert
task2_plausibility,c58ed41c5b381a18,integrated_gradients,recall_at_k,0.358974358974359,target,Illocutionary Change,"{'n_gold_tokens': 39, 'k': 39}",plausibility_mbert,mbert
task2_plausibility,c58ed41c5b381a18,integrated_gradients,f1_at_k,0.358974358974359,target,Illocutionary Change,"{'n_gold_tokens': 39, 'k': 39}",plausibility_mbert,mbert
task2_plausibility,c58ed41c5b381a18,integrated_gradients,auprc,0.3283696457337822,target,Illocutionary Change,"{'n_gold_tokens': 39, 'k': 39}",plausibility_mbert,mbert
task2_plausibility,c7f805091a063b0f,integrated_gradients,precision_at_k,0.1944444444444444,target,Illocutionary Change,"{'n_gold_tokens': 36, 'k': 36}",plausibility_mbert,mbert
task2_plausibility,c7f805091a063b0f,integrated_gradients,recall_at_k,0.1944444444444444,target,Illocutionary Change,"{'n_gold_tokens': 36, 'k': 36}",plausibility_mbert,mbert
task2_plausibility,c7f805091a063b0f,integrated_gradients,f1_at_k,0.1944444444444444,target,Illocutionary Change,"{'n_gold_tokens': 36, 'k': 36}",plausibility_mbert,mbert
task2_plausibility,c7f805091a063b0f,integrated_gradients,auprc,0.2716226721523601,target,Illocutionary Change,"{'n_gold_tokens': 36, 'k': 36}",plausibility_mbert,mbert
task2_plausibility,ca574cd1c9e26b4e,integrated_gradients,precision_at_k,0.3181818181818182,target,Illocutionary Change,"{'n_gold_tokens': 66, 'k': 66}",plausibility_mbert,mbert
task2_plausibility,ca574cd1c9e26b4e,integrated_gradients,recall_at_k,0.3181818181818182,target,Illocutionary Change,"{'n_gold_tokens': 66, 'k': 66}",plausibility_mbert,mbert
task2_plausibility,ca574cd1c9e26b4e,integrated_gradients,f1_at_k,0.3181818181818182,target,Illocutionary Change,"{'n_gold_tokens': 66, 'k': 66}",plausibility_mbert,mbert
task2_plausibility,ca574cd1c9e26b4e,integrated_gradients,auprc,0.3559260245803769,target,Illocutionary Change,"{'n_gold_tokens': 66, 'k': 66}",plausibility_mbert,mbert
task2_plausibility,e02841689d8dbd93,integrated_gradients,precision_at_k,0.217391304347826,target,Illocutionary Change,"{'n_gold_tokens': 23, 'k': 23}",plausibility_mbert,mbert
task2_plausibility,e02841689d8dbd93,integrated_gradients,recall_at_k,0.217391304347826,target,Illocutionary Change,"{'n_gold_tokens': 23, 'k': 23}",plausibility_mbert,mbert
task2_plausibility,e02841689d8dbd93,integrated_gradients,f1_at_k,0.217391304347826,target,Illocutionary Change,"{'n_gold_tokens': 23, 'k': 23}",plausibility_mbert,mbert
task2_plausibility,e02841689d8dbd93,integrated_gradients,auprc,0.2398508228636282,target,Illocutionary Change,"{'n_gold_tokens': 23, 'k': 23}",plausibility_mbert,mbert
task2_plausibility,ebc38fd5196585a4,integrated_gradients,precision_at_k,0.3265306122448979,target,Illocutionary Change,"{'n_gold_tokens': 49, 'k': 49}",plausibility_mbert,mbert
task2_plausibility,ebc38fd5196585a4,integrated_gradients,recall_at_k,0.3265306122448979,target,Illocutionary Change,"{'n_gold_tokens': 49, 'k': 49}",plausibility_mbert,mbert
task2_plausibility,ebc38fd5196585a4,integrated_gradients,f1_at_k,0.3265306122448979,target,Illocutionary Change,"{'n_gold_tokens': 49, 'k': 49}",plausibility_mbert,mbert
task2_plausibility,ebc38fd5196585a4,integrated_gradients,auprc,0.3091104848363344,target,Illocutionary Change,"{'n_gold_tokens': 49, 'k': 49}",plausibility_mbert,mbert
task2_plausibility,fb0854572fb09c00,integrated_gradients,precision_at_k,0.4324324324324324,target,Illocutionary Change,"{'n_gold_tokens': 37, 'k': 37}",plausibility_mbert,mbert
task2_plausibility,fb0854572fb09c00,integrated_gradients,recall_at_k,0.4324324324324324,target,Illocutionary Change,"{'n_gold_tokens': 37, 'k': 37}",plausibility_mbert,mbert
task2_plausibility,fb0854572fb09c00,integrated_gradients,f1_at_k,0.4324324324324324,target,Illocutionary Change,"{'n_gold_tokens': 37, 'k': 37}",plausibility_mbert,mbert
task2_plausibility,fb0854572fb09c00,integrated_gradients,auprc,0.4122500744673143,target,Illocutionary Change,"{'n_gold_tokens': 37, 'k': 37}",plausibility_mbert,mbert
task2_plausibility,0d37251fcd910029,integrated_gradients,precision_at_k,0.4146341463414634,target,Illocutionary Change,"{'n_gold_tokens': 41, 'k': 41}",plausibility_mbert,mbert
task2_plausibility,0d37251fcd910029,integrated_gradients,recall_at_k,0.4146341463414634,target,Illocutionary Change,"{'n_gold_tokens': 41, 'k': 41}",plausibility_mbert,mbert
task2_plausibility,0d37251fcd910029,integrated_gradients,f1_at_k,0.4146341463414634,target,Illocutionary Change,"{'n_gold_tokens': 41, 'k': 41}",plausibility_mbert,mbert
task2_plausibility,0d37251fcd910029,integrated_gradients,auprc,0.379423593752373,target,Illocutionary Change,"{'n_gold_tokens': 41, 'k': 41}",plausibility_mbert,mbert
task2_plausibility,1a408162a7e9e7a1,integrated_gradients,precision_at_k,0.1,target,Illocutionary Change,"{'n_gold_tokens': 20, 'k': 20}",plausibility_mbert,mbert
task2_plausibility,1a408162a7e9e7a1,integrated_gradients,recall_at_k,0.1,target,Illocutionary Change,"{'n_gold_tokens': 20, 'k': 20}",plausibility_mbert,mbert
task2_plausibility,1a408162a7e9e7a1,integrated_gradients,f1_at_k,0.1,target,Illocutionary Change,"{'n_gold_tokens': 20, 'k': 20}",plausibility_mbert,mbert
task2_plausibility,1a408162a7e9e7a1,integrated_gradients,auprc,0.1658344858118217,target,Illocutionary Change,"{'n_gold_tokens': 20, 'k': 20}",plausibility_mbert,mbert
task2_plausibility,385eb3628ca82dc9,integrated_gradients,precision_at_k,0.4210526315789473,target,Illocutionary Change,"{'n_gold_tokens': 19, 'k': 19}",plausibility_mbert,mbert
task2_plausibility,385eb3628ca82dc9,integrated_gradients,recall_at_k,0.4210526315789473,target,Illocutionary Change,"{'n_gold_tokens': 19, 'k': 19}",plausibility_mbert,mbert
task2_plausibility,385eb3628ca82dc9,integrated_gradients,f1_at_k,0.4210526315789473,target,Illocutionary Change,"{'n_gold_tokens': 19, 'k': 19}",plausibility_mbert,mbert
task2_plausibility,385eb3628ca82dc9,integrated_gradients,auprc,0.4294507118695247,target,Illocutionary Change,"{'n_gold_tokens': 19, 'k': 19}",plausibility_mbert,mbert
task2_plausibility,467d362e647d1b0b,integrated_gradients,precision_at_k,0.1764705882352941,target,Illocutionary Change,"{'n_gold_tokens': 17, 'k': 17}",plausibility_mbert,mbert
task2_plausibility,467d362e647d1b0b,integrated_gradients,recall_at_k,0.1764705882352941,target,Illocutionary Change,"{'n_gold_tokens': 17, 'k': 17}",plausibility_mbert,mbert
task2_plausibility,467d362e647d1b0b,integrated_gradients,f1_at_k,0.1764705882352941,target,Illocutionary Change,"{'n_gold_tokens': 17, 'k': 17}",plausibility_mbert,mbert
task2_plausibility,467d362e647d1b0b,integrated_gradients,auprc,0.2606289011847855,target,Illocutionary Change,"{'n_gold_tokens': 17, 'k': 17}",plausibility_mbert,mbert
task2_plausibility,4a3b8751b4125005,integrated_gradients,precision_at_k,0.15,target,Illocutionary Change,"{'n_gold_tokens': 20, 'k': 20}",plausibility_mbert,mbert
task2_plausibility,4a3b8751b4125005,integrated_gradients,recall_at_k,0.15,target,Illocutionary Change,"{'n_gold_tokens': 20, 'k': 20}",plausibility_mbert,mbert
task2_plausibility,4a3b8751b4125005,integrated_gradients,f1_at_k,0.15,target,Illocutionary Change,"{'n_gold_tokens': 20, 'k': 20}",plausibility_mbert,mbert
task2_plausibility,4a3b8751b4125005,integrated_gradients,auprc,0.2025959425262603,target,Illocutionary Change,"{'n_gold_tokens': 20, 'k': 20}",plausibility_mbert,mbert
task2_plausibility,68fcbd3c26b53cfa,integrated_gradients,precision_at_k,0.4444444444444444,target,Illocutionary Change,"{'n_gold_tokens': 27, 'k': 27}",plausibility_mbert,mbert
task2_plausibility,68fcbd3c26b53cfa,integrated_gradients,recall_at_k,0.4444444444444444,target,Illocutionary Change,"{'n_gold_tokens': 27, 'k': 27}",plausibility_mbert,mbert
task2_plausibility,68fcbd3c26b53cfa,integrated_gradients,f1_at_k,0.4444444444444444,target,Illocutionary Change,"{'n_gold_tokens': 27, 'k': 27}",plausibility_mbert,mbert
task2_plausibility,68fcbd3c26b53cfa,integrated_gradients,auprc,0.3598952912272022,target,Illocutionary Change,"{'n_gold_tokens': 27, 'k': 27}",plausibility_mbert,mbert
task2_plausibility,845f231d95d5cc72,integrated_gradients,precision_at_k,0.34375,target,Illocutionary Change,"{'n_gold_tokens': 32, 'k': 32}",plausibility_mbert,mbert
task2_plausibility,845f231d95d5cc72,integrated_gradients,recall_at_k,0.34375,target,Illocutionary Change,"{'n_gold_tokens': 32, 'k': 32}",plausibility_mbert,mbert
task2_plausibility,845f231d95d5cc72,integrated_gradients,f1_at_k,0.34375,target,Illocutionary Change,"{'n_gold_tokens': 32, 'k': 32}",plausibility_mbert,mbert
task2_plausibility,845f231d95d5cc72,integrated_gradients,auprc,0.2955531742726068,target,Illocutionary Change,"{'n_gold_tokens': 32, 'k': 32}",plausibility_mbert,mbert
task2_plausibility,90d2c76b0f165f7f,integrated_gradients,precision_at_k,0.3888888888888889,target,Illocutionary Change,"{'n_gold_tokens': 36, 'k': 36}",plausibility_mbert,mbert
task2_plausibility,90d2c76b0f165f7f,integrated_gradients,recall_at_k,0.3888888888888889,target,Illocutionary Change,"{'n_gold_tokens': 36, 'k': 36}",plausibility_mbert,mbert
task2_plausibility,90d2c76b0f165f7f,integrated_gradients,f1_at_k,0.3888888888888889,target,Illocutionary Change,"{'n_gold_tokens': 36, 'k': 36}",plausibility_mbert,mbert
task2_plausibility,90d2c76b0f165f7f,integrated_gradients,auprc,0.358898222989279,target,Illocutionary Change,"{'n_gold_tokens': 36, 'k': 36}",plausibility_mbert,mbert
task2_plausibility,d71f511788d7755a,integrated_gradients,precision_at_k,0.3548387096774194,target,Illocutionary Change,"{'n_gold_tokens': 62, 'k': 62}",plausibility_mbert,mbert
task2_plausibility,d71f511788d7755a,integrated_gradients,recall_at_k,0.3548387096774194,target,Illocutionary Change,"{'n_gold_tokens': 62, 'k': 62}",plausibility_mbert,mbert
task2_plausibility,d71f511788d7755a,integrated_gradients,f1_at_k,0.3548387096774194,target,Illocutionary Change,"{'n_gold_tokens': 62, 'k': 62}",plausibility_mbert,mbert
task2_plausibility,d71f511788d7755a,integrated_gradients,auprc,0.3413905556512242,target,Illocutionary Change,"{'n_gold_tokens': 62, 'k': 62}",plausibility_mbert,mbert
task2_plausibility,d8eef360c7b226f8,integrated_gradients,precision_at_k,0.4,target,Illocutionary Change,"{'n_gold_tokens': 30, 'k': 30}",plausibility_mbert,mbert
task2_plausibility,d8eef360c7b226f8,integrated_gradients,recall_at_k,0.4,target,Illocutionary Change,"{'n_gold_tokens': 30, 'k': 30}",plausibility_mbert,mbert
task2_plausibility,d8eef360c7b226f8,integrated_gradients,f1_at_k,0.4000000000000001,target,Illocutionary Change,"{'n_gold_tokens': 30, 'k': 30}",plausibility_mbert,mbert
task2_plausibility,d8eef360c7b226f8,integrated_gradients,auprc,0.3456190491455321,target,Illocutionary Change,"{'n_gold_tokens': 30, 'k': 30}",plausibility_mbert,mbert
task2_plausibility,db9d242ec7c52178,integrated_gradients,precision_at_k,0.2777777777777778,target,Illocutionary Change,"{'n_gold_tokens': 18, 'k': 18}",plausibility_mbert,mbert
task2_plausibility,db9d242ec7c52178,integrated_gradients,recall_at_k,0.2777777777777778,target,Illocutionary Change,"{'n_gold_tokens': 18, 'k': 18}",plausibility_mbert,mbert
task2_plausibility,db9d242ec7c52178,integrated_gradients,f1_at_k,0.2777777777777778,target,Illocutionary Change,"{'n_gold_tokens': 18, 'k': 18}",plausibility_mbert,mbert
task2_plausibility,db9d242ec7c52178,integrated_gradients,auprc,0.2516487833826892,target,Illocutionary Change,"{'n_gold_tokens': 18, 'k': 18}",plausibility_mbert,mbert
task2_plausibility,e5bc02d62cc000ba,integrated_gradients,precision_at_k,0.1666666666666666,target,Illocutionary Change,"{'n_gold_tokens': 42, 'k': 42}",plausibility_mbert,mbert
task2_plausibility,e5bc02d62cc000ba,integrated_gradients,recall_at_k,0.1666666666666666,target,Illocutionary Change,"{'n_gold_tokens': 42, 'k': 42}",plausibility_mbert,mbert
task2_plausibility,e5bc02d62cc000ba,integrated_gradients,f1_at_k,0.1666666666666666,target,Illocutionary Change,"{'n_gold_tokens': 42, 'k': 42}",plausibility_mbert,mbert
task2_plausibility,e5bc02d62cc000ba,integrated_gradients,auprc,0.1777399120032046,target,Illocutionary Change,"{'n_gold_tokens': 42, 'k': 42}",plausibility_mbert,mbert
task2_plausibility,f716126e55aeccd5,integrated_gradients,precision_at_k,0.2142857142857142,target,Illocutionary Change,"{'n_gold_tokens': 28, 'k': 28}",plausibility_mbert,mbert
task2_plausibility,f716126e55aeccd5,integrated_gradients,recall_at_k,0.2142857142857142,target,Illocutionary Change,"{'n_gold_tokens': 28, 'k': 28}",plausibility_mbert,mbert
task2_plausibility,f716126e55aeccd5,integrated_gradients,f1_at_k,0.2142857142857142,target,Illocutionary Change,"{'n_gold_tokens': 28, 'k': 28}",plausibility_mbert,mbert
task2_plausibility,f716126e55aeccd5,integrated_gradients,auprc,0.2596939213163619,target,Illocutionary Change,"{'n_gold_tokens': 28, 'k': 28}",plausibility_mbert,mbert
task2_plausibility,fbe2e558b7326293,integrated_gradients,precision_at_k,0.3823529411764705,target,Illocutionary Change,"{'n_gold_tokens': 34, 'k': 34}",plausibility_mbert,mbert
task2_plausibility,fbe2e558b7326293,integrated_gradients,recall_at_k,0.3823529411764705,target,Illocutionary Change,"{'n_gold_tokens': 34, 'k': 34}",plausibility_mbert,mbert
task2_plausibility,fbe2e558b7326293,integrated_gradients,f1_at_k,0.3823529411764706,target,Illocutionary Change,"{'n_gold_tokens': 34, 'k': 34}",plausibility_mbert,mbert
task2_plausibility,fbe2e558b7326293,integrated_gradients,auprc,0.3858819581360411,target,Illocutionary Change,"{'n_gold_tokens': 34, 'k': 34}",plausibility_mbert,mbert
task2_plausibility,0d8ed1fae1326a38,integrated_gradients,precision_at_k,0.3571428571428571,target,Illocutionary Change,"{'n_gold_tokens': 42, 'k': 42}",plausibility_mbert,mbert
task2_plausibility,0d8ed1fae1326a38,integrated_gradients,recall_at_k,0.3571428571428571,target,Illocutionary Change,"{'n_gold_tokens': 42, 'k': 42}",plausibility_mbert,mbert
task2_plausibility,0d8ed1fae1326a38,integrated_gradients,f1_at_k,0.3571428571428571,target,Illocutionary Change,"{'n_gold_tokens': 42, 'k': 42}",plausibility_mbert,mbert
task2_plausibility,0d8ed1fae1326a38,integrated_gradients,auprc,0.3685299519152912,target,Illocutionary Change,"{'n_gold_tokens': 42, 'k': 42}",plausibility_mbert,mbert
task2_plausibility,161a615d7857bc73,integrated_gradients,precision_at_k,0.3333333333333333,target,Illocutionary Change,"{'n_gold_tokens': 6, 'k': 6}",plausibility_mbert,mbert
task2_plausibility,161a615d7857bc73,integrated_gradients,recall_at_k,0.3333333333333333,target,Illocutionary Change,"{'n_gold_tokens': 6, 'k': 6}",plausibility_mbert,mbert
task2_plausibility,161a615d7857bc73,integrated_gradients,f1_at_k,0.3333333333333333,target,Illocutionary Change,"{'n_gold_tokens': 6, 'k': 6}",plausibility_mbert,mbert
task2_plausibility,161a615d7857bc73,integrated_gradients,auprc,0.4193950786056049,target,Illocutionary Change,"{'n_gold_tokens': 6, 'k': 6}",plausibility_mbert,mbert
task2_plausibility,1af07aee67fb8b34,integrated_gradients,precision_at_k,0.3333333333333333,target,Illocutionary Change,"{'n_gold_tokens': 24, 'k': 24}",plausibility_mbert,mbert
task2_plausibility,1af07aee67fb8b34,integrated_gradients,recall_at_k,0.3333333333333333,target,Illocutionary Change,"{'n_gold_tokens': 24, 'k': 24}",plausibility_mbert,mbert
task2_plausibility,1af07aee67fb8b34,integrated_gradients,f1_at_k,0.3333333333333333,target,Illocutionary Change,"{'n_gold_tokens': 24, 'k': 24}",plausibility_mbert,mbert
task2_plausibility,1af07aee67fb8b34,integrated_gradients,auprc,0.3154259661170979,target,Illocutionary Change,"{'n_gold_tokens': 24, 'k': 24}",plausibility_mbert,mbert
task2_plausibility,1e28d65b0fd66a9b,integrated_gradients,precision_at_k,0.4838709677419355,target,Illocutionary Change,"{'n_gold_tokens': 31, 'k': 31}",plausibility_mbert,mbert
task2_plausibility,1e28d65b0fd66a9b,integrated_gradients,recall_at_k,0.4838709677419355,target,Illocutionary Change,"{'n_gold_tokens': 31, 'k': 31}",plausibility_mbert,mbert
task2_plausibility,1e28d65b0fd66a9b,integrated_gradients,f1_at_k,0.4838709677419355,target,Illocutionary Change,"{'n_gold_tokens': 31, 'k': 31}",plausibility_mbert,mbert
task2_plausibility,1e28d65b0fd66a9b,integrated_gradients,auprc,0.4100688229710668,target,Illocutionary Change,"{'n_gold_tokens': 31, 'k': 31}",plausibility_mbert,mbert
task2_plausibility,25efa7ce550a65e8,integrated_gradients,precision_at_k,0.2549019607843137,target,Illocutionary Change,"{'n_gold_tokens': 51, 'k': 51}",plausibility_mbert,mbert
task2_plausibility,25efa7ce550a65e8,integrated_gradients,recall_at_k,0.2549019607843137,target,Illocutionary Change,"{'n_gold_tokens': 51, 'k': 51}",plausibility_mbert,mbert
task2_plausibility,25efa7ce550a65e8,integrated_gradients,f1_at_k,0.2549019607843137,target,Illocutionary Change,"{'n_gold_tokens': 51, 'k': 51}",plausibility_mbert,mbert
task2_plausibility,25efa7ce550a65e8,integrated_gradients,auprc,0.2818037882855874,target,Illocutionary Change,"{'n_gold_tokens': 51, 'k': 51}",plausibility_mbert,mbert
task2_plausibility,2b8cd105f1b02c23,integrated_gradients,precision_at_k,0.0,target,Illocutionary Change,"{'n_gold_tokens': 7, 'k': 7}",plausibility_mbert,mbert
task2_plausibility,2b8cd105f1b02c23,integrated_gradients,recall_at_k,0.0,target,Illocutionary Change,"{'n_gold_tokens': 7, 'k': 7}",plausibility_mbert,mbert
task2_plausibility,2b8cd105f1b02c23,integrated_gradients,f1_at_k,0.0,target,Illocutionary Change,"{'n_gold_tokens': 7, 'k': 7}",plausibility_mbert,mbert
task2_plausibility,2b8cd105f1b02c23,integrated_gradients,auprc,0.1419273251904747,target,Illocutionary Change,"{'n_gold_tokens': 7, 'k': 7}",plausibility_mbert,mbert
task2_plausibility,357478fc517ba4b7,integrated_gradients,precision_at_k,0.4,target,Illocutionary Change,"{'n_gold_tokens': 25, 'k': 25}",plausibility_mbert,mbert
task2_plausibility,357478fc517ba4b7,integrated_gradients,recall_at_k,0.4,target,Illocutionary Change,"{'n_gold_tokens': 25, 'k': 25}",plausibility_mbert,mbert
task2_plausibility,357478fc517ba4b7,integrated_gradients,f1_at_k,0.4000000000000001,target,Illocutionary Change,"{'n_gold_tokens': 25, 'k': 25}",plausibility_mbert,mbert
task2_plausibility,357478fc517ba4b7,integrated_gradients,auprc,0.3096912881246526,target,Illocutionary Change,"{'n_gold_tokens': 25, 'k': 25}",plausibility_mbert,mbert
task2_plausibility,3900769ace2b0443,integrated_gradients,precision_at_k,0.5384615384615384,target,Illocutionary Change,"{'n_gold_tokens': 13, 'k': 13}",plausibility_mbert,mbert
task2_plausibility,3900769ace2b0443,integrated_gradients,recall_at_k,0.5384615384615384,target,Illocutionary Change,"{'n_gold_tokens': 13, 'k': 13}",plausibility_mbert,mbert
task2_plausibility,3900769ace2b0443,integrated_gradients,f1_at_k,0.5384615384615384,target,Illocutionary Change,"{'n_gold_tokens': 13, 'k': 13}",plausibility_mbert,mbert
task2_plausibility,3900769ace2b0443,integrated_gradients,auprc,0.3971436783372953,target,Illocutionary Change,"{'n_gold_tokens': 13, 'k': 13}",plausibility_mbert,mbert
task2_plausibility,3c14ec055d1f0d11,integrated_gradients,precision_at_k,0.2711864406779661,target,Illocutionary Change,"{'n_gold_tokens': 59, 'k': 59}",plausibility_mbert,mbert
task2_plausibility,3c14ec055d1f0d11,integrated_gradients,recall_at_k,0.2711864406779661,target,Illocutionary Change,"{'n_gold_tokens': 59, 'k': 59}",plausibility_mbert,mbert
task2_plausibility,3c14ec055d1f0d11,integrated_gradients,f1_at_k,0.2711864406779661,target,Illocutionary Change,"{'n_gold_tokens': 59, 'k': 59}",plausibility_mbert,mbert
task2_plausibility,3c14ec055d1f0d11,integrated_gradients,auprc,0.2642996195951287,target,Illocutionary Change,"{'n_gold_tokens': 59, 'k': 59}",plausibility_mbert,mbert
task2_plausibility,3e26eea6bb43c1de,integrated_gradients,precision_at_k,0.3,target,Illocutionary Change,"{'n_gold_tokens': 20, 'k': 20}",plausibility_mbert,mbert
task2_plausibility,3e26eea6bb43c1de,integrated_gradients,recall_at_k,0.3,target,Illocutionary Change,"{'n_gold_tokens': 20, 'k': 20}",plausibility_mbert,mbert
task2_plausibility,3e26eea6bb43c1de,integrated_gradients,f1_at_k,0.3,target,Illocutionary Change,"{'n_gold_tokens': 20, 'k': 20}",plausibility_mbert,mbert
task2_plausibility,3e26eea6bb43c1de,integrated_gradients,auprc,0.3168159633485243,target,Illocutionary Change,"{'n_gold_tokens': 20, 'k': 20}",plausibility_mbert,mbert
task2_plausibility,4263c780d7547c5d,integrated_gradients,precision_at_k,0.3777777777777777,target,Illocutionary Change,"{'n_gold_tokens': 45, 'k': 45}",plausibility_mbert,mbert
task2_plausibility,4263c780d7547c5d,integrated_gradients,recall_at_k,0.3777777777777777,target,Illocutionary Change,"{'n_gold_tokens': 45, 'k': 45}",plausibility_mbert,mbert
task2_plausibility,4263c780d7547c5d,integrated_gradients,f1_at_k,0.3777777777777777,target,Illocutionary Change,"{'n_gold_tokens': 45, 'k': 45}",plausibility_mbert,mbert
task2_plausibility,4263c780d7547c5d,integrated_gradients,auprc,0.4012612088295987,target,Illocutionary Change,"{'n_gold_tokens': 45, 'k': 45}",plausibility_mbert,mbert
task2_plausibility,4507b6633aab2eab,integrated_gradients,precision_at_k,0.25,target,Illocutionary Change,"{'n_gold_tokens': 8, 'k': 8}",plausibility_mbert,mbert
task2_plausibility,4507b6633aab2eab,integrated_gradients,recall_at_k,0.25,target,Illocutionary Change,"{'n_gold_tokens': 8, 'k': 8}",plausibility_mbert,mbert
task2_plausibility,4507b6633aab2eab,integrated_gradients,f1_at_k,0.25,target,Illocutionary Change,"{'n_gold_tokens': 8, 'k': 8}",plausibility_mbert,mbert
task2_plausibility,4507b6633aab2eab,integrated_gradients,auprc,0.2075428440607012,target,Illocutionary Change,"{'n_gold_tokens': 8, 'k': 8}",plausibility_mbert,mbert
task2_plausibility,51892636b91813bc,integrated_gradients,precision_at_k,0.3953488372093023,target,Illocutionary Change,"{'n_gold_tokens': 43, 'k': 43}",plausibility_mbert,mbert
task2_plausibility,51892636b91813bc,integrated_gradients,recall_at_k,0.3953488372093023,target,Illocutionary Change,"{'n_gold_tokens': 43, 'k': 43}",plausibility_mbert,mbert
task2_plausibility,51892636b91813bc,integrated_gradients,f1_at_k,0.3953488372093023,target,Illocutionary Change,"{'n_gold_tokens': 43, 'k': 43}",plausibility_mbert,mbert
task2_plausibility,51892636b91813bc,integrated_gradients,auprc,0.4036537280001545,target,Illocutionary Change,"{'n_gold_tokens': 43, 'k': 43}",plausibility_mbert,mbert
task2_plausibility,5764f4b7cbed6c24,integrated_gradients,precision_at_k,0.25,target,Illocutionary Change,"{'n_gold_tokens': 36, 'k': 36}",plausibility_mbert,mbert
task2_plausibility,5764f4b7cbed6c24,integrated_gradients,recall_at_k,0.25,target,Illocutionary Change,"{'n_gold_tokens': 36, 'k': 36}",plausibility_mbert,mbert
task2_plausibility,5764f4b7cbed6c24,integrated_gradients,f1_at_k,0.25,target,Illocutionary Change,"{'n_gold_tokens': 36, 'k': 36}",plausibility_mbert,mbert
task2_plausibility,5764f4b7cbed6c24,integrated_gradients,auprc,0.2707614551489138,target,Illocutionary Change,"{'n_gold_tokens': 36, 'k': 36}",plausibility_mbert,mbert
task2_plausibility,660efcf9a6a49ac8,integrated_gradients,precision_at_k,0.3833333333333333,target,Illocutionary Change,"{'n_gold_tokens': 60, 'k': 60}",plausibility_mbert,mbert
task2_plausibility,660efcf9a6a49ac8,integrated_gradients,recall_at_k,0.3833333333333333,target,Illocutionary Change,"{'n_gold_tokens': 60, 'k': 60}",plausibility_mbert,mbert
task2_plausibility,660efcf9a6a49ac8,integrated_gradients,f1_at_k,0.3833333333333333,target,Illocutionary Change,"{'n_gold_tokens': 60, 'k': 60}",plausibility_mbert,mbert
task2_plausibility,660efcf9a6a49ac8,integrated_gradients,auprc,0.4211357894965029,target,Illocutionary Change,"{'n_gold_tokens': 60, 'k': 60}",plausibility_mbert,mbert
task2_plausibility,68d0e00ff727912e,integrated_gradients,precision_at_k,0.2083333333333333,target,Illocutionary Change,"{'n_gold_tokens': 24, 'k': 24}",plausibility_mbert,mbert
task2_plausibility,68d0e00ff727912e,integrated_gradients,recall_at_k,0.2083333333333333,target,Illocutionary Change,"{'n_gold_tokens': 24, 'k': 24}",plausibility_mbert,mbert
task2_plausibility,68d0e00ff727912e,integrated_gradients,f1_at_k,0.2083333333333333,target,Illocutionary Change,"{'n_gold_tokens': 24, 'k': 24}",plausibility_mbert,mbert
task2_plausibility,68d0e00ff727912e,integrated_gradients,auprc,0.3312999270850005,target,Illocutionary Change,"{'n_gold_tokens': 24, 'k': 24}",plausibility_mbert,mbert
task2_plausibility,7c72952e67be8e1b,integrated_gradients,precision_at_k,0.25,target,Illocutionary Change,"{'n_gold_tokens': 8, 'k': 8}",plausibility_mbert,mbert
task2_plausibility,7c72952e67be8e1b,integrated_gradients,recall_at_k,0.25,target,Illocutionary Change,"{'n_gold_tokens': 8, 'k': 8}",plausibility_mbert,mbert
task2_plausibility,7c72952e67be8e1b,integrated_gradients,f1_at_k,0.25,target,Illocutionary Change,"{'n_gold_tokens': 8, 'k': 8}",plausibility_mbert,mbert
task2_plausibility,7c72952e67be8e1b,integrated_gradients,auprc,0.2723299808429119,target,Illocutionary Change,"{'n_gold_tokens': 8, 'k': 8}",plausibility_mbert,mbert
task2_plausibility,7e54bde8de12fb3b,integrated_gradients,precision_at_k,0.2452830188679245,target,Illocutionary Change,"{'n_gold_tokens': 53, 'k': 53}",plausibility_mbert,mbert
task2_plausibility,7e54bde8de12fb3b,integrated_gradients,recall_at_k,0.2452830188679245,target,Illocutionary Change,"{'n_gold_tokens': 53, 'k': 53}",plausibility_mbert,mbert
task2_plausibility,7e54bde8de12fb3b,integrated_gradients,f1_at_k,0.2452830188679245,target,Illocutionary Change,"{'n_gold_tokens': 53, 'k': 53}",plausibility_mbert,mbert
task2_plausibility,7e54bde8de12fb3b,integrated_gradients,auprc,0.2665502740579162,target,Illocutionary Change,"{'n_gold_tokens': 53, 'k': 53}",plausibility_mbert,mbert
task2_plausibility,9890c1fd323f06fc,integrated_gradients,precision_at_k,0.2647058823529412,target,Illocutionary Change,"{'n_gold_tokens': 34, 'k': 34}",plausibility_mbert,mbert
task2_plausibility,9890c1fd323f06fc,integrated_gradients,recall_at_k,0.2647058823529412,target,Illocutionary Change,"{'n_gold_tokens': 34, 'k': 34}",plausibility_mbert,mbert
task2_plausibility,9890c1fd323f06fc,integrated_gradients,f1_at_k,0.2647058823529412,target,Illocutionary Change,"{'n_gold_tokens': 34, 'k': 34}",plausibility_mbert,mbert
task2_plausibility,9890c1fd323f06fc,integrated_gradients,auprc,0.3336995474415101,target,Illocutionary Change,"{'n_gold_tokens': 34, 'k': 34}",plausibility_mbert,mbert
task2_plausibility,a58f01630c847e1b,integrated_gradients,precision_at_k,0.238095238095238,target,Illocutionary Change,"{'n_gold_tokens': 21, 'k': 21}",plausibility_mbert,mbert
task2_plausibility,a58f01630c847e1b,integrated_gradients,recall_at_k,0.238095238095238,target,Illocutionary Change,"{'n_gold_tokens': 21, 'k': 21}",plausibility_mbert,mbert
task2_plausibility,a58f01630c847e1b,integrated_gradients,f1_at_k,0.238095238095238,target,Illocutionary Change,"{'n_gold_tokens': 21, 'k': 21}",plausibility_mbert,mbert
task2_plausibility,a58f01630c847e1b,integrated_gradients,auprc,0.2186845687754142,target,Illocutionary Change,"{'n_gold_tokens': 21, 'k': 21}",plausibility_mbert,mbert
task2_plausibility,a620c5babe6035a2,integrated_gradients,precision_at_k,0.3157894736842105,target,Illocutionary Change,"{'n_gold_tokens': 38, 'k': 38}",plausibility_mbert,mbert
task2_plausibility,a620c5babe6035a2,integrated_gradients,recall_at_k,0.3157894736842105,target,Illocutionary Change,"{'n_gold_tokens': 38, 'k': 38}",plausibility_mbert,mbert
task2_plausibility,a620c5babe6035a2,integrated_gradients,f1_at_k,0.3157894736842105,target,Illocutionary Change,"{'n_gold_tokens': 38, 'k': 38}",plausibility_mbert,mbert
task2_plausibility,a620c5babe6035a2,integrated_gradients,auprc,0.3327350550857977,target,Illocutionary Change,"{'n_gold_tokens': 38, 'k': 38}",plausibility_mbert,mbert
task2_plausibility,a93d266d784d316f,integrated_gradients,precision_at_k,0.1904761904761904,target,Illocutionary Change,"{'n_gold_tokens': 21, 'k': 21}",plausibility_mbert,mbert
task2_plausibility,a93d266d784d316f,integrated_gradients,recall_at_k,0.1904761904761904,target,Illocutionary Change,"{'n_gold_tokens': 21, 'k': 21}",plausibility_mbert,mbert
task2_plausibility,a93d266d784d316f,integrated_gradients,f1_at_k,0.1904761904761904,target,Illocutionary Change,"{'n_gold_tokens': 21, 'k': 21}",plausibility_mbert,mbert
task2_plausibility,a93d266d784d316f,integrated_gradients,auprc,0.2630849578302332,target,Illocutionary Change,"{'n_gold_tokens': 21, 'k': 21}",plausibility_mbert,mbert
task2_plausibility,d2f2e7f20eec472a,integrated_gradients,precision_at_k,0.25,target,Illocutionary Change,"{'n_gold_tokens': 8, 'k': 8}",plausibility_mbert,mbert
task2_plausibility,d2f2e7f20eec472a,integrated_gradients,recall_at_k,0.25,target,Illocutionary Change,"{'n_gold_tokens': 8, 'k': 8}",plausibility_mbert,mbert
task2_plausibility,d2f2e7f20eec472a,integrated_gradients,f1_at_k,0.25,target,Illocutionary Change,"{'n_gold_tokens': 8, 'k': 8}",plausibility_mbert,mbert
task2_plausibility,d2f2e7f20eec472a,integrated_gradients,auprc,0.1931453499692911,target,Illocutionary Change,"{'n_gold_tokens': 8, 'k': 8}",plausibility_mbert,mbert
task2_plausibility,d529a52fe5e1accf,integrated_gradients,precision_at_k,0.1428571428571428,target,Illocutionary Change,"{'n_gold_tokens': 28, 'k': 28}",plausibility_mbert,mbert
task2_plausibility,d529a52fe5e1accf,integrated_gradients,recall_at_k,0.1428571428571428,target,Illocutionary Change,"{'n_gold_tokens': 28, 'k': 28}",plausibility_mbert,mbert
task2_plausibility,d529a52fe5e1accf,integrated_gradients,f1_at_k,0.1428571428571428,target,Illocutionary Change,"{'n_gold_tokens': 28, 'k': 28}",plausibility_mbert,mbert
task2_plausibility,d529a52fe5e1accf,integrated_gradients,auprc,0.1808910794776425,target,Illocutionary Change,"{'n_gold_tokens': 28, 'k': 28}",plausibility_mbert,mbert
task2_plausibility,ec435d1ae8212c0b,integrated_gradients,precision_at_k,0.2,target,Illocutionary Change,"{'n_gold_tokens': 10, 'k': 10}",plausibility_mbert,mbert
task2_plausibility,ec435d1ae8212c0b,integrated_gradients,recall_at_k,0.2,target,Illocutionary Change,"{'n_gold_tokens': 10, 'k': 10}",plausibility_mbert,mbert
task2_plausibility,ec435d1ae8212c0b,integrated_gradients,f1_at_k,0.2,target,Illocutionary Change,"{'n_gold_tokens': 10, 'k': 10}",plausibility_mbert,mbert
task2_plausibility,ec435d1ae8212c0b,integrated_gradients,auprc,0.2502719926179906,target,Illocutionary Change,"{'n_gold_tokens': 10, 'k': 10}",plausibility_mbert,mbert
task2_plausibility,f3ab5a6cd6537ab7,integrated_gradients,precision_at_k,0.1666666666666666,target,Illocutionary Change,"{'n_gold_tokens': 12, 'k': 12}",plausibility_mbert,mbert
task2_plausibility,f3ab5a6cd6537ab7,integrated_gradients,recall_at_k,0.1666666666666666,target,Illocutionary Change,"{'n_gold_tokens': 12, 'k': 12}",plausibility_mbert,mbert
task2_plausibility,f3ab5a6cd6537ab7,integrated_gradients,f1_at_k,0.1666666666666666,target,Illocutionary Change,"{'n_gold_tokens': 12, 'k': 12}",plausibility_mbert,mbert
task2_plausibility,f3ab5a6cd6537ab7,integrated_gradients,auprc,0.1871106514672691,target,Illocutionary Change,"{'n_gold_tokens': 12, 'k': 12}",plausibility_mbert,mbert
task2_plausibility,f6b714bbbe2b60d7,integrated_gradients,precision_at_k,0.1904761904761904,target,Illocutionary Change,"{'n_gold_tokens': 21, 'k': 21}",plausibility_mbert,mbert
task2_plausibility,f6b714bbbe2b60d7,integrated_gradients,recall_at_k,0.1904761904761904,target,Illocutionary Change,"{'n_gold_tokens': 21, 'k': 21}",plausibility_mbert,mbert
task2_plausibility,f6b714bbbe2b60d7,integrated_gradients,f1_at_k,0.1904761904761904,target,Illocutionary Change,"{'n_gold_tokens': 21, 'k': 21}",plausibility_mbert,mbert
task2_plausibility,f6b714bbbe2b60d7,integrated_gradients,auprc,0.2439420318081311,target,Illocutionary Change,"{'n_gold_tokens': 21, 'k': 21}",plausibility_mbert,mbert
task2_plausibility,fd519ad255631654,integrated_gradients,precision_at_k,0.2647058823529412,target,Illocutionary Change,"{'n_gold_tokens': 34, 'k': 34}",plausibility_mbert,mbert
task2_plausibility,fd519ad255631654,integrated_gradients,recall_at_k,0.2647058823529412,target,Illocutionary Change,"{'n_gold_tokens': 34, 'k': 34}",plausibility_mbert,mbert
task2_plausibility,fd519ad255631654,integrated_gradients,f1_at_k,0.2647058823529412,target,Illocutionary Change,"{'n_gold_tokens': 34, 'k': 34}",plausibility_mbert,mbert
task2_plausibility,fd519ad255631654,integrated_gradients,auprc,0.2970094507175465,target,Illocutionary Change,"{'n_gold_tokens': 34, 'k': 34}",plausibility_mbert,mbert
task2_plausibility,071d5037c44a2142,gradient_shap,precision_at_k,0.4814814814814814,target,Illocutionary Change,"{'n_gold_tokens': 27, 'k': 27}",plausibility_mbert,mbert
task2_plausibility,071d5037c44a2142,gradient_shap,recall_at_k,0.4814814814814814,target,Illocutionary Change,"{'n_gold_tokens': 27, 'k': 27}",plausibility_mbert,mbert
task2_plausibility,071d5037c44a2142,gradient_shap,f1_at_k,0.4814814814814814,target,Illocutionary Change,"{'n_gold_tokens': 27, 'k': 27}",plausibility_mbert,mbert
task2_plausibility,071d5037c44a2142,gradient_shap,auprc,0.4336539008413596,target,Illocutionary Change,"{'n_gold_tokens': 27, 'k': 27}",plausibility_mbert,mbert
task2_plausibility,13934b46dc51117d,gradient_shap,precision_at_k,0.375,target,Illocutionary Change,"{'n_gold_tokens': 32, 'k': 32}",plausibility_mbert,mbert
task2_plausibility,13934b46dc51117d,gradient_shap,recall_at_k,0.375,target,Illocutionary Change,"{'n_gold_tokens': 32, 'k': 32}",plausibility_mbert,mbert
task2_plausibility,13934b46dc51117d,gradient_shap,f1_at_k,0.375,target,Illocutionary Change,"{'n_gold_tokens': 32, 'k': 32}",plausibility_mbert,mbert
task2_plausibility,13934b46dc51117d,gradient_shap,auprc,0.3507414719153352,target,Illocutionary Change,"{'n_gold_tokens': 32, 'k': 32}",plausibility_mbert,mbert
task2_plausibility,15617fbe9b414a10,gradient_shap,precision_at_k,0.2195121951219512,target,Illocutionary Change,"{'n_gold_tokens': 41, 'k': 41}",plausibility_mbert,mbert
task2_plausibility,15617fbe9b414a10,gradient_shap,recall_at_k,0.2195121951219512,target,Illocutionary Change,"{'n_gold_tokens': 41, 'k': 41}",plausibility_mbert,mbert
task2_plausibility,15617fbe9b414a10,gradient_shap,f1_at_k,0.2195121951219512,target,Illocutionary Change,"{'n_gold_tokens': 41, 'k': 41}",plausibility_mbert,mbert
task2_plausibility,15617fbe9b414a10,gradient_shap,auprc,0.2758046992629532,target,Illocutionary Change,"{'n_gold_tokens': 41, 'k': 41}",plausibility_mbert,mbert
task2_plausibility,15f60dfdd12c9dd7,gradient_shap,precision_at_k,0.0454545454545454,target,Illocutionary Change,"{'n_gold_tokens': 22, 'k': 22}",plausibility_mbert,mbert
task2_plausibility,15f60dfdd12c9dd7,gradient_shap,recall_at_k,0.0454545454545454,target,Illocutionary Change,"{'n_gold_tokens': 22, 'k': 22}",plausibility_mbert,mbert
task2_plausibility,15f60dfdd12c9dd7,gradient_shap,f1_at_k,0.0454545454545454,target,Illocutionary Change,"{'n_gold_tokens': 22, 'k': 22}",plausibility_mbert,mbert
task2_plausibility,15f60dfdd12c9dd7,gradient_shap,auprc,0.1789770268887559,target,Illocutionary Change,"{'n_gold_tokens': 22, 'k': 22}",plausibility_mbert,mbert
task2_plausibility,1d1b04eb3e7ce11a,gradient_shap,precision_at_k,0.325,target,Illocutionary Change,"{'n_gold_tokens': 40, 'k': 40}",plausibility_mbert,mbert
task2_plausibility,1d1b04eb3e7ce11a,gradient_shap,recall_at_k,0.325,target,Illocutionary Change,"{'n_gold_tokens': 40, 'k': 40}",plausibility_mbert,mbert
task2_plausibility,1d1b04eb3e7ce11a,gradient_shap,f1_at_k,0.325,target,Illocutionary Change,"{'n_gold_tokens': 40, 'k': 40}",plausibility_mbert,mbert
task2_plausibility,1d1b04eb3e7ce11a,gradient_shap,auprc,0.3739102525161035,target,Illocutionary Change,"{'n_gold_tokens': 40, 'k': 40}",plausibility_mbert,mbert
task2_plausibility,1f56c7f2a72ee164,gradient_shap,precision_at_k,0.2916666666666667,target,Illocutionary Change,"{'n_gold_tokens': 48, 'k': 48}",plausibility_mbert,mbert
task2_plausibility,1f56c7f2a72ee164,gradient_shap,recall_at_k,0.2916666666666667,target,Illocutionary Change,"{'n_gold_tokens': 48, 'k': 48}",plausibility_mbert,mbert
task2_plausibility,1f56c7f2a72ee164,gradient_shap,f1_at_k,0.2916666666666667,target,Illocutionary Change,"{'n_gold_tokens': 48, 'k': 48}",plausibility_mbert,mbert
task2_plausibility,1f56c7f2a72ee164,gradient_shap,auprc,0.2647103189042697,target,Illocutionary Change,"{'n_gold_tokens': 48, 'k': 48}",plausibility_mbert,mbert
task2_plausibility,378e7f4f603abab7,gradient_shap,precision_at_k,0.175,target,Illocutionary Change,"{'n_gold_tokens': 40, 'k': 40}",plausibility_mbert,mbert
task2_plausibility,378e7f4f603abab7,gradient_shap,recall_at_k,0.175,target,Illocutionary Change,"{'n_gold_tokens': 40, 'k': 40}",plausibility_mbert,mbert
task2_plausibility,378e7f4f603abab7,gradient_shap,f1_at_k,0.175,target,Illocutionary Change,"{'n_gold_tokens': 40, 'k': 40}",plausibility_mbert,mbert
task2_plausibility,378e7f4f603abab7,gradient_shap,auprc,0.2222935568257716,target,Illocutionary Change,"{'n_gold_tokens': 40, 'k': 40}",plausibility_mbert,mbert
task2_plausibility,41cea45706409c38,gradient_shap,precision_at_k,0.0909090909090909,target,Illocutionary Change,"{'n_gold_tokens': 11, 'k': 11}",plausibility_mbert,mbert
task2_plausibility,41cea45706409c38,gradient_shap,recall_at_k,0.0909090909090909,target,Illocutionary Change,"{'n_gold_tokens': 11, 'k': 11}",plausibility_mbert,mbert
task2_plausibility,41cea45706409c38,gradient_shap,f1_at_k,0.0909090909090909,target,Illocutionary Change,"{'n_gold_tokens': 11, 'k': 11}",plausibility_mbert,mbert
task2_plausibility,41cea45706409c38,gradient_shap,auprc,0.15981880188257,target,Illocutionary Change,"{'n_gold_tokens': 11, 'k': 11}",plausibility_mbert,mbert
task2_plausibility,462fac739a2900aa,gradient_shap,precision_at_k,0.4230769230769231,target,Illocutionary Change,"{'n_gold_tokens': 26, 'k': 26}",plausibility_mbert,mbert
task2_plausibility,462fac739a2900aa,gradient_shap,recall_at_k,0.4230769230769231,target,Illocutionary Change,"{'n_gold_tokens': 26, 'k': 26}",plausibility_mbert,mbert
task2_plausibility,462fac739a2900aa,gradient_shap,f1_at_k,0.4230769230769231,target,Illocutionary Change,"{'n_gold_tokens': 26, 'k': 26}",plausibility_mbert,mbert
task2_plausibility,462fac739a2900aa,gradient_shap,auprc,0.3636564428896881,target,Illocutionary Change,"{'n_gold_tokens': 26, 'k': 26}",plausibility_mbert,mbert
task2_plausibility,4c738baf46f3aea2,gradient_shap,precision_at_k,0.5416666666666666,target,Illocutionary Change,"{'n_gold_tokens': 24, 'k': 24}",plausibility_mbert,mbert
task2_plausibility,4c738baf46f3aea2,gradient_shap,recall_at_k,0.5416666666666666,target,Illocutionary Change,"{'n_gold_tokens': 24, 'k': 24}",plausibility_mbert,mbert
task2_plausibility,4c738baf46f3aea2,gradient_shap,f1_at_k,0.5416666666666666,target,Illocutionary Change,"{'n_gold_tokens': 24, 'k': 24}",plausibility_mbert,mbert
task2_plausibility,4c738baf46f3aea2,gradient_shap,auprc,0.4968251389110522,target,Illocutionary Change,"{'n_gold_tokens': 24, 'k': 24}",plausibility_mbert,mbert
task2_plausibility,6a381fb5925d00cc,gradient_shap,precision_at_k,0.4375,target,Illocutionary Change,"{'n_gold_tokens': 16, 'k': 16}",plausibility_mbert,mbert
task2_plausibility,6a381fb5925d00cc,gradient_shap,recall_at_k,0.4375,target,Illocutionary Change,"{'n_gold_tokens': 16, 'k': 16}",plausibility_mbert,mbert
task2_plausibility,6a381fb5925d00cc,gradient_shap,f1_at_k,0.4375,target,Illocutionary Change,"{'n_gold_tokens': 16, 'k': 16}",plausibility_mbert,mbert
task2_plausibility,6a381fb5925d00cc,gradient_shap,auprc,0.4955979584852674,target,Illocutionary Change,"{'n_gold_tokens': 16, 'k': 16}",plausibility_mbert,mbert
task2_plausibility,7e42bb3d0d6c233d,gradient_shap,precision_at_k,0.35,target,Illocutionary Change,"{'n_gold_tokens': 20, 'k': 20}",plausibility_mbert,mbert
task2_plausibility,7e42bb3d0d6c233d,gradient_shap,recall_at_k,0.35,target,Illocutionary Change,"{'n_gold_tokens': 20, 'k': 20}",plausibility_mbert,mbert
task2_plausibility,7e42bb3d0d6c233d,gradient_shap,f1_at_k,0.35,target,Illocutionary Change,"{'n_gold_tokens': 20, 'k': 20}",plausibility_mbert,mbert
task2_plausibility,7e42bb3d0d6c233d,gradient_shap,auprc,0.2721090914784666,target,Illocutionary Change,"{'n_gold_tokens': 20, 'k': 20}",plausibility_mbert,mbert
task2_plausibility,7fab8bd42f1452d7,gradient_shap,precision_at_k,0.2692307692307692,target,Illocutionary Change,"{'n_gold_tokens': 26, 'k': 26}",plausibility_mbert,mbert
task2_plausibility,7fab8bd42f1452d7,gradient_shap,recall_at_k,0.2692307692307692,target,Illocutionary Change,"{'n_gold_tokens': 26, 'k': 26}",plausibility_mbert,mbert
task2_plausibility,7fab8bd42f1452d7,gradient_shap,f1_at_k,0.2692307692307692,target,Illocutionary Change,"{'n_gold_tokens': 26, 'k': 26}",plausibility_mbert,mbert
task2_plausibility,7fab8bd42f1452d7,gradient_shap,auprc,0.2353396134566139,target,Illocutionary Change,"{'n_gold_tokens': 26, 'k': 26}",plausibility_mbert,mbert
task2_plausibility,8cba73e50098825a,gradient_shap,precision_at_k,0.3023255813953488,target,Illocutionary Change,"{'n_gold_tokens': 43, 'k': 43}",plausibility_mbert,mbert
task2_plausibility,8cba73e50098825a,gradient_shap,recall_at_k,0.3023255813953488,target,Illocutionary Change,"{'n_gold_tokens': 43, 'k': 43}",plausibility_mbert,mbert
task2_plausibility,8cba73e50098825a,gradient_shap,f1_at_k,0.3023255813953488,target,Illocutionary Change,"{'n_gold_tokens': 43, 'k': 43}",plausibility_mbert,mbert
task2_plausibility,8cba73e50098825a,gradient_shap,auprc,0.352084996249239,target,Illocutionary Change,"{'n_gold_tokens': 43, 'k': 43}",plausibility_mbert,mbert
task2_plausibility,a31adca83e5d0797,gradient_shap,precision_at_k,0.25,target,Illocutionary Change,"{'n_gold_tokens': 36, 'k': 36}",plausibility_mbert,mbert
task2_plausibility,a31adca83e5d0797,gradient_shap,recall_at_k,0.25,target,Illocutionary Change,"{'n_gold_tokens': 36, 'k': 36}",plausibility_mbert,mbert
task2_plausibility,a31adca83e5d0797,gradient_shap,f1_at_k,0.25,target,Illocutionary Change,"{'n_gold_tokens': 36, 'k': 36}",plausibility_mbert,mbert
task2_plausibility,a31adca83e5d0797,gradient_shap,auprc,0.2506901118017086,target,Illocutionary Change,"{'n_gold_tokens': 36, 'k': 36}",plausibility_mbert,mbert
task2_plausibility,a4b4c81ab3ff1c8a,gradient_shap,precision_at_k,0.2658227848101265,target,Illocutionary Change,"{'n_gold_tokens': 79, 'k': 79}",plausibility_mbert,mbert
task2_plausibility,a4b4c81ab3ff1c8a,gradient_shap,recall_at_k,0.2658227848101265,target,Illocutionary Change,"{'n_gold_tokens': 79, 'k': 79}",plausibility_mbert,mbert
task2_plausibility,a4b4c81ab3ff1c8a,gradient_shap,f1_at_k,0.2658227848101265,target,Illocutionary Change,"{'n_gold_tokens': 79, 'k': 79}",plausibility_mbert,mbert
task2_plausibility,a4b4c81ab3ff1c8a,gradient_shap,auprc,0.3301746732436417,target,Illocutionary Change,"{'n_gold_tokens': 79, 'k': 79}",plausibility_mbert,mbert
task2_plausibility,b49711b7a2a493e7,gradient_shap,precision_at_k,0.25,target,Illocutionary Change,"{'n_gold_tokens': 16, 'k': 16}",plausibility_mbert,mbert
task2_plausibility,b49711b7a2a493e7,gradient_shap,recall_at_k,0.25,target,Illocutionary Change,"{'n_gold_tokens': 16, 'k': 16}",plausibility_mbert,mbert
task2_plausibility,b49711b7a2a493e7,gradient_shap,f1_at_k,0.25,target,Illocutionary Change,"{'n_gold_tokens': 16, 'k': 16}",plausibility_mbert,mbert
task2_plausibility,b49711b7a2a493e7,gradient_shap,auprc,0.2759109927059707,target,Illocutionary Change,"{'n_gold_tokens': 16, 'k': 16}",plausibility_mbert,mbert
task2_plausibility,c58ed41c5b381a18,gradient_shap,precision_at_k,0.2564102564102564,target,Illocutionary Change,"{'n_gold_tokens': 39, 'k': 39}",plausibility_mbert,mbert
task2_plausibility,c58ed41c5b381a18,gradient_shap,recall_at_k,0.2564102564102564,target,Illocutionary Change,"{'n_gold_tokens': 39, 'k': 39}",plausibility_mbert,mbert
task2_plausibility,c58ed41c5b381a18,gradient_shap,f1_at_k,0.2564102564102564,target,Illocutionary Change,"{'n_gold_tokens': 39, 'k': 39}",plausibility_mbert,mbert
task2_plausibility,c58ed41c5b381a18,gradient_shap,auprc,0.3208043485460925,target,Illocutionary Change,"{'n_gold_tokens': 39, 'k': 39}",plausibility_mbert,mbert
task2_plausibility,c7f805091a063b0f,gradient_shap,precision_at_k,0.2222222222222222,target,Illocutionary Change,"{'n_gold_tokens': 36, 'k': 36}",plausibility_mbert,mbert
task2_plausibility,c7f805091a063b0f,gradient_shap,recall_at_k,0.2222222222222222,target,Illocutionary Change,"{'n_gold_tokens': 36, 'k': 36}",plausibility_mbert,mbert
task2_plausibility,c7f805091a063b0f,gradient_shap,f1_at_k,0.2222222222222222,target,Illocutionary Change,"{'n_gold_tokens': 36, 'k': 36}",plausibility_mbert,mbert
task2_plausibility,c7f805091a063b0f,gradient_shap,auprc,0.291286514855762,target,Illocutionary Change,"{'n_gold_tokens': 36, 'k': 36}",plausibility_mbert,mbert
task2_plausibility,ca574cd1c9e26b4e,gradient_shap,precision_at_k,0.2727272727272727,target,Illocutionary Change,"{'n_gold_tokens': 66, 'k': 66}",plausibility_mbert,mbert
task2_plausibility,ca574cd1c9e26b4e,gradient_shap,recall_at_k,0.2727272727272727,target,Illocutionary Change,"{'n_gold_tokens': 66, 'k': 66}",plausibility_mbert,mbert
task2_plausibility,ca574cd1c9e26b4e,gradient_shap,f1_at_k,0.2727272727272727,target,Illocutionary Change,"{'n_gold_tokens': 66, 'k': 66}",plausibility_mbert,mbert
task2_plausibility,ca574cd1c9e26b4e,gradient_shap,auprc,0.3543846705936448,target,Illocutionary Change,"{'n_gold_tokens': 66, 'k': 66}",plausibility_mbert,mbert
task2_plausibility,e02841689d8dbd93,gradient_shap,precision_at_k,0.217391304347826,target,Illocutionary Change,"{'n_gold_tokens': 23, 'k': 23}",plausibility_mbert,mbert
task2_plausibility,e02841689d8dbd93,gradient_shap,recall_at_k,0.217391304347826,target,Illocutionary Change,"{'n_gold_tokens': 23, 'k': 23}",plausibility_mbert,mbert
task2_plausibility,e02841689d8dbd93,gradient_shap,f1_at_k,0.217391304347826,target,Illocutionary Change,"{'n_gold_tokens': 23, 'k': 23}",plausibility_mbert,mbert
task2_plausibility,e02841689d8dbd93,gradient_shap,auprc,0.2403677235917652,target,Illocutionary Change,"{'n_gold_tokens': 23, 'k': 23}",plausibility_mbert,mbert
task2_plausibility,ebc38fd5196585a4,gradient_shap,precision_at_k,0.2448979591836734,target,Illocutionary Change,"{'n_gold_tokens': 49, 'k': 49}",plausibility_mbert,mbert
task2_plausibility,ebc38fd5196585a4,gradient_shap,recall_at_k,0.2448979591836734,target,Illocutionary Change,"{'n_gold_tokens': 49, 'k': 49}",plausibility_mbert,mbert
task2_plausibility,ebc38fd5196585a4,gradient_shap,f1_at_k,0.2448979591836734,target,Illocutionary Change,"{'n_gold_tokens': 49, 'k': 49}",plausibility_mbert,mbert
task2_plausibility,ebc38fd5196585a4,gradient_shap,auprc,0.2955925390622921,target,Illocutionary Change,"{'n_gold_tokens': 49, 'k': 49}",plausibility_mbert,mbert
task2_plausibility,fb0854572fb09c00,gradient_shap,precision_at_k,0.3513513513513513,target,Illocutionary Change,"{'n_gold_tokens': 37, 'k': 37}",plausibility_mbert,mbert
task2_plausibility,fb0854572fb09c00,gradient_shap,recall_at_k,0.3513513513513513,target,Illocutionary Change,"{'n_gold_tokens': 37, 'k': 37}",plausibility_mbert,mbert
task2_plausibility,fb0854572fb09c00,gradient_shap,f1_at_k,0.3513513513513513,target,Illocutionary Change,"{'n_gold_tokens': 37, 'k': 37}",plausibility_mbert,mbert
task2_plausibility,fb0854572fb09c00,gradient_shap,auprc,0.4112059561822364,target,Illocutionary Change,"{'n_gold_tokens': 37, 'k': 37}",plausibility_mbert,mbert
task2_plausibility,0d37251fcd910029,gradient_shap,precision_at_k,0.3902439024390244,target,Illocutionary Change,"{'n_gold_tokens': 41, 'k': 41}",plausibility_mbert,mbert
task2_plausibility,0d37251fcd910029,gradient_shap,recall_at_k,0.3902439024390244,target,Illocutionary Change,"{'n_gold_tokens': 41, 'k': 41}",plausibility_mbert,mbert
task2_plausibility,0d37251fcd910029,gradient_shap,f1_at_k,0.3902439024390244,target,Illocutionary Change,"{'n_gold_tokens': 41, 'k': 41}",plausibility_mbert,mbert
task2_plausibility,0d37251fcd910029,gradient_shap,auprc,0.3688385239363121,target,Illocutionary Change,"{'n_gold_tokens': 41, 'k': 41}",plausibility_mbert,mbert
task2_plausibility,1a408162a7e9e7a1,gradient_shap,precision_at_k,0.15,target,Illocutionary Change,"{'n_gold_tokens': 20, 'k': 20}",plausibility_mbert,mbert
task2_plausibility,1a408162a7e9e7a1,gradient_shap,recall_at_k,0.15,target,Illocutionary Change,"{'n_gold_tokens': 20, 'k': 20}",plausibility_mbert,mbert
task2_plausibility,1a408162a7e9e7a1,gradient_shap,f1_at_k,0.15,target,Illocutionary Change,"{'n_gold_tokens': 20, 'k': 20}",plausibility_mbert,mbert
task2_plausibility,1a408162a7e9e7a1,gradient_shap,auprc,0.1938535298851336,target,Illocutionary Change,"{'n_gold_tokens': 20, 'k': 20}",plausibility_mbert,mbert
task2_plausibility,385eb3628ca82dc9,gradient_shap,precision_at_k,0.3684210526315789,target,Illocutionary Change,"{'n_gold_tokens': 19, 'k': 19}",plausibility_mbert,mbert
task2_plausibility,385eb3628ca82dc9,gradient_shap,recall_at_k,0.3684210526315789,target,Illocutionary Change,"{'n_gold_tokens': 19, 'k': 19}",plausibility_mbert,mbert
task2_plausibility,385eb3628ca82dc9,gradient_shap,f1_at_k,0.3684210526315789,target,Illocutionary Change,"{'n_gold_tokens': 19, 'k': 19}",plausibility_mbert,mbert
task2_plausibility,385eb3628ca82dc9,gradient_shap,auprc,0.4263435786605122,target,Illocutionary Change,"{'n_gold_tokens': 19, 'k': 19}",plausibility_mbert,mbert
task2_plausibility,467d362e647d1b0b,gradient_shap,precision_at_k,0.1764705882352941,target,Illocutionary Change,"{'n_gold_tokens': 17, 'k': 17}",plausibility_mbert,mbert
task2_plausibility,467d362e647d1b0b,gradient_shap,recall_at_k,0.1764705882352941,target,Illocutionary Change,"{'n_gold_tokens': 17, 'k': 17}",plausibility_mbert,mbert
task2_plausibility,467d362e647d1b0b,gradient_shap,f1_at_k,0.1764705882352941,target,Illocutionary Change,"{'n_gold_tokens': 17, 'k': 17}",plausibility_mbert,mbert
task2_plausibility,467d362e647d1b0b,gradient_shap,auprc,0.2915519577822906,target,Illocutionary Change,"{'n_gold_tokens': 17, 'k': 17}",plausibility_mbert,mbert
task2_plausibility,4a3b8751b4125005,gradient_shap,precision_at_k,0.15,target,Illocutionary Change,"{'n_gold_tokens': 20, 'k': 20}",plausibility_mbert,mbert
task2_plausibility,4a3b8751b4125005,gradient_shap,recall_at_k,0.15,target,Illocutionary Change,"{'n_gold_tokens': 20, 'k': 20}",plausibility_mbert,mbert
task2_plausibility,4a3b8751b4125005,gradient_shap,f1_at_k,0.15,target,Illocutionary Change,"{'n_gold_tokens': 20, 'k': 20}",plausibility_mbert,mbert
task2_plausibility,4a3b8751b4125005,gradient_shap,auprc,0.2038897274053523,target,Illocutionary Change,"{'n_gold_tokens': 20, 'k': 20}",plausibility_mbert,mbert
task2_plausibility,68fcbd3c26b53cfa,gradient_shap,precision_at_k,0.3333333333333333,target,Illocutionary Change,"{'n_gold_tokens': 27, 'k': 27}",plausibility_mbert,mbert
task2_plausibility,68fcbd3c26b53cfa,gradient_shap,recall_at_k,0.3333333333333333,target,Illocutionary Change,"{'n_gold_tokens': 27, 'k': 27}",plausibility_mbert,mbert
task2_plausibility,68fcbd3c26b53cfa,gradient_shap,f1_at_k,0.3333333333333333,target,Illocutionary Change,"{'n_gold_tokens': 27, 'k': 27}",plausibility_mbert,mbert
task2_plausibility,68fcbd3c26b53cfa,gradient_shap,auprc,0.3645863382619166,target,Illocutionary Change,"{'n_gold_tokens': 27, 'k': 27}",plausibility_mbert,mbert
task2_plausibility,845f231d95d5cc72,gradient_shap,precision_at_k,0.21875,target,Illocutionary Change,"{'n_gold_tokens': 32, 'k': 32}",plausibility_mbert,mbert
task2_plausibility,845f231d95d5cc72,gradient_shap,recall_at_k,0.21875,target,Illocutionary Change,"{'n_gold_tokens': 32, 'k': 32}",plausibility_mbert,mbert
task2_plausibility,845f231d95d5cc72,gradient_shap,f1_at_k,0.21875,target,Illocutionary Change,"{'n_gold_tokens': 32, 'k': 32}",plausibility_mbert,mbert
task2_plausibility,845f231d95d5cc72,gradient_shap,auprc,0.2819643049004332,target,Illocutionary Change,"{'n_gold_tokens': 32, 'k': 32}",plausibility_mbert,mbert
task2_plausibility,90d2c76b0f165f7f,gradient_shap,precision_at_k,0.3888888888888889,target,Illocutionary Change,"{'n_gold_tokens': 36, 'k': 36}",plausibility_mbert,mbert
task2_plausibility,90d2c76b0f165f7f,gradient_shap,recall_at_k,0.3888888888888889,target,Illocutionary Change,"{'n_gold_tokens': 36, 'k': 36}",plausibility_mbert,mbert
task2_plausibility,90d2c76b0f165f7f,gradient_shap,f1_at_k,0.3888888888888889,target,Illocutionary Change,"{'n_gold_tokens': 36, 'k': 36}",plausibility_mbert,mbert
task2_plausibility,90d2c76b0f165f7f,gradient_shap,auprc,0.36896566397172,target,Illocutionary Change,"{'n_gold_tokens': 36, 'k': 36}",plausibility_mbert,mbert
task2_plausibility,d71f511788d7755a,gradient_shap,precision_at_k,0.3225806451612903,target,Illocutionary Change,"{'n_gold_tokens': 62, 'k': 62}",plausibility_mbert,mbert
task2_plausibility,d71f511788d7755a,gradient_shap,recall_at_k,0.3225806451612903,target,Illocutionary Change,"{'n_gold_tokens': 62, 'k': 62}",plausibility_mbert,mbert
task2_plausibility,d71f511788d7755a,gradient_shap,f1_at_k,0.3225806451612903,target,Illocutionary Change,"{'n_gold_tokens': 62, 'k': 62}",plausibility_mbert,mbert
task2_plausibility,d71f511788d7755a,gradient_shap,auprc,0.3180804979781862,target,Illocutionary Change,"{'n_gold_tokens': 62, 'k': 62}",plausibility_mbert,mbert
task2_plausibility,d8eef360c7b226f8,gradient_shap,precision_at_k,0.3,target,Illocutionary Change,"{'n_gold_tokens': 30, 'k': 30}",plausibility_mbert,mbert
task2_plausibility,d8eef360c7b226f8,gradient_shap,recall_at_k,0.3,target,Illocutionary Change,"{'n_gold_tokens': 30, 'k': 30}",plausibility_mbert,mbert
task2_plausibility,d8eef360c7b226f8,gradient_shap,f1_at_k,0.3,target,Illocutionary Change,"{'n_gold_tokens': 30, 'k': 30}",plausibility_mbert,mbert
task2_plausibility,d8eef360c7b226f8,gradient_shap,auprc,0.3056913847087347,target,Illocutionary Change,"{'n_gold_tokens': 30, 'k': 30}",plausibility_mbert,mbert
task2_plausibility,db9d242ec7c52178,gradient_shap,precision_at_k,0.2777777777777778,target,Illocutionary Change,"{'n_gold_tokens': 18, 'k': 18}",plausibility_mbert,mbert
task2_plausibility,db9d242ec7c52178,gradient_shap,recall_at_k,0.2777777777777778,target,Illocutionary Change,"{'n_gold_tokens': 18, 'k': 18}",plausibility_mbert,mbert
task2_plausibility,db9d242ec7c52178,gradient_shap,f1_at_k,0.2777777777777778,target,Illocutionary Change,"{'n_gold_tokens': 18, 'k': 18}",plausibility_mbert,mbert
task2_plausibility,db9d242ec7c52178,gradient_shap,auprc,0.2601648874799976,target,Illocutionary Change,"{'n_gold_tokens': 18, 'k': 18}",plausibility_mbert,mbert
task2_plausibility,e5bc02d62cc000ba,gradient_shap,precision_at_k,0.1904761904761904,target,Illocutionary Change,"{'n_gold_tokens': 42, 'k': 42}",plausibility_mbert,mbert
task2_plausibility,e5bc02d62cc000ba,gradient_shap,recall_at_k,0.1904761904761904,target,Illocutionary Change,"{'n_gold_tokens': 42, 'k': 42}",plausibility_mbert,mbert
task2_plausibility,e5bc02d62cc000ba,gradient_shap,f1_at_k,0.1904761904761904,target,Illocutionary Change,"{'n_gold_tokens': 42, 'k': 42}",plausibility_mbert,mbert
task2_plausibility,e5bc02d62cc000ba,gradient_shap,auprc,0.1628629304488957,target,Illocutionary Change,"{'n_gold_tokens': 42, 'k': 42}",plausibility_mbert,mbert
task2_plausibility,f716126e55aeccd5,gradient_shap,precision_at_k,0.25,target,Illocutionary Change,"{'n_gold_tokens': 28, 'k': 28}",plausibility_mbert,mbert
task2_plausibility,f716126e55aeccd5,gradient_shap,recall_at_k,0.25,target,Illocutionary Change,"{'n_gold_tokens': 28, 'k': 28}",plausibility_mbert,mbert
task2_plausibility,f716126e55aeccd5,gradient_shap,f1_at_k,0.25,target,Illocutionary Change,"{'n_gold_tokens': 28, 'k': 28}",plausibility_mbert,mbert
task2_plausibility,f716126e55aeccd5,gradient_shap,auprc,0.2991851601155585,target,Illocutionary Change,"{'n_gold_tokens': 28, 'k': 28}",plausibility_mbert,mbert
task2_plausibility,fbe2e558b7326293,gradient_shap,precision_at_k,0.2647058823529412,target,Illocutionary Change,"{'n_gold_tokens': 34, 'k': 34}",plausibility_mbert,mbert
task2_plausibility,fbe2e558b7326293,gradient_shap,recall_at_k,0.2647058823529412,target,Illocutionary Change,"{'n_gold_tokens': 34, 'k': 34}",plausibility_mbert,mbert
task2_plausibility,fbe2e558b7326293,gradient_shap,f1_at_k,0.2647058823529412,target,Illocutionary Change,"{'n_gold_tokens': 34, 'k': 34}",plausibility_mbert,mbert
task2_plausibility,fbe2e558b7326293,gradient_shap,auprc,0.30922769568669,target,Illocutionary Change,"{'n_gold_tokens': 34, 'k': 34}",plausibility_mbert,mbert
task2_plausibility,0d8ed1fae1326a38,gradient_shap,precision_at_k,0.3333333333333333,target,Illocutionary Change,"{'n_gold_tokens': 42, 'k': 42}",plausibility_mbert,mbert
task2_plausibility,0d8ed1fae1326a38,gradient_shap,recall_at_k,0.3333333333333333,target,Illocutionary Change,"{'n_gold_tokens': 42, 'k': 42}",plausibility_mbert,mbert
task2_plausibility,0d8ed1fae1326a38,gradient_shap,f1_at_k,0.3333333333333333,target,Illocutionary Change,"{'n_gold_tokens': 42, 'k': 42}",plausibility_mbert,mbert
task2_plausibility,0d8ed1fae1326a38,gradient_shap,auprc,0.3667409538749291,target,Illocutionary Change,"{'n_gold_tokens': 42, 'k': 42}",plausibility_mbert,mbert
task2_plausibility,161a615d7857bc73,gradient_shap,precision_at_k,0.5,target,Illocutionary Change,"{'n_gold_tokens': 6, 'k': 6}",plausibility_mbert,mbert
task2_plausibility,161a615d7857bc73,gradient_shap,recall_at_k,0.5,target,Illocutionary Change,"{'n_gold_tokens': 6, 'k': 6}",plausibility_mbert,mbert
task2_plausibility,161a615d7857bc73,gradient_shap,f1_at_k,0.5,target,Illocutionary Change,"{'n_gold_tokens': 6, 'k': 6}",plausibility_mbert,mbert
task2_plausibility,161a615d7857bc73,gradient_shap,auprc,0.6872605363984674,target,Illocutionary Change,"{'n_gold_tokens': 6, 'k': 6}",plausibility_mbert,mbert
task2_plausibility,1af07aee67fb8b34,gradient_shap,precision_at_k,0.375,target,Illocutionary Change,"{'n_gold_tokens': 24, 'k': 24}",plausibility_mbert,mbert
task2_plausibility,1af07aee67fb8b34,gradient_shap,recall_at_k,0.375,target,Illocutionary Change,"{'n_gold_tokens': 24, 'k': 24}",plausibility_mbert,mbert
task2_plausibility,1af07aee67fb8b34,gradient_shap,f1_at_k,0.375,target,Illocutionary Change,"{'n_gold_tokens': 24, 'k': 24}",plausibility_mbert,mbert
task2_plausibility,1af07aee67fb8b34,gradient_shap,auprc,0.3798068356224136,target,Illocutionary Change,"{'n_gold_tokens': 24, 'k': 24}",plausibility_mbert,mbert
task2_plausibility,1e28d65b0fd66a9b,gradient_shap,precision_at_k,0.3870967741935484,target,Illocutionary Change,"{'n_gold_tokens': 31, 'k': 31}",plausibility_mbert,mbert
task2_plausibility,1e28d65b0fd66a9b,gradient_shap,recall_at_k,0.3870967741935484,target,Illocutionary Change,"{'n_gold_tokens': 31, 'k': 31}",plausibility_mbert,mbert
task2_plausibility,1e28d65b0fd66a9b,gradient_shap,f1_at_k,0.3870967741935484,target,Illocutionary Change,"{'n_gold_tokens': 31, 'k': 31}",plausibility_mbert,mbert
task2_plausibility,1e28d65b0fd66a9b,gradient_shap,auprc,0.3591687209257984,target,Illocutionary Change,"{'n_gold_tokens': 31, 'k': 31}",plausibility_mbert,mbert
task2_plausibility,25efa7ce550a65e8,gradient_shap,precision_at_k,0.2156862745098039,target,Illocutionary Change,"{'n_gold_tokens': 51, 'k': 51}",plausibility_mbert,mbert
task2_plausibility,25efa7ce550a65e8,gradient_shap,recall_at_k,0.2156862745098039,target,Illocutionary Change,"{'n_gold_tokens': 51, 'k': 51}",plausibility_mbert,mbert
task2_plausibility,25efa7ce550a65e8,gradient_shap,f1_at_k,0.2156862745098039,target,Illocutionary Change,"{'n_gold_tokens': 51, 'k': 51}",plausibility_mbert,mbert
task2_plausibility,25efa7ce550a65e8,gradient_shap,auprc,0.275867774576346,target,Illocutionary Change,"{'n_gold_tokens': 51, 'k': 51}",plausibility_mbert,mbert
task2_plausibility,2b8cd105f1b02c23,gradient_shap,precision_at_k,0.1428571428571428,target,Illocutionary Change,"{'n_gold_tokens': 7, 'k': 7}",plausibility_mbert,mbert
task2_plausibility,2b8cd105f1b02c23,gradient_shap,recall_at_k,0.1428571428571428,target,Illocutionary Change,"{'n_gold_tokens': 7, 'k': 7}",plausibility_mbert,mbert
task2_plausibility,2b8cd105f1b02c23,gradient_shap,f1_at_k,0.1428571428571428,target,Illocutionary Change,"{'n_gold_tokens': 7, 'k': 7}",plausibility_mbert,mbert
task2_plausibility,2b8cd105f1b02c23,gradient_shap,auprc,0.1853578752074992,target,Illocutionary Change,"{'n_gold_tokens': 7, 'k': 7}",plausibility_mbert,mbert
task2_plausibility,357478fc517ba4b7,gradient_shap,precision_at_k,0.32,target,Illocutionary Change,"{'n_gold_tokens': 25, 'k': 25}",plausibility_mbert,mbert
task2_plausibility,357478fc517ba4b7,gradient_shap,recall_at_k,0.32,target,Illocutionary Change,"{'n_gold_tokens': 25, 'k': 25}",plausibility_mbert,mbert
task2_plausibility,357478fc517ba4b7,gradient_shap,f1_at_k,0.32,target,Illocutionary Change,"{'n_gold_tokens': 25, 'k': 25}",plausibility_mbert,mbert
task2_plausibility,357478fc517ba4b7,gradient_shap,auprc,0.3158758771240685,target,Illocutionary Change,"{'n_gold_tokens': 25, 'k': 25}",plausibility_mbert,mbert
task2_plausibility,3900769ace2b0443,gradient_shap,precision_at_k,0.5384615384615384,target,Illocutionary Change,"{'n_gold_tokens': 13, 'k': 13}",plausibility_mbert,mbert
task2_plausibility,3900769ace2b0443,gradient_shap,recall_at_k,0.5384615384615384,target,Illocutionary Change,"{'n_gold_tokens': 13, 'k': 13}",plausibility_mbert,mbert
task2_plausibility,3900769ace2b0443,gradient_shap,f1_at_k,0.5384615384615384,target,Illocutionary Change,"{'n_gold_tokens': 13, 'k': 13}",plausibility_mbert,mbert
task2_plausibility,3900769ace2b0443,gradient_shap,auprc,0.458017684440507,target,Illocutionary Change,"{'n_gold_tokens': 13, 'k': 13}",plausibility_mbert,mbert
task2_plausibility,3c14ec055d1f0d11,gradient_shap,precision_at_k,0.2203389830508474,target,Illocutionary Change,"{'n_gold_tokens': 59, 'k': 59}",plausibility_mbert,mbert
task2_plausibility,3c14ec055d1f0d11,gradient_shap,recall_at_k,0.2203389830508474,target,Illocutionary Change,"{'n_gold_tokens': 59, 'k': 59}",plausibility_mbert,mbert
task2_plausibility,3c14ec055d1f0d11,gradient_shap,f1_at_k,0.2203389830508474,target,Illocutionary Change,"{'n_gold_tokens': 59, 'k': 59}",plausibility_mbert,mbert
task2_plausibility,3c14ec055d1f0d11,gradient_shap,auprc,0.2310842415850477,target,Illocutionary Change,"{'n_gold_tokens': 59, 'k': 59}",plausibility_mbert,mbert
task2_plausibility,3e26eea6bb43c1de,gradient_shap,precision_at_k,0.3,target,Illocutionary Change,"{'n_gold_tokens': 20, 'k': 20}",plausibility_mbert,mbert
task2_plausibility,3e26eea6bb43c1de,gradient_shap,recall_at_k,0.3,target,Illocutionary Change,"{'n_gold_tokens': 20, 'k': 20}",plausibility_mbert,mbert
task2_plausibility,3e26eea6bb43c1de,gradient_shap,f1_at_k,0.3,target,Illocutionary Change,"{'n_gold_tokens': 20, 'k': 20}",plausibility_mbert,mbert
task2_plausibility,3e26eea6bb43c1de,gradient_shap,auprc,0.2854696070089061,target,Illocutionary Change,"{'n_gold_tokens': 20, 'k': 20}",plausibility_mbert,mbert
task2_plausibility,4263c780d7547c5d,gradient_shap,precision_at_k,0.3555555555555555,target,Illocutionary Change,"{'n_gold_tokens': 45, 'k': 45}",plausibility_mbert,mbert
task2_plausibility,4263c780d7547c5d,gradient_shap,recall_at_k,0.3555555555555555,target,Illocutionary Change,"{'n_gold_tokens': 45, 'k': 45}",plausibility_mbert,mbert
task2_plausibility,4263c780d7547c5d,gradient_shap,f1_at_k,0.3555555555555555,target,Illocutionary Change,"{'n_gold_tokens': 45, 'k': 45}",plausibility_mbert,mbert
task2_plausibility,4263c780d7547c5d,gradient_shap,auprc,0.3588912828679497,target,Illocutionary Change,"{'n_gold_tokens': 45, 'k': 45}",plausibility_mbert,mbert
task2_plausibility,4507b6633aab2eab,gradient_shap,precision_at_k,0.125,target,Illocutionary Change,"{'n_gold_tokens': 8, 'k': 8}",plausibility_mbert,mbert
task2_plausibility,4507b6633aab2eab,gradient_shap,recall_at_k,0.125,target,Illocutionary Change,"{'n_gold_tokens': 8, 'k': 8}",plausibility_mbert,mbert
task2_plausibility,4507b6633aab2eab,gradient_shap,f1_at_k,0.125,target,Illocutionary Change,"{'n_gold_tokens': 8, 'k': 8}",plausibility_mbert,mbert
task2_plausibility,4507b6633aab2eab,gradient_shap,auprc,0.1538803525286083,target,Illocutionary Change,"{'n_gold_tokens': 8, 'k': 8}",plausibility_mbert,mbert
task2_plausibility,51892636b91813bc,gradient_shap,precision_at_k,0.4186046511627907,target,Illocutionary Change,"{'n_gold_tokens': 43, 'k': 43}",plausibility_mbert,mbert
task2_plausibility,51892636b91813bc,gradient_shap,recall_at_k,0.4186046511627907,target,Illocutionary Change,"{'n_gold_tokens': 43, 'k': 43}",plausibility_mbert,mbert
task2_plausibility,51892636b91813bc,gradient_shap,f1_at_k,0.4186046511627907,target,Illocutionary Change,"{'n_gold_tokens': 43, 'k': 43}",plausibility_mbert,mbert
task2_plausibility,51892636b91813bc,gradient_shap,auprc,0.3884281567487344,target,Illocutionary Change,"{'n_gold_tokens': 43, 'k': 43}",plausibility_mbert,mbert
task2_plausibility,5764f4b7cbed6c24,gradient_shap,precision_at_k,0.25,target,Illocutionary Change,"{'n_gold_tokens': 36, 'k': 36}",plausibility_mbert,mbert
task2_plausibility,5764f4b7cbed6c24,gradient_shap,recall_at_k,0.25,target,Illocutionary Change,"{'n_gold_tokens': 36, 'k': 36}",plausibility_mbert,mbert
task2_plausibility,5764f4b7cbed6c24,gradient_shap,f1_at_k,0.25,target,Illocutionary Change,"{'n_gold_tokens': 36, 'k': 36}",plausibility_mbert,mbert
task2_plausibility,5764f4b7cbed6c24,gradient_shap,auprc,0.2550264440143993,target,Illocutionary Change,"{'n_gold_tokens': 36, 'k': 36}",plausibility_mbert,mbert
task2_plausibility,660efcf9a6a49ac8,gradient_shap,precision_at_k,0.4333333333333333,target,Illocutionary Change,"{'n_gold_tokens': 60, 'k': 60}",plausibility_mbert,mbert
task2_plausibility,660efcf9a6a49ac8,gradient_shap,recall_at_k,0.4333333333333333,target,Illocutionary Change,"{'n_gold_tokens': 60, 'k': 60}",plausibility_mbert,mbert
task2_plausibility,660efcf9a6a49ac8,gradient_shap,f1_at_k,0.4333333333333333,target,Illocutionary Change,"{'n_gold_tokens': 60, 'k': 60}",plausibility_mbert,mbert
task2_plausibility,660efcf9a6a49ac8,gradient_shap,auprc,0.4712393011282776,target,Illocutionary Change,"{'n_gold_tokens': 60, 'k': 60}",plausibility_mbert,mbert
task2_plausibility,68d0e00ff727912e,gradient_shap,precision_at_k,0.2916666666666667,target,Illocutionary Change,"{'n_gold_tokens': 24, 'k': 24}",plausibility_mbert,mbert
task2_plausibility,68d0e00ff727912e,gradient_shap,recall_at_k,0.2916666666666667,target,Illocutionary Change,"{'n_gold_tokens': 24, 'k': 24}",plausibility_mbert,mbert
task2_plausibility,68d0e00ff727912e,gradient_shap,f1_at_k,0.2916666666666667,target,Illocutionary Change,"{'n_gold_tokens': 24, 'k': 24}",plausibility_mbert,mbert
task2_plausibility,68d0e00ff727912e,gradient_shap,auprc,0.3803190930322225,target,Illocutionary Change,"{'n_gold_tokens': 24, 'k': 24}",plausibility_mbert,mbert
task2_plausibility,7c72952e67be8e1b,gradient_shap,precision_at_k,0.25,target,Illocutionary Change,"{'n_gold_tokens': 8, 'k': 8}",plausibility_mbert,mbert
task2_plausibility,7c72952e67be8e1b,gradient_shap,recall_at_k,0.25,target,Illocutionary Change,"{'n_gold_tokens': 8, 'k': 8}",plausibility_mbert,mbert
task2_plausibility,7c72952e67be8e1b,gradient_shap,f1_at_k,0.25,target,Illocutionary Change,"{'n_gold_tokens': 8, 'k': 8}",plausibility_mbert,mbert
task2_plausibility,7c72952e67be8e1b,gradient_shap,auprc,0.2631270219475864,target,Illocutionary Change,"{'n_gold_tokens': 8, 'k': 8}",plausibility_mbert,mbert
task2_plausibility,7e54bde8de12fb3b,gradient_shap,precision_at_k,0.2075471698113207,target,Illocutionary Change,"{'n_gold_tokens': 53, 'k': 53}",plausibility_mbert,mbert
task2_plausibility,7e54bde8de12fb3b,gradient_shap,recall_at_k,0.2075471698113207,target,Illocutionary Change,"{'n_gold_tokens': 53, 'k': 53}",plausibility_mbert,mbert
task2_plausibility,7e54bde8de12fb3b,gradient_shap,f1_at_k,0.2075471698113207,target,Illocutionary Change,"{'n_gold_tokens': 53, 'k': 53}",plausibility_mbert,mbert
task2_plausibility,7e54bde8de12fb3b,gradient_shap,auprc,0.2792134100277239,target,Illocutionary Change,"{'n_gold_tokens': 53, 'k': 53}",plausibility_mbert,mbert
task2_plausibility,9890c1fd323f06fc,gradient_shap,precision_at_k,0.2941176470588235,target,Illocutionary Change,"{'n_gold_tokens': 34, 'k': 34}",plausibility_mbert,mbert
task2_plausibility,9890c1fd323f06fc,gradient_shap,recall_at_k,0.2941176470588235,target,Illocutionary Change,"{'n_gold_tokens': 34, 'k': 34}",plausibility_mbert,mbert
task2_plausibility,9890c1fd323f06fc,gradient_shap,f1_at_k,0.2941176470588235,target,Illocutionary Change,"{'n_gold_tokens': 34, 'k': 34}",plausibility_mbert,mbert
task2_plausibility,9890c1fd323f06fc,gradient_shap,auprc,0.3024003596338141,target,Illocutionary Change,"{'n_gold_tokens': 34, 'k': 34}",plausibility_mbert,mbert
task2_plausibility,a58f01630c847e1b,gradient_shap,precision_at_k,0.0952380952380952,target,Illocutionary Change,"{'n_gold_tokens': 21, 'k': 21}",plausibility_mbert,mbert
task2_plausibility,a58f01630c847e1b,gradient_shap,recall_at_k,0.0952380952380952,target,Illocutionary Change,"{'n_gold_tokens': 21, 'k': 21}",plausibility_mbert,mbert
task2_plausibility,a58f01630c847e1b,gradient_shap,f1_at_k,0.0952380952380952,target,Illocutionary Change,"{'n_gold_tokens': 21, 'k': 21}",plausibility_mbert,mbert
task2_plausibility,a58f01630c847e1b,gradient_shap,auprc,0.2287049189959012,target,Illocutionary Change,"{'n_gold_tokens': 21, 'k': 21}",plausibility_mbert,mbert
task2_plausibility,a620c5babe6035a2,gradient_shap,precision_at_k,0.2894736842105263,target,Illocutionary Change,"{'n_gold_tokens': 38, 'k': 38}",plausibility_mbert,mbert
task2_plausibility,a620c5babe6035a2,gradient_shap,recall_at_k,0.2894736842105263,target,Illocutionary Change,"{'n_gold_tokens': 38, 'k': 38}",plausibility_mbert,mbert
task2_plausibility,a620c5babe6035a2,gradient_shap,f1_at_k,0.2894736842105263,target,Illocutionary Change,"{'n_gold_tokens': 38, 'k': 38}",plausibility_mbert,mbert
task2_plausibility,a620c5babe6035a2,gradient_shap,auprc,0.3000598029265345,target,Illocutionary Change,"{'n_gold_tokens': 38, 'k': 38}",plausibility_mbert,mbert
task2_plausibility,a93d266d784d316f,gradient_shap,precision_at_k,0.1428571428571428,target,Illocutionary Change,"{'n_gold_tokens': 21, 'k': 21}",plausibility_mbert,mbert
task2_plausibility,a93d266d784d316f,gradient_shap,recall_at_k,0.1428571428571428,target,Illocutionary Change,"{'n_gold_tokens': 21, 'k': 21}",plausibility_mbert,mbert
task2_plausibility,a93d266d784d316f,gradient_shap,f1_at_k,0.1428571428571428,target,Illocutionary Change,"{'n_gold_tokens': 21, 'k': 21}",plausibility_mbert,mbert
task2_plausibility,a93d266d784d316f,gradient_shap,auprc,0.2633706126584323,target,Illocutionary Change,"{'n_gold_tokens': 21, 'k': 21}",plausibility_mbert,mbert
task2_plausibility,d2f2e7f20eec472a,gradient_shap,precision_at_k,0.25,target,Illocutionary Change,"{'n_gold_tokens': 8, 'k': 8}",plausibility_mbert,mbert
task2_plausibility,d2f2e7f20eec472a,gradient_shap,recall_at_k,0.25,target,Illocutionary Change,"{'n_gold_tokens': 8, 'k': 8}",plausibility_mbert,mbert
task2_plausibility,d2f2e7f20eec472a,gradient_shap,f1_at_k,0.25,target,Illocutionary Change,"{'n_gold_tokens': 8, 'k': 8}",plausibility_mbert,mbert
task2_plausibility,d2f2e7f20eec472a,gradient_shap,auprc,0.2027741430459999,target,Illocutionary Change,"{'n_gold_tokens': 8, 'k': 8}",plausibility_mbert,mbert
task2_plausibility,d529a52fe5e1accf,gradient_shap,precision_at_k,0.25,target,Illocutionary Change,"{'n_gold_tokens': 28, 'k': 28}",plausibility_mbert,mbert
task2_plausibility,d529a52fe5e1accf,gradient_shap,recall_at_k,0.25,target,Illocutionary Change,"{'n_gold_tokens': 28, 'k': 28}",plausibility_mbert,mbert
task2_plausibility,d529a52fe5e1accf,gradient_shap,f1_at_k,0.25,target,Illocutionary Change,"{'n_gold_tokens': 28, 'k': 28}",plausibility_mbert,mbert
task2_plausibility,d529a52fe5e1accf,gradient_shap,auprc,0.1881026062013406,target,Illocutionary Change,"{'n_gold_tokens': 28, 'k': 28}",plausibility_mbert,mbert
task2_plausibility,ec435d1ae8212c0b,gradient_shap,precision_at_k,0.2,target,Illocutionary Change,"{'n_gold_tokens': 10, 'k': 10}",plausibility_mbert,mbert
task2_plausibility,ec435d1ae8212c0b,gradient_shap,recall_at_k,0.2,target,Illocutionary Change,"{'n_gold_tokens': 10, 'k': 10}",plausibility_mbert,mbert
task2_plausibility,ec435d1ae8212c0b,gradient_shap,f1_at_k,0.2,target,Illocutionary Change,"{'n_gold_tokens': 10, 'k': 10}",plausibility_mbert,mbert
task2_plausibility,ec435d1ae8212c0b,gradient_shap,auprc,0.3153712367358735,target,Illocutionary Change,"{'n_gold_tokens': 10, 'k': 10}",plausibility_mbert,mbert
task2_plausibility,f3ab5a6cd6537ab7,gradient_shap,precision_at_k,0.0833333333333333,target,Illocutionary Change,"{'n_gold_tokens': 12, 'k': 12}",plausibility_mbert,mbert
task2_plausibility,f3ab5a6cd6537ab7,gradient_shap,recall_at_k,0.0833333333333333,target,Illocutionary Change,"{'n_gold_tokens': 12, 'k': 12}",plausibility_mbert,mbert
task2_plausibility,f3ab5a6cd6537ab7,gradient_shap,f1_at_k,0.0833333333333333,target,Illocutionary Change,"{'n_gold_tokens': 12, 'k': 12}",plausibility_mbert,mbert
task2_plausibility,f3ab5a6cd6537ab7,gradient_shap,auprc,0.1796667399771029,target,Illocutionary Change,"{'n_gold_tokens': 12, 'k': 12}",plausibility_mbert,mbert
task2_plausibility,f6b714bbbe2b60d7,gradient_shap,precision_at_k,0.1904761904761904,target,Illocutionary Change,"{'n_gold_tokens': 21, 'k': 21}",plausibility_mbert,mbert
task2_plausibility,f6b714bbbe2b60d7,gradient_shap,recall_at_k,0.1904761904761904,target,Illocutionary Change,"{'n_gold_tokens': 21, 'k': 21}",plausibility_mbert,mbert
task2_plausibility,f6b714bbbe2b60d7,gradient_shap,f1_at_k,0.1904761904761904,target,Illocutionary Change,"{'n_gold_tokens': 21, 'k': 21}",plausibility_mbert,mbert
task2_plausibility,f6b714bbbe2b60d7,gradient_shap,auprc,0.251376890061422,target,Illocutionary Change,"{'n_gold_tokens': 21, 'k': 21}",plausibility_mbert,mbert
task2_plausibility,fd519ad255631654,gradient_shap,precision_at_k,0.2941176470588235,target,Illocutionary Change,"{'n_gold_tokens': 34, 'k': 34}",plausibility_mbert,mbert
task2_plausibility,fd519ad255631654,gradient_shap,recall_at_k,0.2941176470588235,target,Illocutionary Change,"{'n_gold_tokens': 34, 'k': 34}",plausibility_mbert,mbert
task2_plausibility,fd519ad255631654,gradient_shap,f1_at_k,0.2941176470588235,target,Illocutionary Change,"{'n_gold_tokens': 34, 'k': 34}",plausibility_mbert,mbert
task2_plausibility,fd519ad255631654,gradient_shap,auprc,0.340885633527492,target,Illocutionary Change,"{'n_gold_tokens': 34, 'k': 34}",plausibility_mbert,mbert
task2_plausibility,071d5037c44a2142,raw_attention,precision_at_k,0.3703703703703703,target,Illocutionary Change,"{'n_gold_tokens': 27, 'k': 27}",plausibility_mbert,mbert
task2_plausibility,071d5037c44a2142,raw_attention,recall_at_k,0.3703703703703703,target,Illocutionary Change,"{'n_gold_tokens': 27, 'k': 27}",plausibility_mbert,mbert
task2_plausibility,071d5037c44a2142,raw_attention,f1_at_k,0.3703703703703703,target,Illocutionary Change,"{'n_gold_tokens': 27, 'k': 27}",plausibility_mbert,mbert
task2_plausibility,071d5037c44a2142,raw_attention,auprc,0.3937203314038607,target,Illocutionary Change,"{'n_gold_tokens': 27, 'k': 27}",plausibility_mbert,mbert
task2_plausibility,13934b46dc51117d,raw_attention,precision_at_k,0.25,target,Illocutionary Change,"{'n_gold_tokens': 32, 'k': 32}",plausibility_mbert,mbert
task2_plausibility,13934b46dc51117d,raw_attention,recall_at_k,0.25,target,Illocutionary Change,"{'n_gold_tokens': 32, 'k': 32}",plausibility_mbert,mbert
task2_plausibility,13934b46dc51117d,raw_attention,f1_at_k,0.25,target,Illocutionary Change,"{'n_gold_tokens': 32, 'k': 32}",plausibility_mbert,mbert
task2_plausibility,13934b46dc51117d,raw_attention,auprc,0.2893849818155207,target,Illocutionary Change,"{'n_gold_tokens': 32, 'k': 32}",plausibility_mbert,mbert
task2_plausibility,15617fbe9b414a10,raw_attention,precision_at_k,0.2926829268292683,target,Illocutionary Change,"{'n_gold_tokens': 41, 'k': 41}",plausibility_mbert,mbert
task2_plausibility,15617fbe9b414a10,raw_attention,recall_at_k,0.2926829268292683,target,Illocutionary Change,"{'n_gold_tokens': 41, 'k': 41}",plausibility_mbert,mbert
task2_plausibility,15617fbe9b414a10,raw_attention,f1_at_k,0.2926829268292683,target,Illocutionary Change,"{'n_gold_tokens': 41, 'k': 41}",plausibility_mbert,mbert
task2_plausibility,15617fbe9b414a10,raw_attention,auprc,0.3353430156462594,target,Illocutionary Change,"{'n_gold_tokens': 41, 'k': 41}",plausibility_mbert,mbert
task2_plausibility,15f60dfdd12c9dd7,raw_attention,precision_at_k,0.0909090909090909,target,Illocutionary Change,"{'n_gold_tokens': 22, 'k': 22}",plausibility_mbert,mbert
task2_plausibility,15f60dfdd12c9dd7,raw_attention,recall_at_k,0.0909090909090909,target,Illocutionary Change,"{'n_gold_tokens': 22, 'k': 22}",plausibility_mbert,mbert
task2_plausibility,15f60dfdd12c9dd7,raw_attention,f1_at_k,0.0909090909090909,target,Illocutionary Change,"{'n_gold_tokens': 22, 'k': 22}",plausibility_mbert,mbert
task2_plausibility,15f60dfdd12c9dd7,raw_attention,auprc,0.2059324129047974,target,Illocutionary Change,"{'n_gold_tokens': 22, 'k': 22}",plausibility_mbert,mbert
task2_plausibility,1d1b04eb3e7ce11a,raw_attention,precision_at_k,0.35,target,Illocutionary Change,"{'n_gold_tokens': 40, 'k': 40}",plausibility_mbert,mbert
task2_plausibility,1d1b04eb3e7ce11a,raw_attention,recall_at_k,0.35,target,Illocutionary Change,"{'n_gold_tokens': 40, 'k': 40}",plausibility_mbert,mbert
task2_plausibility,1d1b04eb3e7ce11a,raw_attention,f1_at_k,0.35,target,Illocutionary Change,"{'n_gold_tokens': 40, 'k': 40}",plausibility_mbert,mbert
task2_plausibility,1d1b04eb3e7ce11a,raw_attention,auprc,0.3600445842869945,target,Illocutionary Change,"{'n_gold_tokens': 40, 'k': 40}",plausibility_mbert,mbert
task2_plausibility,1f56c7f2a72ee164,raw_attention,precision_at_k,0.1875,target,Illocutionary Change,"{'n_gold_tokens': 48, 'k': 48}",plausibility_mbert,mbert
task2_plausibility,1f56c7f2a72ee164,raw_attention,recall_at_k,0.1875,target,Illocutionary Change,"{'n_gold_tokens': 48, 'k': 48}",plausibility_mbert,mbert
task2_plausibility,1f56c7f2a72ee164,raw_attention,f1_at_k,0.1875,target,Illocutionary Change,"{'n_gold_tokens': 48, 'k': 48}",plausibility_mbert,mbert
task2_plausibility,1f56c7f2a72ee164,raw_attention,auprc,0.2003335712010315,target,Illocutionary Change,"{'n_gold_tokens': 48, 'k': 48}",plausibility_mbert,mbert
task2_plausibility,378e7f4f603abab7,raw_attention,precision_at_k,0.25,target,Illocutionary Change,"{'n_gold_tokens': 40, 'k': 40}",plausibility_mbert,mbert
task2_plausibility,378e7f4f603abab7,raw_attention,recall_at_k,0.25,target,Illocutionary Change,"{'n_gold_tokens': 40, 'k': 40}",plausibility_mbert,mbert
task2_plausibility,378e7f4f603abab7,raw_attention,f1_at_k,0.25,target,Illocutionary Change,"{'n_gold_tokens': 40, 'k': 40}",plausibility_mbert,mbert
task2_plausibility,378e7f4f603abab7,raw_attention,auprc,0.2317163468663702,target,Illocutionary Change,"{'n_gold_tokens': 40, 'k': 40}",plausibility_mbert,mbert
task2_plausibility,41cea45706409c38,raw_attention,precision_at_k,0.2727272727272727,target,Illocutionary Change,"{'n_gold_tokens': 11, 'k': 11}",plausibility_mbert,mbert
task2_plausibility,41cea45706409c38,raw_attention,recall_at_k,0.2727272727272727,target,Illocutionary Change,"{'n_gold_tokens': 11, 'k': 11}",plausibility_mbert,mbert
task2_plausibility,41cea45706409c38,raw_attention,f1_at_k,0.2727272727272727,target,Illocutionary Change,"{'n_gold_tokens': 11, 'k': 11}",plausibility_mbert,mbert
task2_plausibility,41cea45706409c38,raw_attention,auprc,0.213237590875323,target,Illocutionary Change,"{'n_gold_tokens': 11, 'k': 11}",plausibility_mbert,mbert
task2_plausibility,462fac739a2900aa,raw_attention,precision_at_k,0.3846153846153846,target,Illocutionary Change,"{'n_gold_tokens': 26, 'k': 26}",plausibility_mbert,mbert
task2_plausibility,462fac739a2900aa,raw_attention,recall_at_k,0.3846153846153846,target,Illocutionary Change,"{'n_gold_tokens': 26, 'k': 26}",plausibility_mbert,mbert
task2_plausibility,462fac739a2900aa,raw_attention,f1_at_k,0.3846153846153846,target,Illocutionary Change,"{'n_gold_tokens': 26, 'k': 26}",plausibility_mbert,mbert
task2_plausibility,462fac739a2900aa,raw_attention,auprc,0.3255890039828087,target,Illocutionary Change,"{'n_gold_tokens': 26, 'k': 26}",plausibility_mbert,mbert
task2_plausibility,4c738baf46f3aea2,raw_attention,precision_at_k,0.375,target,Illocutionary Change,"{'n_gold_tokens': 24, 'k': 24}",plausibility_mbert,mbert
task2_plausibility,4c738baf46f3aea2,raw_attention,recall_at_k,0.375,target,Illocutionary Change,"{'n_gold_tokens': 24, 'k': 24}",plausibility_mbert,mbert
task2_plausibility,4c738baf46f3aea2,raw_attention,f1_at_k,0.375,target,Illocutionary Change,"{'n_gold_tokens': 24, 'k': 24}",plausibility_mbert,mbert
task2_plausibility,4c738baf46f3aea2,raw_attention,auprc,0.4101163867635939,target,Illocutionary Change,"{'n_gold_tokens': 24, 'k': 24}",plausibility_mbert,mbert
task2_plausibility,6a381fb5925d00cc,raw_attention,precision_at_k,0.3125,target,Illocutionary Change,"{'n_gold_tokens': 16, 'k': 16}",plausibility_mbert,mbert
task2_plausibility,6a381fb5925d00cc,raw_attention,recall_at_k,0.3125,target,Illocutionary Change,"{'n_gold_tokens': 16, 'k': 16}",plausibility_mbert,mbert
task2_plausibility,6a381fb5925d00cc,raw_attention,f1_at_k,0.3125,target,Illocutionary Change,"{'n_gold_tokens': 16, 'k': 16}",plausibility_mbert,mbert
task2_plausibility,6a381fb5925d00cc,raw_attention,auprc,0.3252171964043818,target,Illocutionary Change,"{'n_gold_tokens': 16, 'k': 16}",plausibility_mbert,mbert
task2_plausibility,7e42bb3d0d6c233d,raw_attention,precision_at_k,0.4,target,Illocutionary Change,"{'n_gold_tokens': 20, 'k': 20}",plausibility_mbert,mbert
task2_plausibility,7e42bb3d0d6c233d,raw_attention,recall_at_k,0.4,target,Illocutionary Change,"{'n_gold_tokens': 20, 'k': 20}",plausibility_mbert,mbert
task2_plausibility,7e42bb3d0d6c233d,raw_attention,f1_at_k,0.4000000000000001,target,Illocutionary Change,"{'n_gold_tokens': 20, 'k': 20}",plausibility_mbert,mbert
task2_plausibility,7e42bb3d0d6c233d,raw_attention,auprc,0.326079461626951,target,Illocutionary Change,"{'n_gold_tokens': 20, 'k': 20}",plausibility_mbert,mbert
task2_plausibility,7fab8bd42f1452d7,raw_attention,precision_at_k,0.1923076923076923,target,Illocutionary Change,"{'n_gold_tokens': 26, 'k': 26}",plausibility_mbert,mbert
task2_plausibility,7fab8bd42f1452d7,raw_attention,recall_at_k,0.1923076923076923,target,Illocutionary Change,"{'n_gold_tokens': 26, 'k': 26}",plausibility_mbert,mbert
task2_plausibility,7fab8bd42f1452d7,raw_attention,f1_at_k,0.1923076923076923,target,Illocutionary Change,"{'n_gold_tokens': 26, 'k': 26}",plausibility_mbert,mbert
task2_plausibility,7fab8bd42f1452d7,raw_attention,auprc,0.232352715022702,target,Illocutionary Change,"{'n_gold_tokens': 26, 'k': 26}",plausibility_mbert,mbert
task2_plausibility,8cba73e50098825a,raw_attention,precision_at_k,0.3720930232558139,target,Illocutionary Change,"{'n_gold_tokens': 43, 'k': 43}",plausibility_mbert,mbert
task2_plausibility,8cba73e50098825a,raw_attention,recall_at_k,0.3720930232558139,target,Illocutionary Change,"{'n_gold_tokens': 43, 'k': 43}",plausibility_mbert,mbert
task2_plausibility,8cba73e50098825a,raw_attention,f1_at_k,0.3720930232558139,target,Illocutionary Change,"{'n_gold_tokens': 43, 'k': 43}",plausibility_mbert,mbert
task2_plausibility,8cba73e50098825a,raw_attention,auprc,0.3489876964459807,target,Illocutionary Change,"{'n_gold_tokens': 43, 'k': 43}",plausibility_mbert,mbert
task2_plausibility,a31adca83e5d0797,raw_attention,precision_at_k,0.3611111111111111,target,Illocutionary Change,"{'n_gold_tokens': 36, 'k': 36}",plausibility_mbert,mbert
task2_plausibility,a31adca83e5d0797,raw_attention,recall_at_k,0.3611111111111111,target,Illocutionary Change,"{'n_gold_tokens': 36, 'k': 36}",plausibility_mbert,mbert
task2_plausibility,a31adca83e5d0797,raw_attention,f1_at_k,0.3611111111111111,target,Illocutionary Change,"{'n_gold_tokens': 36, 'k': 36}",plausibility_mbert,mbert
task2_plausibility,a31adca83e5d0797,raw_attention,auprc,0.2910235059596787,target,Illocutionary Change,"{'n_gold_tokens': 36, 'k': 36}",plausibility_mbert,mbert
task2_plausibility,a4b4c81ab3ff1c8a,raw_attention,precision_at_k,0.240506329113924,target,Illocutionary Change,"{'n_gold_tokens': 79, 'k': 79}",plausibility_mbert,mbert
task2_plausibility,a4b4c81ab3ff1c8a,raw_attention,recall_at_k,0.240506329113924,target,Illocutionary Change,"{'n_gold_tokens': 79, 'k': 79}",plausibility_mbert,mbert
task2_plausibility,a4b4c81ab3ff1c8a,raw_attention,f1_at_k,0.240506329113924,target,Illocutionary Change,"{'n_gold_tokens': 79, 'k': 79}",plausibility_mbert,mbert
task2_plausibility,a4b4c81ab3ff1c8a,raw_attention,auprc,0.2713043259102945,target,Illocutionary Change,"{'n_gold_tokens': 79, 'k': 79}",plausibility_mbert,mbert
task2_plausibility,b49711b7a2a493e7,raw_attention,precision_at_k,0.25,target,Illocutionary Change,"{'n_gold_tokens': 16, 'k': 16}",plausibility_mbert,mbert
task2_plausibility,b49711b7a2a493e7,raw_attention,recall_at_k,0.25,target,Illocutionary Change,"{'n_gold_tokens': 16, 'k': 16}",plausibility_mbert,mbert
task2_plausibility,b49711b7a2a493e7,raw_attention,f1_at_k,0.25,target,Illocutionary Change,"{'n_gold_tokens': 16, 'k': 16}",plausibility_mbert,mbert
task2_plausibility,b49711b7a2a493e7,raw_attention,auprc,0.2528899276651687,target,Illocutionary Change,"{'n_gold_tokens': 16, 'k': 16}",plausibility_mbert,mbert
task2_plausibility,c58ed41c5b381a18,raw_attention,precision_at_k,0.4358974358974359,target,Illocutionary Change,"{'n_gold_tokens': 39, 'k': 39}",plausibility_mbert,mbert
task2_plausibility,c58ed41c5b381a18,raw_attention,recall_at_k,0.4358974358974359,target,Illocutionary Change,"{'n_gold_tokens': 39, 'k': 39}",plausibility_mbert,mbert
task2_plausibility,c58ed41c5b381a18,raw_attention,f1_at_k,0.4358974358974359,target,Illocutionary Change,"{'n_gold_tokens': 39, 'k': 39}",plausibility_mbert,mbert
task2_plausibility,c58ed41c5b381a18,raw_attention,auprc,0.3669913968709142,target,Illocutionary Change,"{'n_gold_tokens': 39, 'k': 39}",plausibility_mbert,mbert
task2_plausibility,c7f805091a063b0f,raw_attention,precision_at_k,0.2222222222222222,target,Illocutionary Change,"{'n_gold_tokens': 36, 'k': 36}",plausibility_mbert,mbert
task2_plausibility,c7f805091a063b0f,raw_attention,recall_at_k,0.2222222222222222,target,Illocutionary Change,"{'n_gold_tokens': 36, 'k': 36}",plausibility_mbert,mbert
task2_plausibility,c7f805091a063b0f,raw_attention,f1_at_k,0.2222222222222222,target,Illocutionary Change,"{'n_gold_tokens': 36, 'k': 36}",plausibility_mbert,mbert
task2_plausibility,c7f805091a063b0f,raw_attention,auprc,0.2915428100790186,target,Illocutionary Change,"{'n_gold_tokens': 36, 'k': 36}",plausibility_mbert,mbert
task2_plausibility,ca574cd1c9e26b4e,raw_attention,precision_at_k,0.3333333333333333,target,Illocutionary Change,"{'n_gold_tokens': 66, 'k': 66}",plausibility_mbert,mbert
task2_plausibility,ca574cd1c9e26b4e,raw_attention,recall_at_k,0.3333333333333333,target,Illocutionary Change,"{'n_gold_tokens': 66, 'k': 66}",plausibility_mbert,mbert
task2_plausibility,ca574cd1c9e26b4e,raw_attention,f1_at_k,0.3333333333333333,target,Illocutionary Change,"{'n_gold_tokens': 66, 'k': 66}",plausibility_mbert,mbert
task2_plausibility,ca574cd1c9e26b4e,raw_attention,auprc,0.3697741965212506,target,Illocutionary Change,"{'n_gold_tokens': 66, 'k': 66}",plausibility_mbert,mbert
task2_plausibility,e02841689d8dbd93,raw_attention,precision_at_k,0.1739130434782608,target,Illocutionary Change,"{'n_gold_tokens': 23, 'k': 23}",plausibility_mbert,mbert
task2_plausibility,e02841689d8dbd93,raw_attention,recall_at_k,0.1739130434782608,target,Illocutionary Change,"{'n_gold_tokens': 23, 'k': 23}",plausibility_mbert,mbert
task2_plausibility,e02841689d8dbd93,raw_attention,f1_at_k,0.1739130434782608,target,Illocutionary Change,"{'n_gold_tokens': 23, 'k': 23}",plausibility_mbert,mbert
task2_plausibility,e02841689d8dbd93,raw_attention,auprc,0.166321750663407,target,Illocutionary Change,"{'n_gold_tokens': 23, 'k': 23}",plausibility_mbert,mbert
task2_plausibility,ebc38fd5196585a4,raw_attention,precision_at_k,0.2653061224489796,target,Illocutionary Change,"{'n_gold_tokens': 49, 'k': 49}",plausibility_mbert,mbert
task2_plausibility,ebc38fd5196585a4,raw_attention,recall_at_k,0.2653061224489796,target,Illocutionary Change,"{'n_gold_tokens': 49, 'k': 49}",plausibility_mbert,mbert
task2_plausibility,ebc38fd5196585a4,raw_attention,f1_at_k,0.2653061224489796,target,Illocutionary Change,"{'n_gold_tokens': 49, 'k': 49}",plausibility_mbert,mbert
task2_plausibility,ebc38fd5196585a4,raw_attention,auprc,0.2830468657372921,target,Illocutionary Change,"{'n_gold_tokens': 49, 'k': 49}",plausibility_mbert,mbert
task2_plausibility,fb0854572fb09c00,raw_attention,precision_at_k,0.3243243243243243,target,Illocutionary Change,"{'n_gold_tokens': 37, 'k': 37}",plausibility_mbert,mbert
task2_plausibility,fb0854572fb09c00,raw_attention,recall_at_k,0.3243243243243243,target,Illocutionary Change,"{'n_gold_tokens': 37, 'k': 37}",plausibility_mbert,mbert
task2_plausibility,fb0854572fb09c00,raw_attention,f1_at_k,0.3243243243243243,target,Illocutionary Change,"{'n_gold_tokens': 37, 'k': 37}",plausibility_mbert,mbert
task2_plausibility,fb0854572fb09c00,raw_attention,auprc,0.3000628055200912,target,Illocutionary Change,"{'n_gold_tokens': 37, 'k': 37}",plausibility_mbert,mbert
task2_plausibility,0d37251fcd910029,raw_attention,precision_at_k,0.3170731707317073,target,Illocutionary Change,"{'n_gold_tokens': 41, 'k': 41}",plausibility_mbert,mbert
task2_plausibility,0d37251fcd910029,raw_attention,recall_at_k,0.3170731707317073,target,Illocutionary Change,"{'n_gold_tokens': 41, 'k': 41}",plausibility_mbert,mbert
task2_plausibility,0d37251fcd910029,raw_attention,f1_at_k,0.3170731707317073,target,Illocutionary Change,"{'n_gold_tokens': 41, 'k': 41}",plausibility_mbert,mbert
task2_plausibility,0d37251fcd910029,raw_attention,auprc,0.3010179867462441,target,Illocutionary Change,"{'n_gold_tokens': 41, 'k': 41}",plausibility_mbert,mbert
task2_plausibility,1a408162a7e9e7a1,raw_attention,precision_at_k,0.15,target,Illocutionary Change,"{'n_gold_tokens': 20, 'k': 20}",plausibility_mbert,mbert
task2_plausibility,1a408162a7e9e7a1,raw_attention,recall_at_k,0.15,target,Illocutionary Change,"{'n_gold_tokens': 20, 'k': 20}",plausibility_mbert,mbert
task2_plausibility,1a408162a7e9e7a1,raw_attention,f1_at_k,0.15,target,Illocutionary Change,"{'n_gold_tokens': 20, 'k': 20}",plausibility_mbert,mbert
task2_plausibility,1a408162a7e9e7a1,raw_attention,auprc,0.1639835237553377,target,Illocutionary Change,"{'n_gold_tokens': 20, 'k': 20}",plausibility_mbert,mbert
task2_plausibility,385eb3628ca82dc9,raw_attention,precision_at_k,0.2631578947368421,target,Illocutionary Change,"{'n_gold_tokens': 19, 'k': 19}",plausibility_mbert,mbert
task2_plausibility,385eb3628ca82dc9,raw_attention,recall_at_k,0.2631578947368421,target,Illocutionary Change,"{'n_gold_tokens': 19, 'k': 19}",plausibility_mbert,mbert
task2_plausibility,385eb3628ca82dc9,raw_attention,f1_at_k,0.2631578947368421,target,Illocutionary Change,"{'n_gold_tokens': 19, 'k': 19}",plausibility_mbert,mbert
task2_plausibility,385eb3628ca82dc9,raw_attention,auprc,0.3510224973507819,target,Illocutionary Change,"{'n_gold_tokens': 19, 'k': 19}",plausibility_mbert,mbert
task2_plausibility,467d362e647d1b0b,raw_attention,precision_at_k,0.3529411764705882,target,Illocutionary Change,"{'n_gold_tokens': 17, 'k': 17}",plausibility_mbert,mbert
task2_plausibility,467d362e647d1b0b,raw_attention,recall_at_k,0.3529411764705882,target,Illocutionary Change,"{'n_gold_tokens': 17, 'k': 17}",plausibility_mbert,mbert
task2_plausibility,467d362e647d1b0b,raw_attention,f1_at_k,0.3529411764705882,target,Illocutionary Change,"{'n_gold_tokens': 17, 'k': 17}",plausibility_mbert,mbert
task2_plausibility,467d362e647d1b0b,raw_attention,auprc,0.2587779200407943,target,Illocutionary Change,"{'n_gold_tokens': 17, 'k': 17}",plausibility_mbert,mbert
task2_plausibility,4a3b8751b4125005,raw_attention,precision_at_k,0.25,target,Illocutionary Change,"{'n_gold_tokens': 20, 'k': 20}",plausibility_mbert,mbert
task2_plausibility,4a3b8751b4125005,raw_attention,recall_at_k,0.25,target,Illocutionary Change,"{'n_gold_tokens': 20, 'k': 20}",plausibility_mbert,mbert
task2_plausibility,4a3b8751b4125005,raw_attention,f1_at_k,0.25,target,Illocutionary Change,"{'n_gold_tokens': 20, 'k': 20}",plausibility_mbert,mbert
task2_plausibility,4a3b8751b4125005,raw_attention,auprc,0.2383974452433173,target,Illocutionary Change,"{'n_gold_tokens': 20, 'k': 20}",plausibility_mbert,mbert
task2_plausibility,68fcbd3c26b53cfa,raw_attention,precision_at_k,0.3333333333333333,target,Illocutionary Change,"{'n_gold_tokens': 27, 'k': 27}",plausibility_mbert,mbert
task2_plausibility,68fcbd3c26b53cfa,raw_attention,recall_at_k,0.3333333333333333,target,Illocutionary Change,"{'n_gold_tokens': 27, 'k': 27}",plausibility_mbert,mbert
task2_plausibility,68fcbd3c26b53cfa,raw_attention,f1_at_k,0.3333333333333333,target,Illocutionary Change,"{'n_gold_tokens': 27, 'k': 27}",plausibility_mbert,mbert
task2_plausibility,68fcbd3c26b53cfa,raw_attention,auprc,0.3173937742599988,target,Illocutionary Change,"{'n_gold_tokens': 27, 'k': 27}",plausibility_mbert,mbert
task2_plausibility,845f231d95d5cc72,raw_attention,precision_at_k,0.1875,target,Illocutionary Change,"{'n_gold_tokens': 32, 'k': 32}",plausibility_mbert,mbert
task2_plausibility,845f231d95d5cc72,raw_attention,recall_at_k,0.1875,target,Illocutionary Change,"{'n_gold_tokens': 32, 'k': 32}",plausibility_mbert,mbert
task2_plausibility,845f231d95d5cc72,raw_attention,f1_at_k,0.1875,target,Illocutionary Change,"{'n_gold_tokens': 32, 'k': 32}",plausibility_mbert,mbert
task2_plausibility,845f231d95d5cc72,raw_attention,auprc,0.2381423335822519,target,Illocutionary Change,"{'n_gold_tokens': 32, 'k': 32}",plausibility_mbert,mbert
task2_plausibility,90d2c76b0f165f7f,raw_attention,precision_at_k,0.2222222222222222,target,Illocutionary Change,"{'n_gold_tokens': 36, 'k': 36}",plausibility_mbert,mbert
task2_plausibility,90d2c76b0f165f7f,raw_attention,recall_at_k,0.2222222222222222,target,Illocutionary Change,"{'n_gold_tokens': 36, 'k': 36}",plausibility_mbert,mbert
task2_plausibility,90d2c76b0f165f7f,raw_attention,f1_at_k,0.2222222222222222,target,Illocutionary Change,"{'n_gold_tokens': 36, 'k': 36}",plausibility_mbert,mbert
task2_plausibility,90d2c76b0f165f7f,raw_attention,auprc,0.2601252040701227,target,Illocutionary Change,"{'n_gold_tokens': 36, 'k': 36}",plausibility_mbert,mbert
task2_plausibility,d71f511788d7755a,raw_attention,precision_at_k,0.3870967741935484,target,Illocutionary Change,"{'n_gold_tokens': 62, 'k': 62}",plausibility_mbert,mbert
task2_plausibility,d71f511788d7755a,raw_attention,recall_at_k,0.3870967741935484,target,Illocutionary Change,"{'n_gold_tokens': 62, 'k': 62}",plausibility_mbert,mbert
task2_plausibility,d71f511788d7755a,raw_attention,f1_at_k,0.3870967741935484,target,Illocutionary Change,"{'n_gold_tokens': 62, 'k': 62}",plausibility_mbert,mbert
task2_plausibility,d71f511788d7755a,raw_attention,auprc,0.3592851409832178,target,Illocutionary Change,"{'n_gold_tokens': 62, 'k': 62}",plausibility_mbert,mbert
task2_plausibility,d8eef360c7b226f8,raw_attention,precision_at_k,0.3,target,Illocutionary Change,"{'n_gold_tokens': 30, 'k': 30}",plausibility_mbert,mbert
task2_plausibility,d8eef360c7b226f8,raw_attention,recall_at_k,0.3,target,Illocutionary Change,"{'n_gold_tokens': 30, 'k': 30}",plausibility_mbert,mbert
task2_plausibility,d8eef360c7b226f8,raw_attention,f1_at_k,0.3,target,Illocutionary Change,"{'n_gold_tokens': 30, 'k': 30}",plausibility_mbert,mbert
task2_plausibility,d8eef360c7b226f8,raw_attention,auprc,0.2725742636721542,target,Illocutionary Change,"{'n_gold_tokens': 30, 'k': 30}",plausibility_mbert,mbert
task2_plausibility,db9d242ec7c52178,raw_attention,precision_at_k,0.2222222222222222,target,Illocutionary Change,"{'n_gold_tokens': 18, 'k': 18}",plausibility_mbert,mbert
task2_plausibility,db9d242ec7c52178,raw_attention,recall_at_k,0.2222222222222222,target,Illocutionary Change,"{'n_gold_tokens': 18, 'k': 18}",plausibility_mbert,mbert
task2_plausibility,db9d242ec7c52178,raw_attention,f1_at_k,0.2222222222222222,target,Illocutionary Change,"{'n_gold_tokens': 18, 'k': 18}",plausibility_mbert,mbert
task2_plausibility,db9d242ec7c52178,raw_attention,auprc,0.2162341730272084,target,Illocutionary Change,"{'n_gold_tokens': 18, 'k': 18}",plausibility_mbert,mbert
task2_plausibility,e5bc02d62cc000ba,raw_attention,precision_at_k,0.0952380952380952,target,Illocutionary Change,"{'n_gold_tokens': 42, 'k': 42}",plausibility_mbert,mbert
task2_plausibility,e5bc02d62cc000ba,raw_attention,recall_at_k,0.0952380952380952,target,Illocutionary Change,"{'n_gold_tokens': 42, 'k': 42}",plausibility_mbert,mbert
task2_plausibility,e5bc02d62cc000ba,raw_attention,f1_at_k,0.0952380952380952,target,Illocutionary Change,"{'n_gold_tokens': 42, 'k': 42}",plausibility_mbert,mbert
task2_plausibility,e5bc02d62cc000ba,raw_attention,auprc,0.1562558023057312,target,Illocutionary Change,"{'n_gold_tokens': 42, 'k': 42}",plausibility_mbert,mbert
task2_plausibility,f716126e55aeccd5,raw_attention,precision_at_k,0.2857142857142857,target,Illocutionary Change,"{'n_gold_tokens': 28, 'k': 28}",plausibility_mbert,mbert
task2_plausibility,f716126e55aeccd5,raw_attention,recall_at_k,0.2857142857142857,target,Illocutionary Change,"{'n_gold_tokens': 28, 'k': 28}",plausibility_mbert,mbert
task2_plausibility,f716126e55aeccd5,raw_attention,f1_at_k,0.2857142857142857,target,Illocutionary Change,"{'n_gold_tokens': 28, 'k': 28}",plausibility_mbert,mbert
task2_plausibility,f716126e55aeccd5,raw_attention,auprc,0.2707064179215762,target,Illocutionary Change,"{'n_gold_tokens': 28, 'k': 28}",plausibility_mbert,mbert
task2_plausibility,fbe2e558b7326293,raw_attention,precision_at_k,0.2941176470588235,target,Illocutionary Change,"{'n_gold_tokens': 34, 'k': 34}",plausibility_mbert,mbert
task2_plausibility,fbe2e558b7326293,raw_attention,recall_at_k,0.2941176470588235,target,Illocutionary Change,"{'n_gold_tokens': 34, 'k': 34}",plausibility_mbert,mbert
task2_plausibility,fbe2e558b7326293,raw_attention,f1_at_k,0.2941176470588235,target,Illocutionary Change,"{'n_gold_tokens': 34, 'k': 34}",plausibility_mbert,mbert
task2_plausibility,fbe2e558b7326293,raw_attention,auprc,0.3090561048420022,target,Illocutionary Change,"{'n_gold_tokens': 34, 'k': 34}",plausibility_mbert,mbert
task2_plausibility,0d8ed1fae1326a38,raw_attention,precision_at_k,0.2857142857142857,target,Illocutionary Change,"{'n_gold_tokens': 42, 'k': 42}",plausibility_mbert,mbert
task2_plausibility,0d8ed1fae1326a38,raw_attention,recall_at_k,0.2857142857142857,target,Illocutionary Change,"{'n_gold_tokens': 42, 'k': 42}",plausibility_mbert,mbert
task2_plausibility,0d8ed1fae1326a38,raw_attention,f1_at_k,0.2857142857142857,target,Illocutionary Change,"{'n_gold_tokens': 42, 'k': 42}",plausibility_mbert,mbert
task2_plausibility,0d8ed1fae1326a38,raw_attention,auprc,0.2964002277393302,target,Illocutionary Change,"{'n_gold_tokens': 42, 'k': 42}",plausibility_mbert,mbert
task2_plausibility,161a615d7857bc73,raw_attention,precision_at_k,0.0,target,Illocutionary Change,"{'n_gold_tokens': 6, 'k': 6}",plausibility_mbert,mbert
task2_plausibility,161a615d7857bc73,raw_attention,recall_at_k,0.0,target,Illocutionary Change,"{'n_gold_tokens': 6, 'k': 6}",plausibility_mbert,mbert
task2_plausibility,161a615d7857bc73,raw_attention,f1_at_k,0.0,target,Illocutionary Change,"{'n_gold_tokens': 6, 'k': 6}",plausibility_mbert,mbert
task2_plausibility,161a615d7857bc73,raw_attention,auprc,0.1632848324514991,target,Illocutionary Change,"{'n_gold_tokens': 6, 'k': 6}",plausibility_mbert,mbert
task2_plausibility,1af07aee67fb8b34,raw_attention,precision_at_k,0.375,target,Illocutionary Change,"{'n_gold_tokens': 24, 'k': 24}",plausibility_mbert,mbert
task2_plausibility,1af07aee67fb8b34,raw_attention,recall_at_k,0.375,target,Illocutionary Change,"{'n_gold_tokens': 24, 'k': 24}",plausibility_mbert,mbert
task2_plausibility,1af07aee67fb8b34,raw_attention,f1_at_k,0.375,target,Illocutionary Change,"{'n_gold_tokens': 24, 'k': 24}",plausibility_mbert,mbert
task2_plausibility,1af07aee67fb8b34,raw_attention,auprc,0.3292754611287642,target,Illocutionary Change,"{'n_gold_tokens': 24, 'k': 24}",plausibility_mbert,mbert
task2_plausibility,1e28d65b0fd66a9b,raw_attention,precision_at_k,0.2580645161290322,target,Illocutionary Change,"{'n_gold_tokens': 31, 'k': 31}",plausibility_mbert,mbert
task2_plausibility,1e28d65b0fd66a9b,raw_attention,recall_at_k,0.2580645161290322,target,Illocutionary Change,"{'n_gold_tokens': 31, 'k': 31}",plausibility_mbert,mbert
task2_plausibility,1e28d65b0fd66a9b,raw_attention,f1_at_k,0.2580645161290322,target,Illocutionary Change,"{'n_gold_tokens': 31, 'k': 31}",plausibility_mbert,mbert
task2_plausibility,1e28d65b0fd66a9b,raw_attention,auprc,0.2896631249170625,target,Illocutionary Change,"{'n_gold_tokens': 31, 'k': 31}",plausibility_mbert,mbert
task2_plausibility,25efa7ce550a65e8,raw_attention,precision_at_k,0.2352941176470588,target,Illocutionary Change,"{'n_gold_tokens': 51, 'k': 51}",plausibility_mbert,mbert
task2_plausibility,25efa7ce550a65e8,raw_attention,recall_at_k,0.2352941176470588,target,Illocutionary Change,"{'n_gold_tokens': 51, 'k': 51}",plausibility_mbert,mbert
task2_plausibility,25efa7ce550a65e8,raw_attention,f1_at_k,0.2352941176470588,target,Illocutionary Change,"{'n_gold_tokens': 51, 'k': 51}",plausibility_mbert,mbert
task2_plausibility,25efa7ce550a65e8,raw_attention,auprc,0.2912409235773497,target,Illocutionary Change,"{'n_gold_tokens': 51, 'k': 51}",plausibility_mbert,mbert
task2_plausibility,2b8cd105f1b02c23,raw_attention,precision_at_k,0.0,target,Illocutionary Change,"{'n_gold_tokens': 7, 'k': 7}",plausibility_mbert,mbert
task2_plausibility,2b8cd105f1b02c23,raw_attention,recall_at_k,0.0,target,Illocutionary Change,"{'n_gold_tokens': 7, 'k': 7}",plausibility_mbert,mbert
task2_plausibility,2b8cd105f1b02c23,raw_attention,f1_at_k,0.0,target,Illocutionary Change,"{'n_gold_tokens': 7, 'k': 7}",plausibility_mbert,mbert
task2_plausibility,2b8cd105f1b02c23,raw_attention,auprc,0.140660491839012,target,Illocutionary Change,"{'n_gold_tokens': 7, 'k': 7}",plausibility_mbert,mbert
task2_plausibility,357478fc517ba4b7,raw_attention,precision_at_k,0.28,target,Illocutionary Change,"{'n_gold_tokens': 25, 'k': 25}",plausibility_mbert,mbert
task2_plausibility,357478fc517ba4b7,raw_attention,recall_at_k,0.28,target,Illocutionary Change,"{'n_gold_tokens': 25, 'k': 25}",plausibility_mbert,mbert
task2_plausibility,357478fc517ba4b7,raw_attention,f1_at_k,0.28,target,Illocutionary Change,"{'n_gold_tokens': 25, 'k': 25}",plausibility_mbert,mbert
task2_plausibility,357478fc517ba4b7,raw_attention,auprc,0.31036760498035,target,Illocutionary Change,"{'n_gold_tokens': 25, 'k': 25}",plausibility_mbert,mbert
task2_plausibility,3900769ace2b0443,raw_attention,precision_at_k,0.4615384615384615,target,Illocutionary Change,"{'n_gold_tokens': 13, 'k': 13}",plausibility_mbert,mbert
task2_plausibility,3900769ace2b0443,raw_attention,recall_at_k,0.4615384615384615,target,Illocutionary Change,"{'n_gold_tokens': 13, 'k': 13}",plausibility_mbert,mbert
task2_plausibility,3900769ace2b0443,raw_attention,f1_at_k,0.4615384615384615,target,Illocutionary Change,"{'n_gold_tokens': 13, 'k': 13}",plausibility_mbert,mbert
task2_plausibility,3900769ace2b0443,raw_attention,auprc,0.3649089010350107,target,Illocutionary Change,"{'n_gold_tokens': 13, 'k': 13}",plausibility_mbert,mbert
task2_plausibility,3c14ec055d1f0d11,raw_attention,precision_at_k,0.3728813559322034,target,Illocutionary Change,"{'n_gold_tokens': 59, 'k': 59}",plausibility_mbert,mbert
task2_plausibility,3c14ec055d1f0d11,raw_attention,recall_at_k,0.3728813559322034,target,Illocutionary Change,"{'n_gold_tokens': 59, 'k': 59}",plausibility_mbert,mbert
task2_plausibility,3c14ec055d1f0d11,raw_attention,f1_at_k,0.3728813559322034,target,Illocutionary Change,"{'n_gold_tokens': 59, 'k': 59}",plausibility_mbert,mbert
task2_plausibility,3c14ec055d1f0d11,raw_attention,auprc,0.3422660366519869,target,Illocutionary Change,"{'n_gold_tokens': 59, 'k': 59}",plausibility_mbert,mbert
task2_plausibility,3e26eea6bb43c1de,raw_attention,precision_at_k,0.15,target,Illocutionary Change,"{'n_gold_tokens': 20, 'k': 20}",plausibility_mbert,mbert
task2_plausibility,3e26eea6bb43c1de,raw_attention,recall_at_k,0.15,target,Illocutionary Change,"{'n_gold_tokens': 20, 'k': 20}",plausibility_mbert,mbert
task2_plausibility,3e26eea6bb43c1de,raw_attention,f1_at_k,0.15,target,Illocutionary Change,"{'n_gold_tokens': 20, 'k': 20}",plausibility_mbert,mbert
task2_plausibility,3e26eea6bb43c1de,raw_attention,auprc,0.2166375643319126,target,Illocutionary Change,"{'n_gold_tokens': 20, 'k': 20}",plausibility_mbert,mbert
task2_plausibility,4263c780d7547c5d,raw_attention,precision_at_k,0.3333333333333333,target,Illocutionary Change,"{'n_gold_tokens': 45, 'k': 45}",plausibility_mbert,mbert
task2_plausibility,4263c780d7547c5d,raw_attention,recall_at_k,0.3333333333333333,target,Illocutionary Change,"{'n_gold_tokens': 45, 'k': 45}",plausibility_mbert,mbert
task2_plausibility,4263c780d7547c5d,raw_attention,f1_at_k,0.3333333333333333,target,Illocutionary Change,"{'n_gold_tokens': 45, 'k': 45}",plausibility_mbert,mbert
task2_plausibility,4263c780d7547c5d,raw_attention,auprc,0.3694415959505588,target,Illocutionary Change,"{'n_gold_tokens': 45, 'k': 45}",plausibility_mbert,mbert
task2_plausibility,4507b6633aab2eab,raw_attention,precision_at_k,0.125,target,Illocutionary Change,"{'n_gold_tokens': 8, 'k': 8}",plausibility_mbert,mbert
task2_plausibility,4507b6633aab2eab,raw_attention,recall_at_k,0.125,target,Illocutionary Change,"{'n_gold_tokens': 8, 'k': 8}",plausibility_mbert,mbert
task2_plausibility,4507b6633aab2eab,raw_attention,f1_at_k,0.125,target,Illocutionary Change,"{'n_gold_tokens': 8, 'k': 8}",plausibility_mbert,mbert
task2_plausibility,4507b6633aab2eab,raw_attention,auprc,0.1253577865975227,target,Illocutionary Change,"{'n_gold_tokens': 8, 'k': 8}",plausibility_mbert,mbert
task2_plausibility,51892636b91813bc,raw_attention,precision_at_k,0.3023255813953488,target,Illocutionary Change,"{'n_gold_tokens': 43, 'k': 43}",plausibility_mbert,mbert
task2_plausibility,51892636b91813bc,raw_attention,recall_at_k,0.3023255813953488,target,Illocutionary Change,"{'n_gold_tokens': 43, 'k': 43}",plausibility_mbert,mbert
task2_plausibility,51892636b91813bc,raw_attention,f1_at_k,0.3023255813953488,target,Illocutionary Change,"{'n_gold_tokens': 43, 'k': 43}",plausibility_mbert,mbert
task2_plausibility,51892636b91813bc,raw_attention,auprc,0.321746253661862,target,Illocutionary Change,"{'n_gold_tokens': 43, 'k': 43}",plausibility_mbert,mbert
task2_plausibility,5764f4b7cbed6c24,raw_attention,precision_at_k,0.25,target,Illocutionary Change,"{'n_gold_tokens': 36, 'k': 36}",plausibility_mbert,mbert
task2_plausibility,5764f4b7cbed6c24,raw_attention,recall_at_k,0.25,target,Illocutionary Change,"{'n_gold_tokens': 36, 'k': 36}",plausibility_mbert,mbert
task2_plausibility,5764f4b7cbed6c24,raw_attention,f1_at_k,0.25,target,Illocutionary Change,"{'n_gold_tokens': 36, 'k': 36}",plausibility_mbert,mbert
task2_plausibility,5764f4b7cbed6c24,raw_attention,auprc,0.2433443492238053,target,Illocutionary Change,"{'n_gold_tokens': 36, 'k': 36}",plausibility_mbert,mbert
task2_plausibility,660efcf9a6a49ac8,raw_attention,precision_at_k,0.4333333333333333,target,Illocutionary Change,"{'n_gold_tokens': 60, 'k': 60}",plausibility_mbert,mbert
task2_plausibility,660efcf9a6a49ac8,raw_attention,recall_at_k,0.4333333333333333,target,Illocutionary Change,"{'n_gold_tokens': 60, 'k': 60}",plausibility_mbert,mbert
task2_plausibility,660efcf9a6a49ac8,raw_attention,f1_at_k,0.4333333333333333,target,Illocutionary Change,"{'n_gold_tokens': 60, 'k': 60}",plausibility_mbert,mbert
task2_plausibility,660efcf9a6a49ac8,raw_attention,auprc,0.4172541905804332,target,Illocutionary Change,"{'n_gold_tokens': 60, 'k': 60}",plausibility_mbert,mbert
task2_plausibility,68d0e00ff727912e,raw_attention,precision_at_k,0.2083333333333333,target,Illocutionary Change,"{'n_gold_tokens': 24, 'k': 24}",plausibility_mbert,mbert
task2_plausibility,68d0e00ff727912e,raw_attention,recall_at_k,0.2083333333333333,target,Illocutionary Change,"{'n_gold_tokens': 24, 'k': 24}",plausibility_mbert,mbert
task2_plausibility,68d0e00ff727912e,raw_attention,f1_at_k,0.2083333333333333,target,Illocutionary Change,"{'n_gold_tokens': 24, 'k': 24}",plausibility_mbert,mbert
task2_plausibility,68d0e00ff727912e,raw_attention,auprc,0.2676189513570818,target,Illocutionary Change,"{'n_gold_tokens': 24, 'k': 24}",plausibility_mbert,mbert
task2_plausibility,7c72952e67be8e1b,raw_attention,precision_at_k,0.125,target,Illocutionary Change,"{'n_gold_tokens': 8, 'k': 8}",plausibility_mbert,mbert
task2_plausibility,7c72952e67be8e1b,raw_attention,recall_at_k,0.125,target,Illocutionary Change,"{'n_gold_tokens': 8, 'k': 8}",plausibility_mbert,mbert
task2_plausibility,7c72952e67be8e1b,raw_attention,f1_at_k,0.125,target,Illocutionary Change,"{'n_gold_tokens': 8, 'k': 8}",plausibility_mbert,mbert
task2_plausibility,7c72952e67be8e1b,raw_attention,auprc,0.2363100564259031,target,Illocutionary Change,"{'n_gold_tokens': 8, 'k': 8}",plausibility_mbert,mbert
task2_plausibility,7e54bde8de12fb3b,raw_attention,precision_at_k,0.2830188679245283,target,Illocutionary Change,"{'n_gold_tokens': 53, 'k': 53}",plausibility_mbert,mbert
task2_plausibility,7e54bde8de12fb3b,raw_attention,recall_at_k,0.2830188679245283,target,Illocutionary Change,"{'n_gold_tokens': 53, 'k': 53}",plausibility_mbert,mbert
task2_plausibility,7e54bde8de12fb3b,raw_attention,f1_at_k,0.2830188679245283,target,Illocutionary Change,"{'n_gold_tokens': 53, 'k': 53}",plausibility_mbert,mbert
task2_plausibility,7e54bde8de12fb3b,raw_attention,auprc,0.2509902935472461,target,Illocutionary Change,"{'n_gold_tokens': 53, 'k': 53}",plausibility_mbert,mbert
task2_plausibility,9890c1fd323f06fc,raw_attention,precision_at_k,0.1764705882352941,target,Illocutionary Change,"{'n_gold_tokens': 34, 'k': 34}",plausibility_mbert,mbert
task2_plausibility,9890c1fd323f06fc,raw_attention,recall_at_k,0.1764705882352941,target,Illocutionary Change,"{'n_gold_tokens': 34, 'k': 34}",plausibility_mbert,mbert
task2_plausibility,9890c1fd323f06fc,raw_attention,f1_at_k,0.1764705882352941,target,Illocutionary Change,"{'n_gold_tokens': 34, 'k': 34}",plausibility_mbert,mbert
task2_plausibility,9890c1fd323f06fc,raw_attention,auprc,0.2531909377606779,target,Illocutionary Change,"{'n_gold_tokens': 34, 'k': 34}",plausibility_mbert,mbert
task2_plausibility,a58f01630c847e1b,raw_attention,precision_at_k,0.0476190476190476,target,Illocutionary Change,"{'n_gold_tokens': 21, 'k': 21}",plausibility_mbert,mbert
task2_plausibility,a58f01630c847e1b,raw_attention,recall_at_k,0.0476190476190476,target,Illocutionary Change,"{'n_gold_tokens': 21, 'k': 21}",plausibility_mbert,mbert
task2_plausibility,a58f01630c847e1b,raw_attention,f1_at_k,0.0476190476190476,target,Illocutionary Change,"{'n_gold_tokens': 21, 'k': 21}",plausibility_mbert,mbert
task2_plausibility,a58f01630c847e1b,raw_attention,auprc,0.1613854738862283,target,Illocutionary Change,"{'n_gold_tokens': 21, 'k': 21}",plausibility_mbert,mbert
task2_plausibility,a620c5babe6035a2,raw_attention,precision_at_k,0.3684210526315789,target,Illocutionary Change,"{'n_gold_tokens': 38, 'k': 38}",plausibility_mbert,mbert
task2_plausibility,a620c5babe6035a2,raw_attention,recall_at_k,0.3684210526315789,target,Illocutionary Change,"{'n_gold_tokens': 38, 'k': 38}",plausibility_mbert,mbert
task2_plausibility,a620c5babe6035a2,raw_attention,f1_at_k,0.3684210526315789,target,Illocutionary Change,"{'n_gold_tokens': 38, 'k': 38}",plausibility_mbert,mbert
task2_plausibility,a620c5babe6035a2,raw_attention,auprc,0.3117222278791999,target,Illocutionary Change,"{'n_gold_tokens': 38, 'k': 38}",plausibility_mbert,mbert
task2_plausibility,a93d266d784d316f,raw_attention,precision_at_k,0.238095238095238,target,Illocutionary Change,"{'n_gold_tokens': 21, 'k': 21}",plausibility_mbert,mbert
task2_plausibility,a93d266d784d316f,raw_attention,recall_at_k,0.238095238095238,target,Illocutionary Change,"{'n_gold_tokens': 21, 'k': 21}",plausibility_mbert,mbert
task2_plausibility,a93d266d784d316f,raw_attention,f1_at_k,0.238095238095238,target,Illocutionary Change,"{'n_gold_tokens': 21, 'k': 21}",plausibility_mbert,mbert
task2_plausibility,a93d266d784d316f,raw_attention,auprc,0.2661598652348274,target,Illocutionary Change,"{'n_gold_tokens': 21, 'k': 21}",plausibility_mbert,mbert
task2_plausibility,d2f2e7f20eec472a,raw_attention,precision_at_k,0.25,target,Illocutionary Change,"{'n_gold_tokens': 8, 'k': 8}",plausibility_mbert,mbert
task2_plausibility,d2f2e7f20eec472a,raw_attention,recall_at_k,0.25,target,Illocutionary Change,"{'n_gold_tokens': 8, 'k': 8}",plausibility_mbert,mbert
task2_plausibility,d2f2e7f20eec472a,raw_attention,f1_at_k,0.25,target,Illocutionary Change,"{'n_gold_tokens': 8, 'k': 8}",plausibility_mbert,mbert
task2_plausibility,d2f2e7f20eec472a,raw_attention,auprc,0.3123362791967443,target,Illocutionary Change,"{'n_gold_tokens': 8, 'k': 8}",plausibility_mbert,mbert
task2_plausibility,d529a52fe5e1accf,raw_attention,precision_at_k,0.0714285714285714,target,Illocutionary Change,"{'n_gold_tokens': 28, 'k': 28}",plausibility_mbert,mbert
task2_plausibility,d529a52fe5e1accf,raw_attention,recall_at_k,0.0714285714285714,target,Illocutionary Change,"{'n_gold_tokens': 28, 'k': 28}",plausibility_mbert,mbert
task2_plausibility,d529a52fe5e1accf,raw_attention,f1_at_k,0.0714285714285714,target,Illocutionary Change,"{'n_gold_tokens': 28, 'k': 28}",plausibility_mbert,mbert
task2_plausibility,d529a52fe5e1accf,raw_attention,auprc,0.1502897839428515,target,Illocutionary Change,"{'n_gold_tokens': 28, 'k': 28}",plausibility_mbert,mbert
task2_plausibility,ec435d1ae8212c0b,raw_attention,precision_at_k,0.3,target,Illocutionary Change,"{'n_gold_tokens': 10, 'k': 10}",plausibility_mbert,mbert
task2_plausibility,ec435d1ae8212c0b,raw_attention,recall_at_k,0.3,target,Illocutionary Change,"{'n_gold_tokens': 10, 'k': 10}",plausibility_mbert,mbert
task2_plausibility,ec435d1ae8212c0b,raw_attention,f1_at_k,0.3,target,Illocutionary Change,"{'n_gold_tokens': 10, 'k': 10}",plausibility_mbert,mbert
task2_plausibility,ec435d1ae8212c0b,raw_attention,auprc,0.2377419644807528,target,Illocutionary Change,"{'n_gold_tokens': 10, 'k': 10}",plausibility_mbert,mbert
task2_plausibility,f3ab5a6cd6537ab7,raw_attention,precision_at_k,0.25,target,Illocutionary Change,"{'n_gold_tokens': 12, 'k': 12}",plausibility_mbert,mbert
task2_plausibility,f3ab5a6cd6537ab7,raw_attention,recall_at_k,0.25,target,Illocutionary Change,"{'n_gold_tokens': 12, 'k': 12}",plausibility_mbert,mbert
task2_plausibility,f3ab5a6cd6537ab7,raw_attention,f1_at_k,0.25,target,Illocutionary Change,"{'n_gold_tokens': 12, 'k': 12}",plausibility_mbert,mbert
task2_plausibility,f3ab5a6cd6537ab7,raw_attention,auprc,0.2270780898350793,target,Illocutionary Change,"{'n_gold_tokens': 12, 'k': 12}",plausibility_mbert,mbert
task2_plausibility,f6b714bbbe2b60d7,raw_attention,precision_at_k,0.0952380952380952,target,Illocutionary Change,"{'n_gold_tokens': 21, 'k': 21}",plausibility_mbert,mbert
task2_plausibility,f6b714bbbe2b60d7,raw_attention,recall_at_k,0.0952380952380952,target,Illocutionary Change,"{'n_gold_tokens': 21, 'k': 21}",plausibility_mbert,mbert
task2_plausibility,f6b714bbbe2b60d7,raw_attention,f1_at_k,0.0952380952380952,target,Illocutionary Change,"{'n_gold_tokens': 21, 'k': 21}",plausibility_mbert,mbert
task2_plausibility,f6b714bbbe2b60d7,raw_attention,auprc,0.207814995860464,target,Illocutionary Change,"{'n_gold_tokens': 21, 'k': 21}",plausibility_mbert,mbert
task2_plausibility,fd519ad255631654,raw_attention,precision_at_k,0.2352941176470588,target,Illocutionary Change,"{'n_gold_tokens': 34, 'k': 34}",plausibility_mbert,mbert
task2_plausibility,fd519ad255631654,raw_attention,recall_at_k,0.2352941176470588,target,Illocutionary Change,"{'n_gold_tokens': 34, 'k': 34}",plausibility_mbert,mbert
task2_plausibility,fd519ad255631654,raw_attention,f1_at_k,0.2352941176470588,target,Illocutionary Change,"{'n_gold_tokens': 34, 'k': 34}",plausibility_mbert,mbert
task2_plausibility,fd519ad255631654,raw_attention,auprc,0.2793740903301881,target,Illocutionary Change,"{'n_gold_tokens': 34, 'k': 34}",plausibility_mbert,mbert
